{"textures":{"0":"modelengine:entity/goblin"},"elements":[{"from":[7.526274,6.6609883,5.8358912],"to":[9.240561,8.375275,8.693034],"rotation":{"angle":-22.5,"axis":"x","origin":[7.526274,5.5181313,6.9787483]},"faces":{"east":{"uv":[10.0,2.25,11.25,3.0],"rotation":0,"texture":"#0","tintindex":0},"south":{"uv":[2.75,11.5,3.5,12.25],"rotation":0,"texture":"#0","tintindex":0},"north":{"uv":[0.75,11.5,1.5,12.25],"rotation":0,"texture":"#0","tintindex":0},"west":{"uv":[10.0,9.0,11.25,9.75],"rotation":0,"texture":"#0","tintindex":0},"up":{"uv":[0.75,11.5,0.0,10.25],"rotation":0,"texture":"#0","tintindex":0},"down":{"uv":[1.5,10.25,0.75,11.5],"rotation":0,"texture":"#0","tintindex":0}}},{"from":[7.526274,6.13664,2.6283941],"to":[9.240561,7.850926,5.485537],"rotation":{"angle":0.0,"axis":"y","origin":[5.850868,-0.037000656,6.6363144]},"faces":{"east":{"uv":[9.75,4.25,11.0,5.0],"rotation":0,"texture":"#0","tintindex":0},"south":{"uv":[0.0,11.5,0.75,12.25],"rotation":0,"texture":"#0","tintindex":0},"north":{"uv":[11.25,2.0,12.0,2.75],"rotation":0,"texture":"#0","tintindex":0},"west":{"uv":[10.0,10.0,11.25,10.75],"rotation":0,"texture":"#0","tintindex":0},"up":{"uv":[10.75,2.25,10.0,1.0],"rotation":0,"texture":"#0","tintindex":0},"down":{"uv":[10.75,7.75,10.0,9.0],"rotation":0,"texture":"#0","tintindex":0}}},{"from":[7.428571,5.142857,2.8571424],"to":[8.571428,8.0,4.0],"rotation":{"angle":0.0,"axis":"y","origin":[5.850868,-0.037000656,6.6363144]},"faces":{"east":{"uv":[0.0,4.25,0.5,5.5],"rotation":0,"texture":"#0","tintindex":0},"south":{"uv":[0.0,4.25,0.5,5.5],"rotation":0,"texture":"#0","tintindex":0},"north":{"uv":[0.0,4.5,0.5,5.75],"rotation":0,"texture":"#0","tintindex":0},"west":{"uv":[0.0,4.25,0.5,5.5],"rotation":0,"texture":"#0","tintindex":0},"up":{"uv":[0.0,4.25,0.5,4.75],"rotation":0,"texture":"#0","tintindex":0},"down":{"uv":[0.0,4.25,0.5,4.75],"rotation":0,"texture":"#0","tintindex":0}}},{"from":[6.857143,9.142858,2.2857141],"to":[9.142858,13.714286,4.5714283],"rotation":{"angle":0.0,"axis":"y","origin":[5.850868,-0.037000656,6.6363144]},"faces":{"east":{"uv":[7.5,8.75,8.0,10.25],"rotation":0,"texture":"#0","tintindex":0},"south":{"uv":[0.0,8.0,0.5,9.5],"rotation":0,"texture":"#0","tintindex":0},"north":{"uv":[7.0,8.75,7.5,10.25],"rotation":0,"texture":"#0","tintindex":0},"west":{"uv":[11.0,3.0,11.5,4.0],"rotation":0,"texture":"#0","tintindex":0},"up":{"uv":[7.0,8.25,7.5,8.75],"rotation":0,"texture":"#0","tintindex":0},"down":{"uv":[6.0,10.5,6.75,11.25],"rotation":0,"texture":"#0","tintindex":0}}},{"from":[7.428571,10.857143,1.7142854],"to":[9.714286,12.571428,4.0],"rotation":{"angle":0.0,"axis":"y","origin":[5.850868,-0.037000656,6.6363144]},"faces":{"east":{"uv":[7.0,8.25,8.0,9.0],"rotation":0,"texture":"#0","tintindex":0},"south":{"uv":[7.0,8.25,8.0,9.0],"rotation":0,"texture":"#0","tintindex":0},"north":{"uv":[7.0,9.25,8.0,10.0],"rotation":0,"texture":"#0","tintindex":0},"west":{"uv":[7.0,8.25,8.0,9.0],"rotation":0,"texture":"#0","tintindex":0},"up":{"uv":[7.0,9.5,8.0,10.5],"rotation":0,"texture":"#0","tintindex":0},"down":{"uv":[7.0,8.25,8.0,9.25],"rotation":0,"texture":"#0","tintindex":0}}},{"from":[7.428571,8.0,2.8571424],"to":[9.142858,9.142858,4.5714283],"rotation":{"angle":0.0,"axis":"y","origin":[5.850868,-0.037000656,6.6363144]},"faces":{"east":{"uv":[7.25,10.0,8.0,10.5],"rotation":0,"texture":"#0","tintindex":0},"south":{"uv":[7.0,10.0,7.75,10.5],"rotation":0,"texture":"#0","tintindex":0},"north":{"uv":[7.0,10.0,7.75,10.5],"rotation":0,"texture":"#0","tintindex":0},"west":{"uv":[7.0,10.0,7.75,10.5],"rotation":0,"texture":"#0","tintindex":0},"up":{"uv":[7.0,9.75,7.75,10.5],"rotation":0,"texture":"#0","tintindex":0},"down":{"uv":[7.0,11.5,7.75,12.25],"rotation":0,"texture":"#0","tintindex":0}}}],"display":{"head":{"translation":[0.0,-6.4,0.0],"scale":[4.0,4.0,4.0]}}}