{"textures":{"1":"modelengine:entity/viking_axe","10":"modelengine:entity/viking_shield2"},"elements":[{"from":[4.0486975,4.1448865,8.912155],"to":[11.911555,12.007744,9.895012],"rotation":{"angle":0.0,"axis":"y","origin":[7.9801264,8.199172,9.772155]},"faces":{"east":{"uv":[7.0,0.0,8.0,7.0],"rotation":0,"texture":"#10","tintindex":0},"south":{"uv":[0.0,7.0,7.0,14.0],"rotation":0,"texture":"#10","tintindex":0},"north":{"uv":[0.0,0.0,7.0,7.0],"rotation":0,"texture":"#10","tintindex":0},"west":{"uv":[7.0,7.0,8.0,14.0],"rotation":0,"texture":"#10","tintindex":0},"up":{"uv":[15.0,1.0,8.0,0.0],"rotation":0,"texture":"#10","tintindex":0},"down":{"uv":[15.0,1.0,8.0,2.0],"rotation":0,"texture":"#10","tintindex":0}}},{"from":[6.505841,6.8477435,9.895012],"to":[9.454412,9.796315,10.386441],"rotation":{"angle":0.0,"axis":"y","origin":[7.9801264,8.199172,9.772155]},"faces":{"east":{"uv":[8.0,7.0,8.5,9.5],"rotation":0,"texture":"#10","tintindex":0},"south":{"uv":[8.0,4.5,10.5,7.0],"rotation":0,"texture":"#10","tintindex":0},"north":{"uv":[8.0,2.0,10.5,4.5],"rotation":0,"texture":"#10","tintindex":0},"west":{"uv":[8.5,7.0,9.0,9.5],"rotation":0,"texture":"#10","tintindex":0},"up":{"uv":[11.5,7.5,9.0,7.0],"rotation":0,"texture":"#10","tintindex":0},"down":{"uv":[11.5,7.5,9.0,8.0],"rotation":0,"texture":"#10","tintindex":0}}},{"from":[9.297765,7.015724,8.408698],"to":[10.440621,18.444296,8.980126],"rotation":{"angle":-45.0,"axis":"z","origin":[7.01205,11.301439,8.265841]},"faces":{"east":{"uv":[1.0,2.0,0.5,12.0],"rotation":180,"texture":"#1","tintindex":0},"south":{"uv":[0.0,0.0,10.0,1.0],"rotation":270,"texture":"#1","tintindex":0},"north":{"uv":[0.0,1.0,10.0,2.0],"rotation":90,"texture":"#1","tintindex":0},"west":{"uv":[0.5,12.0,0.0,2.0],"rotation":0,"texture":"#1","tintindex":0},"up":{"uv":[5.0,7.0,5.5,8.0],"rotation":270,"texture":"#1","tintindex":0},"down":{"uv":[5.5,7.0,6.0,8.0],"rotation":270,"texture":"#1","tintindex":0}}},{"from":[11.297765,12.73001,8.408698],"to":[13.012051,15.5871525,8.980126],"rotation":{"angle":-45.0,"axis":"z","origin":[7.01205,11.301439,8.265841]},"faces":{"east":{"uv":[7.0,5.0,6.5,7.5],"rotation":180,"texture":"#1","tintindex":0},"south":{"uv":[1.0,4.0,3.5,5.5],"rotation":270,"texture":"#1","tintindex":0},"north":{"uv":[3.5,4.0,6.0,5.5],"rotation":90,"texture":"#1","tintindex":0},"west":{"uv":[6.5,7.5,6.0,5.0],"rotation":0,"texture":"#1","tintindex":0},"up":{"uv":[2.5,7.0,3.0,8.5],"rotation":270,"texture":"#1","tintindex":0},"down":{"uv":[7.0,4.0,7.5,5.5],"rotation":270,"texture":"#1","tintindex":0}}},{"from":[10.726336,15.5871525,8.408698],"to":[13.012051,17.872868,8.980126],"rotation":{"angle":-45.0,"axis":"z","origin":[7.01205,11.301439,8.265841]},"faces":{"east":{"uv":[7.5,2.0,7.0,4.0],"rotation":180,"texture":"#1","tintindex":0},"south":{"uv":[1.0,2.0,3.0,4.0],"rotation":270,"texture":"#1","tintindex":0},"north":{"uv":[3.0,2.0,1.0,4.0],"rotation":90,"texture":"#1","tintindex":0},"west":{"uv":[2.5,9.0,2.0,7.0],"rotation":0,"texture":"#1","tintindex":0},"up":{"uv":[1.0,7.0,1.5,9.0],"rotation":270,"texture":"#1","tintindex":0},"down":{"uv":[1.5,7.0,2.0,9.0],"rotation":270,"texture":"#1","tintindex":0}}},{"from":[9.01205,15.5871525,8.122984],"to":[10.726336,17.872868,9.265841],"rotation":{"angle":-45.0,"axis":"z","origin":[7.01205,11.301439,8.265841]},"faces":{"east":{"uv":[5.0,5.5,4.0,7.5],"rotation":180,"texture":"#1","tintindex":0},"south":{"uv":[5.0,2.0,7.0,3.5],"rotation":270,"texture":"#1","tintindex":0},"north":{"uv":[7.0,2.0,5.0,3.5],"rotation":90,"texture":"#1","tintindex":0},"west":{"uv":[4.0,7.5,3.0,5.5],"rotation":0,"texture":"#1","tintindex":0},"up":{"uv":[5.0,5.5,6.0,7.0],"rotation":270,"texture":"#1","tintindex":0},"down":{"uv":[6.0,3.5,7.0,5.0],"rotation":270,"texture":"#1","tintindex":0}}},{"from":[5.233917,15.5871525,8.122984],"to":[6.948203,17.872868,9.265841],"rotation":{"angle":45.0,"axis":"z","origin":[8.948203,11.301439,8.265841]},"faces":{"east":{"uv":[3.0,7.5,4.0,5.5],"rotation":0,"texture":"#1","tintindex":0},"south":{"uv":[5.0,3.5,7.0,2.0],"rotation":270,"texture":"#1","tintindex":0},"north":{"uv":[7.0,3.5,5.0,2.0],"rotation":90,"texture":"#1","tintindex":0},"west":{"uv":[4.0,5.5,5.0,7.5],"rotation":180,"texture":"#1","tintindex":0},"up":{"uv":[5.0,7.0,6.0,5.5],"rotation":270,"texture":"#1","tintindex":0},"down":{"uv":[6.0,5.0,7.0,3.5],"rotation":270,"texture":"#1","tintindex":0}}},{"from":[5.5196314,7.015724,8.408698],"to":[6.662489,18.444296,8.980126],"rotation":{"angle":45.0,"axis":"z","origin":[8.948203,11.301439,8.265841]},"faces":{"east":{"uv":[0.0,12.0,0.5,2.0],"rotation":0,"texture":"#1","tintindex":0},"south":{"uv":[0.0,1.0,10.0,0.0],"rotation":270,"texture":"#1","tintindex":0},"north":{"uv":[0.0,2.0,10.0,1.0],"rotation":90,"texture":"#1","tintindex":0},"west":{"uv":[0.5,2.0,1.0,12.0],"rotation":180,"texture":"#1","tintindex":0},"up":{"uv":[5.0,8.0,5.5,7.0],"rotation":270,"texture":"#1","tintindex":0},"down":{"uv":[5.5,8.0,6.0,7.0],"rotation":270,"texture":"#1","tintindex":0}}},{"from":[2.9482026,15.5871525,8.408698],"to":[5.233917,17.872868,8.980126],"rotation":{"angle":45.0,"axis":"z","origin":[8.948203,11.301439,8.265841]},"faces":{"east":{"uv":[2.0,9.0,2.5,7.0],"rotation":0,"texture":"#1","tintindex":0},"south":{"uv":[1.0,4.0,3.0,2.0],"rotation":270,"texture":"#1","tintindex":0},"north":{"uv":[3.0,4.0,1.0,2.0],"rotation":90,"texture":"#1","tintindex":0},"west":{"uv":[7.0,2.0,7.5,4.0],"rotation":180,"texture":"#1","tintindex":0},"up":{"uv":[1.0,9.0,1.5,7.0],"rotation":270,"texture":"#1","tintindex":0},"down":{"uv":[1.5,9.0,2.0,7.0],"rotation":270,"texture":"#1","tintindex":0}}},{"from":[2.9482026,12.73001,8.408698],"to":[4.662489,15.5871525,8.980126],"rotation":{"angle":45.0,"axis":"z","origin":[8.948203,11.301439,8.265841]},"faces":{"east":{"uv":[6.0,7.5,6.5,5.0],"rotation":0,"texture":"#1","tintindex":0},"south":{"uv":[1.0,5.5,3.5,4.0],"rotation":270,"texture":"#1","tintindex":0},"north":{"uv":[3.5,5.5,6.0,4.0],"rotation":90,"texture":"#1","tintindex":0},"west":{"uv":[6.5,5.0,7.0,7.5],"rotation":180,"texture":"#1","tintindex":0},"up":{"uv":[2.5,8.5,3.0,7.0],"rotation":270,"texture":"#1","tintindex":0},"down":{"uv":[7.0,5.5,7.5,4.0],"rotation":270,"texture":"#1","tintindex":0}}}],"display":{"head":{"translation":[0.0,-6.4,0.0],"scale":[4.0,4.0,4.0]}}}