{"textures":{"1":"modelengine:entity/viking_axe"},"elements":[{"from":[9.297765,7.015724,8.408698],"to":[10.440621,18.444296,8.980126],"rotation":{"angle":-45.0,"axis":"z","origin":[7.01205,11.301439,8.265841]},"faces":{"east":{"uv":[1.0,2.0,0.5,12.0],"rotation":180,"texture":"#1","tintindex":0},"south":{"uv":[0.0,0.0,10.0,1.0],"rotation":270,"texture":"#1","tintindex":0},"north":{"uv":[0.0,1.0,10.0,2.0],"rotation":90,"texture":"#1","tintindex":0},"west":{"uv":[0.5,12.0,0.0,2.0],"rotation":0,"texture":"#1","tintindex":0},"up":{"uv":[5.0,7.0,5.5,8.0],"rotation":270,"texture":"#1","tintindex":0},"down":{"uv":[5.5,7.0,6.0,8.0],"rotation":270,"texture":"#1","tintindex":0}}},{"from":[11.297765,12.73001,8.408698],"to":[13.012051,15.5871525,8.980126],"rotation":{"angle":-45.0,"axis":"z","origin":[7.01205,11.301439,8.265841]},"faces":{"east":{"uv":[7.0,5.0,6.5,7.5],"rotation":180,"texture":"#1","tintindex":0},"south":{"uv":[1.0,4.0,3.5,5.5],"rotation":270,"texture":"#1","tintindex":0},"north":{"uv":[3.5,4.0,6.0,5.5],"rotation":90,"texture":"#1","tintindex":0},"west":{"uv":[6.5,7.5,6.0,5.0],"rotation":0,"texture":"#1","tintindex":0},"up":{"uv":[2.5,7.0,3.0,8.5],"rotation":270,"texture":"#1","tintindex":0},"down":{"uv":[7.0,4.0,7.5,5.5],"rotation":270,"texture":"#1","tintindex":0}}},{"from":[10.726336,15.5871525,8.408698],"to":[13.012051,17.872868,8.980126],"rotation":{"angle":-45.0,"axis":"z","origin":[7.01205,11.301439,8.265841]},"faces":{"east":{"uv":[7.5,2.0,7.0,4.0],"rotation":180,"texture":"#1","tintindex":0},"south":{"uv":[1.0,2.0,3.0,4.0],"rotation":270,"texture":"#1","tintindex":0},"north":{"uv":[3.0,2.0,1.0,4.0],"rotation":90,"texture":"#1","tintindex":0},"west":{"uv":[2.5,9.0,2.0,7.0],"rotation":0,"texture":"#1","tintindex":0},"up":{"uv":[1.0,7.0,1.5,9.0],"rotation":270,"texture":"#1","tintindex":0},"down":{"uv":[1.5,7.0,2.0,9.0],"rotation":270,"texture":"#1","tintindex":0}}},{"from":[9.01205,15.5871525,8.122984],"to":[10.726336,17.872868,9.265841],"rotation":{"angle":-45.0,"axis":"z","origin":[7.01205,11.301439,8.265841]},"faces":{"east":{"uv":[5.0,5.5,4.0,7.5],"rotation":180,"texture":"#1","tintindex":0},"south":{"uv":[5.0,2.0,7.0,3.5],"rotation":270,"texture":"#1","tintindex":0},"north":{"uv":[7.0,2.0,5.0,3.5],"rotation":90,"texture":"#1","tintindex":0},"west":{"uv":[4.0,7.5,3.0,5.5],"rotation":0,"texture":"#1","tintindex":0},"up":{"uv":[5.0,5.5,6.0,7.0],"rotation":270,"texture":"#1","tintindex":0},"down":{"uv":[6.0,3.5,7.0,5.0],"rotation":270,"texture":"#1","tintindex":0}}}],"display":{"head":{"translation":[0.0,-6.4,0.0],"scale":[4.0,4.0,4.0]}}}