{"textures":{"10":"modelengine:entity/viking_shield2"},"elements":[{"from":[4.0486975,4.1448865,8.912155],"to":[11.911555,12.007744,9.895012],"rotation":{"angle":0.0,"axis":"y","origin":[7.9801264,8.199172,9.772155]},"faces":{"east":{"uv":[7.0,0.0,8.0,7.0],"rotation":0,"texture":"#10","tintindex":0},"south":{"uv":[0.0,7.0,7.0,14.0],"rotation":0,"texture":"#10","tintindex":0},"north":{"uv":[0.0,0.0,7.0,7.0],"rotation":0,"texture":"#10","tintindex":0},"west":{"uv":[7.0,7.0,8.0,14.0],"rotation":0,"texture":"#10","tintindex":0},"up":{"uv":[15.0,1.0,8.0,0.0],"rotation":0,"texture":"#10","tintindex":0},"down":{"uv":[15.0,1.0,8.0,2.0],"rotation":0,"texture":"#10","tintindex":0}}},{"from":[6.505841,6.8477435,9.895012],"to":[9.454412,9.796315,10.386441],"rotation":{"angle":0.0,"axis":"y","origin":[7.9801264,8.199172,9.772155]},"faces":{"east":{"uv":[8.0,7.0,8.5,9.5],"rotation":0,"texture":"#10","tintindex":0},"south":{"uv":[8.0,4.5,10.5,7.0],"rotation":0,"texture":"#10","tintindex":0},"north":{"uv":[8.0,2.0,10.5,4.5],"rotation":0,"texture":"#10","tintindex":0},"west":{"uv":[8.5,7.0,9.0,9.5],"rotation":0,"texture":"#10","tintindex":0},"up":{"uv":[11.5,7.5,9.0,7.0],"rotation":0,"texture":"#10","tintindex":0},"down":{"uv":[11.5,7.5,9.0,8.0],"rotation":0,"texture":"#10","tintindex":0}}}],"display":{"head":{"translation":[0.0,-6.4,0.0],"scale":[4.0,4.0,4.0]}}}