{"textures":{"6":"modelengine:entity/viking_3"},"elements":[{"from":[6.5257144,5.4347453,6.843666],"to":[9.474286,6.9090314,9.792238],"rotation":{"angle":22.5,"axis":"x","origin":[8.0,7.8918886,8.563666]},"faces":{"east":{"uv":[4.0,8.75,5.25,9.5],"rotation":0,"texture":"#6","tintindex":0},"south":{"uv":[5.25,8.75,6.5,9.5],"rotation":0,"texture":"#6","tintindex":0},"north":{"uv":[2.75,8.75,4.0,9.5],"rotation":0,"texture":"#6","tintindex":0},"west":{"uv":[0.0,9.0,1.25,9.75],"rotation":0,"texture":"#6","tintindex":0},"up":{"uv":[2.75,9.0,1.5,7.75],"rotation":0,"texture":"#6","tintindex":0},"down":{"uv":[9.0,5.75,7.75,7.0],"rotation":0,"texture":"#6","tintindex":0}}},{"from":[6.5257144,13.335522,5.4155374],"to":[9.474286,14.809808,8.364109],"rotation":{"angle":-22.5,"axis":"x","origin":[8.0,13.581236,6.889823]},"faces":{"east":{"uv":[8.5,4.5,9.75,5.25],"rotation":0,"texture":"#6","tintindex":0},"south":{"uv":[6.5,8.5,7.75,9.25],"rotation":0,"texture":"#6","tintindex":0},"north":{"uv":[8.25,7.0,9.5,7.75],"rotation":0,"texture":"#6","tintindex":0},"west":{"uv":[7.75,8.5,9.0,9.25],"rotation":0,"texture":"#6","tintindex":0},"up":{"uv":[9.0,1.25,7.75,0.0],"rotation":0,"texture":"#6","tintindex":0},"down":{"uv":[9.0,1.25,7.75,2.5],"rotation":0,"texture":"#6","tintindex":0}}},{"from":[5.051429,10.3869505,4.9241085],"to":[10.948571,13.335522,8.364109],"rotation":{"angle":-22.5,"axis":"x","origin":[8.0,13.581236,6.889823]},"faces":{"east":{"uv":[3.0,7.5,4.5,8.75],"rotation":0,"texture":"#6","tintindex":0},"south":{"uv":[5.25,6.0,7.75,7.25],"rotation":0,"texture":"#6","tintindex":0},"north":{"uv":[6.0,4.5,8.5,5.75],"rotation":0,"texture":"#6","tintindex":0},"west":{"uv":[0.0,7.75,1.5,9.0],"rotation":0,"texture":"#6","tintindex":0},"up":{"uv":[7.75,1.5,5.25,0.0],"rotation":0,"texture":"#6","tintindex":0},"down":{"uv":[7.75,1.5,5.25,3.0],"rotation":0,"texture":"#6","tintindex":0}}},{"from":[4.48,12.101236,4.6383944],"to":[11.52,13.90695,9.2212515],"rotation":{"angle":-22.5,"axis":"x","origin":[8.0,13.581236,6.889823]},"faces":{"east":{"uv":[7.5,3.75,9.5,4.5],"rotation":0,"texture":"#6","tintindex":0},"south":{"uv":[7.5,3.0,10.5,3.75],"rotation":0,"texture":"#6","tintindex":0},"north":{"uv":[5.25,7.25,8.25,8.0],"rotation":0,"texture":"#6","tintindex":0},"west":{"uv":[4.5,8.0,6.5,8.75],"rotation":0,"texture":"#6","tintindex":0},"up":{"uv":[3.0,2.0,0.0,0.0],"rotation":0,"texture":"#6","tintindex":0},"down":{"uv":[3.0,2.0,0.0,4.0],"rotation":0,"texture":"#6","tintindex":0}}},{"from":[5.805714,13.744269,4.200184],"to":[5.805714,14.407126,8.783041],"rotation":{"angle":-22.5,"axis":"x","origin":[5.805714,14.647127,6.4916124]},"faces":{"east":{"uv":[8.25,7.75,10.25,8.0],"rotation":0,"texture":"#6","tintindex":0},"south":{"uv":[0.0,0.0,0.0,0.25],"rotation":0,"texture":"#6","tintindex":0},"north":{"uv":[0.0,0.0,0.0,0.25],"rotation":0,"texture":"#6","tintindex":0},"west":{"uv":[8.5,5.25,10.5,5.5],"rotation":0,"texture":"#6","tintindex":0},"up":{"uv":[0.0,2.0,0.0,0.0],"rotation":0,"texture":"#6","tintindex":0},"down":{"uv":[0.0,0.0,0.0,2.0],"rotation":0,"texture":"#6","tintindex":0}}},{"from":[5.051429,13.744269,4.200184],"to":[5.051429,14.407126,8.783041],"rotation":{"angle":-22.5,"axis":"x","origin":[59.337143,14.647127,6.4916124]},"faces":{"east":{"uv":[10.5,5.25,8.5,5.5],"rotation":0,"texture":"#6","tintindex":0},"south":{"uv":[0.0,0.0,0.0,0.25],"rotation":0,"texture":"#6","tintindex":0},"north":{"uv":[0.0,0.0,0.0,0.25],"rotation":0,"texture":"#6","tintindex":0},"west":{"uv":[10.25,7.75,8.25,8.0],"rotation":0,"texture":"#6","tintindex":0},"up":{"uv":[0.0,2.0,0.0,0.0],"rotation":0,"texture":"#6","tintindex":0},"down":{"uv":[0.0,0.0,0.0,2.0],"rotation":0,"texture":"#6","tintindex":0}}},{"from":[10.194286,13.744269,4.200184],"to":[10.194286,14.407126,8.783041],"rotation":{"angle":-22.5,"axis":"x","origin":[59.337143,14.647127,6.4916124]},"faces":{"east":{"uv":[10.5,5.25,8.5,5.5],"rotation":0,"texture":"#6","tintindex":0},"south":{"uv":[0.0,0.0,0.0,0.25],"rotation":0,"texture":"#6","tintindex":0},"north":{"uv":[0.0,0.0,0.0,0.25],"rotation":0,"texture":"#6","tintindex":0},"west":{"uv":[10.25,7.75,8.25,8.0],"rotation":0,"texture":"#6","tintindex":0},"up":{"uv":[0.0,2.0,0.0,0.0],"rotation":0,"texture":"#6","tintindex":0},"down":{"uv":[0.0,0.0,0.0,2.0],"rotation":0,"texture":"#6","tintindex":0}}},{"from":[10.948571,13.744269,4.200184],"to":[10.948571,14.407126,8.783041],"rotation":{"angle":-22.5,"axis":"x","origin":[5.805714,14.647127,6.4916124]},"faces":{"east":{"uv":[8.25,7.75,10.25,8.0],"rotation":0,"texture":"#6","tintindex":0},"south":{"uv":[0.0,0.0,0.0,0.25],"rotation":0,"texture":"#6","tintindex":0},"north":{"uv":[0.0,0.0,0.0,0.25],"rotation":0,"texture":"#6","tintindex":0},"west":{"uv":[8.5,5.25,10.5,5.5],"rotation":0,"texture":"#6","tintindex":0},"up":{"uv":[0.0,2.0,0.0,0.0],"rotation":0,"texture":"#6","tintindex":0},"down":{"uv":[0.0,0.0,0.0,2.0],"rotation":0,"texture":"#6","tintindex":0}}},{"from":[4.48,8.693782,8.058219],"to":[11.52,12.099497,9.212504],"rotation":{"angle":-22.5,"axis":"x","origin":[8.0,13.602354,6.881076]},"faces":{"east":{"uv":[9.0,0.0,9.5,1.5],"rotation":0,"texture":"#6","tintindex":0},"south":{"uv":[3.0,4.5,6.0,6.0],"rotation":0,"texture":"#6","tintindex":0},"north":{"uv":[0.0,4.0,3.0,5.5],"rotation":0,"texture":"#6","tintindex":0},"west":{"uv":[1.25,9.0,1.75,10.5],"rotation":0,"texture":"#6","tintindex":0},"up":{"uv":[10.75,3.0,7.75,2.5],"rotation":0,"texture":"#6","tintindex":0},"down":{"uv":[9.5,8.0,6.5,8.5],"rotation":0,"texture":"#6","tintindex":0}}},{"from":[4.422857,8.636639,8.001076],"to":[11.577143,12.099497,9.269648],"rotation":{"angle":-22.5,"axis":"x","origin":[8.0,13.602354,6.881076]},"faces":{"east":{"uv":[12.0,13.5,12.5,15.0],"rotation":0,"texture":"#6","tintindex":0},"south":{"uv":[12.5,13.5,15.5,15.0],"rotation":0,"texture":"#6","tintindex":0},"north":{"uv":[13.0,12.0,16.0,13.5],"rotation":0,"texture":"#6","tintindex":0},"west":{"uv":[15.5,13.5,16.0,15.0],"rotation":0,"texture":"#6","tintindex":0},"up":{"uv":[16.0,16.0,13.0,15.5],"rotation":0,"texture":"#6","tintindex":0},"down":{"uv":[16.0,15.0,13.0,15.5],"rotation":0,"texture":"#6","tintindex":0}}},{"from":[4.422857,12.101236,4.5812516],"to":[11.577143,13.964094,9.278395],"rotation":{"angle":-22.5,"axis":"x","origin":[8.0,13.581236,6.889823]},"faces":{"east":{"uv":[12.5,0.75,14.5,1.5],"rotation":0,"texture":"#6","tintindex":0},"south":{"uv":[12.5,0.0,15.5,0.75],"rotation":0,"texture":"#6","tintindex":0},"north":{"uv":[12.5,1.5,15.5,2.25],"rotation":0,"texture":"#6","tintindex":0},"west":{"uv":[12.5,2.25,14.5,3.0],"rotation":0,"texture":"#6","tintindex":0},"up":{"uv":[12.5,2.0,9.5,0.0],"rotation":0,"texture":"#6","tintindex":0},"down":{"uv":[15.5,3.0,12.5,5.0],"rotation":0,"texture":"#6","tintindex":0}}},{"from":[8.48,9.77108,5.462207],"to":[9.805715,11.49108,6.045064],"rotation":{"angle":-22.5,"axis":"x","origin":[9.142858,11.202509,5.7536354]},"faces":{"east":{"uv":[2.75,7.75,3.0,8.5],"rotation":0,"texture":"#6","tintindex":0},"south":{"uv":[1.75,9.0,2.25,9.75],"rotation":0,"texture":"#6","tintindex":0},"north":{"uv":[9.0,1.5,9.5,2.25],"rotation":0,"texture":"#6","tintindex":0},"west":{"uv":[9.0,6.25,9.25,7.0],"rotation":0,"texture":"#6","tintindex":0},"up":{"uv":[6.5,6.0,6.0,5.75],"rotation":0,"texture":"#6","tintindex":0},"down":{"uv":[7.0,5.75,6.5,6.0],"rotation":0,"texture":"#6","tintindex":0}}},{"from":[6.1942854,9.77108,5.462207],"to":[7.52,11.49108,6.045064],"rotation":{"angle":-22.5,"axis":"x","origin":[9.142858,11.202509,5.7536354]},"faces":{"east":{"uv":[9.0,8.5,9.25,9.25],"rotation":0,"texture":"#6","tintindex":0},"south":{"uv":[9.0,5.5,9.5,6.25],"rotation":0,"texture":"#6","tintindex":0},"north":{"uv":[2.25,9.0,2.75,9.75],"rotation":0,"texture":"#6","tintindex":0},"west":{"uv":[9.25,6.25,9.5,7.0],"rotation":0,"texture":"#6","tintindex":0},"up":{"uv":[7.5,6.0,7.0,5.75],"rotation":0,"texture":"#6","tintindex":0},"down":{"uv":[5.0,7.5,4.5,7.75],"rotation":0,"texture":"#6","tintindex":0}}},{"from":[5.542857,6.2799997,6.0342855],"to":[10.457143,11.194286,9.474286],"rotation":{"angle":0.0,"axis":"y","origin":[8.0,11.440001,8.0]},"faces":{"east":{"uv":[0.0,5.5,1.5,7.75],"rotation":0,"texture":"#6","tintindex":0},"south":{"uv":[3.0,2.25,5.25,4.5],"rotation":0,"texture":"#6","tintindex":0},"north":{"uv":[3.0,0.0,5.25,2.25],"rotation":0,"texture":"#6","tintindex":0},"west":{"uv":[1.5,5.5,3.0,7.75],"rotation":0,"texture":"#6","tintindex":0},"up":{"uv":[7.5,4.5,5.25,3.0],"rotation":0,"texture":"#6","tintindex":0},"down":{"uv":[5.25,6.0,3.0,7.5],"rotation":0,"texture":"#6","tintindex":0}}}],"display":{"head":{"translation":[0.0,-6.4,0.0],"scale":[4.0,4.0,4.0]}}}