{"textures":{"5":"modelengine:entity/viking_2"},"elements":[{"from":[6.5257144,5.4347453,6.843666],"to":[9.474286,6.9090314,9.792238],"rotation":{"angle":22.5,"axis":"x","origin":[8.0,7.8918886,8.563666]},"faces":{"east":{"uv":[7.25,4.75,8.5,5.5],"rotation":0,"texture":"#5","tintindex":0},"south":{"uv":[7.25,5.5,8.5,6.25],"rotation":0,"texture":"#5","tintindex":0},"north":{"uv":[7.25,1.5,8.5,2.25],"rotation":0,"texture":"#5","tintindex":0},"west":{"uv":[7.0,7.25,8.25,8.0],"rotation":0,"texture":"#5","tintindex":0},"up":{"uv":[7.25,6.5,6.0,5.25],"rotation":0,"texture":"#5","tintindex":0},"down":{"uv":[2.5,6.5,1.25,7.75],"rotation":0,"texture":"#5","tintindex":0}}},{"from":[6.5257144,13.335522,5.4155374],"to":[9.474286,14.809808,8.364109],"rotation":{"angle":-22.5,"axis":"x","origin":[8.0,13.581236,6.889823]},"faces":{"east":{"uv":[7.0,0.75,8.25,1.5],"rotation":0,"texture":"#5","tintindex":0},"south":{"uv":[7.0,6.5,8.25,7.25],"rotation":0,"texture":"#5","tintindex":0},"north":{"uv":[7.0,0.0,8.25,0.75],"rotation":0,"texture":"#5","tintindex":0},"west":{"uv":[0.0,7.25,1.25,8.0],"rotation":0,"texture":"#5","tintindex":0},"up":{"uv":[6.0,6.5,4.75,5.25],"rotation":0,"texture":"#5","tintindex":0},"down":{"uv":[1.25,6.0,0.0,7.25],"rotation":0,"texture":"#5","tintindex":0}}},{"from":[5.051429,10.3869505,4.9241085],"to":[10.948571,13.335522,8.364109],"rotation":{"angle":-22.5,"axis":"x","origin":[8.0,13.581236,6.889823]},"faces":{"east":{"uv":[5.25,2.75,6.75,4.0],"rotation":0,"texture":"#5","tintindex":0},"south":{"uv":[2.25,5.25,4.75,6.5],"rotation":0,"texture":"#5","tintindex":0},"north":{"uv":[4.75,1.5,7.25,2.75],"rotation":0,"texture":"#5","tintindex":0},"west":{"uv":[6.75,2.75,5.25,4.0],"rotation":0,"texture":"#5","tintindex":0},"up":{"uv":[4.75,1.5,2.25,0.0],"rotation":0,"texture":"#5","tintindex":0},"down":{"uv":[4.75,1.5,2.25,3.0],"rotation":0,"texture":"#5","tintindex":0}}},{"from":[5.542857,6.2799997,6.0342855],"to":[10.457143,11.194286,9.474286],"rotation":{"angle":0.0,"axis":"y","origin":[8.0,11.440001,8.0]},"faces":{"east":{"uv":[2.25,3.0,3.75,5.25],"rotation":0,"texture":"#5","tintindex":0},"south":{"uv":[0.0,2.25,2.25,4.5],"rotation":0,"texture":"#5","tintindex":0},"north":{"uv":[0.0,0.0,2.25,2.25],"rotation":0,"texture":"#5","tintindex":0},"west":{"uv":[3.75,3.0,5.25,5.25],"rotation":0,"texture":"#5","tintindex":0},"up":{"uv":[2.25,6.0,0.0,4.5],"rotation":0,"texture":"#5","tintindex":0},"down":{"uv":[7.0,0.0,4.75,1.5],"rotation":0,"texture":"#5","tintindex":0}}}],"display":{"head":{"translation":[0.0,-6.4,0.0],"scale":[4.0,4.0,4.0]}}}