{"textures":{"5":"modelengine:entity/viking_2"},"elements":[{"from":[7.428571,7.0714283,4.0714283],"to":[8.571428,8.785714,6.357143],"rotation":{"angle":0.0,"axis":"y","origin":[8.0,7.0714283,10.928572]},"faces":{"east":{"uv":[11.5,12.75,12.5,13.5],"rotation":0,"texture":"#5","tintindex":0},"south":{"uv":[5.25,12.25,5.75,13.0],"rotation":0,"texture":"#5","tintindex":0},"north":{"uv":[8.0,11.0,8.5,11.75],"rotation":0,"texture":"#5","tintindex":0},"west":{"uv":[4.0,13.0,5.0,13.75],"rotation":0,"texture":"#5","tintindex":0},"up":{"uv":[7.25,11.0,6.75,10.0],"rotation":0,"texture":"#5","tintindex":0},"down":{"uv":[10.0,13.0,9.5,14.0],"rotation":0,"texture":"#5","tintindex":0}}}],"display":{"head":{"translation":[0.0,-6.4,0.0],"scale":[4.0,4.0,4.0]}}}