{"textures":{"0":"modelengine:entity/viking_head1"},"elements":[{"from":[5.7885714,7.730769,4.9566593],"to":[10.211429,12.153626,9.379517],"rotation":{"angle":0.0,"axis":"y","origin":[8.0,-7.9949455,6.430945]},"faces":{"east":{"uv":[0.0,2.0,2.0,4.0],"rotation":0,"texture":"#0","tintindex":0},"south":{"uv":[2.0,0.0,4.0,2.0],"rotation":0,"texture":"#0","tintindex":0},"north":{"uv":[0.0,0.0,2.0,2.0],"rotation":0,"texture":"#0","tintindex":0},"west":{"uv":[2.0,2.0,4.0,4.0],"rotation":0,"texture":"#0","tintindex":0},"up":{"uv":[2.0,6.0,0.0,4.0],"rotation":0,"texture":"#0","tintindex":0},"down":{"uv":[6.0,0.0,4.0,2.0],"rotation":0,"texture":"#0","tintindex":0}}},{"from":[7.262857,9.205055,4.465231],"to":[8.737143,10.187912,4.9566593],"rotation":{"angle":0.0,"axis":"y","origin":[7.754286,9.942198,4.710945]},"faces":{"east":{"uv":[6.75,3.25,7.0,3.75],"rotation":0,"texture":"#0","tintindex":0},"south":{"uv":[0.0,8.0,0.75,8.5],"rotation":0,"texture":"#0","tintindex":0},"north":{"uv":[7.5,1.5,8.25,2.0],"rotation":0,"texture":"#0","tintindex":0},"west":{"uv":[0.5,8.5,0.75,9.0],"rotation":0,"texture":"#0","tintindex":0},"up":{"uv":[8.75,4.5,8.0,4.25],"rotation":0,"texture":"#0","tintindex":0},"down":{"uv":[9.25,3.5,8.5,3.75],"rotation":0,"texture":"#0","tintindex":0}}},{"from":[5.487775,8.95934,6.468864],"to":[6.470632,10.925055,7.94315],"rotation":{"angle":-22.5,"axis":"y","origin":[5.733489,9.942198,7.206007]},"faces":{"east":{"uv":[6.0,3.25,6.75,4.0],"rotation":0,"texture":"#0","tintindex":0},"south":{"uv":[1.25,8.0,1.75,8.75],"rotation":0,"texture":"#0","tintindex":0},"north":{"uv":[0.75,8.0,1.25,8.75],"rotation":0,"texture":"#0","tintindex":0},"west":{"uv":[7.0,5.0,7.75,5.75],"rotation":0,"texture":"#0","tintindex":0},"up":{"uv":[2.25,8.75,1.75,8.0],"rotation":0,"texture":"#0","tintindex":0},"down":{"uv":[2.75,8.0,2.25,8.75],"rotation":0,"texture":"#0","tintindex":0}}},{"from":[9.529367,8.95934,6.468864],"to":[10.512225,10.925055,7.94315],"rotation":{"angle":22.5,"axis":"y","origin":[10.266511,9.942198,7.206007]},"faces":{"east":{"uv":[6.25,7.0,7.0,7.75],"rotation":0,"texture":"#0","tintindex":0},"south":{"uv":[3.25,8.0,3.75,8.75],"rotation":0,"texture":"#0","tintindex":0},"north":{"uv":[2.75,8.0,3.25,8.75],"rotation":0,"texture":"#0","tintindex":0},"west":{"uv":[7.0,7.0,7.75,7.75],"rotation":0,"texture":"#0","tintindex":0},"up":{"uv":[8.5,4.0,8.0,3.25],"rotation":0,"texture":"#0","tintindex":0},"down":{"uv":[8.75,0.0,8.25,0.75],"rotation":0,"texture":"#0","tintindex":0}}},{"from":[6.285714,8.079343,4.341647],"to":[9.714286,9.222199,4.9130754],"rotation":{"angle":0.0,"axis":"y","origin":[8.0,6.3650565,7.484504]},"faces":{"east":{"uv":[8.5,4.5,8.75,5.0],"rotation":0,"texture":"#0","tintindex":0},"south":{"uv":[4.75,7.0,6.25,7.5],"rotation":0,"texture":"#0","tintindex":0},"north":{"uv":[7.0,4.5,8.5,5.0],"rotation":0,"texture":"#0","tintindex":0},"west":{"uv":[8.5,5.0,8.75,5.5],"rotation":0,"texture":"#0","tintindex":0},"up":{"uv":[8.5,6.0,7.0,5.75],"rotation":0,"texture":"#0","tintindex":0},"down":{"uv":[9.5,4.0,8.0,4.25],"rotation":0,"texture":"#0","tintindex":0}}},{"from":[5.428571,6.3650565,4.341647],"to":[10.571428,9.222199,6.6273613],"rotation":{"angle":22.5,"axis":"x","origin":[8.0,6.9364853,5.19879]},"faces":{"east":{"uv":[7.0,3.25,8.0,4.5],"rotation":0,"texture":"#0","tintindex":0},"south":{"uv":[6.0,2.0,8.25,3.25],"rotation":0,"texture":"#0","tintindex":0},"north":{"uv":[1.5,6.0,3.75,7.25],"rotation":0,"texture":"#0","tintindex":0},"west":{"uv":[3.75,7.0,4.75,8.25],"rotation":0,"texture":"#0","tintindex":0},"up":{"uv":[6.0,7.0,3.75,6.0],"rotation":0,"texture":"#0","tintindex":0},"down":{"uv":[8.25,6.0,6.0,7.0],"rotation":0,"texture":"#0","tintindex":0}}}],"display":{"head":{"translation":[0.0,-6.4,0.0],"scale":[4.0,4.0,4.0]}}}