{"textures":{"9":"modelengine:entity/viking_head4"},"elements":[{"from":[5.7885714,7.730769,4.9566593],"to":[10.211429,12.153626,9.379517],"rotation":{"angle":0.0,"axis":"y","origin":[8.0,-7.9949455,6.430945]},"faces":{"east":{"uv":[2.25,2.0,4.25,4.0],"rotation":0,"texture":"#9","tintindex":0},"south":{"uv":[2.25,4.0,4.25,6.0],"rotation":0,"texture":"#9","tintindex":0},"north":{"uv":[2.25,0.0,4.25,2.0],"rotation":0,"texture":"#9","tintindex":0},"west":{"uv":[4.25,0.0,6.25,2.0],"rotation":0,"texture":"#9","tintindex":0},"up":{"uv":[6.25,4.0,4.25,2.0],"rotation":0,"texture":"#9","tintindex":0},"down":{"uv":[6.25,4.0,4.25,6.0],"rotation":0,"texture":"#9","tintindex":0}}},{"from":[10.217143,7.730769,5.2423735],"to":[10.788571,10.587912,6.385231],"rotation":{"angle":0.0,"axis":"y","origin":[8.0,-7.9949455,6.430945]},"faces":{"east":{"uv":[6.5,7.0,7.0,8.25],"rotation":0,"texture":"#9","tintindex":0},"south":{"uv":[2.0,9.0,2.25,10.25],"rotation":0,"texture":"#9","tintindex":0},"north":{"uv":[5.25,8.75,5.5,10.0],"rotation":0,"texture":"#9","tintindex":0},"west":{"uv":[7.0,7.0,7.5,8.25],"rotation":0,"texture":"#9","tintindex":0},"up":{"uv":[6.5,8.0,6.25,7.5],"rotation":0,"texture":"#9","tintindex":0},"down":{"uv":[3.25,9.0,3.0,9.5],"rotation":0,"texture":"#9","tintindex":0}}},{"from":[5.502857,8.873627,8.099517],"to":[10.497143,10.582198,9.665231],"rotation":{"angle":0.0,"axis":"y","origin":[-2.8571434,-7.9949455,7.0023737]},"faces":{"east":{"uv":[0.75,8.25,1.5,9.0],"rotation":0,"texture":"#9","tintindex":0},"south":{"uv":[6.25,4.75,8.5,5.5],"rotation":0,"texture":"#9","tintindex":0},"north":{"uv":[6.25,4.0,8.5,4.75],"rotation":0,"texture":"#9","tintindex":0},"west":{"uv":[1.5,8.25,2.25,9.0],"rotation":0,"texture":"#9","tintindex":0},"up":{"uv":[9.0,6.25,6.75,5.5],"rotation":0,"texture":"#9","tintindex":0},"down":{"uv":[9.0,6.25,6.75,7.0],"rotation":0,"texture":"#9","tintindex":0}}},{"from":[5.502857,10.587912,4.670945],"to":[10.497143,12.725055,9.665231],"rotation":{"angle":0.0,"axis":"y","origin":[-2.8571434,-7.9949455,7.0023737]},"faces":{"east":{"uv":[4.5,6.0,6.75,7.0],"rotation":0,"texture":"#9","tintindex":0},"south":{"uv":[6.25,0.0,8.5,1.0],"rotation":0,"texture":"#9","tintindex":0},"north":{"uv":[2.25,6.0,4.5,7.0],"rotation":0,"texture":"#9","tintindex":0},"west":{"uv":[6.25,1.0,8.5,2.0],"rotation":0,"texture":"#9","tintindex":0},"up":{"uv":[2.25,2.25,0.0,0.0],"rotation":0,"texture":"#9","tintindex":0},"down":{"uv":[2.25,2.25,0.0,4.5],"rotation":0,"texture":"#9","tintindex":0}}},{"from":[5.428571,1.0248795,5.6190653],"to":[10.571428,3.8820229,7.90478],"rotation":{"angle":22.5,"axis":"x","origin":[-2.8571434,6.9364853,18.341648]},"faces":{"east":{"uv":[0.0,7.0,1.0,8.25],"rotation":0,"texture":"#9","tintindex":0},"south":{"uv":[0.0,5.75,2.25,7.0],"rotation":0,"texture":"#9","tintindex":0},"north":{"uv":[0.0,4.5,2.25,5.75],"rotation":0,"texture":"#9","tintindex":0},"west":{"uv":[1.0,7.0,2.0,8.25],"rotation":0,"texture":"#9","tintindex":0},"up":{"uv":[8.5,3.0,6.25,2.0],"rotation":0,"texture":"#9","tintindex":0},"down":{"uv":[8.5,3.0,6.25,4.0],"rotation":0,"texture":"#9","tintindex":0}}},{"from":[6.285714,7.6863694,4.478671],"to":[9.714286,8.8292265,5.0500994],"rotation":{"angle":0.0,"axis":"y","origin":[-2.8571434,6.3650565,20.627361]},"faces":{"east":{"uv":[9.0,5.25,9.25,5.75],"rotation":0,"texture":"#9","tintindex":0},"south":{"uv":[5.0,7.0,6.5,7.5],"rotation":0,"texture":"#9","tintindex":0},"north":{"uv":[3.5,7.0,5.0,7.5],"rotation":0,"texture":"#9","tintindex":0},"west":{"uv":[5.5,9.0,5.75,9.5],"rotation":0,"texture":"#9","tintindex":0},"up":{"uv":[2.0,9.25,0.5,9.0],"rotation":0,"texture":"#9","tintindex":0},"down":{"uv":[10.5,1.75,9.0,2.0],"rotation":0,"texture":"#9","tintindex":0}}},{"from":[7.428571,-0.6894064,6.190494],"to":[8.571428,1.0248795,7.333351],"rotation":{"angle":22.5,"axis":"x","origin":[-2.8571434,6.9364853,18.341648]},"faces":{"east":{"uv":[4.75,8.75,5.25,9.5],"rotation":0,"texture":"#9","tintindex":0},"south":{"uv":[8.75,8.5,9.25,9.25],"rotation":0,"texture":"#9","tintindex":0},"north":{"uv":[4.25,8.75,4.75,9.5],"rotation":0,"texture":"#9","tintindex":0},"west":{"uv":[0.0,9.0,0.5,9.75],"rotation":0,"texture":"#9","tintindex":0},"up":{"uv":[6.75,6.0,6.25,5.5],"rotation":0,"texture":"#9","tintindex":0},"down":{"uv":[3.0,9.0,2.5,9.5],"rotation":0,"texture":"#9","tintindex":0}}},{"from":[7.142857,2.7827477,3.8473802],"to":[8.857143,4.4970336,5.561666],"rotation":{"angle":0.0,"axis":"y","origin":[-1.1428576,4.0328636,17.138927]},"faces":{"east":{"uv":[5.5,8.25,6.25,9.0],"rotation":0,"texture":"#9","tintindex":0},"south":{"uv":[6.25,8.25,7.0,9.0],"rotation":0,"texture":"#9","tintindex":0},"north":{"uv":[2.25,8.25,3.0,9.0],"rotation":0,"texture":"#9","tintindex":0},"west":{"uv":[8.25,7.0,9.0,7.75],"rotation":0,"texture":"#9","tintindex":0},"up":{"uv":[9.0,8.5,8.25,7.75],"rotation":0,"texture":"#9","tintindex":0},"down":{"uv":[9.25,0.0,8.5,0.75],"rotation":0,"texture":"#9","tintindex":0}}},{"from":[7.217143,8.873627,4.0995164],"to":[8.782857,11.582198,5.0938025],"rotation":{"angle":0.0,"axis":"y","origin":[-2.8571434,-7.9949455,7.0023737]},"faces":{"east":{"uv":[4.5,7.5,5.0,8.75],"rotation":0,"texture":"#9","tintindex":0},"south":{"uv":[2.75,7.0,3.5,8.25],"rotation":0,"texture":"#9","tintindex":0},"north":{"uv":[2.0,7.0,2.75,8.25],"rotation":0,"texture":"#9","tintindex":0},"west":{"uv":[5.0,7.5,5.5,8.75],"rotation":0,"texture":"#9","tintindex":0},"up":{"uv":[8.75,9.0,8.0,8.5],"rotation":0,"texture":"#9","tintindex":0},"down":{"uv":[4.25,8.75,3.5,9.25],"rotation":0,"texture":"#9","tintindex":0}}},{"from":[5.2114286,7.730769,5.2423735],"to":[5.782857,10.587912,6.385231],"rotation":{"angle":0.0,"axis":"y","origin":[-44.57143,-7.9949455,6.430945]},"faces":{"east":{"uv":[3.5,7.5,4.0,8.75],"rotation":0,"texture":"#9","tintindex":0},"south":{"uv":[2.25,9.0,2.5,10.25],"rotation":0,"texture":"#9","tintindex":0},"north":{"uv":[9.0,2.0,9.25,3.25],"rotation":0,"texture":"#9","tintindex":0},"west":{"uv":[4.0,7.5,4.5,8.75],"rotation":0,"texture":"#9","tintindex":0},"up":{"uv":[3.5,9.5,3.25,9.0],"rotation":0,"texture":"#9","tintindex":0},"down":{"uv":[9.25,3.75,9.0,4.25],"rotation":0,"texture":"#9","tintindex":0}}},{"from":[7.262857,9.205055,4.465231],"to":[8.737143,10.187912,4.9566593],"rotation":{"angle":0.0,"axis":"y","origin":[7.754286,9.942198,4.710945]},"faces":{"east":{"uv":[9.0,4.25,9.25,4.75],"rotation":0,"texture":"#9","tintindex":0},"south":{"uv":[8.5,1.25,9.25,1.75],"rotation":0,"texture":"#9","tintindex":0},"north":{"uv":[8.5,0.75,9.25,1.25],"rotation":0,"texture":"#9","tintindex":0},"west":{"uv":[9.0,4.75,9.25,5.25],"rotation":0,"texture":"#9","tintindex":0},"up":{"uv":[9.75,3.5,9.0,3.25],"rotation":0,"texture":"#9","tintindex":0},"down":{"uv":[9.75,3.5,9.0,3.75],"rotation":0,"texture":"#9","tintindex":0}}},{"from":[5.487775,8.95934,6.468864],"to":[6.470632,10.925055,7.94315],"rotation":{"angle":-22.5,"axis":"y","origin":[5.733489,9.942198,7.206007]},"faces":{"east":{"uv":[5.5,7.5,6.25,8.25],"rotation":0,"texture":"#9","tintindex":0},"south":{"uv":[7.0,8.25,7.5,9.0],"rotation":0,"texture":"#9","tintindex":0},"north":{"uv":[3.0,8.25,3.5,9.0],"rotation":0,"texture":"#9","tintindex":0},"west":{"uv":[7.5,7.0,8.25,7.75],"rotation":0,"texture":"#9","tintindex":0},"up":{"uv":[9.0,2.5,8.5,1.75],"rotation":0,"texture":"#9","tintindex":0},"down":{"uv":[9.0,2.5,8.5,3.25],"rotation":0,"texture":"#9","tintindex":0}}},{"from":[9.529367,8.95934,6.468864],"to":[10.512225,10.925055,7.94315],"rotation":{"angle":22.5,"axis":"y","origin":[10.266511,9.942198,7.206007]},"faces":{"east":{"uv":[7.5,7.75,8.25,8.5],"rotation":0,"texture":"#9","tintindex":0},"south":{"uv":[8.5,4.0,9.0,4.75],"rotation":0,"texture":"#9","tintindex":0},"north":{"uv":[8.5,3.25,9.0,4.0],"rotation":0,"texture":"#9","tintindex":0},"west":{"uv":[0.0,8.25,0.75,9.0],"rotation":0,"texture":"#9","tintindex":0},"up":{"uv":[9.0,5.5,8.5,4.75],"rotation":0,"texture":"#9","tintindex":0},"down":{"uv":[8.0,8.5,7.5,9.25],"rotation":0,"texture":"#9","tintindex":0}}}],"display":{"head":{"translation":[0.0,-6.4,0.0],"scale":[4.0,4.0,4.0]}}}