{"textures":{"0":"modelengine:entity/viking_head1","2":"modelengine:entity/viking_1"},"elements":[{"from":[5.7885714,7.730769,4.9566593],"to":[10.211429,12.153626,9.379517],"rotation":{"angle":0.0,"axis":"y","origin":[8.0,-7.9949455,6.430945]},"faces":{"east":{"uv":[2.875,2.0,3.875,3.0],"rotation":0,"texture":"#2","tintindex":0},"south":{"uv":[2.875,3.0,3.875,4.0],"rotation":0,"texture":"#2","tintindex":0},"north":{"uv":[2.875,1.0,3.875,2.0],"rotation":0,"texture":"#2","tintindex":0},"west":{"uv":[1.75,3.25,2.75,4.25],"rotation":0,"texture":"#2","tintindex":0},"up":{"uv":[1.0,4.5,0.0,3.5],"rotation":0,"texture":"#2","tintindex":0},"down":{"uv":[4.875,1.0,3.875,2.0],"rotation":0,"texture":"#2","tintindex":0}}},{"from":[7.262857,9.205055,4.465231],"to":[8.737143,10.187912,4.9566593],"rotation":{"angle":0.0,"axis":"y","origin":[7.754286,9.942198,4.710945]},"faces":{"east":{"uv":[5.125,0.5,5.25,0.75],"rotation":0,"texture":"#2","tintindex":0},"south":{"uv":[7.875,2.125,8.25,2.375],"rotation":0,"texture":"#2","tintindex":0},"north":{"uv":[7.875,1.875,8.25,2.125],"rotation":0,"texture":"#2","tintindex":0},"west":{"uv":[5.25,0.5,5.375,0.75],"rotation":0,"texture":"#2","tintindex":0},"up":{"uv":[1.0,4.625,0.625,4.5],"rotation":0,"texture":"#2","tintindex":0},"down":{"uv":[5.625,4.5,5.25,4.625],"rotation":0,"texture":"#2","tintindex":0}}},{"from":[5.217143,8.302197,5.2423735],"to":[8.497143,12.725055,9.665231],"rotation":{"angle":0.0,"axis":"y","origin":[-23.428574,-7.423517,7.0023737]},"faces":{"east":{"uv":[2.0,4.0,4.0,6.0],"rotation":0,"texture":"#0","tintindex":0},"south":{"uv":[5.5,4.0,7.0,6.0],"rotation":0,"texture":"#0","tintindex":0},"north":{"uv":[4.0,4.0,5.5,6.0],"rotation":0,"texture":"#0","tintindex":0},"west":{"uv":[4.0,2.0,6.0,4.0],"rotation":0,"texture":"#0","tintindex":0},"up":{"uv":[1.5,8.0,0.0,6.0],"rotation":0,"texture":"#0","tintindex":0},"down":{"uv":[7.5,0.0,6.0,2.0],"rotation":0,"texture":"#0","tintindex":0}}},{"from":[5.487775,8.95934,6.468864],"to":[6.470632,10.925055,7.94315],"rotation":{"angle":-22.5,"axis":"y","origin":[5.733489,9.942198,7.206007]},"faces":{"east":{"uv":[7.625,0.375,8.0,0.75],"rotation":0,"texture":"#2","tintindex":0},"south":{"uv":[7.875,2.375,8.125,2.75],"rotation":0,"texture":"#2","tintindex":0},"north":{"uv":[1.25,7.875,1.5,8.25],"rotation":0,"texture":"#2","tintindex":0},"west":{"uv":[7.625,0.75,8.0,1.125],"rotation":0,"texture":"#2","tintindex":0},"up":{"uv":[8.125,3.875,7.875,3.5],"rotation":0,"texture":"#2","tintindex":0},"down":{"uv":[4.125,7.875,3.875,8.25],"rotation":0,"texture":"#2","tintindex":0}}},{"from":[9.529367,8.95934,6.468864],"to":[10.512225,10.925055,7.94315],"rotation":{"angle":22.5,"axis":"y","origin":[10.266511,9.942198,7.206007]},"faces":{"east":{"uv":[3.5,7.75,3.875,8.125],"rotation":0,"texture":"#2","tintindex":0},"south":{"uv":[4.125,7.875,4.375,8.25],"rotation":0,"texture":"#2","tintindex":0},"north":{"uv":[7.875,3.875,8.125,4.25],"rotation":0,"texture":"#2","tintindex":0},"west":{"uv":[4.5,7.75,4.875,8.125],"rotation":0,"texture":"#2","tintindex":0},"up":{"uv":[8.125,4.625,7.875,4.25],"rotation":0,"texture":"#2","tintindex":0},"down":{"uv":[8.125,4.625,7.875,5.0],"rotation":0,"texture":"#2","tintindex":0}}},{"from":[7.017143,6.747912,4.9566593],"to":[8.982857,8.222198,6.430945],"rotation":{"angle":-22.5,"axis":"x","origin":[8.0,7.485055,4.9566593]},"faces":{"east":{"uv":[2.75,7.625,3.125,8.0],"rotation":0,"texture":"#2","tintindex":0},"south":{"uv":[3.125,7.625,3.5,8.0],"rotation":0,"texture":"#2","tintindex":0},"north":{"uv":[1.5,7.625,1.875,8.0],"rotation":0,"texture":"#2","tintindex":0},"west":{"uv":[5.0,7.625,5.375,8.0],"rotation":0,"texture":"#2","tintindex":0},"up":{"uv":[5.75,8.0,5.375,7.625],"rotation":0,"texture":"#2","tintindex":0},"down":{"uv":[8.0,5.375,7.625,5.75],"rotation":0,"texture":"#2","tintindex":0}}}],"display":{"head":{"translation":[0.0,-6.4,0.0],"scale":[4.0,4.0,4.0]}}}