{"textures":{"8":"modelengine:entity/hammer"},"elements":[{"from":[7.5758014,6.101763,3.9120932],"to":[8.14723,7.24462,15.340666],"rotation":{"angle":0.0,"axis":"y","origin":[7.976131,6.7866135,4.8962393]},"faces":{"east":{"uv":[1.0,0.0,0.0,10.0],"rotation":90,"texture":"#8","tintindex":0},"south":{"uv":[8.5,3.5,9.5,4.0],"rotation":270,"texture":"#8","tintindex":0},"north":{"uv":[8.5,3.5,9.5,3.0],"rotation":270,"texture":"#8","tintindex":0},"west":{"uv":[2.0,0.0,1.0,10.0],"rotation":270,"texture":"#8","tintindex":0},"up":{"uv":[5.5,0.0,5.0,10.0],"rotation":0,"texture":"#8","tintindex":0},"down":{"uv":[5.0,0.0,4.5,10.0],"rotation":180,"texture":"#8","tintindex":0}}},{"from":[6.4329443,3.530334,3.9120932],"to":[9.290087,5.24462,7.340665],"rotation":{"angle":0.0,"axis":"y","origin":[7.976131,6.7866135,4.8962393]},"faces":{"east":{"uv":[7.0,0.0,5.5,3.0],"rotation":90,"texture":"#8","tintindex":0},"south":{"uv":[5.5,6.0,7.0,8.5],"rotation":270,"texture":"#8","tintindex":0},"north":{"uv":[2.0,8.5,3.5,6.0],"rotation":270,"texture":"#8","tintindex":0},"west":{"uv":[7.0,3.0,5.5,6.0],"rotation":270,"texture":"#8","tintindex":0},"up":{"uv":[4.5,3.0,2.0,6.0],"rotation":0,"texture":"#8","tintindex":0},"down":{"uv":[4.5,0.0,2.0,3.0],"rotation":180,"texture":"#8","tintindex":0}}},{"from":[7.5758014,5.24462,4.483522],"to":[8.14723,5.8160486,6.7692366],"rotation":{"angle":0.0,"axis":"y","origin":[7.976131,6.7866135,4.8962393]},"faces":{"east":{"uv":[9.0,1.0,8.5,3.0],"rotation":90,"texture":"#8","tintindex":0},"south":{"uv":[6.0,8.5,6.5,9.0],"rotation":270,"texture":"#8","tintindex":0},"north":{"uv":[5.5,9.0,6.0,8.5],"rotation":270,"texture":"#8","tintindex":0},"west":{"uv":[3.0,8.5,2.5,10.5],"rotation":270,"texture":"#8","tintindex":0},"up":{"uv":[3.5,8.5,3.0,10.5],"rotation":0,"texture":"#8","tintindex":0},"down":{"uv":[2.5,8.5,2.0,10.5],"rotation":180,"texture":"#8","tintindex":0}}},{"from":[7.290087,5.8160486,4.483522],"to":[8.432944,7.530334,6.7692366],"rotation":{"angle":0.0,"axis":"y","origin":[7.976131,6.7866135,4.8962393]},"faces":{"east":{"uv":[8.5,0.0,7.0,2.0],"rotation":90,"texture":"#8","tintindex":0},"south":{"uv":[7.0,7.0,8.5,8.0],"rotation":270,"texture":"#8","tintindex":0},"north":{"uv":[7.0,7.0,8.5,6.0],"rotation":270,"texture":"#8","tintindex":0},"west":{"uv":[8.5,2.0,7.0,4.0],"rotation":270,"texture":"#8","tintindex":0},"up":{"uv":[8.0,4.0,7.0,6.0],"rotation":0,"texture":"#8","tintindex":0},"down":{"uv":[4.5,6.0,3.5,8.0],"rotation":180,"texture":"#8","tintindex":0}}},{"from":[7.290087,7.530334,4.483522],"to":[8.432944,8.673191,5.626379],"rotation":{"angle":0.0,"axis":"y","origin":[7.976131,6.7866135,4.8962393]},"faces":{"east":{"uv":[4.5,8.0,3.5,9.0],"rotation":90,"texture":"#8","tintindex":0},"south":{"uv":[8.5,0.0,9.5,1.0],"rotation":270,"texture":"#8","tintindex":0},"north":{"uv":[8.0,9.0,9.0,8.0],"rotation":270,"texture":"#8","tintindex":0},"west":{"uv":[9.0,5.0,8.0,6.0],"rotation":270,"texture":"#8","tintindex":0},"up":{"uv":[8.0,8.0,7.0,9.0],"rotation":0,"texture":"#8","tintindex":0},"down":{"uv":[9.0,4.0,8.0,5.0],"rotation":180,"texture":"#8","tintindex":0}}}],"display":{"head":{"translation":[0.0,-6.4,0.0],"scale":[4.0,4.0,4.0]}}}