{"textures":{"11":"modelengine:entity/viking_mace"},"elements":[{"from":[7.0043726,6.101763,1.626379],"to":[8.14723,7.24462,15.340666],"rotation":{"angle":0.0,"axis":"y","origin":[7.976131,6.7866135,4.8962393]},"faces":{"east":{"uv":[3.5,0.0,9.5,0.5],"rotation":0,"texture":"#11","tintindex":0},"south":{"uv":[7.5,3.25,8.0,3.75],"rotation":0,"texture":"#11","tintindex":0},"north":{"uv":[7.5,2.75,8.0,3.25],"rotation":0,"texture":"#11","tintindex":0},"west":{"uv":[3.5,0.5,9.5,1.0],"rotation":0,"texture":"#11","tintindex":0},"up":{"uv":[4.0,7.0,3.5,1.0],"rotation":0,"texture":"#11","tintindex":0},"down":{"uv":[4.5,1.0,4.0,7.0],"rotation":0,"texture":"#11","tintindex":0}}},{"from":[6.7186584,5.8160486,6.197808],"to":[8.432944,7.530334,7.340665],"rotation":{"angle":0.0,"axis":"y","origin":[7.976131,6.7866135,4.8962393]},"faces":{"east":{"uv":[7.25,1.0,7.75,1.75],"rotation":0,"texture":"#11","tintindex":0},"south":{"uv":[2.25,7.0,3.0,7.75],"rotation":0,"texture":"#11","tintindex":0},"north":{"uv":[6.25,3.75,7.0,4.5],"rotation":0,"texture":"#11","tintindex":0},"west":{"uv":[5.75,7.25,6.25,8.0],"rotation":0,"texture":"#11","tintindex":0},"up":{"uv":[8.0,2.25,7.25,1.75],"rotation":0,"texture":"#11","tintindex":0},"down":{"uv":[8.0,6.0,7.25,6.5],"rotation":0,"texture":"#11","tintindex":0}}},{"from":[6.14723,6.387477,6.4835224],"to":[6.7186584,6.9589057,7.0549507],"rotation":{"angle":0.0,"axis":"y","origin":[7.976131,6.7866135,4.8962393]},"faces":{"east":{"uv":[3.0,7.75,3.25,8.0],"rotation":0,"texture":"#11","tintindex":0},"south":{"uv":[3.25,7.75,3.5,8.0],"rotation":0,"texture":"#11","tintindex":0},"north":{"uv":[7.0,4.25,7.25,4.5],"rotation":0,"texture":"#11","tintindex":0},"west":{"uv":[3.5,7.75,3.75,8.0],"rotation":0,"texture":"#11","tintindex":0},"up":{"uv":[4.0,8.0,3.75,7.75],"rotation":0,"texture":"#11","tintindex":0},"down":{"uv":[4.25,7.75,4.0,8.0],"rotation":0,"texture":"#11","tintindex":0}}},{"from":[6.14723,6.387477,1.3406649],"to":[6.7186584,6.9589057,1.9120932],"rotation":{"angle":0.0,"axis":"y","origin":[7.976131,6.7866135,4.8962393]},"faces":{"east":{"uv":[3.0,7.75,3.25,8.0],"rotation":0,"texture":"#11","tintindex":0},"south":{"uv":[3.25,7.75,3.5,8.0],"rotation":0,"texture":"#11","tintindex":0},"north":{"uv":[7.0,4.25,7.25,4.5],"rotation":0,"texture":"#11","tintindex":0},"west":{"uv":[3.5,7.75,3.75,8.0],"rotation":0,"texture":"#11","tintindex":0},"up":{"uv":[4.0,8.0,3.75,7.75],"rotation":0,"texture":"#11","tintindex":0},"down":{"uv":[4.25,7.75,4.0,8.0],"rotation":0,"texture":"#11","tintindex":0}}},{"from":[6.14723,6.387477,4.197808],"to":[6.7186584,6.9589057,4.7692366],"rotation":{"angle":0.0,"axis":"y","origin":[7.976131,6.7866135,4.8962393]},"faces":{"east":{"uv":[3.0,7.75,3.25,8.0],"rotation":0,"texture":"#11","tintindex":0},"south":{"uv":[3.25,7.75,3.5,8.0],"rotation":0,"texture":"#11","tintindex":0},"north":{"uv":[7.0,4.25,7.25,4.5],"rotation":0,"texture":"#11","tintindex":0},"west":{"uv":[3.5,7.75,3.75,8.0],"rotation":0,"texture":"#11","tintindex":0},"up":{"uv":[4.0,8.0,3.75,7.75],"rotation":0,"texture":"#11","tintindex":0},"down":{"uv":[4.25,7.75,4.0,8.0],"rotation":0,"texture":"#11","tintindex":0}}},{"from":[8.424198,6.387477,6.4835224],"to":[8.995627,6.9589057,7.0549507],"rotation":{"angle":0.0,"axis":"y","origin":[32.5953,6.7866135,4.8962393]},"faces":{"east":{"uv":[3.75,7.75,3.5,8.0],"rotation":0,"texture":"#11","tintindex":0},"south":{"uv":[3.5,7.75,3.25,8.0],"rotation":0,"texture":"#11","tintindex":0},"north":{"uv":[7.25,4.25,7.0,4.5],"rotation":0,"texture":"#11","tintindex":0},"west":{"uv":[3.25,7.75,3.0,8.0],"rotation":0,"texture":"#11","tintindex":0},"up":{"uv":[3.75,8.0,4.0,7.75],"rotation":0,"texture":"#11","tintindex":0},"down":{"uv":[4.0,7.75,4.25,8.0],"rotation":0,"texture":"#11","tintindex":0}}},{"from":[8.424198,6.387477,4.197808],"to":[8.995627,6.9589057,4.7692366],"rotation":{"angle":0.0,"axis":"y","origin":[32.5953,6.7866135,4.8962393]},"faces":{"east":{"uv":[3.75,7.75,3.5,8.0],"rotation":0,"texture":"#11","tintindex":0},"south":{"uv":[3.5,7.75,3.25,8.0],"rotation":0,"texture":"#11","tintindex":0},"north":{"uv":[7.25,4.25,7.0,4.5],"rotation":0,"texture":"#11","tintindex":0},"west":{"uv":[3.25,7.75,3.0,8.0],"rotation":0,"texture":"#11","tintindex":0},"up":{"uv":[3.75,8.0,4.0,7.75],"rotation":0,"texture":"#11","tintindex":0},"down":{"uv":[4.0,7.75,4.25,8.0],"rotation":0,"texture":"#11","tintindex":0}}},{"from":[8.424198,6.387477,1.3406649],"to":[8.995627,6.9589057,1.9120932],"rotation":{"angle":0.0,"axis":"y","origin":[32.5953,6.7866135,4.8962393]},"faces":{"east":{"uv":[3.75,7.75,3.5,8.0],"rotation":0,"texture":"#11","tintindex":0},"south":{"uv":[3.5,7.75,3.25,8.0],"rotation":0,"texture":"#11","tintindex":0},"north":{"uv":[7.25,4.25,7.0,4.5],"rotation":0,"texture":"#11","tintindex":0},"west":{"uv":[3.25,7.75,3.0,8.0],"rotation":0,"texture":"#11","tintindex":0},"up":{"uv":[3.75,8.0,4.0,7.75],"rotation":0,"texture":"#11","tintindex":0},"down":{"uv":[4.0,7.75,4.25,8.0],"rotation":0,"texture":"#11","tintindex":0}}},{"from":[7.2750015,5.2597055,6.4835224],"to":[7.8464303,5.831134,7.0549507],"rotation":{"angle":0.0,"axis":"y","origin":[28.816996,-14.054253,4.8962393]},"faces":{"east":{"uv":[3.75,8.0,4.0,7.75],"rotation":90,"texture":"#11","tintindex":0},"south":{"uv":[3.5,7.75,3.25,8.0],"rotation":90,"texture":"#11","tintindex":0},"north":{"uv":[7.25,4.25,7.0,4.5],"rotation":270,"texture":"#11","tintindex":0},"west":{"uv":[4.0,7.75,4.25,8.0],"rotation":90,"texture":"#11","tintindex":0},"up":{"uv":[3.25,7.75,3.0,8.0],"rotation":90,"texture":"#11","tintindex":0},"down":{"uv":[3.75,7.75,3.5,8.0],"rotation":90,"texture":"#11","tintindex":0}}},{"from":[7.2750015,5.2597055,4.197808],"to":[7.8464303,5.831134,4.7692366],"rotation":{"angle":0.0,"axis":"y","origin":[28.816996,-14.054253,4.8962393]},"faces":{"east":{"uv":[3.75,8.0,4.0,7.75],"rotation":90,"texture":"#11","tintindex":0},"south":{"uv":[3.5,7.75,3.25,8.0],"rotation":90,"texture":"#11","tintindex":0},"north":{"uv":[7.25,4.25,7.0,4.5],"rotation":270,"texture":"#11","tintindex":0},"west":{"uv":[4.0,7.75,4.25,8.0],"rotation":90,"texture":"#11","tintindex":0},"up":{"uv":[3.25,7.75,3.0,8.0],"rotation":90,"texture":"#11","tintindex":0},"down":{"uv":[3.75,7.75,3.5,8.0],"rotation":90,"texture":"#11","tintindex":0}}},{"from":[7.2750015,5.2597055,1.3406649],"to":[7.8464303,5.831134,1.9120932],"rotation":{"angle":0.0,"axis":"y","origin":[28.816996,-14.054253,4.8962393]},"faces":{"east":{"uv":[3.75,8.0,4.0,7.75],"rotation":90,"texture":"#11","tintindex":0},"south":{"uv":[3.5,7.75,3.25,8.0],"rotation":90,"texture":"#11","tintindex":0},"north":{"uv":[7.25,4.25,7.0,4.5],"rotation":270,"texture":"#11","tintindex":0},"west":{"uv":[4.0,7.75,4.25,8.0],"rotation":90,"texture":"#11","tintindex":0},"up":{"uv":[3.25,7.75,3.0,8.0],"rotation":90,"texture":"#11","tintindex":0},"down":{"uv":[3.75,7.75,3.5,8.0],"rotation":90,"texture":"#11","tintindex":0}}},{"from":[7.2750015,7.536674,6.4835224],"to":[7.8464303,8.108103,7.0549507],"rotation":{"angle":0.0,"axis":"y","origin":[28.816996,10.564916,4.8962393]},"faces":{"east":{"uv":[4.0,8.0,3.75,7.75],"rotation":90,"texture":"#11","tintindex":0},"south":{"uv":[3.25,7.75,3.5,8.0],"rotation":90,"texture":"#11","tintindex":0},"north":{"uv":[7.0,4.25,7.25,4.5],"rotation":270,"texture":"#11","tintindex":0},"west":{"uv":[4.25,7.75,4.0,8.0],"rotation":90,"texture":"#11","tintindex":0},"up":{"uv":[3.5,7.75,3.75,8.0],"rotation":90,"texture":"#11","tintindex":0},"down":{"uv":[3.0,7.75,3.25,8.0],"rotation":90,"texture":"#11","tintindex":0}}},{"from":[7.2750015,7.536674,4.197808],"to":[7.8464303,8.108103,4.7692366],"rotation":{"angle":0.0,"axis":"y","origin":[28.816996,10.564916,4.8962393]},"faces":{"east":{"uv":[4.0,8.0,3.75,7.75],"rotation":90,"texture":"#11","tintindex":0},"south":{"uv":[3.25,7.75,3.5,8.0],"rotation":90,"texture":"#11","tintindex":0},"north":{"uv":[7.0,4.25,7.25,4.5],"rotation":270,"texture":"#11","tintindex":0},"west":{"uv":[4.25,7.75,4.0,8.0],"rotation":90,"texture":"#11","tintindex":0},"up":{"uv":[3.5,7.75,3.75,8.0],"rotation":90,"texture":"#11","tintindex":0},"down":{"uv":[3.0,7.75,3.25,8.0],"rotation":90,"texture":"#11","tintindex":0}}},{"from":[7.2750015,7.536674,1.3406649],"to":[7.8464303,8.108103,1.9120932],"rotation":{"angle":0.0,"axis":"y","origin":[28.816996,10.564916,4.8962393]},"faces":{"east":{"uv":[4.0,8.0,3.75,7.75],"rotation":90,"texture":"#11","tintindex":0},"south":{"uv":[3.25,7.75,3.5,8.0],"rotation":90,"texture":"#11","tintindex":0},"north":{"uv":[7.0,4.25,7.25,4.5],"rotation":270,"texture":"#11","tintindex":0},"west":{"uv":[4.25,7.75,4.0,8.0],"rotation":90,"texture":"#11","tintindex":0},"up":{"uv":[3.5,7.75,3.75,8.0],"rotation":90,"texture":"#11","tintindex":0},"down":{"uv":[3.0,7.75,3.25,8.0],"rotation":90,"texture":"#11","tintindex":0}}},{"from":[6.7186584,5.8160486,1.0549502],"to":[8.432944,7.530334,2.1978078],"rotation":{"angle":0.0,"axis":"y","origin":[7.976131,6.7866135,4.8962393]},"faces":{"east":{"uv":[6.25,7.25,6.75,8.0],"rotation":0,"texture":"#11","tintindex":0},"south":{"uv":[3.75,7.0,4.5,7.75],"rotation":0,"texture":"#11","tintindex":0},"north":{"uv":[3.0,7.0,3.75,7.75],"rotation":0,"texture":"#11","tintindex":0},"west":{"uv":[7.25,6.5,7.75,7.25],"rotation":0,"texture":"#11","tintindex":0},"up":{"uv":[7.5,7.75,6.75,7.25],"rotation":0,"texture":"#11","tintindex":0},"down":{"uv":[8.25,2.25,7.5,2.75],"rotation":0,"texture":"#11","tintindex":0}}},{"from":[6.7186584,6.387477,2.1978078],"to":[8.432944,6.9589057,6.197808],"rotation":{"angle":0.0,"axis":"y","origin":[7.976131,6.7866135,4.8962393]},"faces":{"east":{"uv":[7.0,3.75,8.75,4.0],"rotation":0,"texture":"#11","tintindex":0},"south":{"uv":[7.5,5.75,8.25,6.0],"rotation":0,"texture":"#11","tintindex":0},"north":{"uv":[7.5,5.5,8.25,5.75],"rotation":0,"texture":"#11","tintindex":0},"west":{"uv":[7.0,4.0,8.75,4.25],"rotation":0,"texture":"#11","tintindex":0},"up":{"uv":[6.25,2.75,5.5,1.0],"rotation":0,"texture":"#11","tintindex":0},"down":{"uv":[6.25,2.75,5.5,4.5],"rotation":0,"texture":"#11","tintindex":0}}},{"from":[7.290087,5.8160486,2.1978078],"to":[7.8615155,7.530334,6.197808],"rotation":{"angle":0.0,"axis":"y","origin":[7.976131,6.7866135,4.8962393]},"faces":{"east":{"uv":[5.5,4.5,7.25,5.25],"rotation":0,"texture":"#11","tintindex":0},"south":{"uv":[2.75,7.75,3.0,8.5],"rotation":0,"texture":"#11","tintindex":0},"north":{"uv":[2.5,7.75,2.75,8.5],"rotation":0,"texture":"#11","tintindex":0},"west":{"uv":[5.5,5.25,7.25,6.0],"rotation":0,"texture":"#11","tintindex":0},"up":{"uv":[7.5,6.0,7.25,4.25],"rotation":0,"texture":"#11","tintindex":0},"down":{"uv":[5.75,7.25,5.5,9.0],"rotation":0,"texture":"#11","tintindex":0}}}],"display":{"head":{"translation":[0.0,-6.4,0.0],"scale":[4.0,4.0,4.0]}}}