{"textures":{"5":"modelengine:entity/viking_2","10":"modelengine:entity/viking_shield2"},"elements":[{"from":[6.1256056,2.6363797,2.4857144],"to":[7.1084623,10.499237,10.348572],"rotation":{"angle":0.0,"axis":"y","origin":[33.105606,2.6906648,10.417143]},"faces":{"east":{"uv":[0.0,0.0,7.0,7.0],"rotation":0,"texture":"#10","tintindex":0},"south":{"uv":[7.0,0.0,8.0,7.0],"rotation":0,"texture":"#10","tintindex":0},"north":{"uv":[7.0,7.0,8.0,14.0],"rotation":0,"texture":"#10","tintindex":0},"west":{"uv":[0.0,7.0,7.0,14.0],"rotation":0,"texture":"#10","tintindex":0},"up":{"uv":[15.0,1.0,8.0,0.0],"rotation":90,"texture":"#10","tintindex":0},"down":{"uv":[15.0,1.0,8.0,2.0],"rotation":270,"texture":"#10","tintindex":0}}},{"from":[5.6341767,5.3392363,4.942857],"to":[6.1256056,8.287808,7.8914285],"rotation":{"angle":0.0,"axis":"y","origin":[33.105606,2.6906648,10.417143]},"faces":{"east":{"uv":[8.0,2.0,10.5,4.5],"rotation":0,"texture":"#10","tintindex":0},"south":{"uv":[8.0,7.0,8.5,9.5],"rotation":0,"texture":"#10","tintindex":0},"north":{"uv":[8.5,7.0,9.0,9.5],"rotation":0,"texture":"#10","tintindex":0},"west":{"uv":[8.0,4.5,10.5,7.0],"rotation":0,"texture":"#10","tintindex":0},"up":{"uv":[11.5,7.5,9.0,7.0],"rotation":90,"texture":"#10","tintindex":0},"down":{"uv":[11.5,7.5,9.0,8.0],"rotation":270,"texture":"#10","tintindex":0}}},{"from":[7.207264,5.074774,5.5350122],"to":[8.68155,8.023345,7.992155],"rotation":{"angle":0.0,"axis":"y","origin":[6.2244067,13.183346,6.0264406]},"faces":{"east":{"uv":[5.0,6.5,6.0,7.75],"rotation":0,"texture":"#5","tintindex":0},"south":{"uv":[1.25,7.75,2.0,9.0],"rotation":0,"texture":"#5","tintindex":0},"north":{"uv":[4.0,7.5,4.75,8.75],"rotation":0,"texture":"#5","tintindex":0},"west":{"uv":[6.0,6.5,7.0,7.75],"rotation":0,"texture":"#5","tintindex":0},"up":{"uv":[0.75,9.0,0.0,8.0],"rotation":0,"texture":"#5","tintindex":0},"down":{"uv":[7.75,8.0,7.0,9.0],"rotation":0,"texture":"#5","tintindex":0}}},{"from":[7.5085716,3.559998,5.289298],"to":[9.474286,5.525712,8.237869],"rotation":{"angle":22.5,"axis":"z","origin":[8.491428,4.5428553,6.7635837]},"faces":{"east":{"uv":[7.75,2.25,9.0,3.0],"rotation":0,"texture":"#5","tintindex":0},"south":{"uv":[8.5,3.75,9.25,4.5],"rotation":0,"texture":"#5","tintindex":0},"north":{"uv":[8.25,7.25,9.0,8.0],"rotation":0,"texture":"#5","tintindex":0},"west":{"uv":[7.75,3.0,9.0,3.75],"rotation":0,"texture":"#5","tintindex":0},"up":{"uv":[5.5,9.0,4.75,7.75],"rotation":0,"texture":"#5","tintindex":0},"down":{"uv":[6.25,7.75,5.5,9.0],"rotation":0,"texture":"#5","tintindex":0}}}],"display":{"head":{"translation":[0.0,-6.4,0.0],"scale":[4.0,4.0,4.0]}}}