{"textures":{"5":"modelengine:entity/viking_2"},"elements":[{"from":[6.052407,6.2919164,6.375012],"to":[8.018121,8.82906,9.323584],"rotation":{"angle":0.0,"axis":"y","origin":[5.0695496,9.166203,7.112155]},"faces":{"east":{"uv":[2.5,6.5,3.75,7.5],"rotation":0,"texture":"#5","tintindex":0},"south":{"uv":[6.25,7.75,7.0,8.75],"rotation":0,"texture":"#5","tintindex":0},"north":{"uv":[7.75,3.75,8.5,4.75],"rotation":0,"texture":"#5","tintindex":0},"west":{"uv":[3.75,6.5,5.0,7.5],"rotation":0,"texture":"#5","tintindex":0},"up":{"uv":[3.25,8.75,2.5,7.5],"rotation":0,"texture":"#5","tintindex":0},"down":{"uv":[4.0,7.5,3.25,8.75],"rotation":0,"texture":"#5","tintindex":0}}},{"from":[6.052407,4.0062017,6.9464407],"to":[8.018121,6.3147736,9.323584],"rotation":{"angle":0.0,"axis":"y","origin":[5.0695496,9.166203,7.112155]},"faces":{"east":{"uv":[6.75,2.75,7.75,3.75],"rotation":0,"texture":"#5","tintindex":0},"south":{"uv":[8.25,0.0,9.0,1.0],"rotation":0,"texture":"#5","tintindex":0},"north":{"uv":[7.75,8.0,8.5,9.0],"rotation":0,"texture":"#5","tintindex":0},"west":{"uv":[6.75,3.75,7.75,4.75],"rotation":0,"texture":"#5","tintindex":0},"up":{"uv":[9.0,7.25,8.25,6.25],"rotation":0,"texture":"#5","tintindex":0},"down":{"uv":[9.25,1.0,8.5,2.0],"rotation":0,"texture":"#5","tintindex":0}}}],"display":{"head":{"translation":[0.0,-6.4,0.0],"scale":[4.0,4.0,4.0]}}}