{"textures":{"1":"modelengine:entity/viking_axe","7":"modelengine:entity/viking_4"},"elements":[{"from":[7.2072635,5.0747733,5.575012],"to":[8.681549,8.023345,8.032155],"rotation":{"angle":0.0,"axis":"y","origin":[13.08155,13.183345,5.7807264]},"faces":{"east":{"uv":[5.0,6.5,6.0,7.75],"rotation":0,"texture":"#7","tintindex":0},"south":{"uv":[8.25,0.75,9.0,2.0],"rotation":0,"texture":"#7","tintindex":0},"north":{"uv":[0.0,8.25,0.75,9.5],"rotation":0,"texture":"#7","tintindex":0},"west":{"uv":[6.0,6.5,7.0,7.75],"rotation":0,"texture":"#7","tintindex":0},"up":{"uv":[10.0,6.0,9.25,5.0],"rotation":0,"texture":"#7","tintindex":0},"down":{"uv":[7.0,9.25,6.25,10.25],"rotation":0,"texture":"#7","tintindex":0}}},{"from":[8.542625,4.2070956,-1.3189697],"to":[9.114054,5.3499527,10.109602],"rotation":{"angle":0.0,"axis":"y","origin":[4.216537,9.003252,6.7096257]},"faces":{"east":{"uv":[10.0,1.0,0.0,0.0],"rotation":180,"texture":"#1","tintindex":0},"south":{"uv":[6.0,8.0,5.5,7.0],"rotation":180,"texture":"#1","tintindex":0},"north":{"uv":[5.5,8.0,5.0,7.0],"rotation":180,"texture":"#1","tintindex":0},"west":{"uv":[10.0,2.0,0.0,1.0],"rotation":180,"texture":"#1","tintindex":0},"up":{"uv":[0.5,12.0,0.0,2.0],"rotation":0,"texture":"#1","tintindex":0},"down":{"uv":[1.0,2.0,0.5,12.0],"rotation":0,"texture":"#1","tintindex":0}}},{"from":[8.256911,3.9213815,-0.7475414],"to":[9.399769,5.635667,1.5381732],"rotation":{"angle":0.0,"axis":"y","origin":[4.216537,9.003252,6.7096257]},"faces":{"east":{"uv":[7.0,3.5,5.0,2.0],"rotation":180,"texture":"#1","tintindex":0},"south":{"uv":[7.0,5.0,6.0,3.5],"rotation":180,"texture":"#1","tintindex":0},"north":{"uv":[6.0,7.0,5.0,5.5],"rotation":180,"texture":"#1","tintindex":0},"west":{"uv":[5.0,3.5,7.0,2.0],"rotation":180,"texture":"#1","tintindex":0},"up":{"uv":[4.0,7.5,3.0,5.5],"rotation":0,"texture":"#1","tintindex":0},"down":{"uv":[5.0,5.5,4.0,7.5],"rotation":0,"texture":"#1","tintindex":0}}},{"from":[8.542625,1.6356668,-0.7475414],"to":[9.114054,3.9213815,1.5381732],"rotation":{"angle":0.0,"axis":"y","origin":[4.216537,9.003252,6.7096257]},"faces":{"east":{"uv":[3.0,4.0,1.0,2.0],"rotation":180,"texture":"#1","tintindex":0},"south":{"uv":[2.0,9.0,1.5,7.0],"rotation":180,"texture":"#1","tintindex":0},"north":{"uv":[1.5,9.0,1.0,7.0],"rotation":180,"texture":"#1","tintindex":0},"west":{"uv":[1.0,4.0,3.0,2.0],"rotation":180,"texture":"#1","tintindex":0},"up":{"uv":[2.5,9.0,2.0,7.0],"rotation":0,"texture":"#1","tintindex":0},"down":{"uv":[7.5,2.0,7.0,4.0],"rotation":0,"texture":"#1","tintindex":0}}},{"from":[8.542625,1.6356668,1.5381732],"to":[9.114054,3.3499527,4.395316],"rotation":{"angle":0.0,"axis":"y","origin":[4.216537,9.003252,6.7096257]},"faces":{"east":{"uv":[3.5,5.5,1.0,4.0],"rotation":180,"texture":"#1","tintindex":0},"south":{"uv":[7.5,5.5,7.0,4.0],"rotation":180,"texture":"#1","tintindex":0},"north":{"uv":[3.0,8.5,2.5,7.0],"rotation":180,"texture":"#1","tintindex":0},"west":{"uv":[6.0,5.5,3.5,4.0],"rotation":180,"texture":"#1","tintindex":0},"up":{"uv":[6.5,7.5,6.0,5.0],"rotation":0,"texture":"#1","tintindex":0},"down":{"uv":[7.0,5.0,6.5,7.5],"rotation":0,"texture":"#1","tintindex":0}}},{"from":[7.5085716,3.559998,5.289298],"to":[9.474286,5.525712,8.237869],"rotation":{"angle":22.5,"axis":"z","origin":[8.491428,4.5428553,6.7635837]},"faces":{"east":{"uv":[3.5,8.25,4.75,9.0],"rotation":0,"texture":"#7","tintindex":0},"south":{"uv":[8.5,9.5,9.25,10.25],"rotation":0,"texture":"#7","tintindex":0},"north":{"uv":[9.25,0.0,10.0,0.75],"rotation":0,"texture":"#7","tintindex":0},"west":{"uv":[8.25,4.25,9.5,5.0],"rotation":0,"texture":"#7","tintindex":0},"up":{"uv":[1.5,9.75,0.75,8.5],"rotation":0,"texture":"#7","tintindex":0},"down":{"uv":[2.25,8.5,1.5,9.75],"rotation":0,"texture":"#7","tintindex":0}}}],"display":{"head":{"translation":[0.0,-6.4,0.0],"scale":[4.0,4.0,4.0]}}}