{"textures":{"7":"modelengine:entity/viking_4"},"elements":[{"from":[6.052407,6.2919164,6.375012],"to":[8.018121,8.82906,9.323584],"rotation":{"angle":0.0,"axis":"y","origin":[5.0695496,9.166203,7.112155]},"faces":{"east":{"uv":[2.5,6.5,3.75,7.5],"rotation":0,"texture":"#7","tintindex":0},"south":{"uv":[8.75,8.5,9.5,9.5],"rotation":0,"texture":"#7","tintindex":0},"north":{"uv":[8.75,7.5,9.5,8.5],"rotation":0,"texture":"#7","tintindex":0},"west":{"uv":[3.75,6.5,5.0,7.5],"rotation":0,"texture":"#7","tintindex":0},"up":{"uv":[8.75,4.25,8.0,3.0],"rotation":0,"texture":"#7","tintindex":0},"down":{"uv":[8.75,6.5,8.0,7.75],"rotation":0,"texture":"#7","tintindex":0}}},{"from":[6.052407,4.0062017,6.9464407],"to":[8.018121,6.3147736,9.323584],"rotation":{"angle":0.0,"axis":"y","origin":[5.0695496,9.166203,7.112155]},"faces":{"east":{"uv":[0.0,7.25,1.0,8.25],"rotation":0,"texture":"#7","tintindex":0},"south":{"uv":[3.0,9.0,3.75,10.0],"rotation":0,"texture":"#7","tintindex":0},"north":{"uv":[9.0,0.75,9.75,1.75],"rotation":0,"texture":"#7","tintindex":0},"west":{"uv":[7.25,1.25,8.25,2.25],"rotation":0,"texture":"#7","tintindex":0},"up":{"uv":[4.5,10.0,3.75,9.0],"rotation":0,"texture":"#7","tintindex":0},"down":{"uv":[10.0,1.75,9.25,2.75],"rotation":0,"texture":"#7","tintindex":0}}}],"display":{"head":{"translation":[0.0,-6.4,0.0],"scale":[4.0,4.0,4.0]}}}