{"textures":{"2":"modelengine:entity/viking_1","7":"modelengine:entity/viking_4"},"elements":[{"from":[7.207264,5.074774,5.5350122],"to":[8.68155,8.023345,7.992155],"rotation":{"angle":0.0,"axis":"y","origin":[6.2244067,13.183346,6.0264406]},"faces":{"east":{"uv":[5.0,6.5,6.0,7.75],"rotation":0,"texture":"#7","tintindex":0},"south":{"uv":[8.25,0.75,9.0,2.0],"rotation":0,"texture":"#7","tintindex":0},"north":{"uv":[0.0,8.25,0.75,9.5],"rotation":0,"texture":"#7","tintindex":0},"west":{"uv":[6.0,6.5,7.0,7.75],"rotation":0,"texture":"#7","tintindex":0},"up":{"uv":[10.0,6.0,9.25,5.0],"rotation":0,"texture":"#7","tintindex":0},"down":{"uv":[7.0,9.25,6.25,10.25],"rotation":0,"texture":"#7","tintindex":0}}},{"from":[6.0129437,2.0854397,2.334931],"to":[6.995801,9.9482975,10.197788],"rotation":{"angle":0.0,"axis":"y","origin":[50.248463,10.690665,-44.44]},"faces":{"east":{"uv":[0.0,0.0,1.75,1.75],"rotation":0,"texture":"#2","tintindex":0},"south":{"uv":[3.75,4.75,3.805,6.565],"rotation":0,"texture":"#2","tintindex":0},"north":{"uv":[3.625,4.75,3.75,6.5],"rotation":0,"texture":"#2","tintindex":0},"west":{"uv":[0.0,1.75,1.75,3.5],"rotation":0,"texture":"#2","tintindex":0},"up":{"uv":[3.75,6.5,3.625,4.75],"rotation":0,"texture":"#2","tintindex":0},"down":{"uv":[4.0,5.75,3.875,7.25],"rotation":0,"texture":"#2","tintindex":0}}},{"from":[5.5215154,4.788297,4.7920732],"to":[6.0129437,7.736869,7.7406454],"rotation":{"angle":0.0,"axis":"y","origin":[50.248463,10.690665,-44.44]},"faces":{"east":{"uv":[6.125,1.125,6.75,1.75],"rotation":0,"texture":"#2","tintindex":0},"south":{"uv":[2.75,3.25,2.875,3.875],"rotation":0,"texture":"#2","tintindex":0},"north":{"uv":[3.5,5.875,3.625,6.5],"rotation":0,"texture":"#2","tintindex":0},"west":{"uv":[4.125,6.125,4.75,6.75],"rotation":0,"texture":"#2","tintindex":0},"up":{"uv":[0.625,4.625,0.0,4.5],"rotation":90,"texture":"#2","tintindex":0},"down":{"uv":[6.375,4.375,5.75,4.5],"rotation":270,"texture":"#2","tintindex":0}}},{"from":[7.5085716,3.559998,5.289298],"to":[9.474286,5.525712,8.237869],"rotation":{"angle":22.5,"axis":"z","origin":[8.491428,4.5428553,6.7635837]},"faces":{"east":{"uv":[3.5,8.25,4.75,9.0],"rotation":0,"texture":"#7","tintindex":0},"south":{"uv":[8.5,9.5,9.25,10.25],"rotation":0,"texture":"#7","tintindex":0},"north":{"uv":[9.25,0.0,10.0,0.75],"rotation":0,"texture":"#7","tintindex":0},"west":{"uv":[8.25,4.25,9.5,5.0],"rotation":0,"texture":"#7","tintindex":0},"up":{"uv":[1.5,9.75,0.75,8.5],"rotation":0,"texture":"#7","tintindex":0},"down":{"uv":[2.25,8.5,1.5,9.75],"rotation":0,"texture":"#7","tintindex":0}}}],"display":{"head":{"translation":[0.0,-6.4,0.0],"scale":[4.0,4.0,4.0]}}}