{"textures":{"7":"modelengine:entity/viking_4"},"elements":[{"from":[7.981879,6.2919164,6.375012],"to":[9.947594,8.82906,9.323584],"rotation":{"angle":0.0,"axis":"y","origin":[10.93045,9.166203,7.112155]},"faces":{"east":{"uv":[6.75,2.75,8.0,3.75],"rotation":0,"texture":"#7","tintindex":0},"south":{"uv":[7.75,9.25,8.5,10.25],"rotation":0,"texture":"#7","tintindex":0},"north":{"uv":[7.0,9.25,7.75,10.25],"rotation":0,"texture":"#7","tintindex":0},"west":{"uv":[6.75,3.75,8.0,4.75],"rotation":0,"texture":"#7","tintindex":0},"up":{"uv":[3.0,9.75,2.25,8.5],"rotation":0,"texture":"#7","tintindex":0},"down":{"uv":[5.5,8.5,4.75,9.75],"rotation":0,"texture":"#7","tintindex":0}}},{"from":[7.981879,4.0062017,6.9464407],"to":[9.947594,6.3147736,9.323584],"rotation":{"angle":0.0,"axis":"y","origin":[10.93045,9.166203,7.112155]},"faces":{"east":{"uv":[7.25,4.75,8.25,5.75],"rotation":0,"texture":"#7","tintindex":0},"south":{"uv":[9.5,2.75,10.25,3.75],"rotation":0,"texture":"#7","tintindex":0},"north":{"uv":[0.0,9.5,0.75,10.5],"rotation":0,"texture":"#7","tintindex":0},"west":{"uv":[2.5,7.5,3.5,8.5],"rotation":0,"texture":"#7","tintindex":0},"up":{"uv":[10.25,4.75,9.5,3.75],"rotation":0,"texture":"#7","tintindex":0},"down":{"uv":[10.25,6.0,9.5,7.0],"rotation":0,"texture":"#7","tintindex":0}}}],"display":{"head":{"translation":[0.0,-6.4,0.0],"scale":[4.0,4.0,4.0]}}}