{"textures":{"5":"modelengine:entity/viking_2","8":"modelengine:entity/hammer"},"elements":[{"from":[6.842823,5.509777,-0.9026985],"to":[7.9856806,6.652634,0.24015808],"rotation":{"angle":0.0,"axis":"y","origin":[7.2538257,4.414199,3.0767498]},"faces":{"east":{"uv":[4.5,8.0,3.5,9.0],"rotation":90,"texture":"#8","tintindex":0},"south":{"uv":[8.5,0.0,9.5,1.0],"rotation":270,"texture":"#8","tintindex":0},"north":{"uv":[8.0,9.0,9.0,8.0],"rotation":270,"texture":"#8","tintindex":0},"west":{"uv":[9.0,5.0,8.0,6.0],"rotation":270,"texture":"#8","tintindex":0},"up":{"uv":[8.0,8.0,7.0,9.0],"rotation":0,"texture":"#8","tintindex":0},"down":{"uv":[9.0,4.0,8.0,5.0],"rotation":180,"texture":"#8","tintindex":0}}},{"from":[6.842823,3.7954912,-0.9026985],"to":[7.9856806,5.509777,1.3830156],"rotation":{"angle":0.0,"axis":"y","origin":[7.2538257,4.414199,3.0767498]},"faces":{"east":{"uv":[8.5,0.0,7.0,2.0],"rotation":90,"texture":"#8","tintindex":0},"south":{"uv":[7.0,7.0,8.5,8.0],"rotation":270,"texture":"#8","tintindex":0},"north":{"uv":[7.0,7.0,8.5,6.0],"rotation":270,"texture":"#8","tintindex":0},"west":{"uv":[8.5,2.0,7.0,4.0],"rotation":270,"texture":"#8","tintindex":0},"up":{"uv":[8.0,4.0,7.0,6.0],"rotation":0,"texture":"#8","tintindex":0},"down":{"uv":[4.5,6.0,3.5,8.0],"rotation":180,"texture":"#8","tintindex":0}}},{"from":[7.1285377,3.2240624,-0.9026985],"to":[7.6999664,3.7954912,1.3830156],"rotation":{"angle":0.0,"axis":"y","origin":[7.2538257,4.414199,3.0767498]},"faces":{"east":{"uv":[9.0,1.0,8.5,3.0],"rotation":90,"texture":"#8","tintindex":0},"south":{"uv":[6.0,8.5,6.5,9.0],"rotation":270,"texture":"#8","tintindex":0},"north":{"uv":[5.5,9.0,6.0,8.5],"rotation":270,"texture":"#8","tintindex":0},"west":{"uv":[3.0,8.5,2.5,10.5],"rotation":270,"texture":"#8","tintindex":0},"up":{"uv":[3.5,8.5,3.0,10.5],"rotation":0,"texture":"#8","tintindex":0},"down":{"uv":[2.5,8.5,2.0,10.5],"rotation":180,"texture":"#8","tintindex":0}}},{"from":[5.9856806,1.5097766,-1.4741278],"to":[8.842823,3.2240624,1.9544439],"rotation":{"angle":0.0,"axis":"y","origin":[7.2538257,4.414199,3.0767498]},"faces":{"east":{"uv":[7.0,0.0,5.5,3.0],"rotation":90,"texture":"#8","tintindex":0},"south":{"uv":[5.5,6.0,7.0,8.5],"rotation":270,"texture":"#8","tintindex":0},"north":{"uv":[2.0,8.5,3.5,6.0],"rotation":270,"texture":"#8","tintindex":0},"west":{"uv":[7.0,3.0,5.5,6.0],"rotation":270,"texture":"#8","tintindex":0},"up":{"uv":[4.5,3.0,2.0,6.0],"rotation":0,"texture":"#8","tintindex":0},"down":{"uv":[4.5,0.0,2.0,3.0],"rotation":180,"texture":"#8","tintindex":0}}},{"from":[7.1285377,4.0812054,-1.4741278],"to":[7.6999664,5.224063,9.954444],"rotation":{"angle":0.0,"axis":"y","origin":[7.2538257,4.414199,3.0767498]},"faces":{"east":{"uv":[1.0,0.0,0.0,10.0],"rotation":90,"texture":"#8","tintindex":0},"south":{"uv":[8.5,3.5,9.5,4.0],"rotation":270,"texture":"#8","tintindex":0},"north":{"uv":[8.5,3.5,9.5,3.0],"rotation":270,"texture":"#8","tintindex":0},"west":{"uv":[2.0,0.0,1.0,10.0],"rotation":270,"texture":"#8","tintindex":0},"up":{"uv":[5.5,0.0,5.0,10.0],"rotation":0,"texture":"#8","tintindex":0},"down":{"uv":[5.0,0.0,4.5,10.0],"rotation":180,"texture":"#8","tintindex":0}}},{"from":[7.3184505,5.074774,5.5350122],"to":[8.792736,8.023345,7.992155],"rotation":{"angle":0.0,"axis":"y","origin":[9.775594,13.183346,6.0264406]},"faces":{"east":{"uv":[7.0,6.5,6.0,7.75],"rotation":0,"texture":"#5","tintindex":0},"south":{"uv":[2.0,7.75,1.25,9.0],"rotation":0,"texture":"#5","tintindex":0},"north":{"uv":[4.75,7.5,4.0,8.75],"rotation":0,"texture":"#5","tintindex":0},"west":{"uv":[6.0,6.5,5.0,7.75],"rotation":0,"texture":"#5","tintindex":0},"up":{"uv":[0.0,9.0,0.75,8.0],"rotation":0,"texture":"#5","tintindex":0},"down":{"uv":[7.0,8.0,7.75,9.0],"rotation":0,"texture":"#5","tintindex":0}}},{"from":[6.5257144,3.559998,5.289298],"to":[8.491428,5.525712,8.237869],"rotation":{"angle":-22.5,"axis":"z","origin":[7.5085716,4.5428553,6.7635837]},"faces":{"east":{"uv":[9.0,3.0,7.75,3.75],"rotation":0,"texture":"#5","tintindex":0},"south":{"uv":[9.25,3.75,8.5,4.5],"rotation":0,"texture":"#5","tintindex":0},"north":{"uv":[9.0,7.25,8.25,8.0],"rotation":0,"texture":"#5","tintindex":0},"west":{"uv":[9.0,2.25,7.75,3.0],"rotation":0,"texture":"#5","tintindex":0},"up":{"uv":[4.75,9.0,5.5,7.75],"rotation":0,"texture":"#5","tintindex":0},"down":{"uv":[5.5,7.75,6.25,9.0],"rotation":0,"texture":"#5","tintindex":0}}}],"display":{"head":{"translation":[0.0,-6.4,0.0],"scale":[4.0,4.0,4.0]}}}