{"textures":{"5":"modelengine:entity/viking_2"},"elements":[{"from":[7.981879,6.2919164,6.375012],"to":[9.947594,8.82906,9.323584],"rotation":{"angle":0.0,"axis":"y","origin":[10.93045,9.166203,7.112155]},"faces":{"east":{"uv":[5.0,6.5,3.75,7.5],"rotation":0,"texture":"#5","tintindex":0},"south":{"uv":[7.0,7.75,6.25,8.75],"rotation":0,"texture":"#5","tintindex":0},"north":{"uv":[8.5,3.75,7.75,4.75],"rotation":0,"texture":"#5","tintindex":0},"west":{"uv":[3.75,6.5,2.5,7.5],"rotation":0,"texture":"#5","tintindex":0},"up":{"uv":[2.5,8.75,3.25,7.5],"rotation":0,"texture":"#5","tintindex":0},"down":{"uv":[3.25,7.5,4.0,8.75],"rotation":0,"texture":"#5","tintindex":0}}},{"from":[7.981879,4.0062017,6.9464407],"to":[9.947594,6.3147736,9.323584],"rotation":{"angle":0.0,"axis":"y","origin":[10.93045,9.166203,7.112155]},"faces":{"east":{"uv":[7.75,3.75,6.75,4.75],"rotation":0,"texture":"#5","tintindex":0},"south":{"uv":[9.0,0.0,8.25,1.0],"rotation":0,"texture":"#5","tintindex":0},"north":{"uv":[8.5,8.0,7.75,9.0],"rotation":0,"texture":"#5","tintindex":0},"west":{"uv":[7.75,2.75,6.75,3.75],"rotation":0,"texture":"#5","tintindex":0},"up":{"uv":[8.25,7.25,9.0,6.25],"rotation":0,"texture":"#5","tintindex":0},"down":{"uv":[8.5,1.0,9.25,2.0],"rotation":0,"texture":"#5","tintindex":0}}}],"display":{"head":{"translation":[0.0,-6.4,0.0],"scale":[4.0,4.0,4.0]}}}