{"textures":{"1":"modelengine:entity/viking_axe","7":"modelengine:entity/viking_4"},"elements":[{"from":[7.2888203,4.0599947,-2.4267273],"to":[7.860249,5.2028522,9.001844],"rotation":{"angle":0.0,"axis":"y","origin":[7.420335,-7.4853373,-12.457037]},"faces":{"east":{"uv":[0.0,2.0,10.0,1.0],"rotation":180,"texture":"#1","tintindex":0},"south":{"uv":[5.5,8.0,6.0,7.0],"rotation":180,"texture":"#1","tintindex":0},"north":{"uv":[5.0,8.0,5.5,7.0],"rotation":180,"texture":"#1","tintindex":0},"west":{"uv":[0.0,1.0,10.0,0.0],"rotation":180,"texture":"#1","tintindex":0},"up":{"uv":[0.0,12.0,0.5,2.0],"rotation":0,"texture":"#1","tintindex":0},"down":{"uv":[0.5,2.0,1.0,12.0],"rotation":0,"texture":"#1","tintindex":0}}},{"from":[7.003106,3.7742805,-1.855299],"to":[8.145964,5.4885664,0.43041515],"rotation":{"angle":0.0,"axis":"y","origin":[7.420335,-7.4853373,-12.457037]},"faces":{"east":{"uv":[7.0,3.5,5.0,2.0],"rotation":180,"texture":"#1","tintindex":0},"south":{"uv":[6.0,5.0,7.0,3.5],"rotation":180,"texture":"#1","tintindex":0},"north":{"uv":[5.0,7.0,6.0,5.5],"rotation":180,"texture":"#1","tintindex":0},"west":{"uv":[5.0,3.5,7.0,2.0],"rotation":180,"texture":"#1","tintindex":0},"up":{"uv":[3.0,7.5,4.0,5.5],"rotation":0,"texture":"#1","tintindex":0},"down":{"uv":[4.0,5.5,5.0,7.5],"rotation":0,"texture":"#1","tintindex":0}}},{"from":[7.2888203,1.4885659,-1.855299],"to":[7.860249,3.7742805,0.43041515],"rotation":{"angle":0.0,"axis":"y","origin":[7.420335,-7.4853373,-12.457037]},"faces":{"east":{"uv":[3.0,4.0,1.0,2.0],"rotation":180,"texture":"#1","tintindex":0},"south":{"uv":[1.5,9.0,2.0,7.0],"rotation":180,"texture":"#1","tintindex":0},"north":{"uv":[1.0,9.0,1.5,7.0],"rotation":180,"texture":"#1","tintindex":0},"west":{"uv":[1.0,4.0,3.0,2.0],"rotation":180,"texture":"#1","tintindex":0},"up":{"uv":[2.0,9.0,2.5,7.0],"rotation":0,"texture":"#1","tintindex":0},"down":{"uv":[7.0,2.0,7.5,4.0],"rotation":0,"texture":"#1","tintindex":0}}},{"from":[7.2888203,1.4885659,0.43041515],"to":[7.860249,3.2028518,3.287558],"rotation":{"angle":0.0,"axis":"y","origin":[7.420335,-7.4853373,-12.457037]},"faces":{"east":{"uv":[3.5,5.5,6.0,4.0],"rotation":180,"texture":"#1","tintindex":0},"south":{"uv":[7.0,5.5,7.5,4.0],"rotation":180,"texture":"#1","tintindex":0},"north":{"uv":[2.5,8.5,3.0,7.0],"rotation":180,"texture":"#1","tintindex":0},"west":{"uv":[1.0,5.5,3.5,4.0],"rotation":180,"texture":"#1","tintindex":0},"up":{"uv":[6.0,7.5,6.5,5.0],"rotation":0,"texture":"#1","tintindex":0},"down":{"uv":[6.5,5.0,7.0,7.5],"rotation":0,"texture":"#1","tintindex":0}}},{"from":[7.3184505,5.074774,5.5350122],"to":[8.792736,8.023345,7.992155],"rotation":{"angle":0.0,"axis":"y","origin":[9.775594,13.183346,6.0264406]},"faces":{"east":{"uv":[7.0,0.0,8.0,1.25],"rotation":0,"texture":"#7","tintindex":0},"south":{"uv":[5.5,8.5,6.25,9.75],"rotation":0,"texture":"#7","tintindex":0},"north":{"uv":[8.5,5.0,9.25,6.25],"rotation":0,"texture":"#7","tintindex":0},"west":{"uv":[7.0,6.5,8.0,7.75],"rotation":0,"texture":"#7","tintindex":0},"up":{"uv":[10.25,8.0,9.5,7.0],"rotation":0,"texture":"#7","tintindex":0},"down":{"uv":[10.25,8.0,9.5,9.0],"rotation":0,"texture":"#7","tintindex":0}}},{"from":[6.5257144,3.559998,5.289298],"to":[8.491428,5.525712,8.237869],"rotation":{"angle":-22.5,"axis":"z","origin":[7.5085716,4.5428553,6.7635837]},"faces":{"east":{"uv":[6.25,8.5,7.5,9.25],"rotation":0,"texture":"#7","tintindex":0},"south":{"uv":[0.75,9.75,1.5,10.5],"rotation":0,"texture":"#7","tintindex":0},"north":{"uv":[9.5,9.0,10.25,9.75],"rotation":0,"texture":"#7","tintindex":0},"west":{"uv":[7.5,8.5,8.75,9.25],"rotation":0,"texture":"#7","tintindex":0},"up":{"uv":[9.5,4.25,8.75,3.0],"rotation":0,"texture":"#7","tintindex":0},"down":{"uv":[9.5,6.25,8.75,7.5],"rotation":0,"texture":"#7","tintindex":0}}}],"display":{"head":{"translation":[0.0,-6.4,0.0],"scale":[4.0,4.0,4.0]}}}