{"textures":{"5":"modelengine:entity/viking_2","11":"modelengine:entity/viking_mace"},"elements":[{"from":[6.378174,4.12331,-2.9370155],"to":[7.521031,5.2661676,10.777271],"rotation":{"angle":0.0,"axis":"y","origin":[56.49279,-0.90612507,24.904274]},"faces":{"east":{"uv":[3.5,0.0,9.5,0.5],"rotation":0,"texture":"#11","tintindex":0},"south":{"uv":[7.5,3.25,8.0,3.75],"rotation":0,"texture":"#11","tintindex":0},"north":{"uv":[7.5,2.75,8.0,3.25],"rotation":0,"texture":"#11","tintindex":0},"west":{"uv":[3.5,0.5,9.5,1.0],"rotation":0,"texture":"#11","tintindex":0},"up":{"uv":[4.0,7.0,3.5,1.0],"rotation":0,"texture":"#11","tintindex":0},"down":{"uv":[4.5,1.0,4.0,7.0],"rotation":0,"texture":"#11","tintindex":0}}},{"from":[6.092459,3.837596,1.6344132],"to":[7.806745,5.551882,2.7772703],"rotation":{"angle":0.0,"axis":"y","origin":[56.49279,-0.90612507,24.904274]},"faces":{"east":{"uv":[7.25,1.0,7.75,1.75],"rotation":0,"texture":"#11","tintindex":0},"south":{"uv":[2.25,7.0,3.0,7.75],"rotation":0,"texture":"#11","tintindex":0},"north":{"uv":[6.25,3.75,7.0,4.5],"rotation":0,"texture":"#11","tintindex":0},"west":{"uv":[5.75,7.25,6.25,8.0],"rotation":0,"texture":"#11","tintindex":0},"up":{"uv":[8.0,2.25,7.25,1.75],"rotation":0,"texture":"#11","tintindex":0},"down":{"uv":[8.0,6.0,7.25,6.5],"rotation":0,"texture":"#11","tintindex":0}}},{"from":[5.5210304,4.4090242,1.9201274],"to":[6.092459,4.980453,2.4915562],"rotation":{"angle":0.0,"axis":"y","origin":[56.49279,-0.90612507,24.904274]},"faces":{"east":{"uv":[3.0,7.75,3.25,8.0],"rotation":0,"texture":"#11","tintindex":0},"south":{"uv":[3.25,7.75,3.5,8.0],"rotation":0,"texture":"#11","tintindex":0},"north":{"uv":[7.0,4.25,7.25,4.5],"rotation":0,"texture":"#11","tintindex":0},"west":{"uv":[3.5,7.75,3.75,8.0],"rotation":0,"texture":"#11","tintindex":0},"up":{"uv":[4.0,8.0,3.75,7.75],"rotation":0,"texture":"#11","tintindex":0},"down":{"uv":[4.25,7.75,4.0,8.0],"rotation":0,"texture":"#11","tintindex":0}}},{"from":[5.5210304,4.4090242,-3.2227297],"to":[6.092459,4.980453,-2.6513014],"rotation":{"angle":0.0,"axis":"y","origin":[56.49279,-0.90612507,24.904274]},"faces":{"east":{"uv":[3.0,7.75,3.25,8.0],"rotation":0,"texture":"#11","tintindex":0},"south":{"uv":[3.25,7.75,3.5,8.0],"rotation":0,"texture":"#11","tintindex":0},"north":{"uv":[7.0,4.25,7.25,4.5],"rotation":0,"texture":"#11","tintindex":0},"west":{"uv":[3.5,7.75,3.75,8.0],"rotation":0,"texture":"#11","tintindex":0},"up":{"uv":[4.0,8.0,3.75,7.75],"rotation":0,"texture":"#11","tintindex":0},"down":{"uv":[4.25,7.75,4.0,8.0],"rotation":0,"texture":"#11","tintindex":0}}},{"from":[5.5210304,4.4090242,-0.36558723],"to":[6.092459,4.980453,0.20584202],"rotation":{"angle":0.0,"axis":"y","origin":[56.49279,-0.90612507,24.904274]},"faces":{"east":{"uv":[3.0,7.75,3.25,8.0],"rotation":0,"texture":"#11","tintindex":0},"south":{"uv":[3.25,7.75,3.5,8.0],"rotation":0,"texture":"#11","tintindex":0},"north":{"uv":[7.0,4.25,7.25,4.5],"rotation":0,"texture":"#11","tintindex":0},"west":{"uv":[3.5,7.75,3.75,8.0],"rotation":0,"texture":"#11","tintindex":0},"up":{"uv":[4.0,8.0,3.75,7.75],"rotation":0,"texture":"#11","tintindex":0},"down":{"uv":[4.25,7.75,4.0,8.0],"rotation":0,"texture":"#11","tintindex":0}}},{"from":[7.7979994,4.4090242,1.9201274],"to":[8.369428,4.980453,2.4915562],"rotation":{"angle":0.0,"axis":"y","origin":[81.11196,-0.90612507,24.904274]},"faces":{"east":{"uv":[3.75,7.75,3.5,8.0],"rotation":0,"texture":"#11","tintindex":0},"south":{"uv":[3.5,7.75,3.25,8.0],"rotation":0,"texture":"#11","tintindex":0},"north":{"uv":[7.25,4.25,7.0,4.5],"rotation":0,"texture":"#11","tintindex":0},"west":{"uv":[3.25,7.75,3.0,8.0],"rotation":0,"texture":"#11","tintindex":0},"up":{"uv":[3.75,8.0,4.0,7.75],"rotation":0,"texture":"#11","tintindex":0},"down":{"uv":[4.0,7.75,4.25,8.0],"rotation":0,"texture":"#11","tintindex":0}}},{"from":[7.7979994,4.4090242,-0.36558723],"to":[8.369428,4.980453,0.20584202],"rotation":{"angle":0.0,"axis":"y","origin":[81.11196,-0.90612507,24.904274]},"faces":{"east":{"uv":[3.75,7.75,3.5,8.0],"rotation":0,"texture":"#11","tintindex":0},"south":{"uv":[3.5,7.75,3.25,8.0],"rotation":0,"texture":"#11","tintindex":0},"north":{"uv":[7.25,4.25,7.0,4.5],"rotation":0,"texture":"#11","tintindex":0},"west":{"uv":[3.25,7.75,3.0,8.0],"rotation":0,"texture":"#11","tintindex":0},"up":{"uv":[3.75,8.0,4.0,7.75],"rotation":0,"texture":"#11","tintindex":0},"down":{"uv":[4.0,7.75,4.25,8.0],"rotation":0,"texture":"#11","tintindex":0}}},{"from":[7.7979994,4.4090242,-3.2227297],"to":[8.369428,4.980453,-2.6513014],"rotation":{"angle":0.0,"axis":"y","origin":[81.11196,-0.90612507,24.904274]},"faces":{"east":{"uv":[3.75,7.75,3.5,8.0],"rotation":0,"texture":"#11","tintindex":0},"south":{"uv":[3.5,7.75,3.25,8.0],"rotation":0,"texture":"#11","tintindex":0},"north":{"uv":[7.25,4.25,7.0,4.5],"rotation":0,"texture":"#11","tintindex":0},"west":{"uv":[3.25,7.75,3.0,8.0],"rotation":0,"texture":"#11","tintindex":0},"up":{"uv":[3.75,8.0,4.0,7.75],"rotation":0,"texture":"#11","tintindex":0},"down":{"uv":[4.0,7.75,4.25,8.0],"rotation":0,"texture":"#11","tintindex":0}}},{"from":[6.6488023,3.2812529,1.9201274],"to":[7.220231,3.8526812,2.4915562],"rotation":{"angle":0.0,"axis":"y","origin":[77.33366,-21.74699,24.904274]},"faces":{"east":{"uv":[3.75,8.0,4.0,7.75],"rotation":90,"texture":"#11","tintindex":0},"south":{"uv":[3.5,7.75,3.25,8.0],"rotation":90,"texture":"#11","tintindex":0},"north":{"uv":[7.25,4.25,7.0,4.5],"rotation":270,"texture":"#11","tintindex":0},"west":{"uv":[4.0,7.75,4.25,8.0],"rotation":90,"texture":"#11","tintindex":0},"up":{"uv":[3.25,7.75,3.0,8.0],"rotation":90,"texture":"#11","tintindex":0},"down":{"uv":[3.75,7.75,3.5,8.0],"rotation":90,"texture":"#11","tintindex":0}}},{"from":[6.6488023,3.2812529,-0.36558723],"to":[7.220231,3.8526812,0.20584202],"rotation":{"angle":0.0,"axis":"y","origin":[77.33366,-21.74699,24.904274]},"faces":{"east":{"uv":[3.75,8.0,4.0,7.75],"rotation":90,"texture":"#11","tintindex":0},"south":{"uv":[3.5,7.75,3.25,8.0],"rotation":90,"texture":"#11","tintindex":0},"north":{"uv":[7.25,4.25,7.0,4.5],"rotation":270,"texture":"#11","tintindex":0},"west":{"uv":[4.0,7.75,4.25,8.0],"rotation":90,"texture":"#11","tintindex":0},"up":{"uv":[3.25,7.75,3.0,8.0],"rotation":90,"texture":"#11","tintindex":0},"down":{"uv":[3.75,7.75,3.5,8.0],"rotation":90,"texture":"#11","tintindex":0}}},{"from":[6.6488023,3.2812529,-3.2227297],"to":[7.220231,3.8526812,-2.6513014],"rotation":{"angle":0.0,"axis":"y","origin":[77.33366,-21.74699,24.904274]},"faces":{"east":{"uv":[3.75,8.0,4.0,7.75],"rotation":90,"texture":"#11","tintindex":0},"south":{"uv":[3.5,7.75,3.25,8.0],"rotation":90,"texture":"#11","tintindex":0},"north":{"uv":[7.25,4.25,7.0,4.5],"rotation":270,"texture":"#11","tintindex":0},"west":{"uv":[4.0,7.75,4.25,8.0],"rotation":90,"texture":"#11","tintindex":0},"up":{"uv":[3.25,7.75,3.0,8.0],"rotation":90,"texture":"#11","tintindex":0},"down":{"uv":[3.75,7.75,3.5,8.0],"rotation":90,"texture":"#11","tintindex":0}}},{"from":[6.6488023,5.5582213,1.9201274],"to":[7.220231,6.12965,2.4915562],"rotation":{"angle":0.0,"axis":"y","origin":[77.33366,2.8721776,24.904274]},"faces":{"east":{"uv":[4.0,8.0,3.75,7.75],"rotation":90,"texture":"#11","tintindex":0},"south":{"uv":[3.25,7.75,3.5,8.0],"rotation":90,"texture":"#11","tintindex":0},"north":{"uv":[7.0,4.25,7.25,4.5],"rotation":270,"texture":"#11","tintindex":0},"west":{"uv":[4.25,7.75,4.0,8.0],"rotation":90,"texture":"#11","tintindex":0},"up":{"uv":[3.5,7.75,3.75,8.0],"rotation":90,"texture":"#11","tintindex":0},"down":{"uv":[3.0,7.75,3.25,8.0],"rotation":90,"texture":"#11","tintindex":0}}},{"from":[6.6488023,5.5582213,-0.36558723],"to":[7.220231,6.12965,0.20584202],"rotation":{"angle":0.0,"axis":"y","origin":[77.33366,2.8721776,24.904274]},"faces":{"east":{"uv":[4.0,8.0,3.75,7.75],"rotation":90,"texture":"#11","tintindex":0},"south":{"uv":[3.25,7.75,3.5,8.0],"rotation":90,"texture":"#11","tintindex":0},"north":{"uv":[7.0,4.25,7.25,4.5],"rotation":270,"texture":"#11","tintindex":0},"west":{"uv":[4.25,7.75,4.0,8.0],"rotation":90,"texture":"#11","tintindex":0},"up":{"uv":[3.5,7.75,3.75,8.0],"rotation":90,"texture":"#11","tintindex":0},"down":{"uv":[3.0,7.75,3.25,8.0],"rotation":90,"texture":"#11","tintindex":0}}},{"from":[6.6488023,5.5582213,-3.2227297],"to":[7.220231,6.12965,-2.6513014],"rotation":{"angle":0.0,"axis":"y","origin":[77.33366,2.8721776,24.904274]},"faces":{"east":{"uv":[4.0,8.0,3.75,7.75],"rotation":90,"texture":"#11","tintindex":0},"south":{"uv":[3.25,7.75,3.5,8.0],"rotation":90,"texture":"#11","tintindex":0},"north":{"uv":[7.0,4.25,7.25,4.5],"rotation":270,"texture":"#11","tintindex":0},"west":{"uv":[4.25,7.75,4.0,8.0],"rotation":90,"texture":"#11","tintindex":0},"up":{"uv":[3.5,7.75,3.75,8.0],"rotation":90,"texture":"#11","tintindex":0},"down":{"uv":[3.0,7.75,3.25,8.0],"rotation":90,"texture":"#11","tintindex":0}}},{"from":[6.092459,3.837596,-3.5084438],"to":[7.806745,5.551882,-2.3655872],"rotation":{"angle":0.0,"axis":"y","origin":[56.49279,-0.90612507,24.904274]},"faces":{"east":{"uv":[6.25,7.25,6.75,8.0],"rotation":0,"texture":"#11","tintindex":0},"south":{"uv":[3.75,7.0,4.5,7.75],"rotation":0,"texture":"#11","tintindex":0},"north":{"uv":[3.0,7.0,3.75,7.75],"rotation":0,"texture":"#11","tintindex":0},"west":{"uv":[7.25,6.5,7.75,7.25],"rotation":0,"texture":"#11","tintindex":0},"up":{"uv":[7.5,7.75,6.75,7.25],"rotation":0,"texture":"#11","tintindex":0},"down":{"uv":[8.25,2.25,7.5,2.75],"rotation":0,"texture":"#11","tintindex":0}}},{"from":[6.092459,4.4090242,-2.3655872],"to":[7.806745,4.980453,1.6344132],"rotation":{"angle":0.0,"axis":"y","origin":[56.49279,-0.90612507,24.904274]},"faces":{"east":{"uv":[7.0,3.75,8.75,4.0],"rotation":0,"texture":"#11","tintindex":0},"south":{"uv":[7.5,5.75,8.25,6.0],"rotation":0,"texture":"#11","tintindex":0},"north":{"uv":[7.5,5.5,8.25,5.75],"rotation":0,"texture":"#11","tintindex":0},"west":{"uv":[7.0,4.0,8.75,4.25],"rotation":0,"texture":"#11","tintindex":0},"up":{"uv":[6.25,2.75,5.5,1.0],"rotation":0,"texture":"#11","tintindex":0},"down":{"uv":[6.25,2.75,5.5,4.5],"rotation":0,"texture":"#11","tintindex":0}}},{"from":[6.663888,3.837596,-2.3655872],"to":[7.2353163,5.551882,1.6344132],"rotation":{"angle":0.0,"axis":"y","origin":[56.49279,-0.90612507,24.904274]},"faces":{"east":{"uv":[5.5,4.5,7.25,5.25],"rotation":0,"texture":"#11","tintindex":0},"south":{"uv":[2.75,7.75,3.0,8.5],"rotation":0,"texture":"#11","tintindex":0},"north":{"uv":[2.5,7.75,2.75,8.5],"rotation":0,"texture":"#11","tintindex":0},"west":{"uv":[5.5,5.25,7.25,6.0],"rotation":0,"texture":"#11","tintindex":0},"up":{"uv":[7.5,6.0,7.25,4.25],"rotation":0,"texture":"#11","tintindex":0},"down":{"uv":[5.75,7.25,5.5,9.0],"rotation":0,"texture":"#11","tintindex":0}}},{"from":[7.3184505,5.074774,5.5350122],"to":[8.792736,8.023345,7.992155],"rotation":{"angle":0.0,"axis":"y","origin":[9.775594,13.183346,6.0264406]},"faces":{"east":{"uv":[7.0,6.5,6.0,7.75],"rotation":0,"texture":"#5","tintindex":0},"south":{"uv":[2.0,7.75,1.25,9.0],"rotation":0,"texture":"#5","tintindex":0},"north":{"uv":[4.75,7.5,4.0,8.75],"rotation":0,"texture":"#5","tintindex":0},"west":{"uv":[6.0,6.5,5.0,7.75],"rotation":0,"texture":"#5","tintindex":0},"up":{"uv":[0.0,9.0,0.75,8.0],"rotation":0,"texture":"#5","tintindex":0},"down":{"uv":[7.0,8.0,7.75,9.0],"rotation":0,"texture":"#5","tintindex":0}}},{"from":[6.5257144,3.559998,5.289298],"to":[8.491428,5.525712,8.237869],"rotation":{"angle":-22.5,"axis":"z","origin":[7.5085716,4.5428553,6.7635837]},"faces":{"east":{"uv":[9.0,3.0,7.75,3.75],"rotation":0,"texture":"#5","tintindex":0},"south":{"uv":[9.25,3.75,8.5,4.5],"rotation":0,"texture":"#5","tintindex":0},"north":{"uv":[9.0,7.25,8.25,8.0],"rotation":0,"texture":"#5","tintindex":0},"west":{"uv":[9.0,2.25,7.75,3.0],"rotation":0,"texture":"#5","tintindex":0},"up":{"uv":[4.75,9.0,5.5,7.75],"rotation":0,"texture":"#5","tintindex":0},"down":{"uv":[5.5,7.75,6.25,9.0],"rotation":0,"texture":"#5","tintindex":0}}}],"display":{"head":{"translation":[0.0,-6.4,0.0],"scale":[4.0,4.0,4.0]}}}