{"textures":{"0":"modelengine:entity/lootbag"},"elements":[{"from":[2.9501152,-0.7959194,3.7703962],"to":[12.092972,4.9183674,12.913254],"rotation":{"angle":0.0,"axis":"y","origin":[8.664401,-0.7959194,9.484682]},"faces":{"east":{"uv":[4.025,2.525,7.975,4.975],"rotation":0,"texture":"#0","tintindex":0},"south":{"uv":[4.025,5.025,7.975,7.475],"rotation":0,"texture":"#0","tintindex":0},"north":{"uv":[4.025,0.025,7.975,2.475],"rotation":0,"texture":"#0","tintindex":0},"west":{"uv":[4.025,7.525,7.975,9.975],"rotation":0,"texture":"#0","tintindex":0},"up":{"uv":[3.975,3.975,0.025,0.025],"rotation":0,"texture":"#0","tintindex":0},"down":{"uv":[3.975,4.025,0.025,7.975],"rotation":0,"texture":"#0","tintindex":0}}},{"from":[12.664401,-1.938776,5.484682],"to":[15.5215435,0.9183669,10.05611],"rotation":{"angle":0.0,"axis":"y","origin":[8.664401,-0.7959194,9.484682]},"faces":{"east":{"uv":[2.525,11.525,4.475,12.725],"rotation":0,"texture":"#0","tintindex":0},"south":{"uv":[12.275,7.775,13.475,8.975],"rotation":0,"texture":"#0","tintindex":0},"north":{"uv":[12.275,6.525,13.475,7.725],"rotation":0,"texture":"#0","tintindex":0},"west":{"uv":[4.525,12.025,6.475,13.225],"rotation":0,"texture":"#0","tintindex":0},"up":{"uv":[7.725,13.975,6.525,12.025],"rotation":0,"texture":"#0","tintindex":0},"down":{"uv":[8.975,12.025,7.775,13.975],"rotation":0,"texture":"#0","tintindex":0}}},{"from":[4.092972,-1.938776,4.9132533],"to":[10.950115,-0.7959194,11.770396],"rotation":{"angle":0.0,"axis":"y","origin":[8.664401,-0.7959194,9.484682]},"faces":{"east":{"uv":[12.275,9.025,15.225,9.475],"rotation":0,"texture":"#0","tintindex":0},"south":{"uv":[12.275,9.525,15.225,9.975],"rotation":0,"texture":"#0","tintindex":0},"north":{"uv":[12.025,11.525,14.975,11.975],"rotation":0,"texture":"#0","tintindex":0},"west":{"uv":[12.275,10.025,15.225,10.475],"rotation":0,"texture":"#0","tintindex":0},"up":{"uv":[10.975,5.975,8.025,3.025],"rotation":0,"texture":"#0","tintindex":0},"down":{"uv":[10.975,6.025,8.025,8.975],"rotation":0,"texture":"#0","tintindex":0}}},{"from":[4.092972,3.204081,4.9132533],"to":[10.950115,6.632653,11.770396],"rotation":{"angle":22.5,"axis":"z","origin":[7.5215435,5.77551,8.913254]},"faces":{"east":{"uv":[3.025,10.025,5.975,11.475],"rotation":0,"texture":"#0","tintindex":0},"south":{"uv":[6.025,10.525,8.975,11.975],"rotation":0,"texture":"#0","tintindex":0},"north":{"uv":[8.025,9.025,10.975,10.475],"rotation":0,"texture":"#0","tintindex":0},"west":{"uv":[9.025,10.525,11.975,11.975],"rotation":0,"texture":"#0","tintindex":0},"up":{"uv":[2.975,10.975,0.025,8.025],"rotation":0,"texture":"#0","tintindex":0},"down":{"uv":[10.975,0.025,8.025,2.975],"rotation":0,"texture":"#0","tintindex":0}}},{"from":[4.6644006,4.9183674,5.484682],"to":[5.8072577,9.489796,6.0561104],"rotation":{"angle":22.5,"axis":"z","origin":[7.5215435,5.77551,8.913254]},"faces":{"east":{"uv":[11.525,13.025,11.725,14.975],"rotation":0,"texture":"#0","tintindex":0},"south":{"uv":[3.525,8.025,3.975,9.975],"rotation":0,"texture":"#0","tintindex":0},"north":{"uv":[3.025,8.025,3.475,9.975],"rotation":0,"texture":"#0","tintindex":0},"west":{"uv":[11.775,13.025,11.975,14.975],"rotation":0,"texture":"#0","tintindex":0},"up":{"uv":[1.225,13.725,0.775,13.525],"rotation":0,"texture":"#0","tintindex":0},"down":{"uv":[13.975,0.775,13.525,0.975],"rotation":0,"texture":"#0","tintindex":0}}},{"from":[3.5215435,9.489796,5.484682],"to":[6.9501147,10.061225,6.0561104],"rotation":{"angle":22.5,"axis":"z","origin":[7.5215435,5.77551,8.913254]},"faces":{"east":{"uv":[2.275,12.525,2.475,12.725],"rotation":0,"texture":"#0","tintindex":0},"south":{"uv":[4.525,11.775,5.975,11.975],"rotation":0,"texture":"#0","tintindex":0},"north":{"uv":[4.525,11.525,5.975,11.725],"rotation":0,"texture":"#0","tintindex":0},"west":{"uv":[5.775,13.525,5.975,13.725],"rotation":0,"texture":"#0","tintindex":0},"up":{"uv":[14.225,3.725,12.775,3.525],"rotation":0,"texture":"#0","tintindex":0},"down":{"uv":[14.225,3.775,12.775,3.975],"rotation":0,"texture":"#0","tintindex":0}}},{"from":[4.9501147,10.061225,5.484682],"to":[5.5215435,14.061224,6.0561104],"rotation":{"angle":22.5,"axis":"z","origin":[7.5215435,5.77551,8.913254]},"faces":{"east":{"uv":[12.775,13.025,12.975,14.725],"rotation":0,"texture":"#0","tintindex":0},"south":{"uv":[13.025,13.025,13.225,14.725],"rotation":0,"texture":"#0","tintindex":0},"north":{"uv":[12.525,13.025,12.725,14.725],"rotation":0,"texture":"#0","tintindex":0},"west":{"uv":[4.525,13.275,4.725,14.975],"rotation":0,"texture":"#0","tintindex":0},"up":{"uv":[13.725,5.975,13.525,5.775],"rotation":0,"texture":"#0","tintindex":0},"down":{"uv":[13.725,6.025,13.525,6.225],"rotation":0,"texture":"#0","tintindex":0}}},{"from":[4.9501147,4.3469386,7.770396],"to":[10.664401,6.632653,11.198968],"rotation":{"angle":-22.5,"axis":"z","origin":[7.5215435,5.77551,8.913254]},"faces":{"east":{"uv":[0.025,12.525,1.475,13.475],"rotation":0,"texture":"#0","tintindex":0},"south":{"uv":[11.025,5.525,13.475,6.475],"rotation":0,"texture":"#0","tintindex":0},"north":{"uv":[11.025,4.525,13.475,5.475],"rotation":0,"texture":"#0","tintindex":0},"west":{"uv":[1.525,12.775,2.975,13.725],"rotation":0,"texture":"#0","tintindex":0},"up":{"uv":[2.475,12.475,0.025,11.025],"rotation":0,"texture":"#0","tintindex":0},"down":{"uv":[13.475,0.025,11.025,1.475],"rotation":0,"texture":"#0","tintindex":0}}},{"from":[4.6644006,-1.938776,11.770396],"to":[8.664401,0.34693813,15.198968],"rotation":{"angle":0.0,"axis":"y","origin":[7.5215435,-1.938776,8.341825]},"faces":{"east":{"uv":[12.775,1.525,14.225,2.475],"rotation":0,"texture":"#0","tintindex":0},"south":{"uv":[11.525,12.025,13.225,12.975],"rotation":0,"texture":"#0","tintindex":0},"north":{"uv":[12.025,10.525,13.725,11.475],"rotation":0,"texture":"#0","tintindex":0},"west":{"uv":[12.775,2.525,14.225,3.475],"rotation":0,"texture":"#0","tintindex":0},"up":{"uv":[12.725,2.975,11.025,1.525],"rotation":0,"texture":"#0","tintindex":0},"down":{"uv":[12.725,3.025,11.025,4.475],"rotation":0,"texture":"#0","tintindex":0}}},{"from":[1.8072577,-1.938776,10.62754],"to":[4.6644006,-1.3673468,14.05611],"rotation":{"angle":0.0,"axis":"y","origin":[7.5215435,-1.938776,8.341825]},"faces":{"east":{"uv":[12.775,4.025,14.225,4.225],"rotation":0,"texture":"#0","tintindex":0},"south":{"uv":[13.275,12.025,14.475,12.225],"rotation":0,"texture":"#0","tintindex":0},"north":{"uv":[4.775,13.275,5.975,13.475],"rotation":0,"texture":"#0","tintindex":0},"west":{"uv":[12.775,4.275,14.225,4.475],"rotation":0,"texture":"#0","tintindex":0},"up":{"uv":[10.225,13.475,9.025,12.025],"rotation":0,"texture":"#0","tintindex":0},"down":{"uv":[11.475,12.025,10.275,13.475],"rotation":0,"texture":"#0","tintindex":0}}},{"from":[1.8072577,-1.938776,15.198968],"to":[2.9501152,-1.6530609,16.341825],"rotation":{"angle":0.0,"axis":"y","origin":[7.5215435,-1.938776,8.341825]},"faces":{"east":{"uv":[13.525,1.275,13.975,1.475],"rotation":0,"texture":"#0","tintindex":0},"south":{"uv":[13.525,4.525,13.975,4.725],"rotation":0,"texture":"#0","tintindex":0},"north":{"uv":[13.525,1.025,13.975,1.225],"rotation":0,"texture":"#0","tintindex":0},"west":{"uv":[4.775,13.525,5.225,13.725],"rotation":0,"texture":"#0","tintindex":0},"up":{"uv":[2.975,11.475,2.525,11.025],"rotation":0,"texture":"#0","tintindex":0},"down":{"uv":[13.975,0.025,13.525,0.475],"rotation":0,"texture":"#0","tintindex":0}}}],"display":{"head":{"translation":[0.0,-6.4,0.0],"scale":[4.0,4.0,4.0]}}}