{"textures":{"0":"modelengine:entity/viking_decor4","1":"modelengine:entity/viking_arrow"},"elements":[{"from":[4.5714283,4.5955954,8.40019],"to":[5.714286,14.309881,9.543047],"rotation":{"angle":22.5,"axis":"x","origin":[8.0,10.309881,7.5430474]},"faces":{"east":{"uv":[6.25,1.5,5.75,5.75],"rotation":0,"texture":"#0","tintindex":0},"south":{"uv":[5.75,1.5,5.25,5.75],"rotation":0,"texture":"#0","tintindex":0},"north":{"uv":[4.75,1.5,4.25,5.75],"rotation":0,"texture":"#0","tintindex":0},"west":{"uv":[5.25,1.5,4.75,5.75],"rotation":0,"texture":"#0","tintindex":0},"up":{"uv":[4.75,7.0,5.25,6.5],"rotation":0,"texture":"#0","tintindex":0},"down":{"uv":[5.25,6.5,5.75,7.0],"rotation":0,"texture":"#0","tintindex":0}}},{"from":[4.0,7.4527383,6.6859045],"to":[12.0,15.452738,8.40019],"rotation":{"angle":22.5,"axis":"x","origin":[8.0,10.309881,7.5430474]},"faces":{"east":{"uv":[3.5,0.0,4.25,3.5],"rotation":0,"texture":"#0","tintindex":0},"south":{"uv":[0.0,3.5,3.5,7.0],"rotation":0,"texture":"#0","tintindex":0},"north":{"uv":[0.0,0.0,3.5,3.5],"rotation":0,"texture":"#0","tintindex":0},"west":{"uv":[3.5,3.5,4.25,7.0],"rotation":0,"texture":"#0","tintindex":0},"up":{"uv":[7.75,0.75,4.25,0.0],"rotation":0,"texture":"#0","tintindex":0},"down":{"uv":[7.75,0.75,4.25,1.5],"rotation":0,"texture":"#0","tintindex":0}}},{"from":[6.285714,9.738453,2.1144757],"to":[6.285714,15.452738,6.6859045],"rotation":{"angle":22.5,"axis":"x","origin":[8.0,10.309881,7.5430474]},"faces":{"east":{"uv":[0.0,0.0,8.0,10.0],"rotation":0,"texture":"#1","tintindex":0},"south":{"uv":[0.0,0.0,0.0,10.0],"rotation":0,"texture":"#1","tintindex":0},"north":{"uv":[0.0,0.0,0.0,10.0],"rotation":0,"texture":"#1","tintindex":0},"west":{"uv":[8.0,0.0,0.0,10.0],"rotation":0,"texture":"#1","tintindex":0},"up":{"uv":[0.0,8.0,0.0,0.0],"rotation":0,"texture":"#1","tintindex":0},"down":{"uv":[0.0,0.0,0.0,8.0],"rotation":0,"texture":"#1","tintindex":0}}},{"from":[10.285714,4.5955954,8.40019],"to":[11.428572,14.309881,9.543047],"rotation":{"angle":22.5,"axis":"x","origin":[8.0,10.309881,7.5430474]},"faces":{"east":{"uv":[4.75,1.5,5.25,5.75],"rotation":0,"texture":"#0","tintindex":0},"south":{"uv":[5.25,1.5,5.75,5.75],"rotation":0,"texture":"#0","tintindex":0},"north":{"uv":[4.25,1.5,4.75,5.75],"rotation":0,"texture":"#0","tintindex":0},"west":{"uv":[5.75,1.5,6.25,5.75],"rotation":0,"texture":"#0","tintindex":0},"up":{"uv":[5.25,7.0,4.75,6.5],"rotation":0,"texture":"#0","tintindex":0},"down":{"uv":[5.75,6.5,5.25,7.0],"rotation":0,"texture":"#0","tintindex":0}}},{"from":[9.714286,6.309881,8.40019],"to":[10.285714,8.024167,13.543047],"rotation":{"angle":22.5,"axis":"x","origin":[12.0,10.309881,7.5430474]},"faces":{"east":{"uv":[4.25,5.75,6.5,6.5],"rotation":0,"texture":"#0","tintindex":0},"south":{"uv":[5.75,6.5,6.0,7.25],"rotation":0,"texture":"#0","tintindex":0},"north":{"uv":[6.5,5.5,6.75,6.25],"rotation":0,"texture":"#0","tintindex":0},"west":{"uv":[6.25,1.5,8.5,2.25],"rotation":0,"texture":"#0","tintindex":0},"up":{"uv":[6.5,4.5,6.25,2.25],"rotation":0,"texture":"#0","tintindex":0},"down":{"uv":[6.75,2.25,6.5,4.5],"rotation":0,"texture":"#0","tintindex":0}}},{"from":[9.714286,6.309881,6.1144757],"to":[10.285714,7.4527383,8.40019],"rotation":{"angle":22.5,"axis":"x","origin":[12.0,10.309881,7.5430474]},"faces":{"east":{"uv":[6.25,4.5,7.25,5.0],"rotation":0,"texture":"#0","tintindex":0},"south":{"uv":[6.25,6.5,6.5,7.0],"rotation":0,"texture":"#0","tintindex":0},"north":{"uv":[6.0,6.5,6.25,7.0],"rotation":0,"texture":"#0","tintindex":0},"west":{"uv":[6.25,5.0,7.25,5.5],"rotation":0,"texture":"#0","tintindex":0},"up":{"uv":[4.5,7.5,4.25,6.5],"rotation":0,"texture":"#0","tintindex":0},"down":{"uv":[4.75,6.5,4.5,7.5],"rotation":0,"texture":"#0","tintindex":0}}},{"from":[5.714286,6.309881,8.40019],"to":[6.285714,8.024167,13.543047],"rotation":{"angle":22.5,"axis":"x","origin":[4.0,10.309881,7.5430474]},"faces":{"east":{"uv":[8.5,1.5,6.25,2.25],"rotation":0,"texture":"#0","tintindex":0},"south":{"uv":[6.0,6.5,5.75,7.25],"rotation":0,"texture":"#0","tintindex":0},"north":{"uv":[6.75,5.5,6.5,6.25],"rotation":0,"texture":"#0","tintindex":0},"west":{"uv":[6.5,5.75,4.25,6.5],"rotation":0,"texture":"#0","tintindex":0},"up":{"uv":[6.25,4.5,6.5,2.25],"rotation":0,"texture":"#0","tintindex":0},"down":{"uv":[6.5,2.25,6.75,4.5],"rotation":0,"texture":"#0","tintindex":0}}},{"from":[5.714286,6.309881,6.1144757],"to":[6.285714,7.4527383,8.40019],"rotation":{"angle":22.5,"axis":"x","origin":[4.0,10.309881,7.5430474]},"faces":{"east":{"uv":[7.25,5.0,6.25,5.5],"rotation":0,"texture":"#0","tintindex":0},"south":{"uv":[6.5,6.5,6.25,7.0],"rotation":0,"texture":"#0","tintindex":0},"north":{"uv":[6.25,6.5,6.0,7.0],"rotation":0,"texture":"#0","tintindex":0},"west":{"uv":[7.25,4.5,6.25,5.0],"rotation":0,"texture":"#0","tintindex":0},"up":{"uv":[4.25,7.5,4.5,6.5],"rotation":0,"texture":"#0","tintindex":0},"down":{"uv":[4.5,6.5,4.75,7.5],"rotation":0,"texture":"#0","tintindex":0}}}],"display":{"head":{"translation":[0.0,-6.4,0.0],"scale":[4.0,4.0,4.0]}}}