{"textures":{"0":"modelengine:entity/viking_decor4","2":"modelengine:entity/viking_axe"},"elements":[{"from":[4.5714283,4.5955954,8.40019],"to":[5.714286,14.309881,9.543047],"rotation":{"angle":22.5,"axis":"x","origin":[8.0,10.309881,7.5430474]},"faces":{"east":{"uv":[6.25,1.5,5.75,5.75],"rotation":0,"texture":"#0","tintindex":0},"south":{"uv":[5.75,1.5,5.25,5.75],"rotation":0,"texture":"#0","tintindex":0},"north":{"uv":[4.75,1.5,4.25,5.75],"rotation":0,"texture":"#0","tintindex":0},"west":{"uv":[5.25,1.5,4.75,5.75],"rotation":0,"texture":"#0","tintindex":0},"up":{"uv":[4.75,7.0,5.25,6.5],"rotation":0,"texture":"#0","tintindex":0},"down":{"uv":[5.25,6.5,5.75,7.0],"rotation":0,"texture":"#0","tintindex":0}}},{"from":[4.0,7.4527383,6.6859045],"to":[12.0,15.452738,8.40019],"rotation":{"angle":22.5,"axis":"x","origin":[8.0,10.309881,7.5430474]},"faces":{"east":{"uv":[3.5,0.0,4.25,3.5],"rotation":0,"texture":"#0","tintindex":0},"south":{"uv":[0.0,3.5,3.5,7.0],"rotation":0,"texture":"#0","tintindex":0},"north":{"uv":[0.0,0.0,3.5,3.5],"rotation":0,"texture":"#0","tintindex":0},"west":{"uv":[3.5,3.5,4.25,7.0],"rotation":0,"texture":"#0","tintindex":0},"up":{"uv":[7.75,0.75,4.25,0.0],"rotation":0,"texture":"#0","tintindex":0},"down":{"uv":[7.75,0.75,4.25,1.5],"rotation":0,"texture":"#0","tintindex":0}}},{"from":[10.285714,4.5955954,8.40019],"to":[11.428572,14.309881,9.543047],"rotation":{"angle":22.5,"axis":"x","origin":[8.0,10.309881,7.5430474]},"faces":{"east":{"uv":[4.75,1.5,5.25,5.75],"rotation":0,"texture":"#0","tintindex":0},"south":{"uv":[5.25,1.5,5.75,5.75],"rotation":0,"texture":"#0","tintindex":0},"north":{"uv":[4.25,1.5,4.75,5.75],"rotation":0,"texture":"#0","tintindex":0},"west":{"uv":[5.75,1.5,6.25,5.75],"rotation":0,"texture":"#0","tintindex":0},"up":{"uv":[5.25,7.0,4.75,6.5],"rotation":0,"texture":"#0","tintindex":0},"down":{"uv":[5.75,6.5,5.25,7.0],"rotation":0,"texture":"#0","tintindex":0}}},{"from":[7.7360845,10.397624,5.869606],"to":[8.307513,13.254766,7.5838914],"rotation":{"angle":45.0,"axis":"x","origin":[8.021799,12.683338,5.15532]},"faces":{"east":{"uv":[3.5,4.0,6.0,5.5],"rotation":90,"texture":"#2","tintindex":0},"south":{"uv":[7.0,5.0,6.5,7.5],"rotation":180,"texture":"#2","tintindex":0},"north":{"uv":[6.5,7.5,6.0,5.0],"rotation":0,"texture":"#2","tintindex":0},"west":{"uv":[1.0,4.0,3.5,5.5],"rotation":270,"texture":"#2","tintindex":0},"up":{"uv":[2.5,7.0,3.0,8.5],"rotation":0,"texture":"#2","tintindex":0},"down":{"uv":[7.0,4.0,7.5,5.5],"rotation":180,"texture":"#2","tintindex":0}}},{"from":[7.7360845,13.254766,5.2981772],"to":[8.307513,15.540482,7.5838914],"rotation":{"angle":45.0,"axis":"x","origin":[8.021799,12.683338,5.15532]},"faces":{"east":{"uv":[3.0,2.0,1.0,4.0],"rotation":90,"texture":"#2","tintindex":0},"south":{"uv":[7.5,2.0,7.0,4.0],"rotation":180,"texture":"#2","tintindex":0},"north":{"uv":[2.5,9.0,2.0,7.0],"rotation":0,"texture":"#2","tintindex":0},"west":{"uv":[1.0,2.0,3.0,4.0],"rotation":270,"texture":"#2","tintindex":0},"up":{"uv":[1.0,7.0,1.5,9.0],"rotation":0,"texture":"#2","tintindex":0},"down":{"uv":[1.5,7.0,2.0,9.0],"rotation":180,"texture":"#2","tintindex":0}}},{"from":[7.45037,13.254766,3.5838914],"to":[8.593227,15.540482,5.2981772],"rotation":{"angle":45.0,"axis":"x","origin":[8.021799,12.683338,5.15532]},"faces":{"east":{"uv":[7.0,2.0,5.0,3.5],"rotation":90,"texture":"#2","tintindex":0},"south":{"uv":[5.0,5.5,4.0,7.5],"rotation":180,"texture":"#2","tintindex":0},"north":{"uv":[4.0,7.5,3.0,5.5],"rotation":0,"texture":"#2","tintindex":0},"west":{"uv":[5.0,2.0,7.0,3.5],"rotation":270,"texture":"#2","tintindex":0},"up":{"uv":[5.0,5.5,6.0,7.0],"rotation":0,"texture":"#2","tintindex":0},"down":{"uv":[6.0,3.5,7.0,5.0],"rotation":180,"texture":"#2","tintindex":0}}},{"from":[7.7360845,4.683338,3.869606],"to":[8.307513,16.11191,5.012463],"rotation":{"angle":45.0,"axis":"x","origin":[8.021799,12.683338,5.15532]},"faces":{"east":{"uv":[0.0,1.0,10.0,2.0],"rotation":90,"texture":"#2","tintindex":0},"south":{"uv":[1.0,2.0,0.5,12.0],"rotation":180,"texture":"#2","tintindex":0},"north":{"uv":[0.5,12.0,0.0,2.0],"rotation":0,"texture":"#2","tintindex":0},"west":{"uv":[0.0,0.0,10.0,1.0],"rotation":270,"texture":"#2","tintindex":0},"up":{"uv":[5.0,7.0,5.5,8.0],"rotation":0,"texture":"#2","tintindex":0},"down":{"uv":[5.5,7.0,6.0,8.0],"rotation":180,"texture":"#2","tintindex":0}}},{"from":[9.714286,6.309881,8.40019],"to":[10.285714,8.024167,13.543047],"rotation":{"angle":22.5,"axis":"x","origin":[12.0,10.309881,7.5430474]},"faces":{"east":{"uv":[4.25,5.75,6.5,6.5],"rotation":0,"texture":"#0","tintindex":0},"south":{"uv":[5.75,6.5,6.0,7.25],"rotation":0,"texture":"#0","tintindex":0},"north":{"uv":[6.5,5.5,6.75,6.25],"rotation":0,"texture":"#0","tintindex":0},"west":{"uv":[6.25,1.5,8.5,2.25],"rotation":0,"texture":"#0","tintindex":0},"up":{"uv":[6.5,4.5,6.25,2.25],"rotation":0,"texture":"#0","tintindex":0},"down":{"uv":[6.75,2.25,6.5,4.5],"rotation":0,"texture":"#0","tintindex":0}}},{"from":[9.714286,6.309881,6.1144757],"to":[10.285714,7.4527383,8.40019],"rotation":{"angle":22.5,"axis":"x","origin":[12.0,10.309881,7.5430474]},"faces":{"east":{"uv":[6.25,4.5,7.25,5.0],"rotation":0,"texture":"#0","tintindex":0},"south":{"uv":[6.25,6.5,6.5,7.0],"rotation":0,"texture":"#0","tintindex":0},"north":{"uv":[6.0,6.5,6.25,7.0],"rotation":0,"texture":"#0","tintindex":0},"west":{"uv":[6.25,5.0,7.25,5.5],"rotation":0,"texture":"#0","tintindex":0},"up":{"uv":[4.5,7.5,4.25,6.5],"rotation":0,"texture":"#0","tintindex":0},"down":{"uv":[4.75,6.5,4.5,7.5],"rotation":0,"texture":"#0","tintindex":0}}},{"from":[5.714286,6.309881,8.40019],"to":[6.285714,8.024167,13.543047],"rotation":{"angle":22.5,"axis":"x","origin":[4.0,10.309881,7.5430474]},"faces":{"east":{"uv":[8.5,1.5,6.25,2.25],"rotation":0,"texture":"#0","tintindex":0},"south":{"uv":[6.0,6.5,5.75,7.25],"rotation":0,"texture":"#0","tintindex":0},"north":{"uv":[6.75,5.5,6.5,6.25],"rotation":0,"texture":"#0","tintindex":0},"west":{"uv":[6.5,5.75,4.25,6.5],"rotation":0,"texture":"#0","tintindex":0},"up":{"uv":[6.25,4.5,6.5,2.25],"rotation":0,"texture":"#0","tintindex":0},"down":{"uv":[6.5,2.25,6.75,4.5],"rotation":0,"texture":"#0","tintindex":0}}},{"from":[5.714286,6.309881,6.1144757],"to":[6.285714,7.4527383,8.40019],"rotation":{"angle":22.5,"axis":"x","origin":[4.0,10.309881,7.5430474]},"faces":{"east":{"uv":[7.25,5.0,6.25,5.5],"rotation":0,"texture":"#0","tintindex":0},"south":{"uv":[6.5,6.5,6.25,7.0],"rotation":0,"texture":"#0","tintindex":0},"north":{"uv":[6.25,6.5,6.0,7.0],"rotation":0,"texture":"#0","tintindex":0},"west":{"uv":[7.25,4.5,6.25,5.0],"rotation":0,"texture":"#0","tintindex":0},"up":{"uv":[4.25,7.5,4.5,6.5],"rotation":0,"texture":"#0","tintindex":0},"down":{"uv":[4.5,6.5,4.75,7.5],"rotation":0,"texture":"#0","tintindex":0}}}],"display":{"head":{"translation":[0.0,-6.4,0.0],"scale":[4.0,4.0,4.0]}}}