{"textures":{"0":"modelengine:entity/dungeon_rat"},"elements":[{"from":[7.428571,8.0,5.714286],"to":[8.571428,9.142858,6.857143],"rotation":{"angle":0.0,"axis":"y","origin":[7.714286,8.0,6.857143]},"faces":{"east":{"uv":[7.0,6.0,9.0,8.0],"rotation":0,"texture":"#0","tintindex":0},"south":{"uv":[0.0,8.0,2.0,10.0],"rotation":0,"texture":"#0","tintindex":0},"north":{"uv":[5.0,7.0,7.0,9.0],"rotation":0,"texture":"#0","tintindex":0},"west":{"uv":[8.0,3.0,10.0,5.0],"rotation":0,"texture":"#0","tintindex":0},"up":{"uv":[9.0,10.0,7.0,8.0],"rotation":0,"texture":"#0","tintindex":0},"down":{"uv":[11.0,0.0,9.0,2.0],"rotation":0,"texture":"#0","tintindex":0}}},{"from":[7.714286,8.142858,5.142857],"to":[8.285714,8.714286,5.714286],"rotation":{"angle":0.0,"axis":"y","origin":[7.714286,8.0,6.857143]},"faces":{"east":{"uv":[8.0,5.0,9.0,6.0],"rotation":0,"texture":"#0","tintindex":0},"south":{"uv":[2.0,9.0,3.0,10.0],"rotation":0,"texture":"#0","tintindex":0},"north":{"uv":[2.0,8.0,3.0,9.0],"rotation":0,"texture":"#0","tintindex":0},"west":{"uv":[9.0,7.0,10.0,8.0],"rotation":0,"texture":"#0","tintindex":0},"up":{"uv":[10.0,9.0,9.0,8.0],"rotation":0,"texture":"#0","tintindex":0},"down":{"uv":[10.0,9.0,9.0,10.0],"rotation":0,"texture":"#0","tintindex":0}}},{"from":[6.714286,8.571428,6.5714283],"to":[7.857143,9.714286,6.5714283],"rotation":{"angle":22.5,"axis":"y","origin":[7.285714,9.142858,6.5714283]},"faces":{"east":{"uv":[0.0,0.0,0.0,2.0],"rotation":0,"texture":"#0","tintindex":0},"south":{"uv":[9.0,5.0,11.0,7.0],"rotation":0,"texture":"#0","tintindex":0},"north":{"uv":[5.0,9.0,7.0,11.0],"rotation":0,"texture":"#0","tintindex":0},"west":{"uv":[0.0,0.0,0.0,2.0],"rotation":0,"texture":"#0","tintindex":0},"up":{"uv":[2.0,0.0,0.0,0.0],"rotation":0,"texture":"#0","tintindex":0},"down":{"uv":[2.0,0.0,0.0,0.0],"rotation":0,"texture":"#0","tintindex":0}}},{"from":[7.142857,8.0,6.857143],"to":[8.857143,9.142858,9.142858],"rotation":{"angle":0.0,"axis":"y","origin":[7.714286,8.0,6.857143]},"faces":{"east":{"uv":[0.0,4.0,4.0,6.0],"rotation":0,"texture":"#0","tintindex":0},"south":{"uv":[6.0,0.0,9.0,2.0],"rotation":0,"texture":"#0","tintindex":0},"north":{"uv":[0.0,6.0,3.0,8.0],"rotation":0,"texture":"#0","tintindex":0},"west":{"uv":[4.0,4.0,8.0,6.0],"rotation":0,"texture":"#0","tintindex":0},"up":{"uv":[3.0,4.0,0.0,0.0],"rotation":0,"texture":"#0","tintindex":0},"down":{"uv":[6.0,0.0,3.0,4.0],"rotation":0,"texture":"#0","tintindex":0}}},{"from":[7.714286,8.0,9.142858],"to":[8.285714,8.571428,11.428572],"rotation":{"angle":0.0,"axis":"y","origin":[7.714286,8.0,6.857143]},"faces":{"east":{"uv":[6.0,2.0,10.0,3.0],"rotation":0,"texture":"#0","tintindex":0},"south":{"uv":[7.0,3.0,8.0,4.0],"rotation":0,"texture":"#0","tintindex":0},"north":{"uv":[6.0,3.0,7.0,4.0],"rotation":0,"texture":"#0","tintindex":0},"west":{"uv":[3.0,6.0,7.0,7.0],"rotation":0,"texture":"#0","tintindex":0},"up":{"uv":[4.0,11.0,3.0,7.0],"rotation":0,"texture":"#0","tintindex":0},"down":{"uv":[5.0,7.0,4.0,11.0],"rotation":0,"texture":"#0","tintindex":0}}},{"from":[8.142858,8.571428,6.5714283],"to":[9.285714,9.714286,6.5714283],"rotation":{"angle":-22.5,"axis":"y","origin":[8.714286,9.142858,6.5714283]},"faces":{"east":{"uv":[0.0,0.0,0.0,2.0],"rotation":0,"texture":"#0","tintindex":0},"south":{"uv":[11.0,5.0,9.0,7.0],"rotation":0,"texture":"#0","tintindex":0},"north":{"uv":[7.0,9.0,5.0,11.0],"rotation":0,"texture":"#0","tintindex":0},"west":{"uv":[0.0,0.0,0.0,2.0],"rotation":0,"texture":"#0","tintindex":0},"up":{"uv":[0.0,0.0,2.0,0.0],"rotation":0,"texture":"#0","tintindex":0},"down":{"uv":[0.0,0.0,2.0,0.0],"rotation":0,"texture":"#0","tintindex":0}}}],"display":{"head":{"translation":[0.0,-6.4,0.0],"scale":[4.0,4.0,4.0]}}}