{
    "netherite_sword": [
        {
            "custom_model_data": 10000,
            "sprite": "textures/geyser/geyser_custom/wuqi/10000"
        },
        {
            "custom_model_data": 10001,
            "sprite": "textures/geyser/geyser_custom/wuqi/1000q"
        },
        {
            "custom_model_data": 10002,
            "sprite": "textures/geyser/geyser_custom/wuqi/10002"
        },
        {
            "custom_model_data": 10003,
            "sprite": "textures/geyser/geyser_custom/wuqi/10003"
        },
		{
            "custom_model_data": 10004,
            "sprite": "textures/geyser/geyser_custom/wuqi/10004"
        },
        {
            "custom_model_data": 10005,
            "sprite": "textures/geyser/geyser_custom/wuqi/10005"
        },
        {
            "custom_model_data": 10006,
            "sprite": "textures/geyser/geyser_custom/wuqi/10006"
        },
        {
            "custom_model_data": 10007,
            "sprite": "textures/geyser/geyser_custom/wuqi/10007"
        },
        {
            "custom_model_data": 10008,
            "sprite": "textures/geyser/geyser_custom/wuqi/10008"
        },
        {
            "custom_model_data": 10009,
            "sprite": "textures/geyser/geyser_custom/wuqi/10009"
        }
    ],
    "crossbow": [
        {
            "custom_model_data": 10000,
            "sprite": "textures/geyser/geyser_custom/gan/10000"
        },
    ]
}