{"textures":{"0":"modelengine:entity/nocsy_skeleton_necromancer_skin"},"elements":[{"from":[4.0,-2.1714287,8.0],"to":[12.0,8.114285,8.0],"rotation":{"angle":0.0,"axis":"y","origin":[4.4568777,14.450798,5.21984]},"faces":{"east":{"uv":[0.0,0.0,0.0,1.125],"rotation":0,"texture":"#0","tintindex":0},"south":{"uv":[1.75,1.125,2.625,2.25],"rotation":0,"texture":"#0","tintindex":0},"north":{"uv":[1.75,0.0,2.625,1.125],"rotation":0,"texture":"#0","tintindex":0},"west":{"uv":[0.0,0.0,0.0,1.125],"rotation":0,"texture":"#0","tintindex":0},"up":{"uv":[0.875,0.0,0.0,0.0],"rotation":0,"texture":"#0","tintindex":0},"down":{"uv":[0.875,0.0,0.0,0.0],"rotation":0,"texture":"#0","tintindex":0}}},{"from":[4.0,-8.0,9.142858],"to":[12.0,-2.285715,9.142858],"rotation":{"angle":-22.5,"axis":"x","origin":[7.142857,-5.028571,8.0]},"faces":{"east":{"uv":[0.0,0.0,0.0,0.625],"rotation":0,"texture":"#0","tintindex":0},"south":{"uv":[4.375,2.375,5.25,3.0],"rotation":0,"texture":"#0","tintindex":0},"north":{"uv":[4.25,1.75,5.125,2.375],"rotation":0,"texture":"#0","tintindex":0},"west":{"uv":[0.0,0.0,0.0,0.625],"rotation":0,"texture":"#0","tintindex":0},"up":{"uv":[0.875,0.0,0.0,0.0],"rotation":0,"texture":"#0","tintindex":0},"down":{"uv":[0.875,0.0,0.0,0.0],"rotation":0,"texture":"#0","tintindex":0}}}],"display":{"head":{"translation":[0.0,-6.4,0.0],"scale":[4.0,4.0,4.0]}}}