{"textures":{"0":"modelengine:entity/queen"},"elements":[{"from":[4.0,2.8571424,8.0],"to":[12.0,8.0,9.142858],"rotation":{"angle":0.0,"axis":"y","origin":[8.0,5.428571,8.571428]},"faces":{"east":{"uv":[1.0125,8.6375,1.2375,9.7375],"rotation":0,"texture":"#0","tintindex":0},"south":{"uv":[3.5125,1.1375,5.2375,2.2375],"rotation":0,"texture":"#0","tintindex":0},"north":{"uv":[3.5125,0.0125,5.2375,1.1125],"rotation":0,"texture":"#0","tintindex":0},"west":{"uv":[1.2625,8.6375,1.4875,9.7375],"rotation":0,"texture":"#0","tintindex":0},"up":{"uv":[1.7375,8.6125,0.0125,8.3875],"rotation":0,"texture":"#0","tintindex":0},"down":{"uv":[10.1125,0.0125,8.3875,0.2375],"rotation":0,"texture":"#0","tintindex":0}}}],"display":{"head":{"translation":[0.0,-6.4,0.0],"scale":[4.0,4.0,4.0]}}}