{"textures":{"0":"modelengine:entity/queen"},"elements":[{"from":[4.0,2.8571424,8.0],"to":[12.0,8.0,9.142858],"rotation":{"angle":0.0,"axis":"y","origin":[8.0,5.428571,8.571428]},"faces":{"east":{"uv":[0.0125,8.6375,0.2375,9.7375],"rotation":0,"texture":"#0","tintindex":0},"south":{"uv":[1.7625,2.2625,3.4875,3.3625],"rotation":0,"texture":"#0","tintindex":0},"north":{"uv":[0.0125,2.2625,1.7375,3.3625],"rotation":0,"texture":"#0","tintindex":0},"west":{"uv":[0.2625,8.6375,0.4875,9.7375],"rotation":0,"texture":"#0","tintindex":0},"up":{"uv":[9.9875,1.9875,8.2625,1.7625],"rotation":0,"texture":"#0","tintindex":0},"down":{"uv":[9.9875,2.0125,8.2625,2.2375],"rotation":0,"texture":"#0","tintindex":0}}}],"display":{"head":{"translation":[0.0,-6.4,0.0],"scale":[4.0,4.0,4.0]}}}