{"textures":{"0":"modelengine:entity/queen"},"elements":[{"from":[4.0,2.8571424,6.857143],"to":[12.0,8.0,8.0],"rotation":{"angle":0.0,"axis":"y","origin":[8.0,5.428571,7.428571]},"faces":{"east":{"uv":[7.5125,8.5125,7.7375,9.6125],"rotation":0,"texture":"#0","tintindex":0},"south":{"uv":[1.7625,1.1375,3.4875,2.2375],"rotation":0,"texture":"#0","tintindex":0},"north":{"uv":[1.7625,0.0125,3.4875,1.1125],"rotation":0,"texture":"#0","tintindex":0},"west":{"uv":[8.5125,8.3875,8.7375,9.4875],"rotation":0,"texture":"#0","tintindex":0},"up":{"uv":[1.7375,8.3625,0.0125,8.1375],"rotation":0,"texture":"#0","tintindex":0},"down":{"uv":[6.2375,8.1375,4.5125,8.3625],"rotation":0,"texture":"#0","tintindex":0}}}],"display":{"head":{"translation":[0.0,-6.4,0.0],"scale":[4.0,4.0,4.0]}}}