{"textures":{"0":"modelengine:entity/queen"},"elements":[{"from":[5.142857,5.285714,5.428571],"to":[10.857143,8.142858,9.428572],"rotation":{"angle":0.0,"axis":"y","origin":[8.571428,5.5714283,8.0]},"faces":{"east":{"uv":[7.7625,4.7625,8.6125,5.3625],"rotation":0,"texture":"#0","tintindex":0},"south":{"uv":[3.2625,6.7625,4.4875,7.3625],"rotation":0,"texture":"#0","tintindex":0},"north":{"uv":[6.5125,0.6375,7.7375,1.2375],"rotation":0,"texture":"#0","tintindex":0},"west":{"uv":[7.7625,6.7625,8.6125,7.3625],"rotation":0,"texture":"#0","tintindex":0},"up":{"uv":[6.4875,0.8625,5.2625,0.0125],"rotation":0,"texture":"#0","tintindex":0},"down":{"uv":[6.4875,0.8875,5.2625,1.7375],"rotation":0,"texture":"#0","tintindex":0}}},{"from":[5.714286,-3.285715,5.428571],"to":[10.285714,5.285714,10.0],"rotation":{"angle":0.0,"axis":"y","origin":[8.571428,0.42857122,8.0]},"faces":{"east":{"uv":[5.5125,9.7625,6.4875,11.6125],"rotation":0,"texture":"#0","tintindex":0},"south":{"uv":[3.5125,9.7625,4.4875,11.6125],"rotation":0,"texture":"#0","tintindex":0},"north":{"uv":[2.5125,9.7625,3.4875,11.6125],"rotation":0,"texture":"#0","tintindex":0},"west":{"uv":[6.4875,9.7625,5.5125,11.6125],"rotation":0,"texture":"#0","tintindex":0},"up":{"uv":[3.4875,12.6125,2.5125,11.6375],"rotation":0,"texture":"#0","tintindex":0},"down":{"uv":[4.4875,11.6375,3.5125,12.6125],"rotation":0,"texture":"#0","tintindex":0}}}],"display":{"head":{"translation":[0.0,-6.4,0.0],"scale":[4.0,4.0,4.0]}}}