{"textures":{"0":"modelengine:entity/queen"},"elements":[{"from":[5.6134386,7.1149364,4.883094],"to":[10.184868,11.686365,9.454523],"rotation":{"angle":0.0,"axis":"y","origin":[7.3277245,-8.313635,7.1688085]},"faces":{"east":{"uv":[5.7625,3.7625,6.7375,4.7375],"rotation":0,"texture":"#0","tintindex":0},"south":{"uv":[3.8875,5.7625,4.8625,6.7375],"rotation":0,"texture":"#0","tintindex":0},"north":{"uv":[5.3875,2.7625,6.3625,3.7375],"rotation":0,"texture":"#0","tintindex":0},"west":{"uv":[5.7625,4.7625,6.7375,5.7375],"rotation":0,"texture":"#0","tintindex":0},"up":{"uv":[5.8625,6.7375,4.8875,5.7625],"rotation":0,"texture":"#0","tintindex":0},"down":{"uv":[6.8625,5.7625,5.8875,6.7375],"rotation":0,"texture":"#0","tintindex":0}}},{"from":[7.3277245,8.708114,4.563861],"to":[8.470582,9.850971,5.706718],"rotation":{"angle":22.5,"axis":"x","origin":[7.899153,9.400651,4.5973797]},"faces":{"east":{"uv":[2.6375,6.0125,2.8625,6.2375],"rotation":0,"texture":"#0","tintindex":0},"south":{"uv":[3.0125,7.1375,3.2375,7.3625],"rotation":0,"texture":"#0","tintindex":0},"north":{"uv":[3.2625,5.0125,3.4875,5.2375],"rotation":0,"texture":"#0","tintindex":0},"west":{"uv":[5.3875,7.2625,5.6125,7.4875],"rotation":0,"texture":"#0","tintindex":0},"up":{"uv":[5.8625,7.4875,5.6375,7.2625],"rotation":0,"texture":"#0","tintindex":0},"down":{"uv":[8.6125,4.5125,8.3875,4.7375],"rotation":0,"texture":"#0","tintindex":0}}},{"from":[6.096081,11.676387,4.3116655],"to":[10.667509,13.962101,10.883095],"rotation":{"angle":-22.5,"axis":"z","origin":[6.096081,11.390673,5.1688085]},"faces":{"east":{"uv":[6.5125,1.2625,7.9875,1.7375],"rotation":0,"texture":"#0","tintindex":0},"south":{"uv":[7.7625,7.8875,8.7375,8.3625],"rotation":0,"texture":"#0","tintindex":0},"north":{"uv":[7.7625,7.3875,8.7375,7.8625],"rotation":0,"texture":"#0","tintindex":0},"west":{"uv":[4.5125,6.7625,5.9875,7.2375],"rotation":0,"texture":"#0","tintindex":0},"up":{"uv":[4.4875,3.7375,3.5125,2.2625],"rotation":0,"texture":"#0","tintindex":0},"down":{"uv":[4.4875,3.7625,3.5125,5.2375],"rotation":0,"texture":"#0","tintindex":0}}},{"from":[4.756296,10.400651,4.5973797],"to":[5.8991528,12.686365,10.883095],"rotation":{"angle":-22.5,"axis":"z","origin":[5.6134386,10.972079,6.0259514]},"faces":{"east":{"uv":[6.8875,5.7625,8.2375,6.2375],"rotation":0,"texture":"#0","tintindex":0},"south":{"uv":[2.0125,7.5125,2.2375,7.9875],"rotation":0,"texture":"#0","tintindex":0},"north":{"uv":[3.6375,6.2625,3.8625,6.7375],"rotation":0,"texture":"#0","tintindex":0},"west":{"uv":[6.8875,6.2625,8.2375,6.7375],"rotation":0,"texture":"#0","tintindex":0},"up":{"uv":[1.9875,9.4875,1.7625,8.1375],"rotation":0,"texture":"#0","tintindex":0},"down":{"uv":[6.9875,8.3875,6.7625,9.7375],"rotation":0,"texture":"#0","tintindex":0}}},{"from":[6.1848674,12.257793,6.0259514],"to":[9.613439,14.543509,9.454523],"rotation":{"angle":0.0,"axis":"y","origin":[7.899153,14.543509,7.740237]},"faces":{"east":{"uv":[8.3875,2.5125,9.1125,2.9875],"rotation":0,"texture":"#0","tintindex":0},"south":{"uv":[8.3875,3.0125,9.1125,3.4875],"rotation":0,"texture":"#0","tintindex":0},"north":{"uv":[8.3875,0.2625,9.1125,0.7375],"rotation":0,"texture":"#0","tintindex":0},"west":{"uv":[8.3875,3.5125,9.1125,3.9875],"rotation":0,"texture":"#0","tintindex":0},"up":{"uv":[8.3625,3.2375,7.6375,2.5125],"rotation":0,"texture":"#0","tintindex":0},"down":{"uv":[8.3625,3.2625,7.6375,3.9875],"rotation":0,"texture":"#0","tintindex":0}}},{"from":[6.1848674,14.543509,9.454523],"to":[9.613439,16.829224,9.454523],"rotation":{"angle":0.0,"axis":"y","origin":[7.899153,14.543509,7.740237]},"faces":{"east":{"uv":[8.3875,4.0125,9.1125,4.4875],"rotation":0,"texture":"#0","tintindex":0},"south":{"uv":[4.5125,8.3875,5.2375,8.8625],"rotation":0,"texture":"#0","tintindex":0},"north":{"uv":[3.7625,8.3875,4.4875,8.8625],"rotation":0,"texture":"#0","tintindex":0},"west":{"uv":[5.2625,8.3875,5.9875,8.8625],"rotation":0,"texture":"#0","tintindex":0},"up":{"uv":[8.3625,4.7375,7.6375,4.0125],"rotation":0,"texture":"#0","tintindex":0},"down":{"uv":[7.1125,7.6375,6.3875,8.3625],"rotation":0,"texture":"#0","tintindex":0}}},{"from":[6.1848674,14.543509,6.0259514],"to":[9.613439,16.829224,6.0259514],"rotation":{"angle":0.0,"axis":"y","origin":[7.899153,14.543509,7.740237]},"faces":{"east":{"uv":[8.3875,4.0125,9.1125,4.4875],"rotation":0,"texture":"#0","tintindex":0},"south":{"uv":[4.5125,8.3875,5.2375,8.8625],"rotation":0,"texture":"#0","tintindex":0},"north":{"uv":[3.7625,8.3875,4.4875,8.8625],"rotation":0,"texture":"#0","tintindex":0},"west":{"uv":[5.2625,8.3875,5.9875,8.8625],"rotation":0,"texture":"#0","tintindex":0},"up":{"uv":[8.3625,4.7375,7.6375,4.0125],"rotation":0,"texture":"#0","tintindex":0},"down":{"uv":[7.1125,7.6375,6.3875,8.3625],"rotation":0,"texture":"#0","tintindex":0}}},{"from":[9.613439,14.543509,6.0259514],"to":[9.613439,16.829224,9.454523],"rotation":{"angle":0.0,"axis":"y","origin":[7.899153,14.543509,7.740237]},"faces":{"east":{"uv":[8.3875,4.0125,9.1125,4.4875],"rotation":0,"texture":"#0","tintindex":0},"south":{"uv":[4.5125,8.3875,5.2375,8.8625],"rotation":0,"texture":"#0","tintindex":0},"north":{"uv":[3.7625,8.3875,4.4875,8.8625],"rotation":0,"texture":"#0","tintindex":0},"west":{"uv":[5.2625,8.3875,5.9875,8.8625],"rotation":0,"texture":"#0","tintindex":0},"up":{"uv":[8.3625,4.7375,7.6375,4.0125],"rotation":0,"texture":"#0","tintindex":0},"down":{"uv":[7.1125,7.6375,6.3875,8.3625],"rotation":0,"texture":"#0","tintindex":0}}},{"from":[6.1848674,14.543509,6.0259514],"to":[6.1848674,16.829224,9.454523],"rotation":{"angle":0.0,"axis":"y","origin":[7.899153,14.543509,7.740237]},"faces":{"east":{"uv":[8.3875,4.0125,9.1125,4.4875],"rotation":0,"texture":"#0","tintindex":0},"south":{"uv":[4.5125,8.3875,5.2375,8.8625],"rotation":0,"texture":"#0","tintindex":0},"north":{"uv":[3.7625,8.3875,4.4875,8.8625],"rotation":0,"texture":"#0","tintindex":0},"west":{"uv":[5.2625,8.3875,5.9875,8.8625],"rotation":0,"texture":"#0","tintindex":0},"up":{"uv":[8.3625,4.7375,7.6375,4.0125],"rotation":0,"texture":"#0","tintindex":0},"down":{"uv":[7.1125,7.6375,6.3875,8.3625],"rotation":0,"texture":"#0","tintindex":0}}},{"from":[5.3277245,7.2577934,8.311666],"to":[10.470582,11.257793,11.168809],"rotation":{"angle":-22.5,"axis":"x","origin":[7.899153,9.114937,8.311666]},"faces":{"east":{"uv":[7.1375,7.6375,7.7375,8.4875],"rotation":0,"texture":"#0","tintindex":0},"south":{"uv":[1.1375,6.0125,2.2375,6.8625],"rotation":0,"texture":"#0","tintindex":0},"north":{"uv":[0.0125,6.0125,1.1125,6.8625],"rotation":0,"texture":"#0","tintindex":0},"west":{"uv":[7.7625,0.0125,8.3625,0.8625],"rotation":0,"texture":"#0","tintindex":0},"up":{"uv":[1.1125,7.4875,0.0125,6.8875],"rotation":0,"texture":"#0","tintindex":0},"down":{"uv":[2.2375,6.8875,1.1375,7.4875],"rotation":0,"texture":"#0","tintindex":0}}},{"from":[5.8991528,8.972079,11.168809],"to":[9.899153,12.972079,14.59738],"rotation":{"angle":-22.5,"axis":"x","origin":[7.899153,9.114937,8.883095]},"faces":{"east":{"uv":[7.0125,6.7625,7.7375,7.6125],"rotation":0,"texture":"#0","tintindex":0},"south":{"uv":[6.7625,4.1375,7.6125,4.9875],"rotation":0,"texture":"#0","tintindex":0},"north":{"uv":[6.7625,3.2625,7.6125,4.1125],"rotation":0,"texture":"#0","tintindex":0},"west":{"uv":[2.2625,7.1375,2.9875,7.9875],"rotation":0,"texture":"#0","tintindex":0},"up":{"uv":[5.3625,7.9875,4.5125,7.2625],"rotation":0,"texture":"#0","tintindex":0},"down":{"uv":[8.2375,1.7625,7.3875,2.4875],"rotation":0,"texture":"#0","tintindex":0}}},{"from":[9.996721,8.543508,6.948935],"to":[10.56815,10.257793,8.091792],"rotation":{"angle":22.5,"axis":"y","origin":[10.282435,7.686365,7.5203633]},"faces":{"east":{"uv":[7.7625,0.8875,7.9875,1.2375],"rotation":0,"texture":"#0","tintindex":0},"south":{"uv":[5.2625,1.7625,5.3625,2.1125],"rotation":0,"texture":"#0","tintindex":0},"north":{"uv":[3.3875,4.5125,3.4875,4.8625],"rotation":0,"texture":"#0","tintindex":0},"west":{"uv":[3.7625,8.0125,3.9875,8.3625],"rotation":0,"texture":"#0","tintindex":0},"up":{"uv":[5.9875,7.4875,5.8875,7.2625],"rotation":0,"texture":"#0","tintindex":0},"down":{"uv":[7.7375,4.7625,7.6375,4.9875],"rotation":0,"texture":"#0","tintindex":0}}},{"from":[5.230157,8.543508,6.948935],"to":[5.801585,10.257793,8.091792],"rotation":{"angle":-22.5,"axis":"y","origin":[5.515871,7.686365,7.5203633]},"faces":{"east":{"uv":[3.9875,8.0125,3.7625,8.3625],"rotation":0,"texture":"#0","tintindex":0},"south":{"uv":[5.3625,1.7625,5.2625,2.1125],"rotation":0,"texture":"#0","tintindex":0},"north":{"uv":[3.4875,4.5125,3.3875,4.8625],"rotation":0,"texture":"#0","tintindex":0},"west":{"uv":[7.9875,0.8875,7.7625,1.2375],"rotation":0,"texture":"#0","tintindex":0},"up":{"uv":[5.8875,7.4875,5.9875,7.2625],"rotation":0,"texture":"#0","tintindex":0},"down":{"uv":[7.6375,4.7625,7.7375,4.9875],"rotation":0,"texture":"#0","tintindex":0}}}],"display":{"head":{"translation":[0.0,-6.4,0.0],"scale":[4.0,4.0,4.0]}}}