{"textures":{"0":"modelengine:entity/queen"},"elements":[{"from":[5.714286,4.501401,6.528526],"to":[10.285714,8.501401,9.957097],"rotation":{"angle":0.0,"axis":"y","origin":[8.571428,7.0728297,8.528525]},"faces":{"east":{"uv":[1.0125,10.5125,1.7375,11.3625],"rotation":0,"texture":"#0","tintindex":0},"south":{"uv":[0.0125,10.6375,0.9875,11.4875],"rotation":0,"texture":"#0","tintindex":0},"north":{"uv":[0.0125,9.7625,0.9875,10.6125],"rotation":0,"texture":"#0","tintindex":0},"west":{"uv":[1.7625,10.5125,2.4875,11.3625],"rotation":0,"texture":"#0","tintindex":0},"up":{"uv":[0.9875,12.2375,0.0125,11.5125],"rotation":0,"texture":"#0","tintindex":0},"down":{"uv":[1.9875,9.7625,1.0125,10.4875],"rotation":0,"texture":"#0","tintindex":0}}},{"from":[5.142857,7.714286,5.428571],"to":[10.857143,10.571428,10.0],"rotation":{"angle":-22.5,"axis":"x","origin":[8.0,8.0,8.0]},"faces":{"east":{"uv":[3.0125,7.3875,3.9875,7.9875],"rotation":0,"texture":"#0","tintindex":0},"south":{"uv":[6.5125,0.0125,7.7375,0.6125],"rotation":0,"texture":"#0","tintindex":0},"north":{"uv":[6.3875,2.6375,7.6125,3.2375],"rotation":0,"texture":"#0","tintindex":0},"west":{"uv":[0.0125,7.5125,0.9875,8.1125],"rotation":0,"texture":"#0","tintindex":0},"up":{"uv":[5.7375,4.7375,4.5125,3.7625],"rotation":0,"texture":"#0","tintindex":0},"down":{"uv":[5.7375,4.7625,4.5125,5.7375],"rotation":0,"texture":"#0","tintindex":0}}},{"from":[6.857143,10.571428,7.714286],"to":[9.142858,12.285715,10.0],"rotation":{"angle":-22.5,"axis":"x","origin":[8.0,8.0,8.0]},"faces":{"east":{"uv":[8.7625,5.6375,9.2375,5.9875],"rotation":0,"texture":"#0","tintindex":0},"south":{"uv":[8.7625,6.0125,9.2375,6.3625],"rotation":0,"texture":"#0","tintindex":0},"north":{"uv":[8.7625,1.1375,9.2375,1.4875],"rotation":0,"texture":"#0","tintindex":0},"west":{"uv":[8.7625,7.2625,9.2375,7.6125],"rotation":0,"texture":"#0","tintindex":0},"up":{"uv":[3.3625,4.9875,2.8875,4.5125],"rotation":0,"texture":"#0","tintindex":0},"down":{"uv":[4.3625,5.2625,3.8875,5.7375],"rotation":0,"texture":"#0","tintindex":0}}},{"from":[10.285714,8.980638,5.3234196],"to":[11.428572,13.552067,9.894849],"rotation":{"angle":-22.5,"axis":"z","origin":[11.428572,10.266352,6.7519913]},"faces":{"east":{"uv":[2.8875,5.2625,3.8625,6.2375],"rotation":0,"texture":"#0","tintindex":0},"south":{"uv":[2.5125,8.6375,2.7375,9.6125],"rotation":0,"texture":"#0","tintindex":0},"north":{"uv":[1.5125,8.6375,1.7375,9.6125],"rotation":0,"texture":"#0","tintindex":0},"west":{"uv":[5.3875,1.7625,6.3625,2.7375],"rotation":0,"texture":"#0","tintindex":0},"up":{"uv":[2.9875,9.6125,2.7625,8.6375],"rotation":0,"texture":"#0","tintindex":0},"down":{"uv":[3.2375,8.6375,3.0125,9.6125],"rotation":0,"texture":"#0","tintindex":0}}},{"from":[4.5714283,8.980638,5.3234196],"to":[5.714286,13.552067,9.894849],"rotation":{"angle":22.5,"axis":"z","origin":[4.5714283,10.266352,6.7519913]},"faces":{"east":{"uv":[6.3625,1.7625,5.3875,2.7375],"rotation":0,"texture":"#0","tintindex":0},"south":{"uv":[2.7375,8.6375,2.5125,9.6125],"rotation":0,"texture":"#0","tintindex":0},"north":{"uv":[1.7375,8.6375,1.5125,9.6125],"rotation":0,"texture":"#0","tintindex":0},"west":{"uv":[3.8625,5.2625,2.8875,6.2375],"rotation":0,"texture":"#0","tintindex":0},"up":{"uv":[2.7625,9.6125,2.9875,8.6375],"rotation":0,"texture":"#0","tintindex":0},"down":{"uv":[3.0125,8.6375,3.2375,9.6125],"rotation":0,"texture":"#0","tintindex":0}}},{"from":[4.0,7.714286,10.0],"to":[12.0,12.857143,11.142858],"rotation":{"angle":-22.5,"axis":"x","origin":[8.0,8.0,8.0]},"faces":{"east":{"uv":[7.0125,8.5125,7.2375,9.6125],"rotation":0,"texture":"#0","tintindex":0},"south":{"uv":[0.0125,1.1375,1.7375,2.2375],"rotation":0,"texture":"#0","tintindex":0},"north":{"uv":[0.0125,0.0125,1.7375,1.1125],"rotation":0,"texture":"#0","tintindex":0},"west":{"uv":[7.2625,8.5125,7.4875,9.6125],"rotation":0,"texture":"#0","tintindex":0},"up":{"uv":[9.4875,5.6125,7.7625,5.3875],"rotation":0,"texture":"#0","tintindex":0},"down":{"uv":[9.7375,1.5125,8.0125,1.7375],"rotation":0,"texture":"#0","tintindex":0}}}],"display":{"head":{"translation":[0.0,-6.4,0.0],"scale":[4.0,4.0,4.0]}}}