{"textures":{"0":"modelengine:entity/queen"},"elements":[{"from":[6.857143,6.857143,6.857143],"to":[7.428571,8.0,8.571428],"rotation":{"angle":0.0,"axis":"y","origin":[9.142858,5.428571,8.285714]},"faces":{"east":{"uv":[2.8875,5.0125,3.2375,5.2375],"rotation":0,"texture":"#0","tintindex":0},"south":{"uv":[3.6375,8.8875,3.7375,9.1125],"rotation":0,"texture":"#0","tintindex":0},"north":{"uv":[6.2625,8.1375,6.3625,8.3625],"rotation":0,"texture":"#0","tintindex":0},"west":{"uv":[2.2625,6.0125,2.6125,6.2375],"rotation":0,"texture":"#0","tintindex":0},"up":{"uv":[4.4875,5.6125,4.3875,5.2625],"rotation":0,"texture":"#0","tintindex":0},"down":{"uv":[3.6125,8.8875,3.5125,9.2375],"rotation":0,"texture":"#0","tintindex":0}}},{"from":[7.428571,6.285714,6.857143],"to":[8.571428,8.0,9.142858],"rotation":{"angle":0.0,"axis":"y","origin":[9.142858,5.428571,8.285714]},"faces":{"east":{"uv":[8.6375,5.0125,9.1125,5.3625],"rotation":0,"texture":"#0","tintindex":0},"south":{"uv":[3.2625,8.8875,3.4875,9.2375],"rotation":0,"texture":"#0","tintindex":0},"north":{"uv":[8.7625,8.6375,8.9875,8.9875],"rotation":0,"texture":"#0","tintindex":0},"west":{"uv":[8.7625,0.7625,9.2375,1.1125],"rotation":0,"texture":"#0","tintindex":0},"up":{"uv":[8.9875,8.1125,8.7625,7.6375],"rotation":0,"texture":"#0","tintindex":0},"down":{"uv":[8.9875,8.1375,8.7625,8.6125],"rotation":0,"texture":"#0","tintindex":0}}}],"display":{"head":{"translation":[0.0,-6.4,0.0],"scale":[4.0,4.0,4.0]}}}