{"textures":{"0":"modelengine:entity/queen"},"elements":[{"from":[7.142857,4.0,5.714286],"to":[8.857143,8.0,8.0],"rotation":{"angle":0.0,"axis":"y","origin":[9.428572,6.0,7.142857]},"faces":{"east":{"uv":[3.2625,8.0125,3.7375,8.8625],"rotation":0,"texture":"#0","tintindex":0},"south":{"uv":[8.1375,8.3875,8.4875,9.2375],"rotation":0,"texture":"#0","tintindex":0},"north":{"uv":[7.7625,8.3875,8.1125,9.2375],"rotation":0,"texture":"#0","tintindex":0},"west":{"uv":[8.2625,5.6375,8.7375,6.4875],"rotation":0,"texture":"#0","tintindex":0},"up":{"uv":[8.9875,4.9875,8.6375,4.5125],"rotation":0,"texture":"#0","tintindex":0},"down":{"uv":[8.9875,6.7625,8.6375,7.2375],"rotation":0,"texture":"#0","tintindex":0}}}],"display":{"head":{"translation":[0.0,-6.4,0.0],"scale":[4.0,4.0,4.0]}}}