{"textures":{"0":"modelengine:entity/pirate"},"elements":[{"from":[5.142857,9.876403,6.8020678],"to":[10.857143,12.733545,9.659211],"rotation":{"angle":22.5,"axis":"x","origin":[8.0,12.162117,7.9449253]},"faces":{"east":{"uv":[7.0,8.75,8.25,10.0],"rotation":0,"texture":"#0","tintindex":0},"south":{"uv":[6.0,3.0,8.5,4.25],"rotation":0,"texture":"#0","tintindex":0},"north":{"uv":[6.0,1.75,8.5,3.0],"rotation":0,"texture":"#0","tintindex":0},"west":{"uv":[8.75,7.25,10.0,8.5],"rotation":0,"texture":"#0","tintindex":0},"up":{"uv":[6.5,7.25,4.0,6.0],"rotation":0,"texture":"#0","tintindex":0},"down":{"uv":[8.5,4.25,6.0,5.5],"rotation":0,"texture":"#0","tintindex":0}}},{"from":[6.857143,12.162117,6.8020678],"to":[9.142858,13.304975,9.087782],"rotation":{"angle":0.0,"axis":"y","origin":[8.0,13.876403,7.9449253]},"faces":{"east":{"uv":[2.5,12.25,3.5,12.75],"rotation":0,"texture":"#0","tintindex":0},"south":{"uv":[3.5,12.25,4.5,12.75],"rotation":0,"texture":"#0","tintindex":0},"north":{"uv":[12.0,5.75,13.0,6.25],"rotation":0,"texture":"#0","tintindex":0},"west":{"uv":[12.25,7.75,13.25,8.25],"rotation":0,"texture":"#0","tintindex":0},"up":{"uv":[2.0,11.5,1.0,10.5],"rotation":0,"texture":"#0","tintindex":0},"down":{"uv":[11.5,10.25,10.5,11.25],"rotation":0,"texture":"#0","tintindex":0}}},{"from":[5.714286,6.487745,6.0143576],"to":[10.285714,10.487745,8.871501],"rotation":{"angle":0.0,"axis":"y","origin":[8.0,9.916316,7.157215]},"faces":{"east":{"uv":[4.25,8.5,5.5,10.25],"rotation":0,"texture":"#0","tintindex":0},"south":{"uv":[6.0,0.0,8.0,1.75],"rotation":0,"texture":"#0","tintindex":0},"north":{"uv":[2.0,4.5,4.0,6.25],"rotation":0,"texture":"#0","tintindex":0},"west":{"uv":[8.5,5.5,9.75,7.25],"rotation":0,"texture":"#0","tintindex":0},"up":{"uv":[5.75,8.5,3.75,7.25],"rotation":0,"texture":"#0","tintindex":0},"down":{"uv":[10.0,0.0,8.0,1.25],"rotation":0,"texture":"#0","tintindex":0}}},{"from":[5.057729,6.047027,6.0143576],"to":[5.057729,8.332742,8.871501],"rotation":{"angle":-22.5,"axis":"z","origin":[5.057729,6.618456,7.7286434]},"faces":{"east":{"uv":[10.25,3.75,11.5,4.75],"rotation":0,"texture":"#0","tintindex":0},"south":{"uv":[0.0,0.0,0.0,1.0],"rotation":0,"texture":"#0","tintindex":0},"north":{"uv":[0.0,0.0,0.0,1.0],"rotation":0,"texture":"#0","tintindex":0},"west":{"uv":[10.25,8.0,11.5,9.0],"rotation":0,"texture":"#0","tintindex":0},"up":{"uv":[0.0,1.25,0.0,0.0],"rotation":0,"texture":"#0","tintindex":0},"down":{"uv":[0.0,0.0,0.0,1.25],"rotation":0,"texture":"#0","tintindex":0}}},{"from":[10.942271,6.047027,6.0143576],"to":[10.942271,8.332742,8.871501],"rotation":{"angle":22.5,"axis":"z","origin":[10.942271,6.618456,7.7286434]},"faces":{"east":{"uv":[11.5,8.0,10.25,9.0],"rotation":0,"texture":"#0","tintindex":0},"south":{"uv":[0.0,0.0,0.0,1.0],"rotation":0,"texture":"#0","tintindex":0},"north":{"uv":[0.0,0.0,0.0,1.0],"rotation":0,"texture":"#0","tintindex":0},"west":{"uv":[11.5,3.75,10.25,4.75],"rotation":0,"texture":"#0","tintindex":0},"up":{"uv":[0.0,1.25,0.0,0.0],"rotation":0,"texture":"#0","tintindex":0},"down":{"uv":[0.0,0.0,0.0,1.25],"rotation":0,"texture":"#0","tintindex":0}}},{"from":[5.057729,6.618456,4.871501],"to":[5.6291575,8.332742,11.728643],"rotation":{"angle":22.5,"axis":"x","origin":[5.057729,6.618456,7.7286434]},"faces":{"east":{"uv":[5.75,8.0,8.75,8.75],"rotation":0,"texture":"#0","tintindex":0},"south":{"uv":[9.5,12.5,9.75,13.25],"rotation":0,"texture":"#0","tintindex":0},"north":{"uv":[12.5,8.75,12.75,9.5],"rotation":0,"texture":"#0","tintindex":0},"west":{"uv":[0.0,8.25,3.0,9.0],"rotation":0,"texture":"#0","tintindex":0},"up":{"uv":[2.0,14.5,1.75,11.5],"rotation":0,"texture":"#0","tintindex":0},"down":{"uv":[8.75,11.5,8.5,14.5],"rotation":0,"texture":"#0","tintindex":0}}},{"from":[5.057729,6.047027,4.300072],"to":[5.6291575,8.90417,4.871501],"rotation":{"angle":22.5,"axis":"x","origin":[5.057729,6.618456,7.7286434]},"faces":{"east":{"uv":[9.25,12.25,9.5,13.5],"rotation":0,"texture":"#0","tintindex":0},"south":{"uv":[7.75,12.5,8.0,13.75],"rotation":0,"texture":"#0","tintindex":0},"north":{"uv":[2.75,9.0,3.0,10.25],"rotation":0,"texture":"#0","tintindex":0},"west":{"uv":[8.0,12.5,8.25,13.75],"rotation":0,"texture":"#0","tintindex":0},"up":{"uv":[12.25,12.75,12.0,12.5],"rotation":0,"texture":"#0","tintindex":0},"down":{"uv":[12.75,12.0,12.5,12.25],"rotation":0,"texture":"#0","tintindex":0}}},{"from":[5.057729,6.90417,2.0143576],"to":[5.6291575,8.047028,4.300072],"rotation":{"angle":22.5,"axis":"x","origin":[5.057729,6.618456,7.7286434]},"faces":{"east":{"uv":[12.5,0.5,13.5,1.0],"rotation":0,"texture":"#0","tintindex":0},"south":{"uv":[11.75,12.5,12.0,13.0],"rotation":0,"texture":"#0","tintindex":0},"north":{"uv":[11.5,12.5,11.75,13.0],"rotation":0,"texture":"#0","tintindex":0},"west":{"uv":[12.5,1.0,13.5,1.5],"rotation":0,"texture":"#0","tintindex":0},"up":{"uv":[4.0,7.25,3.75,6.25],"rotation":0,"texture":"#0","tintindex":0},"down":{"uv":[5.5,10.25,5.25,11.25],"rotation":0,"texture":"#0","tintindex":0}}},{"from":[5.057729,7.189884,11.728643],"to":[5.6291575,8.90417,12.871501],"rotation":{"angle":22.5,"axis":"x","origin":[5.057729,6.618456,7.7286434]},"faces":{"east":{"uv":[5.75,12.5,6.25,13.25],"rotation":0,"texture":"#0","tintindex":0},"south":{"uv":[9.75,12.5,10.0,13.25],"rotation":0,"texture":"#0","tintindex":0},"north":{"uv":[12.5,9.5,12.75,10.25],"rotation":0,"texture":"#0","tintindex":0},"west":{"uv":[6.25,12.5,6.75,13.25],"rotation":0,"texture":"#0","tintindex":0},"up":{"uv":[11.25,13.0,11.0,12.5],"rotation":0,"texture":"#0","tintindex":0},"down":{"uv":[11.5,12.5,11.25,13.0],"rotation":0,"texture":"#0","tintindex":0}}},{"from":[6.857143,5.714286,6.5714283],"to":[9.142858,7.428571,8.857143],"rotation":{"angle":-45.0,"axis":"x","origin":[8.0,6.285714,7.428571]},"faces":{"east":{"uv":[2.75,11.5,3.75,12.25],"rotation":0,"texture":"#0","tintindex":0},"south":{"uv":[11.5,3.5,12.5,4.25],"rotation":0,"texture":"#0","tintindex":0},"north":{"uv":[6.75,11.25,7.75,12.0],"rotation":0,"texture":"#0","tintindex":0},"west":{"uv":[3.75,11.5,4.75,12.25],"rotation":0,"texture":"#0","tintindex":0},"up":{"uv":[10.5,11.25,9.5,10.25],"rotation":0,"texture":"#0","tintindex":0},"down":{"uv":[1.0,10.5,0.0,11.5],"rotation":0,"texture":"#0","tintindex":0}}}],"display":{"head":{"translation":[0.0,-6.4,0.0],"scale":[4.0,4.0,4.0]}}}