{"textures":{"0":"modelengine:entity/pirate"},"elements":[{"from":[5.4738607,9.142858,7.208698],"to":[6.045289,10.857143,8.351555],"rotation":{"angle":-22.5,"axis":"y","origin":[5.759575,10.0,7.7801266]},"faces":{"east":{"uv":[10.25,4.75,10.75,5.5],"rotation":0,"texture":"#0","tintindex":0},"south":{"uv":[1.75,9.75,2.0,10.5],"rotation":0,"texture":"#0","tintindex":0},"north":{"uv":[8.5,7.25,8.75,8.0],"rotation":0,"texture":"#0","tintindex":0},"west":{"uv":[4.5,12.25,5.0,13.0],"rotation":0,"texture":"#0","tintindex":0},"up":{"uv":[10.0,7.25,9.75,6.75],"rotation":0,"texture":"#0","tintindex":0},"down":{"uv":[11.75,4.25,11.5,4.75],"rotation":0,"texture":"#0","tintindex":0}}},{"from":[5.714286,7.428571,4.8571424],"to":[10.285714,12.0,9.428572],"rotation":{"angle":0.0,"axis":"y","origin":[8.0,-5.714287,7.142857]},"faces":{"east":{"uv":[2.0,2.5,4.0,4.5],"rotation":0,"texture":"#0","tintindex":0},"south":{"uv":[4.0,0.0,6.0,2.0],"rotation":0,"texture":"#0","tintindex":0},"north":{"uv":[0.0,2.5,2.0,4.5],"rotation":0,"texture":"#0","tintindex":0},"west":{"uv":[4.0,2.0,6.0,4.0],"rotation":0,"texture":"#0","tintindex":0},"up":{"uv":[6.0,6.0,4.0,4.0],"rotation":0,"texture":"#0","tintindex":0},"down":{"uv":[2.0,4.5,0.0,6.5],"rotation":0,"texture":"#0","tintindex":0}}},{"from":[7.428571,9.142858,4.285714],"to":[8.571428,9.714286,4.8571424],"rotation":{"angle":0.0,"axis":"y","origin":[8.0,-5.714287,7.142857]},"faces":{"east":{"uv":[2.75,8.0,3.0,8.25],"rotation":0,"texture":"#0","tintindex":0},"south":{"uv":[11.0,7.75,11.5,8.0],"rotation":0,"texture":"#0","tintindex":0},"north":{"uv":[10.75,2.25,11.25,2.5],"rotation":0,"texture":"#0","tintindex":0},"west":{"uv":[5.5,8.5,5.75,8.75],"rotation":0,"texture":"#0","tintindex":0},"up":{"uv":[12.0,9.0,11.5,8.75],"rotation":0,"texture":"#0","tintindex":0},"down":{"uv":[12.5,6.25,12.0,6.5],"rotation":0,"texture":"#0","tintindex":0}}},{"from":[5.142857,6.327594,6.1530094],"to":[5.714286,9.7561655,6.724438],"rotation":{"angle":0.0,"axis":"y","origin":[5.1165915,8.899023,6.438724]},"faces":{"east":{"uv":[8.0,10.0,8.25,11.5],"rotation":0,"texture":"#0","tintindex":0},"south":{"uv":[1.5,12.0,1.75,13.5],"rotation":0,"texture":"#0","tintindex":0},"north":{"uv":[1.75,6.5,2.0,8.0],"rotation":0,"texture":"#0","tintindex":0},"west":{"uv":[5.0,12.25,5.25,13.75],"rotation":0,"texture":"#0","tintindex":0},"up":{"uv":[11.5,3.75,11.25,3.5],"rotation":0,"texture":"#0","tintindex":0},"down":{"uv":[8.0,11.25,7.75,11.5],"rotation":0,"texture":"#0","tintindex":0}}},{"from":[5.4495573,9.583768,6.1530094],"to":[6.0209866,11.298054,6.724438],"rotation":{"angle":-22.5,"axis":"z","origin":[5.7295575,10.44091,6.438724]},"faces":{"east":{"uv":[8.75,11.5,9.0,12.25],"rotation":0,"texture":"#0","tintindex":0},"south":{"uv":[12.5,7.0,12.75,7.75],"rotation":0,"texture":"#0","tintindex":0},"north":{"uv":[10.0,8.0,10.25,8.75],"rotation":0,"texture":"#0","tintindex":0},"west":{"uv":[8.25,12.5,8.5,13.25],"rotation":0,"texture":"#0","tintindex":0},"up":{"uv":[10.0,8.75,9.75,8.5],"rotation":0,"texture":"#0","tintindex":0},"down":{"uv":[11.0,6.5,10.75,6.75],"rotation":0,"texture":"#0","tintindex":0}}},{"from":[5.714286,13.010153,4.4387236],"to":[10.285714,13.010153,7.295867],"rotation":{"angle":-45.0,"axis":"x","origin":[7.9714284,13.010153,5.8672953]},"faces":{"east":{"uv":[0.0,0.0,1.25,0.0],"rotation":0,"texture":"#0","tintindex":0},"south":{"uv":[0.0,0.0,2.0,0.0],"rotation":0,"texture":"#0","tintindex":0},"north":{"uv":[0.0,0.0,2.0,0.0],"rotation":0,"texture":"#0","tintindex":0},"west":{"uv":[0.0,0.0,1.25,0.0],"rotation":0,"texture":"#0","tintindex":0},"up":{"uv":[8.5,6.75,6.5,5.5],"rotation":0,"texture":"#0","tintindex":0},"down":{"uv":[8.5,6.75,6.5,8.0],"rotation":0,"texture":"#0","tintindex":0}}},{"from":[5.7085714,9.010153,4.4387236],"to":[5.7085714,13.010153,7.295867],"rotation":{"angle":-45.0,"axis":"x","origin":[8.142858,13.010153,5.8672953]},"faces":{"east":{"uv":[8.5,1.25,9.75,3.0],"rotation":0,"texture":"#0","tintindex":0},"south":{"uv":[0.0,0.0,0.0,1.75],"rotation":0,"texture":"#0","tintindex":0},"north":{"uv":[0.0,0.0,0.0,1.75],"rotation":0,"texture":"#0","tintindex":0},"west":{"uv":[3.0,8.5,4.25,10.25],"rotation":0,"texture":"#0","tintindex":0},"up":{"uv":[0.0,1.25,0.0,0.0],"rotation":0,"texture":"#0","tintindex":0},"down":{"uv":[0.0,0.0,0.0,1.25],"rotation":0,"texture":"#0","tintindex":0}}},{"from":[10.291429,9.010153,4.4387236],"to":[10.291429,13.010153,7.295867],"rotation":{"angle":-45.0,"axis":"x","origin":[7.857143,13.010153,5.8672953]},"faces":{"east":{"uv":[4.25,8.5,3.0,10.25],"rotation":0,"texture":"#0","tintindex":0},"south":{"uv":[0.0,0.0,0.0,1.75],"rotation":0,"texture":"#0","tintindex":0},"north":{"uv":[0.0,0.0,0.0,1.75],"rotation":0,"texture":"#0","tintindex":0},"west":{"uv":[9.75,1.25,8.5,3.0],"rotation":0,"texture":"#0","tintindex":0},"up":{"uv":[0.0,1.25,0.0,0.0],"rotation":0,"texture":"#0","tintindex":0},"down":{"uv":[0.0,0.0,0.0,1.25],"rotation":0,"texture":"#0","tintindex":0}}},{"from":[9.979013,9.583768,6.1530094],"to":[10.550443,11.298054,6.724438],"rotation":{"angle":22.5,"axis":"z","origin":[10.270443,10.44091,6.438724]},"faces":{"east":{"uv":[8.5,12.5,8.25,13.25],"rotation":0,"texture":"#0","tintindex":0},"south":{"uv":[12.75,7.0,12.5,7.75],"rotation":0,"texture":"#0","tintindex":0},"north":{"uv":[10.25,8.0,10.0,8.75],"rotation":0,"texture":"#0","tintindex":0},"west":{"uv":[9.0,11.5,8.75,12.25],"rotation":0,"texture":"#0","tintindex":0},"up":{"uv":[9.75,8.75,10.0,8.5],"rotation":0,"texture":"#0","tintindex":0},"down":{"uv":[10.75,6.5,11.0,6.75],"rotation":0,"texture":"#0","tintindex":0}}},{"from":[10.285714,6.327594,6.1530094],"to":[10.857143,9.7561655,6.724438],"rotation":{"angle":0.0,"axis":"y","origin":[10.883409,8.899023,6.438724]},"faces":{"east":{"uv":[5.25,12.25,5.0,13.75],"rotation":0,"texture":"#0","tintindex":0},"south":{"uv":[1.75,12.0,1.5,13.5],"rotation":0,"texture":"#0","tintindex":0},"north":{"uv":[2.0,6.5,1.75,8.0],"rotation":0,"texture":"#0","tintindex":0},"west":{"uv":[8.25,10.0,8.0,11.5],"rotation":0,"texture":"#0","tintindex":0},"up":{"uv":[11.25,3.75,11.5,3.5],"rotation":0,"texture":"#0","tintindex":0},"down":{"uv":[7.75,11.25,8.0,11.5],"rotation":0,"texture":"#0","tintindex":0}}},{"from":[9.954711,9.142858,7.208698],"to":[10.526139,10.857143,8.351555],"rotation":{"angle":22.5,"axis":"y","origin":[10.240425,10.0,7.7801266]},"faces":{"east":{"uv":[5.0,12.25,4.5,13.0],"rotation":0,"texture":"#0","tintindex":0},"south":{"uv":[2.0,9.75,1.75,10.5],"rotation":0,"texture":"#0","tintindex":0},"north":{"uv":[8.75,7.25,8.5,8.0],"rotation":0,"texture":"#0","tintindex":0},"west":{"uv":[10.75,4.75,10.25,5.5],"rotation":0,"texture":"#0","tintindex":0},"up":{"uv":[9.75,7.25,10.0,6.75],"rotation":0,"texture":"#0","tintindex":0},"down":{"uv":[11.5,4.25,11.75,4.75],"rotation":0,"texture":"#0","tintindex":0}}},{"from":[6.0,10.897652,5.0764136],"to":[10.0,12.611937,7.9335566],"rotation":{"angle":-22.5,"axis":"x","origin":[7.428571,11.754794,6.504985]},"faces":{"east":{"uv":[10.75,5.75,12.0,6.5],"rotation":0,"texture":"#0","tintindex":0},"south":{"uv":[0.0,9.75,1.75,10.5],"rotation":0,"texture":"#0","tintindex":0},"north":{"uv":[9.0,9.5,10.75,10.25],"rotation":0,"texture":"#0","tintindex":0},"west":{"uv":[10.75,9.0,12.0,9.75],"rotation":0,"texture":"#0","tintindex":0},"up":{"uv":[10.25,4.25,8.5,3.0],"rotation":0,"texture":"#0","tintindex":0},"down":{"uv":[10.25,4.25,8.5,5.5],"rotation":0,"texture":"#0","tintindex":0}}},{"from":[6.0,12.0,6.5714283],"to":[10.0,13.142858,10.571428],"rotation":{"angle":0.0,"axis":"y","origin":[8.0,-4.000001,8.285714]},"faces":{"east":{"uv":[9.5,11.25,11.25,11.75],"rotation":0,"texture":"#0","tintindex":0},"south":{"uv":[11.25,11.25,13.0,11.75],"rotation":0,"texture":"#0","tintindex":0},"north":{"uv":[10.75,9.75,12.5,10.25],"rotation":0,"texture":"#0","tintindex":0},"west":{"uv":[0.0,11.5,1.75,12.0],"rotation":0,"texture":"#0","tintindex":0},"up":{"uv":[3.75,8.0,2.0,6.25],"rotation":0,"texture":"#0","tintindex":0},"down":{"uv":[1.75,6.5,0.0,8.25],"rotation":0,"texture":"#0","tintindex":0}}},{"from":[5.714286,6.857143,9.428572],"to":[10.285714,12.571428,11.142858],"rotation":{"angle":0.0,"axis":"y","origin":[8.0,-5.1428576,8.285714]},"faces":{"east":{"uv":[5.5,8.75,6.25,11.25],"rotation":0,"texture":"#0","tintindex":0},"south":{"uv":[2.0,0.0,4.0,2.5],"rotation":0,"texture":"#0","tintindex":0},"north":{"uv":[0.0,0.0,2.0,2.5],"rotation":0,"texture":"#0","tintindex":0},"west":{"uv":[6.25,8.75,7.0,11.25],"rotation":0,"texture":"#0","tintindex":0},"up":{"uv":[10.25,9.5,8.25,8.75],"rotation":0,"texture":"#0","tintindex":0},"down":{"uv":[2.0,9.0,0.0,9.75],"rotation":0,"texture":"#0","tintindex":0}}},{"from":[5.714286,4.5714283,9.714286],"to":[6.857143,6.857143,10.857143],"rotation":{"angle":0.0,"axis":"y","origin":[6.285714,-10.857143,8.0]},"faces":{"east":{"uv":[7.25,12.0,7.75,13.0],"rotation":0,"texture":"#0","tintindex":0},"south":{"uv":[12.0,8.75,12.5,9.75],"rotation":0,"texture":"#0","tintindex":0},"north":{"uv":[6.75,12.0,7.25,13.0],"rotation":0,"texture":"#0","tintindex":0},"west":{"uv":[2.0,12.25,2.5,13.25],"rotation":0,"texture":"#0","tintindex":0},"up":{"uv":[6.5,6.0,6.0,5.5],"rotation":0,"texture":"#0","tintindex":0},"down":{"uv":[8.5,1.25,8.0,1.75],"rotation":0,"texture":"#0","tintindex":0}}},{"from":[8.571428,4.5714283,9.714286],"to":[9.714286,9.142858,11.428572],"rotation":{"angle":0.0,"axis":"y","origin":[9.142858,-10.857143,8.0]},"faces":{"east":{"uv":[2.0,9.0,2.75,11.0],"rotation":0,"texture":"#0","tintindex":0},"south":{"uv":[9.0,10.25,9.5,12.25],"rotation":0,"texture":"#0","tintindex":0},"north":{"uv":[4.75,10.25,5.25,12.25],"rotation":0,"texture":"#0","tintindex":0},"west":{"uv":[8.25,9.5,9.0,11.5],"rotation":0,"texture":"#0","tintindex":0},"up":{"uv":[9.25,13.0,8.75,12.25],"rotation":0,"texture":"#0","tintindex":0},"down":{"uv":[13.0,3.5,12.5,4.25],"rotation":0,"texture":"#0","tintindex":0}}}],"display":{"head":{"translation":[0.0,-6.4,0.0],"scale":[4.0,4.0,4.0]}}}