{"textures":{"0":"modelengine:entity/pirate"},"elements":[{"from":[7.142857,5.714286,6.285714],"to":[8.857143,8.0,8.0],"rotation":{"angle":0.0,"axis":"y","origin":[8.857143,10.285714,6.285714]},"faces":{"east":{"uv":[11.75,0.0,12.5,1.0],"rotation":0,"texture":"#0","tintindex":0},"south":{"uv":[11.75,1.0,12.5,2.0],"rotation":0,"texture":"#0","tintindex":0},"north":{"uv":[11.5,10.25,12.25,11.25],"rotation":0,"texture":"#0","tintindex":0},"west":{"uv":[11.75,4.25,12.5,5.25],"rotation":0,"texture":"#0","tintindex":0},"up":{"uv":[12.75,2.75,12.0,2.0],"rotation":0,"texture":"#0","tintindex":0},"down":{"uv":[12.75,2.75,12.0,3.5],"rotation":0,"texture":"#0","tintindex":0}}},{"from":[7.142857,4.5714283,6.285714],"to":[8.285714,5.714286,8.0],"rotation":{"angle":0.0,"axis":"y","origin":[8.857143,8.0,6.285714]},"faces":{"east":{"uv":[3.0,8.0,3.75,8.5],"rotation":0,"texture":"#0","tintindex":0},"south":{"uv":[10.25,9.0,10.75,9.5],"rotation":0,"texture":"#0","tintindex":0},"north":{"uv":[9.75,2.5,10.25,3.0],"rotation":0,"texture":"#0","tintindex":0},"west":{"uv":[12.5,1.5,13.25,2.0],"rotation":0,"texture":"#0","tintindex":0},"up":{"uv":[13.0,5.0,12.5,4.25],"rotation":0,"texture":"#0","tintindex":0},"down":{"uv":[5.75,12.5,5.25,13.25],"rotation":0,"texture":"#0","tintindex":0}}},{"from":[8.285714,5.142857,6.285714],"to":[8.857143,5.714286,7.428571],"rotation":{"angle":0.0,"axis":"y","origin":[9.428572,8.0,6.285714]},"faces":{"east":{"uv":[12.5,5.0,13.0,5.25],"rotation":0,"texture":"#0","tintindex":0},"south":{"uv":[12.5,11.75,12.75,12.0],"rotation":0,"texture":"#0","tintindex":0},"north":{"uv":[11.75,2.0,12.0,2.25],"rotation":0,"texture":"#0","tintindex":0},"west":{"uv":[12.5,6.25,13.0,6.5],"rotation":0,"texture":"#0","tintindex":0},"up":{"uv":[10.75,13.0,10.5,12.5],"rotation":0,"texture":"#0","tintindex":0},"down":{"uv":[11.0,12.5,10.75,13.0],"rotation":0,"texture":"#0","tintindex":0}}}],"display":{"head":{"translation":[0.0,-6.4,0.0],"scale":[4.0,4.0,4.0]}}}