{"textures":{"0":"modelengine:entity/pirate"},"elements":[{"from":[6.285714,5.714286,6.5714283],"to":[8.0,8.571428,8.857143],"rotation":{"angle":0.0,"axis":"y","origin":[7.428571,8.0,6.5714283]},"faces":{"east":{"uv":[7.0,10.0,8.0,11.25],"rotation":0,"texture":"#0","tintindex":0},"south":{"uv":[6.0,11.25,6.75,12.5],"rotation":0,"texture":"#0","tintindex":0},"north":{"uv":[5.25,11.25,6.0,12.5],"rotation":0,"texture":"#0","tintindex":0},"west":{"uv":[10.25,2.5,11.25,3.75],"rotation":0,"texture":"#0","tintindex":0},"up":{"uv":[8.5,12.5,7.75,11.5],"rotation":0,"texture":"#0","tintindex":0},"down":{"uv":[12.25,7.75,11.5,8.75],"rotation":0,"texture":"#0","tintindex":0}}},{"from":[6.0,4.5714283,6.285714],"to":[8.285714,5.714286,9.142858],"rotation":{"angle":0.0,"axis":"y","origin":[7.714286,8.0,6.857143]},"faces":{"east":{"uv":[11.75,5.25,13.0,5.75],"rotation":0,"texture":"#0","tintindex":0},"south":{"uv":[12.5,0.0,13.5,0.5],"rotation":0,"texture":"#0","tintindex":0},"north":{"uv":[12.25,10.75,13.25,11.25],"rotation":0,"texture":"#0","tintindex":0},"west":{"uv":[11.75,6.5,13.0,7.0],"rotation":0,"texture":"#0","tintindex":0},"up":{"uv":[3.75,11.5,2.75,10.25],"rotation":0,"texture":"#0","tintindex":0},"down":{"uv":[4.75,10.25,3.75,11.5],"rotation":0,"texture":"#0","tintindex":0}}}],"display":{"head":{"translation":[0.0,-6.4,0.0],"scale":[4.0,4.0,4.0]}}}