{"textures":{"0":"modelengine:entity/pirate"},"elements":[{"from":[7.142857,3.4285712,8.0],"to":[8.857143,8.0,9.714286],"rotation":{"angle":0.0,"axis":"y","origin":[7.714286,7.428571,8.571428]},"faces":{"east":{"uv":[3.25,12.75,4.0,14.75],"rotation":0,"texture":"#0","tintindex":0},"south":{"uv":[0.75,12.75,1.5,14.75],"rotation":0,"texture":"#0","tintindex":0},"north":{"uv":[0.0,12.75,0.75,14.75],"rotation":0,"texture":"#0","tintindex":0},"west":{"uv":[2.5,12.75,3.25,14.75],"rotation":0,"texture":"#0","tintindex":0},"up":{"uv":[0.75,12.75,0.0,12.0],"rotation":0,"texture":"#0","tintindex":0},"down":{"uv":[1.5,12.0,0.75,12.75],"rotation":0,"texture":"#0","tintindex":0}}},{"from":[7.142857,3.4285712,7.142857],"to":[8.857143,4.5714283,8.0],"rotation":{"angle":0.0,"axis":"y","origin":[8.0,6.285714,6.5714283]},"faces":{"east":{"uv":[10.0,12.5,10.375,13.0],"rotation":0,"texture":"#0","tintindex":0},"south":{"uv":[12.25,10.25,13.0,10.75],"rotation":0,"texture":"#0","tintindex":0},"north":{"uv":[12.25,8.25,13.0,8.75],"rotation":0,"texture":"#0","tintindex":0},"west":{"uv":[10.0,12.5,10.375,13.0],"rotation":0,"texture":"#0","tintindex":0},"up":{"uv":[10.5,6.375,9.75,6.0],"rotation":0,"texture":"#0","tintindex":0},"down":{"uv":[9.5,5.75,8.75,6.125],"rotation":0,"texture":"#0","tintindex":0}}}],"display":{"head":{"translation":[0.0,-6.4,0.0],"scale":[4.0,4.0,4.0]}}}