{"textures":{"0":"modelengine:entity/pirate"},"elements":[{"from":[6.285714,5.714286,7.142857],"to":[8.0,8.571428,8.857143],"rotation":{"angle":0.0,"axis":"y","origin":[6.857143,8.0,7.714286]},"faces":{"east":{"uv":[2.0,11.0,2.75,12.25],"rotation":0,"texture":"#0","tintindex":0},"south":{"uv":[11.0,6.5,11.75,7.75],"rotation":0,"texture":"#0","tintindex":0},"north":{"uv":[11.0,0.0,11.75,1.25],"rotation":0,"texture":"#0","tintindex":0},"west":{"uv":[11.25,2.25,12.0,3.5],"rotation":0,"texture":"#0","tintindex":0},"up":{"uv":[6.5,8.0,5.75,7.25],"rotation":0,"texture":"#0","tintindex":0},"down":{"uv":[12.5,7.0,11.75,7.75],"rotation":0,"texture":"#0","tintindex":0}}}],"display":{"head":{"translation":[0.0,-6.4,0.0],"scale":[4.0,4.0,4.0]}}}