{"textures":{"0":"modelengine:entity/pirate"},"elements":[{"from":[8.0,5.714286,7.142857],"to":[9.714286,8.571428,8.857143],"rotation":{"angle":0.0,"axis":"y","origin":[9.142858,8.0,7.714286]},"faces":{"east":{"uv":[12.0,2.25,11.25,3.5],"rotation":0,"texture":"#0","tintindex":0},"south":{"uv":[11.75,6.5,11.0,7.75],"rotation":0,"texture":"#0","tintindex":0},"north":{"uv":[11.75,0.0,11.0,1.25],"rotation":0,"texture":"#0","tintindex":0},"west":{"uv":[2.75,11.0,2.0,12.25],"rotation":0,"texture":"#0","tintindex":0},"up":{"uv":[5.75,8.0,6.5,7.25],"rotation":0,"texture":"#0","tintindex":0},"down":{"uv":[11.75,7.0,12.5,7.75],"rotation":0,"texture":"#0","tintindex":0}}}],"display":{"head":{"translation":[0.0,-6.4,0.0],"scale":[4.0,4.0,4.0]}}}