{"textures":{"0":"modelengine:entity/pirate"},"elements":[{"from":[7.142857,6.285714,6.285714],"to":[8.857143,8.0,8.0],"rotation":{"angle":0.0,"axis":"y","origin":[7.142857,10.285714,6.285714]},"faces":{"east":{"uv":[12.5,4.25,11.75,5.0],"rotation":0,"texture":"#0","tintindex":0},"south":{"uv":[12.5,1.0,11.75,1.75],"rotation":0,"texture":"#0","tintindex":0},"north":{"uv":[12.25,10.25,11.5,11.0],"rotation":0,"texture":"#0","tintindex":0},"west":{"uv":[12.5,0.0,11.75,0.75],"rotation":0,"texture":"#0","tintindex":0},"up":{"uv":[12.0,2.75,12.75,2.0],"rotation":0,"texture":"#0","tintindex":0},"down":{"uv":[12.0,2.75,12.75,3.5],"rotation":0,"texture":"#0","tintindex":0}}},{"from":[7.142857,4.5714283,6.285714],"to":[8.857143,6.285714,8.0],"rotation":{"angle":0.0,"axis":"y","origin":[7.142857,10.285714,6.285714]},"faces":{"east":{"uv":[14.25,0.75,13.5,1.5],"rotation":0,"texture":"#0","tintindex":0},"south":{"uv":[15.0,0.0,14.25,0.75],"rotation":0,"texture":"#0","tintindex":0},"north":{"uv":[14.25,0.0,13.5,0.75],"rotation":0,"texture":"#0","tintindex":0},"west":{"uv":[15.75,0.0,15.0,0.75],"rotation":0,"texture":"#0","tintindex":0},"up":{"uv":[14.25,1.5,15.0,0.75],"rotation":0,"texture":"#0","tintindex":0},"down":{"uv":[15.0,0.75,15.75,1.5],"rotation":0,"texture":"#0","tintindex":0}}},{"from":[8.0,1.7142854,5.714286],"to":[8.0,4.5714283,8.571428],"rotation":{"angle":0.0,"axis":"y","origin":[7.142857,10.285714,6.285714]},"faces":{"east":{"uv":[12.75,2.25,14.0,3.5],"rotation":0,"texture":"#0","tintindex":0},"south":{"uv":[15.0,0.0,14.25,0.75],"rotation":0,"texture":"#0","tintindex":0},"north":{"uv":[14.25,0.0,13.5,0.75],"rotation":0,"texture":"#0","tintindex":0},"west":{"uv":[14.0,2.25,12.75,3.5],"rotation":0,"texture":"#0","tintindex":0},"up":{"uv":[14.25,1.5,15.0,0.75],"rotation":0,"texture":"#0","tintindex":0},"down":{"uv":[15.0,0.75,15.75,1.5],"rotation":0,"texture":"#0","tintindex":0}}}],"display":{"head":{"translation":[0.0,-6.4,0.0],"scale":[4.0,4.0,4.0]}}}