{"textures":{"0":"modelengine:entity/pirate"},"elements":[{"from":[8.0,5.714286,6.5714283],"to":[9.714286,8.571428,8.857143],"rotation":{"angle":0.0,"axis":"y","origin":[8.571428,8.0,6.5714283]},"faces":{"east":{"uv":[11.25,2.5,10.25,3.75],"rotation":0,"texture":"#0","tintindex":0},"south":{"uv":[6.75,11.25,6.0,12.5],"rotation":0,"texture":"#0","tintindex":0},"north":{"uv":[6.0,11.25,5.25,12.5],"rotation":0,"texture":"#0","tintindex":0},"west":{"uv":[8.0,10.0,7.0,11.25],"rotation":0,"texture":"#0","tintindex":0},"up":{"uv":[7.75,12.5,8.5,11.5],"rotation":0,"texture":"#0","tintindex":0},"down":{"uv":[11.5,7.75,12.25,8.75],"rotation":0,"texture":"#0","tintindex":0}}},{"from":[7.714286,4.5714283,6.285714],"to":[10.0,5.714286,9.142858],"rotation":{"angle":0.0,"axis":"y","origin":[8.285714,8.0,6.857143]},"faces":{"east":{"uv":[13.0,6.5,11.75,7.0],"rotation":0,"texture":"#0","tintindex":0},"south":{"uv":[13.5,0.0,12.5,0.5],"rotation":0,"texture":"#0","tintindex":0},"north":{"uv":[13.25,10.75,12.25,11.25],"rotation":0,"texture":"#0","tintindex":0},"west":{"uv":[13.0,5.25,11.75,5.75],"rotation":0,"texture":"#0","tintindex":0},"up":{"uv":[2.75,11.5,3.75,10.25],"rotation":0,"texture":"#0","tintindex":0},"down":{"uv":[3.75,10.25,4.75,11.5],"rotation":0,"texture":"#0","tintindex":0}}}],"display":{"head":{"translation":[0.0,-6.4,0.0],"scale":[4.0,4.0,4.0]}}}