{"parent":"minecraft:item/generated","textures":{"layer0":"minecraft:item/paper"},"overrides":[{"predicate":{"custom_model_data":10000},"model":"_iainternal:ia_auto_gen/icon_left_blue"},{"predicate":{"custom_model_data":10001},"model":"_iainternal:ia_auto_gen/icon_right_blue"},{"predicate":{"custom_model_data":10002},"model":"_iainternal:ia_auto_gen/icon_search"},{"predicate":{"custom_model_data":10003},"model":"_iainternal:ia_auto_gen/icon_cancel"},{"predicate":{"custom_model_data":10004},"model":"_iainternal:ia_auto_gen/icon_arrow_chest"},{"predicate":{"custom_model_data":10005},"model":"_iainternal:ia_auto_gen/icon_back_orange"},{"predicate":{"custom_model_data":10006},"model":"_iainternal:ia_auto_gen/icon_next_orange"},{"predicate":{"custom_model_data":10007},"model":"customcrops:apple/stage_1"},{"predicate":{"custom_model_data":10008},"model":"customcrops:apple/stage_2"},{"predicate":{"custom_model_data":10009},"model":"customcrops:apple/stage_3"},{"predicate":{"custom_model_data":10010},"model":"customcrops:apple/stage_4"},{"predicate":{"custom_model_data":10011},"model":"customcrops:apple/stage_5"},{"predicate":{"custom_model_data":10012},"model":"customcrops:apple/stage_6"},{"predicate":{"custom_model_data":10013},"model":"customcrops:cabbage/stage_1"},{"predicate":{"custom_model_data":10014},"model":"customcrops:cabbage/stage_2"},{"predicate":{"custom_model_data":10015},"model":"customcrops:cabbage/stage_3"},{"predicate":{"custom_model_data":10016},"model":"customcrops:cabbage/stage_4"},{"predicate":{"custom_model_data":10017},"model":"customcrops:cabbage/cabbage_seeds"},{"predicate":{"custom_model_data":10018},"model":"customcrops:cabbage/gigantic_cabbage"},{"predicate":{"custom_model_data":10019},"model":"customcrops:grape/stage_1"},{"predicate":{"custom_model_data":10020},"model":"customcrops:grape/stage_2"},{"predicate":{"custom_model_data":10021},"model":"customcrops:grape/stage_3"},{"predicate":{"custom_model_data":10022},"model":"customcrops:grape/stage_4"},{"predicate":{"custom_model_data":10023},"model":"customcrops:grape/stage_5"},{"predicate":{"custom_model_data":10024},"model":"customcrops:grape/stage_6"},{"predicate":{"custom_model_data":10025},"model":"customcrops:grape/grape_seeds"},{"predicate":{"custom_model_data":10026},"model":"customcrops:garlic/stage_1"},{"predicate":{"custom_model_data":10027},"model":"customcrops:garlic/stage_2"},{"predicate":{"custom_model_data":10028},"model":"customcrops:garlic/stage_3"},{"predicate":{"custom_model_data":10029},"model":"customcrops:garlic/stage_4"},{"predicate":{"custom_model_data":10030},"model":"customcrops:garlic/garlic_seeds"},{"predicate":{"custom_model_data":10031},"model":"customcrops:redpacket/stage_1"},{"predicate":{"custom_model_data":10032},"model":"customcrops:redpacket/stage_2"},{"predicate":{"custom_model_data":10033},"model":"customcrops:redpacket/stage_3"},{"predicate":{"custom_model_data":10034},"model":"customcrops:redpacket/stage_4"},{"predicate":{"custom_model_data":10035},"model":"customcrops:redpacket/stage_5"},{"predicate":{"custom_model_data":10036},"model":"customcrops:redpacket/stage_6"},{"predicate":{"custom_model_data":10037},"model":"customcrops:redpacket/redpacket_seeds"},{"predicate":{"custom_model_data":10038},"model":"customcrops:redpacket/redpacket"},{"predicate":{"custom_model_data":10039},"model":"customcrops:pitaya/stage_1"},{"predicate":{"custom_model_data":10040},"model":"customcrops:pitaya/stage_2"},{"predicate":{"custom_model_data":10041},"model":"customcrops:pitaya/stage_3"},{"predicate":{"custom_model_data":10042},"model":"customcrops:pitaya/stage_4"},{"predicate":{"custom_model_data":10043},"model":"customcrops:pitaya/stage_5"},{"predicate":{"custom_model_data":10044},"model":"customcrops:pitaya/stage_6"},{"predicate":{"custom_model_data":10045},"model":"customcrops:pitaya/pitaya_seeds"},{"predicate":{"custom_model_data":10046},"model":"customcrops:pineapple/stage_1"},{"predicate":{"custom_model_data":10047},"model":"customcrops:pineapple/stage_2"},{"predicate":{"custom_model_data":10048},"model":"customcrops:pineapple/stage_3"},{"predicate":{"custom_model_data":10049},"model":"customcrops:pineapple/stage_4"},{"predicate":{"custom_model_data":10050},"model":"customcrops:pineapple/pineapple_seeds"},{"predicate":{"custom_model_data":10051},"model":"customcrops:pineapple/gigantic_pineapple"},{"predicate":{"custom_model_data":10052},"model":"customcrops:hop/stage_1"},{"predicate":{"custom_model_data":10053},"model":"customcrops:hop/stage_2"},{"predicate":{"custom_model_data":10054},"model":"customcrops:hop/stage_3"},{"predicate":{"custom_model_data":10055},"model":"customcrops:hop/stage_4"},{"predicate":{"custom_model_data":10056},"model":"customcrops:hop/hop_seeds"},{"predicate":{"custom_model_data":10057},"model":"customcrops:eggplant/stage_1"},{"predicate":{"custom_model_data":10058},"model":"customcrops:eggplant/stage_2"},{"predicate":{"custom_model_data":10059},"model":"customcrops:eggplant/stage_3"},{"predicate":{"custom_model_data":10060},"model":"customcrops:eggplant/stage_4"},{"predicate":{"custom_model_data":10061},"model":"customcrops:eggplant/eggplant_seeds"},{"predicate":{"custom_model_data":10062},"model":"customcrops:corn/stage_1"},{"predicate":{"custom_model_data":10063},"model":"customcrops:corn/stage_2"},{"predicate":{"custom_model_data":10064},"model":"customcrops:corn/stage_3"},{"predicate":{"custom_model_data":10065},"model":"customcrops:corn/stage_4"},{"predicate":{"custom_model_data":10066},"model":"customcrops:corn/corn_seeds"},{"predicate":{"custom_model_data":10067},"model":"customcrops:chinese_cabbage/stage_1"},{"predicate":{"custom_model_data":10068},"model":"customcrops:chinese_cabbage/stage_2"},{"predicate":{"custom_model_data":10069},"model":"customcrops:chinese_cabbage/stage_3"},{"predicate":{"custom_model_data":10070},"model":"customcrops:chinese_cabbage/stage_4"},{"predicate":{"custom_model_data":10071},"model":"customcrops:chinese_cabbage/chinese_cabbage_seeds"},{"predicate":{"custom_model_data":10072},"model":"customcrops:base/pot"},{"predicate":{"custom_model_data":10073},"model":"customcrops:base/watered_pot"},{"predicate":{"custom_model_data":10074},"model":"customcrops:base/sprinkler_1"},{"predicate":{"custom_model_data":10075},"model":"customcrops:base/sprinkler_1_item"},{"predicate":{"custom_model_data":10076},"model":"customcrops:base/sprinkler_2"},{"predicate":{"custom_model_data":10077},"model":"customcrops:base/sprinkler_2_item"},{"predicate":{"custom_model_data":10078},"model":"customcrops:base/sprinkler_3"},{"predicate":{"custom_model_data":10079},"model":"customcrops:base/sprinkler_3_item"},{"predicate":{"custom_model_data":10080},"model":"customcrops:base/water_effect"},{"predicate":{"custom_model_data":10081},"model":"customcrops:base/crow_land"},{"predicate":{"custom_model_data":10082},"model":"customcrops:base/crow_fly"},{"predicate":{"custom_model_data":10083},"model":"customcrops:base/scarecrow"},{"predicate":{"custom_model_data":10084},"model":"customcrops:base/greenhouse_glass"},{"predicate":{"custom_model_data":10085},"model":"customcrops:base/dead_crop"},{"predicate":{"custom_model_data":10086},"model":"customcrops:base/speed_1"},{"predicate":{"custom_model_data":10087},"model":"customcrops:base/speed_2"},{"predicate":{"custom_model_data":10088},"model":"customcrops:base/speed_3"},{"predicate":{"custom_model_data":10089},"model":"customcrops:base/retaining_1"},{"predicate":{"custom_model_data":10090},"model":"customcrops:base/retaining_2"},{"predicate":{"custom_model_data":10091},"model":"customcrops:base/retaining_3"},{"predicate":{"custom_model_data":10092},"model":"customcrops:base/quality_1"},{"predicate":{"custom_model_data":10093},"model":"customcrops:base/quality_2"},{"predicate":{"custom_model_data":10094},"model":"customcrops:base/quality_3"},{"predicate":{"custom_model_data":10095},"model":"customcrops:base/quantity_1"},{"predicate":{"custom_model_data":10096},"model":"customcrops:base/quantity_2"},{"predicate":{"custom_model_data":10097},"model":"customcrops:base/quantity_3"},{"predicate":{"custom_model_data":10098},"model":"customcrops:base/gigantic_1"},{"predicate":{"custom_model_data":10099},"model":"customcrops:base/gigantic_2"},{"predicate":{"custom_model_data":10100},"model":"customcrops:base/gigantic_3"},{"predicate":{"custom_model_data":10101},"model":"customcrops:base/soil_surveyor"},{"predicate":{"custom_model_data":10102},"model":"customcrops:pepper/stage_1"},{"predicate":{"custom_model_data":10103},"model":"customcrops:pepper/stage_2"},{"predicate":{"custom_model_data":10104},"model":"customcrops:pepper/stage_3"},{"predicate":{"custom_model_data":10105},"model":"customcrops:pepper/stage_4"},{"predicate":{"custom_model_data":10106},"model":"customcrops:pepper/stage_5"},{"predicate":{"custom_model_data":10107},"model":"customcrops:pepper/pepper_seeds"},{"predicate":{"custom_model_data":10108},"model":"customcrops:tomato/stage_1"},{"predicate":{"custom_model_data":10109},"model":"customcrops:tomato/stage_2"},{"predicate":{"custom_model_data":10110},"model":"customcrops:tomato/stage_3"},{"predicate":{"custom_model_data":10111},"model":"customcrops:tomato/stage_4"},{"predicate":{"custom_model_data":10112},"model":"customcrops:tomato/tomato_seeds"},{"predicate":{"custom_model_data":10113},"model":"customcrops:tomato/gigantic_tomato"},{"predicate":{"custom_model_data":10114},"model":"item/paper"}]}