{"textures":{"0":"modelengine:entity/dungeon_goldpile"},"elements":[{"from":[3.4285712,8.057143,3.4285712],"to":[12.571428,8.057143,12.571428],"rotation":{"angle":0.0,"axis":"y","origin":[8.0,8.0,8.0]},"faces":{"east":{"uv":[0.0,0.0,4.0,0.0],"rotation":0,"texture":"#0","tintindex":0},"south":{"uv":[0.0,0.0,4.0,0.0],"rotation":0,"texture":"#0","tintindex":0},"north":{"uv":[0.0,0.0,4.0,0.0],"rotation":0,"texture":"#0","tintindex":0},"west":{"uv":[0.0,0.0,4.0,0.0],"rotation":0,"texture":"#0","tintindex":0},"up":{"uv":[4.0,4.0,0.0,0.0],"rotation":0,"texture":"#0","tintindex":0},"down":{"uv":[4.0,0.0,0.0,4.0],"rotation":0,"texture":"#0","tintindex":0}}},{"from":[5.142857,8.0,5.714286],"to":[10.857143,8.571428,10.857143],"rotation":{"angle":0.0,"axis":"y","origin":[8.0,8.0,8.0]},"faces":{"east":{"uv":[6.5,2.25,8.75,2.5],"rotation":0,"texture":"#0","tintindex":0},"south":{"uv":[6.5,0.0,9.0,0.25],"rotation":0,"texture":"#0","tintindex":0},"north":{"uv":[4.0,6.25,6.5,6.5],"rotation":0,"texture":"#0","tintindex":0},"west":{"uv":[6.5,2.5,8.75,2.75],"rotation":0,"texture":"#0","tintindex":0},"up":{"uv":[6.5,2.25,4.0,0.0],"rotation":0,"texture":"#0","tintindex":0},"down":{"uv":[6.5,2.25,4.0,4.5],"rotation":0,"texture":"#0","tintindex":0}}},{"from":[6.285714,8.571428,7.428571],"to":[9.142858,9.714286,10.285714],"rotation":{"angle":0.0,"axis":"y","origin":[8.0,8.571428,8.0]},"faces":{"east":{"uv":[6.5,0.75,7.75,1.25],"rotation":0,"texture":"#0","tintindex":0},"south":{"uv":[6.5,1.25,7.75,1.75],"rotation":0,"texture":"#0","tintindex":0},"north":{"uv":[6.5,0.25,7.75,0.75],"rotation":0,"texture":"#0","tintindex":0},"west":{"uv":[6.5,1.75,7.75,2.25],"rotation":0,"texture":"#0","tintindex":0},"up":{"uv":[5.25,5.75,4.0,4.5],"rotation":0,"texture":"#0","tintindex":0},"down":{"uv":[6.5,4.5,5.25,5.75],"rotation":0,"texture":"#0","tintindex":0}}},{"from":[4.5714283,8.0,4.5714283],"to":[8.571428,8.571428,5.714286],"rotation":{"angle":0.0,"axis":"y","origin":[8.571428,8.0,8.0]},"faces":{"east":{"uv":[4.25,6.5,4.75,6.75],"rotation":0,"texture":"#0","tintindex":0},"south":{"uv":[6.5,3.0,8.25,3.25],"rotation":0,"texture":"#0","tintindex":0},"north":{"uv":[6.5,2.75,8.25,3.0],"rotation":0,"texture":"#0","tintindex":0},"west":{"uv":[4.75,6.5,5.25,6.75],"rotation":0,"texture":"#0","tintindex":0},"up":{"uv":[5.75,6.25,4.0,5.75],"rotation":0,"texture":"#0","tintindex":0},"down":{"uv":[7.5,5.75,5.75,6.25],"rotation":0,"texture":"#0","tintindex":0}}},{"from":[4.5714283,8.0,5.714286],"to":[5.142857,8.571428,9.142858],"rotation":{"angle":0.0,"axis":"y","origin":[8.571428,8.0,8.0]},"faces":{"east":{"uv":[6.5,3.25,8.0,3.5],"rotation":0,"texture":"#0","tintindex":0},"south":{"uv":[6.5,5.25,6.75,5.5],"rotation":0,"texture":"#0","tintindex":0},"north":{"uv":[5.25,6.5,5.5,6.75],"rotation":0,"texture":"#0","tintindex":0},"west":{"uv":[6.5,3.5,8.0,3.75],"rotation":0,"texture":"#0","tintindex":0},"up":{"uv":[6.75,5.25,6.5,3.75],"rotation":0,"texture":"#0","tintindex":0},"down":{"uv":[4.25,6.5,4.0,8.0],"rotation":0,"texture":"#0","tintindex":0}}}],"display":{"head":{"translation":[0.0,-6.4,0.0],"scale":[4.0,4.0,4.0]}}}