{"textures":{"0":"modelengine:entity/anchor"},"elements":[{"from":[9.151857,5.3224897,4.2899594],"to":[10.294714,8.751061,7.7185307],"rotation":{"angle":0.0,"axis":"y","origin":[5.879053,6.850498,6.905013]},"faces":{"east":{"uv":[3.25,5.75,4.75,7.25],"rotation":0,"texture":"#0","tintindex":0},"south":{"uv":[10.0,0.0,10.5,1.5],"rotation":0,"texture":"#0","tintindex":0},"north":{"uv":[9.5,2.0,10.0,3.5],"rotation":0,"texture":"#0","tintindex":0},"west":{"uv":[4.75,5.75,6.25,7.25],"rotation":0,"texture":"#0","tintindex":0},"up":{"uv":[10.5,3.0,10.0,1.5],"rotation":0,"texture":"#0","tintindex":0},"down":{"uv":[10.5,3.0,10.0,4.5],"rotation":0,"texture":"#0","tintindex":0}}},{"from":[9.151857,1.893918,3.1471024],"to":[10.294714,3.608204,8.861388],"rotation":{"angle":0.0,"axis":"y","origin":[5.879053,-0.0066452026,6.905013]},"faces":{"east":{"uv":[5.25,3.75,7.75,4.5],"rotation":0,"texture":"#0","tintindex":0},"south":{"uv":[9.5,3.5,10.0,4.25],"rotation":0,"texture":"#0","tintindex":0},"north":{"uv":[2.75,6.5,3.25,7.25],"rotation":0,"texture":"#0","tintindex":0},"west":{"uv":[6.5,4.5,9.0,5.25],"rotation":0,"texture":"#0","tintindex":0},"up":{"uv":[9.0,4.5,8.5,2.0],"rotation":0,"texture":"#0","tintindex":0},"down":{"uv":[4.25,8.5,3.75,11.0],"rotation":0,"texture":"#0","tintindex":0}}},{"from":[9.151857,-1.5346527,5.4328165],"to":[10.294714,5.3224897,6.5756736],"rotation":{"angle":0.0,"axis":"y","origin":[5.879053,-0.0066452026,6.905013]},"faces":{"east":{"uv":[0.5,8.0,1.0,11.0],"rotation":0,"texture":"#0","tintindex":0},"south":{"uv":[2.75,8.5,3.25,11.5],"rotation":0,"texture":"#0","tintindex":0},"north":{"uv":[0.0,8.0,0.5,11.0],"rotation":0,"texture":"#0","tintindex":0},"west":{"uv":[3.25,8.5,3.75,11.5],"rotation":0,"texture":"#0","tintindex":0},"up":{"uv":[10.0,10.75,9.5,10.25],"rotation":0,"texture":"#0","tintindex":0},"down":{"uv":[10.5,10.25,10.0,10.75],"rotation":0,"texture":"#0","tintindex":0}}},{"from":[8.866142,-3.8203678,4.861388],"to":[10.580428,-1.5346527,7.1471024],"rotation":{"angle":0.0,"axis":"y","origin":[5.593339,-5.149502,6.905013]},"faces":{"east":{"uv":[9.0,4.25,10.0,5.25],"rotation":0,"texture":"#0","tintindex":0},"south":{"uv":[4.25,10.0,5.0,11.0],"rotation":0,"texture":"#0","tintindex":0},"north":{"uv":[9.75,6.25,10.5,7.25],"rotation":0,"texture":"#0","tintindex":0},"west":{"uv":[9.0,5.25,10.0,6.25],"rotation":0,"texture":"#0","tintindex":0},"up":{"uv":[10.75,5.5,10.0,4.5],"rotation":0,"texture":"#0","tintindex":0},"down":{"uv":[5.75,10.0,5.0,11.0],"rotation":0,"texture":"#0","tintindex":0}}},{"from":[8.294714,-4.391796,4.2899594],"to":[11.151857,-3.8203678,7.7185307],"rotation":{"angle":0.0,"axis":"y","origin":[5.593339,-5.72093,6.905013]},"faces":{"east":{"uv":[10.0,5.5,11.5,5.75],"rotation":0,"texture":"#0","tintindex":0},"south":{"uv":[10.0,8.5,11.25,8.75],"rotation":0,"texture":"#0","tintindex":0},"north":{"uv":[10.0,6.0,11.25,6.25],"rotation":0,"texture":"#0","tintindex":0},"west":{"uv":[10.0,5.75,11.5,6.0],"rotation":0,"texture":"#0","tintindex":0},"up":{"uv":[7.5,7.25,6.25,5.75],"rotation":0,"texture":"#0","tintindex":0},"down":{"uv":[1.25,6.5,0.0,8.0],"rotation":0,"texture":"#0","tintindex":0}}},{"from":[8.866142,-6.380371,1.8638668],"to":[10.580428,-4.094656,5.2924385],"rotation":{"angle":22.5,"axis":"x","origin":[5.3076243,-4.00904,4.0442863]},"faces":{"east":{"uv":[7.75,7.25,9.25,8.25],"rotation":0,"texture":"#0","tintindex":0},"south":{"uv":[9.25,8.25,10.0,9.25],"rotation":0,"texture":"#0","tintindex":0},"north":{"uv":[7.75,9.25,8.5,10.25],"rotation":0,"texture":"#0","tintindex":0},"west":{"uv":[7.75,8.25,9.25,9.25],"rotation":0,"texture":"#0","tintindex":0},"up":{"uv":[6.5,10.0,5.75,8.5],"rotation":0,"texture":"#0","tintindex":0},"down":{"uv":[7.25,8.5,6.5,10.0],"rotation":0,"texture":"#0","tintindex":0}}},{"from":[8.294714,-4.0294104,2.3929954],"to":[11.151857,-3.457982,4.964424],"rotation":{"angle":22.5,"axis":"x","origin":[5.3076243,-2.5152225,3.7162719]},"faces":{"east":{"uv":[10.0,9.0,11.25,9.25],"rotation":0,"texture":"#0","tintindex":0},"south":{"uv":[10.0,9.25,11.25,9.5],"rotation":0,"texture":"#0","tintindex":0},"north":{"uv":[10.0,8.75,11.25,9.0],"rotation":0,"texture":"#0","tintindex":0},"west":{"uv":[10.0,9.5,11.25,9.75],"rotation":0,"texture":"#0","tintindex":0},"up":{"uv":[4.0,8.5,2.75,7.25],"rotation":0,"texture":"#0","tintindex":0},"down":{"uv":[5.25,7.25,4.0,8.5],"rotation":0,"texture":"#0","tintindex":0}}},{"from":[8.866142,-6.6775103,4.2899594],"to":[10.580428,-4.391796,7.7185307],"rotation":{"angle":0.0,"axis":"y","origin":[5.593339,-5.72093,6.905013]},"faces":{"east":{"uv":[7.5,5.25,9.0,6.25],"rotation":0,"texture":"#0","tintindex":0},"south":{"uv":[9.25,7.25,10.0,8.25],"rotation":0,"texture":"#0","tintindex":0},"north":{"uv":[9.0,6.25,9.75,7.25],"rotation":0,"texture":"#0","tintindex":0},"west":{"uv":[7.5,6.25,9.0,7.25],"rotation":0,"texture":"#0","tintindex":0},"up":{"uv":[5.0,10.0,4.25,8.5],"rotation":0,"texture":"#0","tintindex":0},"down":{"uv":[5.75,8.5,5.0,10.0],"rotation":0,"texture":"#0","tintindex":0}}},{"from":[8.866142,-4.8447685,0.51568747],"to":[10.580428,-2.5590544,3.3728304],"rotation":{"angle":45.0,"axis":"x","origin":[5.3076243,-2.388568,1.6190791]},"faces":{"east":{"uv":[8.5,0.0,9.75,1.0],"rotation":0,"texture":"#0","tintindex":0},"south":{"uv":[9.25,9.25,10.0,10.25],"rotation":0,"texture":"#0","tintindex":0},"north":{"uv":[8.5,9.25,9.25,10.25],"rotation":0,"texture":"#0","tintindex":0},"west":{"uv":[8.5,1.0,9.75,2.0],"rotation":0,"texture":"#0","tintindex":0},"up":{"uv":[1.75,10.25,1.0,8.75],"rotation":0,"texture":"#0","tintindex":0},"down":{"uv":[2.5,8.75,1.75,10.25],"rotation":0,"texture":"#0","tintindex":0}}},{"from":[8.294714,-2.6360168,0.98720694],"to":[11.151857,-2.0645885,3.5586352],"rotation":{"angle":45.0,"axis":"x","origin":[5.3076243,-1.0369596,1.8048844]},"faces":{"east":{"uv":[10.0,10.0,11.25,10.25],"rotation":0,"texture":"#0","tintindex":0},"south":{"uv":[1.0,10.25,2.25,10.5],"rotation":0,"texture":"#0","tintindex":0},"north":{"uv":[10.0,9.75,11.25,10.0],"rotation":0,"texture":"#0","tintindex":0},"west":{"uv":[7.75,10.25,9.0,10.5],"rotation":0,"texture":"#0","tintindex":0},"up":{"uv":[6.5,8.5,5.25,7.25],"rotation":0,"texture":"#0","tintindex":0},"down":{"uv":[7.75,7.25,6.5,8.5],"rotation":0,"texture":"#0","tintindex":0}}},{"from":[8.294714,-3.3399925,7.1812],"to":[11.151857,-2.7685642,9.752628],"rotation":{"angle":-22.5,"axis":"x","origin":[5.3076243,-2.5152225,10.093754]},"faces":{"east":{"uv":[11.25,9.0,10.0,9.25],"rotation":0,"texture":"#0","tintindex":0},"south":{"uv":[11.25,8.75,10.0,9.0],"rotation":0,"texture":"#0","tintindex":0},"north":{"uv":[11.25,9.25,10.0,9.5],"rotation":0,"texture":"#0","tintindex":0},"west":{"uv":[11.25,9.5,10.0,9.75],"rotation":0,"texture":"#0","tintindex":0},"up":{"uv":[4.0,7.25,2.75,8.5],"rotation":0,"texture":"#0","tintindex":0},"down":{"uv":[5.25,8.5,4.0,7.25],"rotation":0,"texture":"#0","tintindex":0}}},{"from":[8.866142,-3.5708904,9.163318],"to":[10.580428,-1.2851763,12.020461],"rotation":{"angle":-45.0,"axis":"x","origin":[5.3076243,-2.388568,12.190947]},"faces":{"east":{"uv":[9.75,0.0,8.5,1.0],"rotation":0,"texture":"#0","tintindex":0},"south":{"uv":[9.25,9.25,8.5,10.25],"rotation":0,"texture":"#0","tintindex":0},"north":{"uv":[10.0,9.25,9.25,10.25],"rotation":0,"texture":"#0","tintindex":0},"west":{"uv":[9.75,1.0,8.5,2.0],"rotation":0,"texture":"#0","tintindex":0},"up":{"uv":[1.75,8.75,1.0,10.25],"rotation":0,"texture":"#0","tintindex":0},"down":{"uv":[2.5,10.25,1.75,8.75],"rotation":0,"texture":"#0","tintindex":0}}},{"from":[8.866142,-5.6909523,6.8531857],"to":[10.580428,-3.4052382,10.281757],"rotation":{"angle":-22.5,"axis":"x","origin":[5.3076243,-4.00904,9.765739]},"faces":{"east":{"uv":[9.25,7.25,7.75,8.25],"rotation":0,"texture":"#0","tintindex":0},"south":{"uv":[8.5,9.25,7.75,10.25],"rotation":0,"texture":"#0","tintindex":0},"north":{"uv":[10.0,8.25,9.25,9.25],"rotation":0,"texture":"#0","tintindex":0},"west":{"uv":[9.25,8.25,7.75,9.25],"rotation":0,"texture":"#0","tintindex":0},"up":{"uv":[6.5,8.5,5.75,10.0],"rotation":0,"texture":"#0","tintindex":0},"down":{"uv":[7.25,10.0,6.5,8.5],"rotation":0,"texture":"#0","tintindex":0}}},{"from":[8.294714,-1.3621397,8.977512],"to":[11.151857,-0.79071045,11.548942],"rotation":{"angle":-45.0,"axis":"x","origin":[5.3076243,-1.0369596,12.005142]},"faces":{"east":{"uv":[11.25,10.0,10.0,10.25],"rotation":0,"texture":"#0","tintindex":0},"south":{"uv":[11.25,9.75,10.0,10.0],"rotation":0,"texture":"#0","tintindex":0},"north":{"uv":[2.25,10.25,1.0,10.5],"rotation":0,"texture":"#0","tintindex":0},"west":{"uv":[9.0,10.25,7.75,10.5],"rotation":0,"texture":"#0","tintindex":0},"up":{"uv":[6.5,7.25,5.25,8.5],"rotation":0,"texture":"#0","tintindex":0},"down":{"uv":[7.75,8.5,6.5,7.25],"rotation":0,"texture":"#0","tintindex":0}}}],"display":{"head":{"translation":[0.0,-6.4,0.0],"scale":[4.0,4.0,4.0]}}}