{"textures":{"0":"modelengine:entity/anchor"},"elements":[{"from":[6.1665177,-4.093176,4.5714283],"to":[6.1665177,6.1925383,6.857143],"rotation":{"angle":0.0,"axis":"y","origin":[6.1665177,-0.6646042,5.714286]},"faces":{"east":{"uv":[4.25,0.0,5.25,4.5],"rotation":0,"texture":"#0","tintindex":0},"south":{"uv":[0.0,0.0,0.0,4.5],"rotation":0,"texture":"#0","tintindex":0},"north":{"uv":[0.0,0.0,0.0,4.5],"rotation":0,"texture":"#0","tintindex":0},"west":{"uv":[4.25,0.0,5.25,4.5],"rotation":0,"texture":"#0","tintindex":0},"up":{"uv":[0.0,1.0,0.0,0.0],"rotation":0,"texture":"#0","tintindex":0},"down":{"uv":[0.0,0.0,0.0,1.0],"rotation":0,"texture":"#0","tintindex":0}}},{"from":[1.1428566,-6.8571434,4.5714283],"to":[8.571428,-4.000001,12.0],"rotation":{"angle":0.0,"axis":"y","origin":[8.0,-6.8571434,10.857143]},"faces":{"east":{"uv":[5.25,0.0,8.5,1.25],"rotation":0,"texture":"#0","tintindex":0},"south":{"uv":[5.25,1.25,8.5,2.5],"rotation":0,"texture":"#0","tintindex":0},"north":{"uv":[3.25,4.5,6.5,5.75],"rotation":0,"texture":"#0","tintindex":0},"west":{"uv":[5.25,2.5,8.5,3.75],"rotation":0,"texture":"#0","tintindex":0},"up":{"uv":[3.25,3.25,0.0,0.0],"rotation":0,"texture":"#0","tintindex":0},"down":{"uv":[3.25,3.25,0.0,6.5],"rotation":0,"texture":"#0","tintindex":0}}}],"display":{"head":{"translation":[0.0,-6.4,0.0],"scale":[4.0,4.0,4.0]}}}