{"textures":{"0":"modelengine:entity/rpg_zombie"},"elements":[{"from":[5.428571,11.142858,5.142857],"to":[10.571428,14.0,8.0],"rotation":{"angle":-22.5,"axis":"x","origin":[6.5714283,14.571428,6.285714]},"faces":{"east":{"uv":[1.25,7.0,2.5,8.25],"rotation":0,"texture":"#0","tintindex":0},"south":{"uv":[3.5,1.25,5.75,2.5],"rotation":0,"texture":"#0","tintindex":0},"north":{"uv":[3.5,0.0,5.75,1.25],"rotation":0,"texture":"#0","tintindex":0},"west":{"uv":[6.5,7.0,7.75,8.25],"rotation":0,"texture":"#0","tintindex":0},"up":{"uv":[5.75,3.75,3.5,2.5],"rotation":0,"texture":"#0","tintindex":0},"down":{"uv":[2.25,3.75,0.0,5.0],"rotation":0,"texture":"#0","tintindex":0}}},{"from":[6.0,7.488442,6.3244224],"to":[10.0,12.059871,9.181565],"rotation":{"angle":0.0,"axis":"y","origin":[6.5714283,14.917013,7.4672794]},"faces":{"east":{"uv":[2.25,3.75,3.5,5.75],"rotation":0,"texture":"#0","tintindex":0},"south":{"uv":[1.75,0.0,3.5,2.0],"rotation":0,"texture":"#0","tintindex":0},"north":{"uv":[0.0,0.0,1.75,2.0],"rotation":0,"texture":"#0","tintindex":0},"west":{"uv":[3.5,3.75,4.75,5.75],"rotation":0,"texture":"#0","tintindex":0},"up":{"uv":[6.5,5.0,4.75,3.75],"rotation":0,"texture":"#0","tintindex":0},"down":{"uv":[1.75,5.0,0.0,6.25],"rotation":0,"texture":"#0","tintindex":0}}},{"from":[6.857143,12.857143,5.142857],"to":[9.142858,15.142858,7.428571],"rotation":{"angle":-45.0,"axis":"x","origin":[8.0,14.285715,5.714286]},"faces":{"east":{"uv":[7.5,6.0,8.5,7.0],"rotation":0,"texture":"#0","tintindex":0},"south":{"uv":[7.75,7.0,8.75,8.0],"rotation":0,"texture":"#0","tintindex":0},"north":{"uv":[7.5,5.0,8.5,6.0],"rotation":0,"texture":"#0","tintindex":0},"west":{"uv":[0.0,8.0,1.0,9.0],"rotation":0,"texture":"#0","tintindex":0},"up":{"uv":[8.75,9.0,7.75,8.0],"rotation":0,"texture":"#0","tintindex":0},"down":{"uv":[9.25,0.0,8.25,1.0],"rotation":0,"texture":"#0","tintindex":0}}}],"display":{"head":{"translation":[0.0,-6.4,0.0],"scale":[4.0,4.0,4.0]}}}