{"textures":{"0":"modelengine:entity/rpg_zombie"},"elements":[{"from":[6.0,11.095842,6.0443106],"to":[10.0,11.095842,8.330025],"rotation":{"angle":-22.5,"axis":"x","origin":[8.0,11.095842,7.1871676]},"faces":{"east":{"uv":[0.0,0.0,1.0,0.0],"rotation":0,"texture":"#0","tintindex":0},"south":{"uv":[0.0,0.0,1.75,0.0],"rotation":0,"texture":"#0","tintindex":0},"north":{"uv":[0.0,0.0,1.75,0.0],"rotation":0,"texture":"#0","tintindex":0},"west":{"uv":[0.0,0.0,1.0,0.0],"rotation":0,"texture":"#0","tintindex":0},"up":{"uv":[7.5,3.5,5.75,2.5],"rotation":0,"texture":"#0","tintindex":0},"down":{"uv":[6.5,6.25,4.75,7.25],"rotation":0,"texture":"#0","tintindex":0}}},{"from":[10.327486,9.00976,4.9882298],"to":[10.327486,10.724046,7.8453727],"rotation":{"angle":22.5,"axis":"z","origin":[10.327486,9.866902,6.9882298]},"faces":{"east":{"uv":[8.25,1.0,9.5,1.75],"rotation":0,"texture":"#0","tintindex":0},"south":{"uv":[0.0,0.0,0.0,0.75],"rotation":0,"texture":"#0","tintindex":0},"north":{"uv":[0.0,0.0,0.0,0.75],"rotation":0,"texture":"#0","tintindex":0},"west":{"uv":[8.5,3.75,9.75,4.5],"rotation":0,"texture":"#0","tintindex":0},"up":{"uv":[0.0,1.25,0.0,0.0],"rotation":0,"texture":"#0","tintindex":0},"down":{"uv":[0.0,0.0,0.0,1.25],"rotation":0,"texture":"#0","tintindex":0}}},{"from":[6.0,7.801875,4.9882298],"to":[10.0,10.6590185,8.98823],"rotation":{"angle":0.0,"axis":"y","origin":[6.5714283,-7.6266966,7.273944]},"faces":{"east":{"uv":[5.75,0.0,7.5,1.25],"rotation":0,"texture":"#0","tintindex":0},"south":{"uv":[5.75,1.25,7.5,2.5],"rotation":0,"texture":"#0","tintindex":0},"north":{"uv":[4.75,5.0,6.5,6.25],"rotation":0,"texture":"#0","tintindex":0},"west":{"uv":[1.75,5.75,3.5,7.0],"rotation":0,"texture":"#0","tintindex":0},"up":{"uv":[1.75,3.75,0.0,2.0],"rotation":0,"texture":"#0","tintindex":0},"down":{"uv":[3.5,2.0,1.75,3.75],"rotation":0,"texture":"#0","tintindex":0}}},{"from":[5.7804914,7.9343762,6.652712],"to":[5.7804914,10.220091,8.366998],"rotation":{"angle":-22.5,"axis":"z","origin":[5.5626473,9.603156,7.559658]},"faces":{"east":{"uv":[8.5,6.0,9.25,7.0],"rotation":0,"texture":"#0","tintindex":0},"south":{"uv":[0.0,0.0,0.0,1.0],"rotation":0,"texture":"#0","tintindex":0},"north":{"uv":[0.0,0.0,0.0,1.0],"rotation":0,"texture":"#0","tintindex":0},"west":{"uv":[2.75,8.75,3.5,9.75],"rotation":0,"texture":"#0","tintindex":0},"up":{"uv":[0.0,0.75,0.0,0.0],"rotation":0,"texture":"#0","tintindex":0},"down":{"uv":[0.0,0.0,0.0,0.75],"rotation":0,"texture":"#0","tintindex":0}}},{"from":[5.759575,8.373303,6.768356],"to":[6.3310037,10.087589,7.9112134],"rotation":{"angle":-22.5,"axis":"y","origin":[6.045289,9.230447,7.3397846]},"faces":{"east":{"uv":[1.75,5.0,2.25,5.75],"rotation":0,"texture":"#0","tintindex":0},"south":{"uv":[7.25,10.0,7.5,10.75],"rotation":0,"texture":"#0","tintindex":0},"north":{"uv":[6.5,10.0,6.75,10.75],"rotation":0,"texture":"#0","tintindex":0},"west":{"uv":[1.25,6.25,1.75,7.0],"rotation":0,"texture":"#0","tintindex":0},"up":{"uv":[3.5,7.5,3.25,7.0],"rotation":0,"texture":"#0","tintindex":0},"down":{"uv":[2.25,8.25,2.0,8.75],"rotation":0,"texture":"#0","tintindex":0}}},{"from":[9.451509,8.373303,7.8617373],"to":[10.022938,10.087589,9.004595],"rotation":{"angle":22.5,"axis":"y","origin":[7.0975676,9.230447,7.3397846]},"faces":{"east":{"uv":[1.75,6.25,1.25,7.0],"rotation":0,"texture":"#0","tintindex":0},"south":{"uv":[7.5,10.0,7.25,10.75],"rotation":0,"texture":"#0","tintindex":0},"north":{"uv":[6.75,10.0,6.5,10.75],"rotation":0,"texture":"#0","tintindex":0},"west":{"uv":[2.25,5.0,1.75,5.75],"rotation":0,"texture":"#0","tintindex":0},"up":{"uv":[3.25,7.5,3.5,7.0],"rotation":0,"texture":"#0","tintindex":0},"down":{"uv":[2.0,8.25,2.25,8.75],"rotation":0,"texture":"#0","tintindex":0}}},{"from":[6.5714283,7.8423834,5.2075005],"to":[9.428572,8.413812,6.9217863],"rotation":{"angle":-22.5,"axis":"x","origin":[7.428571,7.5566688,6.636072]},"faces":{"east":{"uv":[5.75,3.5,6.5,3.75],"rotation":0,"texture":"#0","tintindex":0},"south":{"uv":[10.0,6.0,11.25,6.25],"rotation":0,"texture":"#0","tintindex":0},"north":{"uv":[5.25,10.0,6.5,10.25],"rotation":0,"texture":"#0","tintindex":0},"west":{"uv":[10.0,6.25,10.75,6.5],"rotation":0,"texture":"#0","tintindex":0},"up":{"uv":[9.75,5.25,8.5,4.5],"rotation":0,"texture":"#0","tintindex":0},"down":{"uv":[9.75,5.25,8.5,6.0],"rotation":0,"texture":"#0","tintindex":0}}},{"from":[7.428571,7.714286,4.8571424],"to":[8.571428,8.285714,5.428571],"rotation":{"angle":22.5,"axis":"x","origin":[6.5714283,8.0,5.142857]},"faces":{"east":{"uv":[1.0,8.0,1.25,8.25],"rotation":0,"texture":"#0","tintindex":0},"south":{"uv":[4.25,8.75,4.75,9.0],"rotation":0,"texture":"#0","tintindex":0},"north":{"uv":[4.25,8.5,4.75,8.75],"rotation":0,"texture":"#0","tintindex":0},"west":{"uv":[0.75,9.0,1.0,9.25],"rotation":0,"texture":"#0","tintindex":0},"up":{"uv":[10.5,6.75,10.0,6.5],"rotation":0,"texture":"#0","tintindex":0},"down":{"uv":[8.0,10.0,7.5,10.25],"rotation":0,"texture":"#0","tintindex":0}}},{"from":[6.0,8.199213,5.437269],"to":[10.0,9.913499,5.437269],"rotation":{"angle":0.0,"axis":"y","origin":[6.5714283,8.0,8.0]},"faces":{"east":{"uv":[10.5,0.0,10.5,0.75],"rotation":0,"texture":"#0","tintindex":0},"south":{"uv":[10.5,0.0,12.5,0.75],"rotation":0,"texture":"#0","tintindex":0},"north":{"uv":[10.5,0.0,12.5,0.75],"rotation":0,"texture":"#0","tintindex":0},"west":{"uv":[10.5,0.0,10.5,0.75],"rotation":0,"texture":"#0","tintindex":0},"up":{"uv":[10.5,0.0,12.25,0.0],"rotation":0,"texture":"#0","tintindex":0},"down":{"uv":[10.5,0.0,12.25,0.0],"rotation":0,"texture":"#0","tintindex":0}}},{"from":[6.0,8.199213,5.037269],"to":[6.0,9.913499,5.437269],"rotation":{"angle":0.0,"axis":"y","origin":[6.5714283,8.0,8.0]},"faces":{"east":{"uv":[10.5,0.0,10.75,0.75],"rotation":0,"texture":"#0","tintindex":0},"south":{"uv":[10.5,0.0,10.5,0.75],"rotation":0,"texture":"#0","tintindex":0},"north":{"uv":[10.5,0.0,10.5,0.75],"rotation":0,"texture":"#0","tintindex":0},"west":{"uv":[13.0,0.0,13.25,0.75],"rotation":0,"texture":"#0","tintindex":0},"up":{"uv":[10.5,0.0,10.5,0.25],"rotation":0,"texture":"#0","tintindex":0},"down":{"uv":[10.5,0.0,10.5,0.25],"rotation":0,"texture":"#0","tintindex":0}}},{"from":[10.0,8.199213,5.037269],"to":[10.0,9.913499,5.437269],"rotation":{"angle":0.0,"axis":"y","origin":[6.5714283,8.0,8.0]},"faces":{"east":{"uv":[13.0,0.0,13.25,0.75],"rotation":0,"texture":"#0","tintindex":0},"south":{"uv":[10.5,0.0,10.5,0.75],"rotation":0,"texture":"#0","tintindex":0},"north":{"uv":[10.5,0.0,10.5,0.75],"rotation":0,"texture":"#0","tintindex":0},"west":{"uv":[10.5,0.0,10.75,0.75],"rotation":0,"texture":"#0","tintindex":0},"up":{"uv":[10.5,0.0,10.5,0.25],"rotation":0,"texture":"#0","tintindex":0},"down":{"uv":[10.5,0.0,10.5,0.25],"rotation":0,"texture":"#0","tintindex":0}}},{"from":[6.0,9.913499,5.037269],"to":[10.0,9.913499,5.437269],"rotation":{"angle":0.0,"axis":"y","origin":[6.5714283,8.0,8.0]},"faces":{"east":{"uv":[10.5,0.0,10.75,0.0],"rotation":0,"texture":"#0","tintindex":0},"south":{"uv":[10.5,0.0,12.25,0.0],"rotation":0,"texture":"#0","tintindex":0},"north":{"uv":[10.5,0.0,12.25,0.0],"rotation":0,"texture":"#0","tintindex":0},"west":{"uv":[10.5,0.0,10.75,0.0],"rotation":0,"texture":"#0","tintindex":0},"up":{"uv":[10.5,0.0,12.25,0.25],"rotation":0,"texture":"#0","tintindex":0},"down":{"uv":[10.5,0.0,12.25,0.25],"rotation":0,"texture":"#0","tintindex":0}}},{"from":[6.0,8.199213,5.037269],"to":[10.0,8.199213,5.437269],"rotation":{"angle":0.0,"axis":"y","origin":[6.5714283,8.0,8.0]},"faces":{"east":{"uv":[10.5,0.0,10.75,0.0],"rotation":0,"texture":"#0","tintindex":0},"south":{"uv":[10.5,0.0,12.25,0.0],"rotation":0,"texture":"#0","tintindex":0},"north":{"uv":[10.5,0.0,12.25,0.0],"rotation":0,"texture":"#0","tintindex":0},"west":{"uv":[10.5,0.0,10.75,0.0],"rotation":0,"texture":"#0","tintindex":0},"up":{"uv":[10.5,0.0,12.25,0.25],"rotation":0,"texture":"#0","tintindex":0},"down":{"uv":[10.5,0.0,12.25,0.25],"rotation":0,"texture":"#0","tintindex":0}}}],"display":{"head":{"translation":[0.0,-6.4,0.0],"scale":[4.0,4.0,4.0]}}}