{"textures":{"0":"modelengine:entity/rpg_zombie"},"elements":[{"from":[7.142857,6.5714283,6.0],"to":[10.0,7.714286,8.285714],"rotation":{"angle":-22.5,"axis":"x","origin":[8.0,7.428571,7.428571]},"faces":{"east":{"uv":[9.75,4.0,10.75,4.5],"rotation":0,"texture":"#0","tintindex":0},"south":{"uv":[9.25,0.0,10.5,0.5],"rotation":0,"texture":"#0","tintindex":0},"north":{"uv":[8.0,9.0,9.25,9.5],"rotation":0,"texture":"#0","tintindex":0},"west":{"uv":[4.25,9.75,5.25,10.25],"rotation":0,"texture":"#0","tintindex":0},"up":{"uv":[8.75,2.75,7.5,1.75],"rotation":0,"texture":"#0","tintindex":0},"down":{"uv":[8.75,2.75,7.5,3.75],"rotation":0,"texture":"#0","tintindex":0}}}],"display":{"head":{"translation":[0.0,-6.4,0.0],"scale":[4.0,4.0,4.0]}}}