{"textures":{"0":"modelengine:entity/rpg_zombie"},"elements":[{"from":[7.0857973,5.7248583,6.285714],"to":[8.800083,8.010573,8.0],"rotation":{"angle":0.0,"axis":"y","origin":[9.942941,-2.2751417,4.5714283]},"faces":{"east":{"uv":[8.75,7.0,9.5,8.0],"rotation":0,"texture":"#0","tintindex":0},"south":{"uv":[8.75,8.0,9.5,9.0],"rotation":0,"texture":"#0","tintindex":0},"north":{"uv":[3.5,8.75,4.25,9.75],"rotation":0,"texture":"#0","tintindex":0},"west":{"uv":[0.0,9.0,0.75,10.0],"rotation":0,"texture":"#0","tintindex":0},"up":{"uv":[10.0,9.75,9.25,9.0],"rotation":0,"texture":"#0","tintindex":0},"down":{"uv":[10.25,1.0,9.5,1.75],"rotation":0,"texture":"#0","tintindex":0}}},{"from":[7.0857973,4.010573,6.285714],"to":[8.228655,5.7248583,8.0],"rotation":{"angle":0.0,"axis":"y","origin":[9.942941,-2.2751417,4.5714283]},"faces":{"east":{"uv":[9.5,1.75,10.25,2.5],"rotation":0,"texture":"#0","tintindex":0},"south":{"uv":[9.25,9.75,9.75,10.5],"rotation":0,"texture":"#0","tintindex":0},"north":{"uv":[7.25,8.25,7.75,9.0],"rotation":0,"texture":"#0","tintindex":0},"west":{"uv":[9.5,6.75,10.25,7.5],"rotation":0,"texture":"#0","tintindex":0},"up":{"uv":[10.25,10.5,9.75,9.75],"rotation":0,"texture":"#0","tintindex":0},"down":{"uv":[0.5,10.0,0.0,10.75],"rotation":0,"texture":"#0","tintindex":0}}}],"display":{"head":{"translation":[0.0,-6.4,0.0],"scale":[4.0,4.0,4.0]}}}