{"textures":{"0":"modelengine:entity/rpg_zombie"},"elements":[{"from":[7.142857,6.0,6.857143],"to":[8.285714,8.285714,9.142858],"rotation":{"angle":-22.5,"axis":"z","origin":[7.714286,6.857143,8.0]},"faces":{"east":{"uv":[1.0,8.25,2.0,9.25],"rotation":0,"texture":"#0","tintindex":0},"south":{"uv":[6.75,9.25,7.25,10.25],"rotation":0,"texture":"#0","tintindex":0},"north":{"uv":[4.25,7.5,4.75,8.5],"rotation":0,"texture":"#0","tintindex":0},"west":{"uv":[6.25,8.25,7.25,9.25],"rotation":0,"texture":"#0","tintindex":0},"up":{"uv":[9.25,10.5,8.75,9.5],"rotation":0,"texture":"#0","tintindex":0},"down":{"uv":[2.0,9.75,1.5,10.75],"rotation":0,"texture":"#0","tintindex":0}}},{"from":[8.285714,7.714286,6.857143],"to":[8.857143,8.285714,8.0],"rotation":{"angle":-22.5,"axis":"z","origin":[7.714286,6.857143,8.0]},"faces":{"east":{"uv":[10.0,9.0,10.5,9.25],"rotation":0,"texture":"#0","tintindex":0},"south":{"uv":[9.25,6.75,9.5,7.0],"rotation":0,"texture":"#0","tintindex":0},"north":{"uv":[6.0,9.0,6.25,9.25],"rotation":0,"texture":"#0","tintindex":0},"west":{"uv":[10.0,9.25,10.5,9.5],"rotation":0,"texture":"#0","tintindex":0},"up":{"uv":[2.5,8.75,2.25,8.25],"rotation":0,"texture":"#0","tintindex":0},"down":{"uv":[9.75,2.5,9.5,3.0],"rotation":0,"texture":"#0","tintindex":0}}},{"from":[8.285714,6.0,6.857143],"to":[8.857143,7.142857,9.142858],"rotation":{"angle":-22.5,"axis":"z","origin":[7.714286,6.857143,8.0]},"faces":{"east":{"uv":[9.75,4.5,10.75,5.0],"rotation":0,"texture":"#0","tintindex":0},"south":{"uv":[10.25,1.5,10.5,2.0],"rotation":0,"texture":"#0","tintindex":0},"north":{"uv":[10.25,1.0,10.5,1.5],"rotation":0,"texture":"#0","tintindex":0},"west":{"uv":[9.75,5.0,10.75,5.5],"rotation":0,"texture":"#0","tintindex":0},"up":{"uv":[6.5,8.25,6.25,7.25],"rotation":0,"texture":"#0","tintindex":0},"down":{"uv":[0.75,10.0,0.5,11.0],"rotation":0,"texture":"#0","tintindex":0}}}],"display":{"head":{"translation":[0.0,-6.4,0.0],"scale":[4.0,4.0,4.0]}}}