{"textures":{"0":"modelengine:entity/rpg_zombie"},"elements":[{"from":[7.142857,6.285714,8.0],"to":[8.857143,8.0,10.285714],"rotation":{"angle":0.0,"axis":"y","origin":[8.0,3.4285712,6.857143]},"faces":{"east":{"uv":[8.75,3.0,9.75,3.75],"rotation":0,"texture":"#0","tintindex":0},"south":{"uv":[8.0,9.5,8.75,10.25],"rotation":0,"texture":"#0","tintindex":0},"north":{"uv":[9.5,7.5,10.25,8.25],"rotation":0,"texture":"#0","tintindex":0},"west":{"uv":[4.25,9.0,5.25,9.75],"rotation":0,"texture":"#0","tintindex":0},"up":{"uv":[6.0,10.0,5.25,9.0],"rotation":0,"texture":"#0","tintindex":0},"down":{"uv":[8.0,9.0,7.25,10.0],"rotation":0,"texture":"#0","tintindex":0}}},{"from":[7.142857,4.5714283,8.0],"to":[8.857143,6.285714,9.714286],"rotation":{"angle":0.0,"axis":"y","origin":[8.0,3.4285712,6.857143]},"faces":{"east":{"uv":[0.75,9.75,1.5,10.5],"rotation":0,"texture":"#0","tintindex":0},"south":{"uv":[9.75,2.5,10.5,3.25],"rotation":0,"texture":"#0","tintindex":0},"north":{"uv":[9.5,8.25,10.25,9.0],"rotation":0,"texture":"#0","tintindex":0},"west":{"uv":[2.75,9.75,3.5,10.5],"rotation":0,"texture":"#0","tintindex":0},"up":{"uv":[10.5,4.0,9.75,3.25],"rotation":0,"texture":"#0","tintindex":0},"down":{"uv":[4.25,9.75,3.5,10.5],"rotation":0,"texture":"#0","tintindex":0}}}],"display":{"head":{"translation":[0.0,-6.4,0.0],"scale":[4.0,4.0,4.0]}}}