{"textures":{"0":"modelengine:entity/rpg_zombie"},"elements":[{"from":[6.285714,4.5714283,7.142857],"to":[8.0,8.571428,8.857143],"rotation":{"angle":0.0,"axis":"y","origin":[9.142858,-5.714287,5.428571]},"faces":{"east":{"uv":[4.75,7.25,5.5,9.0],"rotation":0,"texture":"#0","tintindex":0},"south":{"uv":[5.5,7.25,6.25,9.0],"rotation":0,"texture":"#0","tintindex":0},"north":{"uv":[2.5,7.0,3.25,8.75],"rotation":0,"texture":"#0","tintindex":0},"west":{"uv":[7.5,0.0,8.25,1.75],"rotation":0,"texture":"#0","tintindex":0},"up":{"uv":[6.75,10.0,6.0,9.25],"rotation":0,"texture":"#0","tintindex":0},"down":{"uv":[10.0,6.0,9.25,6.75],"rotation":0,"texture":"#0","tintindex":0}}}],"display":{"head":{"translation":[0.0,-6.4,0.0],"scale":[4.0,4.0,4.0]}}}