{"textures":{"0":"modelengine:entity/rpg_zombie"},"elements":[{"from":[7.142857,6.857143,5.714286],"to":[8.857143,8.0,8.571428],"rotation":{"angle":0.0,"axis":"y","origin":[8.0,6.857143,5.714286]},"faces":{"east":{"uv":[9.25,0.5,10.5,1.0],"rotation":0,"texture":"#0","tintindex":0},"south":{"uv":[2.0,10.0,2.75,10.5],"rotation":0,"texture":"#0","tintindex":0},"north":{"uv":[9.75,5.5,10.5,6.0],"rotation":0,"texture":"#0","tintindex":0},"west":{"uv":[0.75,9.25,2.0,9.75],"rotation":0,"texture":"#0","tintindex":0},"up":{"uv":[9.5,3.0,8.75,1.75],"rotation":0,"texture":"#0","tintindex":0},"down":{"uv":[2.75,8.75,2.0,10.0],"rotation":0,"texture":"#0","tintindex":0}}}],"display":{"head":{"translation":[0.0,-6.4,0.0],"scale":[4.0,4.0,4.0]}}}