{"textures":{"0":"modelengine:entity/rpg_zombie"},"elements":[{"from":[8.0,4.5714283,7.142857],"to":[9.714286,8.571428,8.857143],"rotation":{"angle":0.0,"axis":"y","origin":[6.857143,-5.714287,5.428571]},"faces":{"east":{"uv":[8.25,0.0,7.5,1.75],"rotation":0,"texture":"#0","tintindex":0},"south":{"uv":[6.25,7.25,5.5,9.0],"rotation":0,"texture":"#0","tintindex":0},"north":{"uv":[3.25,7.0,2.5,8.75],"rotation":0,"texture":"#0","tintindex":0},"west":{"uv":[5.5,7.25,4.75,9.0],"rotation":0,"texture":"#0","tintindex":0},"up":{"uv":[6.0,10.0,6.75,9.25],"rotation":0,"texture":"#0","tintindex":0},"down":{"uv":[9.25,6.0,10.0,6.75],"rotation":0,"texture":"#0","tintindex":0}}}],"display":{"head":{"translation":[0.0,-6.4,0.0],"scale":[4.0,4.0,4.0]}}}