{"textures":{"0":"modelengine:entity/rpg_zombie"},"elements":[{"from":[7.199917,5.7248583,6.285714],"to":[8.914203,8.010573,8.0],"rotation":{"angle":0.0,"axis":"y","origin":[6.05706,-2.2751417,4.5714283]},"faces":{"east":{"uv":[0.75,9.0,0.0,10.0],"rotation":0,"texture":"#0","tintindex":0},"south":{"uv":[9.5,8.0,8.75,9.0],"rotation":0,"texture":"#0","tintindex":0},"north":{"uv":[4.25,8.75,3.5,9.75],"rotation":0,"texture":"#0","tintindex":0},"west":{"uv":[9.5,7.0,8.75,8.0],"rotation":0,"texture":"#0","tintindex":0},"up":{"uv":[9.25,9.75,10.0,9.0],"rotation":0,"texture":"#0","tintindex":0},"down":{"uv":[9.5,1.0,10.25,1.75],"rotation":0,"texture":"#0","tintindex":0}}},{"from":[7.771345,4.010573,6.285714],"to":[8.914203,5.7248583,8.0],"rotation":{"angle":0.0,"axis":"y","origin":[6.05706,-2.2751417,4.5714283]},"faces":{"east":{"uv":[10.25,6.75,9.5,7.5],"rotation":0,"texture":"#0","tintindex":0},"south":{"uv":[9.75,9.75,9.25,10.5],"rotation":0,"texture":"#0","tintindex":0},"north":{"uv":[7.75,8.25,7.25,9.0],"rotation":0,"texture":"#0","tintindex":0},"west":{"uv":[10.25,1.75,9.5,2.5],"rotation":0,"texture":"#0","tintindex":0},"up":{"uv":[9.75,10.5,10.25,9.75],"rotation":0,"texture":"#0","tintindex":0},"down":{"uv":[0.0,10.0,0.5,10.75],"rotation":0,"texture":"#0","tintindex":0}}}],"display":{"head":{"translation":[0.0,-6.4,0.0],"scale":[4.0,4.0,4.0]}}}