{"textures":{"0":"modelengine:entity/rpg_zombie"},"elements":[{"from":[6.857143,4.5714283,6.857143],"to":[9.142858,8.571428,9.714286],"rotation":{"angle":0.0,"axis":"y","origin":[8.0,0.0,5.714286]},"faces":{"east":{"uv":[1.25,6.25,0.0,8.0],"rotation":0,"texture":"#0","tintindex":0},"south":{"uv":[7.5,5.25,6.5,7.0],"rotation":0,"texture":"#0","tintindex":0},"north":{"uv":[7.5,3.5,6.5,5.25],"rotation":0,"texture":"#0","tintindex":0},"west":{"uv":[4.75,5.75,3.5,7.5],"rotation":0,"texture":"#0","tintindex":0},"up":{"uv":[3.25,8.75,4.25,7.5],"rotation":0,"texture":"#0","tintindex":0},"down":{"uv":[7.5,3.75,8.5,5.0],"rotation":0,"texture":"#0","tintindex":0}}}],"display":{"head":{"translation":[0.0,-6.4,0.0],"scale":[4.0,4.0,4.0]}}}