{"textures":{"0":"modelengine:entity/rpg_zombie"},"elements":[{"from":[7.142857,6.285714,8.0],"to":[8.857143,8.0,10.285714],"rotation":{"angle":0.0,"axis":"y","origin":[8.0,3.4285712,6.857143]},"faces":{"east":{"uv":[5.25,9.0,4.25,9.75],"rotation":0,"texture":"#0","tintindex":0},"south":{"uv":[8.75,9.5,8.0,10.25],"rotation":0,"texture":"#0","tintindex":0},"north":{"uv":[10.25,7.5,9.5,8.25],"rotation":0,"texture":"#0","tintindex":0},"west":{"uv":[9.75,3.0,8.75,3.75],"rotation":0,"texture":"#0","tintindex":0},"up":{"uv":[5.25,10.0,6.0,9.0],"rotation":0,"texture":"#0","tintindex":0},"down":{"uv":[7.25,9.0,8.0,10.0],"rotation":0,"texture":"#0","tintindex":0}}},{"from":[7.142857,4.5714283,8.0],"to":[8.857143,6.285714,9.714286],"rotation":{"angle":0.0,"axis":"y","origin":[8.0,3.4285712,6.857143]},"faces":{"east":{"uv":[3.5,9.75,2.75,10.5],"rotation":0,"texture":"#0","tintindex":0},"south":{"uv":[10.5,2.5,9.75,3.25],"rotation":0,"texture":"#0","tintindex":0},"north":{"uv":[10.25,8.25,9.5,9.0],"rotation":0,"texture":"#0","tintindex":0},"west":{"uv":[1.5,9.75,0.75,10.5],"rotation":0,"texture":"#0","tintindex":0},"up":{"uv":[9.75,4.0,10.5,3.25],"rotation":0,"texture":"#0","tintindex":0},"down":{"uv":[3.5,9.75,4.25,10.5],"rotation":0,"texture":"#0","tintindex":0}}}],"display":{"head":{"translation":[0.0,-6.4,0.0],"scale":[4.0,4.0,4.0]}}}