{"textures":{"0":"modelengine:entity/viking_decor3","2":"modelengine:entity/viking_axe","3":"modelengine:entity/viking_shield2"},"elements":[{"from":[2.8571424,9.918835,15.114286],"to":[4.0,16.775978,16.828571],"rotation":{"angle":22.5,"axis":"z","origin":[3.0,13.775977,7.9714284]},"faces":{"east":{"uv":[6.375,6.25,6.75,7.75],"rotation":0,"texture":"#0","tintindex":0},"south":{"uv":[1.0,6.5,1.25,8.0],"rotation":0,"texture":"#0","tintindex":0},"north":{"uv":[1.25,6.5,1.5,8.0],"rotation":0,"texture":"#0","tintindex":0},"west":{"uv":[6.0,6.25,6.375,7.75],"rotation":0,"texture":"#0","tintindex":0},"up":{"uv":[6.875,4.0,7.125,4.375],"rotation":0,"texture":"#0","tintindex":0},"down":{"uv":[6.875,4.75,7.125,4.375],"rotation":0,"texture":"#0","tintindex":0}}},{"from":[2.2857141,9.347405,-0.88571453],"to":[14.857143,10.490263,16.828571],"rotation":{"angle":0.0,"axis":"y","origin":[8.0,4.2045484,8.257143]},"faces":{"east":{"uv":[6.0,5.5,9.875,5.75],"rotation":0,"texture":"#0","tintindex":0},"south":{"uv":[0.75,6.25,3.5,6.5],"rotation":0,"texture":"#0","tintindex":0},"north":{"uv":[6.0,6.0,8.75,6.25],"rotation":0,"texture":"#0","tintindex":0},"west":{"uv":[6.0,5.75,9.875,6.0],"rotation":0,"texture":"#0","tintindex":0},"up":{"uv":[2.75,3.875,0.0,0.0],"rotation":0,"texture":"#0","tintindex":0},"down":{"uv":[2.75,0.0,0.0,3.875],"rotation":0,"texture":"#0","tintindex":0}}},{"from":[12.0,7.0616913,-11.742857],"to":[13.714286,9.347405,16.828571],"rotation":{"angle":0.0,"axis":"y","origin":[8.0,4.2045484,8.257143]},"faces":{"east":{"uv":[0.0,3.875,6.25,4.375],"rotation":0,"texture":"#0","tintindex":0},"south":{"uv":[3.0,6.5,3.375,7.0],"rotation":0,"texture":"#0","tintindex":0},"north":{"uv":[2.625,6.5,3.0,7.0],"rotation":0,"texture":"#0","tintindex":0},"west":{"uv":[0.0,4.375,6.25,4.875],"rotation":0,"texture":"#0","tintindex":0},"up":{"uv":[0.375,11.75,0.0,5.5],"rotation":0,"texture":"#0","tintindex":0},"down":{"uv":[0.75,5.5,0.375,11.75],"rotation":0,"texture":"#0","tintindex":0}}},{"from":[3.4285712,7.0616913,-11.742857],"to":[5.142857,9.347405,16.828571],"rotation":{"angle":0.0,"axis":"y","origin":[9.142858,4.2045484,8.257143]},"faces":{"east":{"uv":[6.25,4.375,0.0,4.875],"rotation":0,"texture":"#0","tintindex":0},"south":{"uv":[3.375,6.5,3.0,7.0],"rotation":0,"texture":"#0","tintindex":0},"north":{"uv":[3.0,6.5,2.625,7.0],"rotation":0,"texture":"#0","tintindex":0},"west":{"uv":[6.25,3.875,0.0,4.375],"rotation":0,"texture":"#0","tintindex":0},"up":{"uv":[0.0,11.75,0.375,5.5],"rotation":0,"texture":"#0","tintindex":0},"down":{"uv":[0.375,5.5,0.75,11.75],"rotation":0,"texture":"#0","tintindex":0}}},{"from":[1.7142854,6.4902625,7.1142855],"to":[15.428572,9.347405,8.828571],"rotation":{"angle":0.0,"axis":"y","origin":[8.0,4.2045484,8.257143]},"faces":{"east":{"uv":[1.875,6.5,2.25,7.125],"rotation":0,"texture":"#0","tintindex":0},"south":{"uv":[5.5,2.375,8.5,3.0],"rotation":0,"texture":"#0","tintindex":0},"north":{"uv":[5.5,1.75,8.5,2.375],"rotation":0,"texture":"#0","tintindex":0},"west":{"uv":[2.25,6.5,2.625,7.125],"rotation":0,"texture":"#0","tintindex":0},"up":{"uv":[8.5,3.375,5.5,3.0],"rotation":0,"texture":"#0","tintindex":0},"down":{"uv":[8.5,3.375,5.5,3.75],"rotation":0,"texture":"#0","tintindex":0}}},{"from":[15.428572,7.0616913,7.1142855],"to":[17.714287,8.775977,8.828571],"rotation":{"angle":0.0,"axis":"y","origin":[8.0,4.2045484,8.257143]},"faces":{"east":{"uv":[6.75,6.25,7.125,6.625],"rotation":0,"texture":"#0","tintindex":0},"south":{"uv":[4.5,6.75,5.0,7.125],"rotation":0,"texture":"#0","tintindex":0},"north":{"uv":[4.0,6.75,4.5,7.125],"rotation":0,"texture":"#0","tintindex":0},"west":{"uv":[6.75,6.625,7.125,7.0],"rotation":0,"texture":"#0","tintindex":0},"up":{"uv":[5.5,7.125,5.0,6.75],"rotation":0,"texture":"#0","tintindex":0},"down":{"uv":[6.0,6.75,5.5,7.125],"rotation":0,"texture":"#0","tintindex":0}}},{"from":[-0.57142925,7.0616913,7.1142855],"to":[1.7142854,8.775977,8.828571],"rotation":{"angle":0.0,"axis":"y","origin":[9.142858,4.2045484,8.257143]},"faces":{"east":{"uv":[7.125,6.625,6.75,7.0],"rotation":0,"texture":"#0","tintindex":0},"south":{"uv":[5.0,6.75,4.5,7.125],"rotation":0,"texture":"#0","tintindex":0},"north":{"uv":[4.5,6.75,4.0,7.125],"rotation":0,"texture":"#0","tintindex":0},"west":{"uv":[7.125,6.25,6.75,6.625],"rotation":0,"texture":"#0","tintindex":0},"up":{"uv":[5.0,7.125,5.5,6.75],"rotation":0,"texture":"#0","tintindex":0},"down":{"uv":[5.5,6.75,6.0,7.125],"rotation":0,"texture":"#0","tintindex":0}}},{"from":[1.7142854,9.918835,-1.4571428],"to":[15.428572,13.347406,-0.88571453],"rotation":{"angle":0.0,"axis":"y","origin":[8.0,4.2045484,8.257143]},"faces":{"east":{"uv":[3.375,6.5,3.5,7.25],"rotation":0,"texture":"#0","tintindex":0},"south":{"uv":[0.75,5.5,3.75,6.25],"rotation":0,"texture":"#0","tintindex":0},"north":{"uv":[5.5,0.0,8.5,0.75],"rotation":0,"texture":"#0","tintindex":0},"west":{"uv":[2.625,7.0,2.75,7.75],"rotation":0,"texture":"#0","tintindex":0},"up":{"uv":[8.5,3.875,5.5,3.75],"rotation":0,"texture":"#0","tintindex":0},"down":{"uv":[9.25,3.875,6.25,4.0],"rotation":0,"texture":"#0","tintindex":0}}},{"from":[-0.41549683,2.5239124,10.611429],"to":[0.5673609,10.38677,18.474285],"rotation":{"angle":22.5,"axis":"z","origin":[-19.341658,13.660439,7.6857142]},"faces":{"east":{"uv":[0.0,0.0,7.0,7.0],"rotation":0,"texture":"#3","tintindex":0},"south":{"uv":[7.0,0.0,8.0,7.0],"rotation":0,"texture":"#3","tintindex":0},"north":{"uv":[7.0,7.0,8.0,14.0],"rotation":0,"texture":"#3","tintindex":0},"west":{"uv":[0.0,7.0,7.0,14.0],"rotation":0,"texture":"#3","tintindex":0},"up":{"uv":[15.0,1.0,8.0,0.0],"rotation":90,"texture":"#3","tintindex":0},"down":{"uv":[15.0,1.0,8.0,2.0],"rotation":270,"texture":"#3","tintindex":0}}},{"from":[-0.9069252,5.2267694,13.068571],"to":[-0.41549683,8.175341,16.017143],"rotation":{"angle":22.5,"axis":"z","origin":[-19.341658,13.660439,7.6857142]},"faces":{"east":{"uv":[8.0,2.0,10.5,4.5],"rotation":0,"texture":"#3","tintindex":0},"south":{"uv":[8.0,7.0,8.5,9.5],"rotation":0,"texture":"#3","tintindex":0},"north":{"uv":[8.5,7.0,9.0,9.5],"rotation":0,"texture":"#3","tintindex":0},"west":{"uv":[8.0,4.5,10.5,7.0],"rotation":0,"texture":"#3","tintindex":0},"up":{"uv":[11.5,7.5,9.0,7.0],"rotation":90,"texture":"#3","tintindex":0},"down":{"uv":[11.5,7.5,9.0,8.0],"rotation":270,"texture":"#3","tintindex":0}}},{"from":[-0.9069252,5.2267694,2.2114282],"to":[-0.41549683,8.175341,5.16],"rotation":{"angle":22.5,"axis":"z","origin":[-19.341658,13.660439,7.6857142]},"faces":{"east":{"uv":[8.0,2.0,10.5,4.5],"rotation":0,"texture":"#3","tintindex":0},"south":{"uv":[8.0,7.0,8.5,9.5],"rotation":0,"texture":"#3","tintindex":0},"north":{"uv":[8.5,7.0,9.0,9.5],"rotation":0,"texture":"#3","tintindex":0},"west":{"uv":[8.0,4.5,10.5,7.0],"rotation":0,"texture":"#3","tintindex":0},"up":{"uv":[11.5,7.5,9.0,7.0],"rotation":90,"texture":"#3","tintindex":0},"down":{"uv":[11.5,7.5,9.0,8.0],"rotation":270,"texture":"#3","tintindex":0}}},{"from":[-0.41549683,2.5239124,-0.24571514],"to":[0.5673609,10.38677,7.6171427],"rotation":{"angle":22.5,"axis":"z","origin":[-19.341658,13.660439,7.6857142]},"faces":{"east":{"uv":[0.0,0.0,7.0,7.0],"rotation":0,"texture":"#3","tintindex":0},"south":{"uv":[7.0,0.0,8.0,7.0],"rotation":0,"texture":"#3","tintindex":0},"north":{"uv":[7.0,7.0,8.0,14.0],"rotation":0,"texture":"#3","tintindex":0},"west":{"uv":[0.0,7.0,7.0,14.0],"rotation":0,"texture":"#3","tintindex":0},"up":{"uv":[15.0,1.0,8.0,0.0],"rotation":90,"texture":"#3","tintindex":0},"down":{"uv":[15.0,1.0,8.0,2.0],"rotation":270,"texture":"#3","tintindex":0}}},{"from":[13.443683,18.268604,-0.24571514],"to":[14.42654,26.13146,7.6171427],"rotation":{"angle":-22.5,"axis":"z","origin":[-4.6583424,13.660439,7.6857142]},"faces":{"east":{"uv":[7.0,7.0,0.0,14.0],"rotation":0,"texture":"#3","tintindex":0},"south":{"uv":[8.0,0.0,7.0,7.0],"rotation":0,"texture":"#3","tintindex":0},"north":{"uv":[8.0,7.0,7.0,14.0],"rotation":0,"texture":"#3","tintindex":0},"west":{"uv":[7.0,0.0,0.0,7.0],"rotation":0,"texture":"#3","tintindex":0},"up":{"uv":[15.0,0.0,8.0,1.0],"rotation":90,"texture":"#3","tintindex":0},"down":{"uv":[15.0,2.0,8.0,1.0],"rotation":270,"texture":"#3","tintindex":0}}},{"from":[14.42654,20.97146,2.2114282],"to":[14.917969,23.920033,5.16],"rotation":{"angle":-22.5,"axis":"z","origin":[-4.6583424,13.660439,7.6857142]},"faces":{"east":{"uv":[10.5,4.5,8.0,7.0],"rotation":0,"texture":"#3","tintindex":0},"south":{"uv":[8.5,7.0,8.0,9.5],"rotation":0,"texture":"#3","tintindex":0},"north":{"uv":[9.0,7.0,8.5,9.5],"rotation":0,"texture":"#3","tintindex":0},"west":{"uv":[10.5,2.0,8.0,4.5],"rotation":0,"texture":"#3","tintindex":0},"up":{"uv":[11.5,7.0,9.0,7.5],"rotation":90,"texture":"#3","tintindex":0},"down":{"uv":[11.5,8.0,9.0,7.5],"rotation":270,"texture":"#3","tintindex":0}}},{"from":[13.443683,18.268604,10.611429],"to":[14.42654,26.13146,18.474285],"rotation":{"angle":-22.5,"axis":"z","origin":[-4.6583424,13.660439,7.6857142]},"faces":{"east":{"uv":[7.0,7.0,0.0,14.0],"rotation":0,"texture":"#3","tintindex":0},"south":{"uv":[8.0,0.0,7.0,7.0],"rotation":0,"texture":"#3","tintindex":0},"north":{"uv":[8.0,7.0,7.0,14.0],"rotation":0,"texture":"#3","tintindex":0},"west":{"uv":[7.0,0.0,0.0,7.0],"rotation":0,"texture":"#3","tintindex":0},"up":{"uv":[15.0,0.0,8.0,1.0],"rotation":90,"texture":"#3","tintindex":0},"down":{"uv":[15.0,2.0,8.0,1.0],"rotation":270,"texture":"#3","tintindex":0}}},{"from":[14.42654,20.97146,13.068571],"to":[14.917969,23.920033,16.017143],"rotation":{"angle":-22.5,"axis":"z","origin":[-4.6583424,13.660439,7.6857142]},"faces":{"east":{"uv":[10.5,4.5,8.0,7.0],"rotation":0,"texture":"#3","tintindex":0},"south":{"uv":[8.5,7.0,8.0,9.5],"rotation":0,"texture":"#3","tintindex":0},"north":{"uv":[9.0,7.0,8.5,9.5],"rotation":0,"texture":"#3","tintindex":0},"west":{"uv":[10.5,2.0,8.0,4.5],"rotation":0,"texture":"#3","tintindex":0},"up":{"uv":[11.5,7.0,9.0,7.5],"rotation":90,"texture":"#3","tintindex":0},"down":{"uv":[11.5,8.0,9.0,7.5],"rotation":270,"texture":"#3","tintindex":0}}},{"from":[8.651651,10.754179,7.793545],"to":[10.365937,11.325607,10.650687],"rotation":{"angle":22.5,"axis":"y","origin":[10.651651,11.039893,10.364973]},"faces":{"east":{"uv":[7.0,5.0,6.5,7.5],"rotation":270,"texture":"#2","tintindex":0},"south":{"uv":[7.0,4.0,7.5,5.5],"rotation":270,"texture":"#2","tintindex":0},"north":{"uv":[2.5,7.0,3.0,8.5],"rotation":90,"texture":"#2","tintindex":0},"west":{"uv":[6.5,7.5,6.0,5.0],"rotation":270,"texture":"#2","tintindex":0},"up":{"uv":[1.0,4.0,3.5,5.5],"rotation":270,"texture":"#2","tintindex":0},"down":{"uv":[3.5,4.0,6.0,5.5],"rotation":270,"texture":"#2","tintindex":0}}},{"from":[8.080223,10.754179,5.50783],"to":[10.365937,11.325607,7.793545],"rotation":{"angle":22.5,"axis":"y","origin":[10.651651,11.039893,10.364973]},"faces":{"east":{"uv":[7.5,2.0,7.0,4.0],"rotation":270,"texture":"#2","tintindex":0},"south":{"uv":[1.5,7.0,2.0,9.0],"rotation":270,"texture":"#2","tintindex":0},"north":{"uv":[1.0,7.0,1.5,9.0],"rotation":90,"texture":"#2","tintindex":0},"west":{"uv":[2.5,9.0,2.0,7.0],"rotation":270,"texture":"#2","tintindex":0},"up":{"uv":[1.0,2.0,3.0,4.0],"rotation":270,"texture":"#2","tintindex":0},"down":{"uv":[3.0,2.0,1.0,4.0],"rotation":270,"texture":"#2","tintindex":0}}},{"from":[6.365937,10.468464,5.50783],"to":[8.080223,11.611321,7.793545],"rotation":{"angle":22.5,"axis":"y","origin":[10.651651,11.039893,10.364973]},"faces":{"east":{"uv":[5.0,5.5,4.0,7.5],"rotation":270,"texture":"#2","tintindex":0},"south":{"uv":[6.0,3.5,7.0,5.0],"rotation":270,"texture":"#2","tintindex":0},"north":{"uv":[5.0,5.5,6.0,7.0],"rotation":90,"texture":"#2","tintindex":0},"west":{"uv":[4.0,7.5,3.0,5.5],"rotation":270,"texture":"#2","tintindex":0},"up":{"uv":[5.0,2.0,7.0,3.5],"rotation":270,"texture":"#2","tintindex":0},"down":{"uv":[7.0,2.0,5.0,3.5],"rotation":270,"texture":"#2","tintindex":0}}},{"from":[6.6516514,10.754179,4.9364014],"to":[7.7945085,11.325607,16.364975],"rotation":{"angle":22.5,"axis":"y","origin":[10.651651,11.039893,10.364973]},"faces":{"east":{"uv":[1.0,2.0,0.5,12.0],"rotation":270,"texture":"#2","tintindex":0},"south":{"uv":[5.5,7.0,6.0,8.0],"rotation":270,"texture":"#2","tintindex":0},"north":{"uv":[5.0,7.0,5.5,8.0],"rotation":90,"texture":"#2","tintindex":0},"west":{"uv":[0.5,12.0,0.0,2.0],"rotation":270,"texture":"#2","tintindex":0},"up":{"uv":[0.0,0.0,10.0,1.0],"rotation":270,"texture":"#2","tintindex":0},"down":{"uv":[0.0,1.0,10.0,2.0],"rotation":270,"texture":"#2","tintindex":0}}},{"from":[14.285715,10.490263,-0.88571453],"to":[14.857143,13.347406,17.400002],"rotation":{"angle":-22.5,"axis":"z","origin":[14.142858,13.775977,7.9714284]},"faces":{"east":{"uv":[0.0,4.875,4.0,5.5],"rotation":0,"texture":"#0","tintindex":0},"south":{"uv":[2.25,7.125,2.375,7.75],"rotation":0,"texture":"#0","tintindex":0},"north":{"uv":[2.125,7.125,2.25,7.75],"rotation":0,"texture":"#0","tintindex":0},"west":{"uv":[4.0,4.875,8.0,5.5],"rotation":0,"texture":"#0","tintindex":0},"up":{"uv":[3.625,10.25,3.5,6.25],"rotation":0,"texture":"#0","tintindex":0},"down":{"uv":[3.75,6.25,3.625,10.25],"rotation":0,"texture":"#0","tintindex":0}}},{"from":[14.285715,13.918835,-0.88571453],"to":[14.857143,16.204548,17.400002],"rotation":{"angle":-22.5,"axis":"z","origin":[14.142858,13.775977,7.9714284]},"faces":{"east":{"uv":[5.5,0.75,9.5,1.25],"rotation":0,"texture":"#0","tintindex":0},"south":{"uv":[2.5,7.125,2.625,7.625],"rotation":0,"texture":"#0","tintindex":0},"north":{"uv":[2.375,7.125,2.5,7.625],"rotation":0,"texture":"#0","tintindex":0},"west":{"uv":[5.5,1.25,9.5,1.75],"rotation":0,"texture":"#0","tintindex":0},"up":{"uv":[0.875,10.5,0.75,6.5],"rotation":0,"texture":"#0","tintindex":0},"down":{"uv":[1.0,6.5,0.875,10.5],"rotation":0,"texture":"#0","tintindex":0}}},{"from":[13.142858,9.918835,-0.88571453],"to":[14.285715,16.775978,0.82857084],"rotation":{"angle":-22.5,"axis":"z","origin":[14.142858,13.775977,7.9714284]},"faces":{"east":{"uv":[6.0,6.25,6.375,7.75],"rotation":0,"texture":"#0","tintindex":0},"south":{"uv":[1.25,6.5,1.5,8.0],"rotation":0,"texture":"#0","tintindex":0},"north":{"uv":[1.0,6.5,1.25,8.0],"rotation":0,"texture":"#0","tintindex":0},"west":{"uv":[6.375,6.25,6.75,7.75],"rotation":0,"texture":"#0","tintindex":0},"up":{"uv":[7.125,4.375,6.875,4.0],"rotation":0,"texture":"#0","tintindex":0},"down":{"uv":[7.125,4.375,6.875,4.75],"rotation":0,"texture":"#0","tintindex":0}}},{"from":[13.142858,9.918835,15.114286],"to":[14.285715,16.775978,16.828571],"rotation":{"angle":-22.5,"axis":"z","origin":[14.142858,13.775977,7.9714284]},"faces":{"east":{"uv":[6.375,6.25,6.0,7.75],"rotation":0,"texture":"#0","tintindex":0},"south":{"uv":[1.25,6.5,1.0,8.0],"rotation":0,"texture":"#0","tintindex":0},"north":{"uv":[1.5,6.5,1.25,8.0],"rotation":0,"texture":"#0","tintindex":0},"west":{"uv":[6.75,6.25,6.375,7.75],"rotation":0,"texture":"#0","tintindex":0},"up":{"uv":[7.125,4.0,6.875,4.375],"rotation":0,"texture":"#0","tintindex":0},"down":{"uv":[7.125,4.75,6.875,4.375],"rotation":0,"texture":"#0","tintindex":0}}},{"from":[2.8571424,9.918835,-0.88571453],"to":[4.0,16.775978,0.82857084],"rotation":{"angle":22.5,"axis":"z","origin":[3.0,13.775977,7.9714284]},"faces":{"east":{"uv":[6.75,6.25,6.375,7.75],"rotation":0,"texture":"#0","tintindex":0},"south":{"uv":[1.5,6.5,1.25,8.0],"rotation":0,"texture":"#0","tintindex":0},"north":{"uv":[1.25,6.5,1.0,8.0],"rotation":0,"texture":"#0","tintindex":0},"west":{"uv":[6.375,6.25,6.0,7.75],"rotation":0,"texture":"#0","tintindex":0},"up":{"uv":[6.875,4.375,7.125,4.0],"rotation":0,"texture":"#0","tintindex":0},"down":{"uv":[6.875,4.375,7.125,4.75],"rotation":0,"texture":"#0","tintindex":0}}},{"from":[2.2857141,13.918835,-0.88571453],"to":[2.8571424,16.204548,17.400002],"rotation":{"angle":22.5,"axis":"z","origin":[3.0,13.775977,7.9714284]},"faces":{"east":{"uv":[9.5,1.25,5.5,1.75],"rotation":0,"texture":"#0","tintindex":0},"south":{"uv":[2.625,7.125,2.5,7.625],"rotation":0,"texture":"#0","tintindex":0},"north":{"uv":[2.5,7.125,2.375,7.625],"rotation":0,"texture":"#0","tintindex":0},"west":{"uv":[9.5,0.75,5.5,1.25],"rotation":0,"texture":"#0","tintindex":0},"up":{"uv":[0.75,10.5,0.875,6.5],"rotation":0,"texture":"#0","tintindex":0},"down":{"uv":[0.875,6.5,1.0,10.5],"rotation":0,"texture":"#0","tintindex":0}}},{"from":[2.2857141,10.490263,-0.88571453],"to":[2.8571424,13.347406,17.400002],"rotation":{"angle":22.5,"axis":"z","origin":[3.0,13.775977,7.9714284]},"faces":{"east":{"uv":[8.0,4.875,4.0,5.5],"rotation":0,"texture":"#0","tintindex":0},"south":{"uv":[2.375,7.125,2.25,7.75],"rotation":0,"texture":"#0","tintindex":0},"north":{"uv":[2.25,7.125,2.125,7.75],"rotation":0,"texture":"#0","tintindex":0},"west":{"uv":[4.0,4.875,0.0,5.5],"rotation":0,"texture":"#0","tintindex":0},"up":{"uv":[3.5,10.25,3.625,6.25],"rotation":0,"texture":"#0","tintindex":0},"down":{"uv":[3.625,6.25,3.75,10.25],"rotation":0,"texture":"#0","tintindex":0}}}],"display":{"head":{"translation":[0.0,-6.4,0.0],"scale":[4.0,4.0,4.0]}}}