{"textures":{"0":"modelengine:entity/viking_decor3","1":"modelengine:entity/viking_decor3_variation1"},"elements":[{"from":[2.8571424,9.918835,15.114286],"to":[4.0,16.775978,16.828571],"rotation":{"angle":22.5,"axis":"z","origin":[3.0,13.775977,7.9714284]},"faces":{"east":{"uv":[6.375,6.25,6.75,7.75],"rotation":0,"texture":"#0","tintindex":0},"south":{"uv":[1.0,6.5,1.25,8.0],"rotation":0,"texture":"#0","tintindex":0},"north":{"uv":[1.25,6.5,1.5,8.0],"rotation":0,"texture":"#0","tintindex":0},"west":{"uv":[6.0,6.25,6.375,7.75],"rotation":0,"texture":"#0","tintindex":0},"up":{"uv":[6.875,4.0,7.125,4.375],"rotation":0,"texture":"#0","tintindex":0},"down":{"uv":[6.875,4.75,7.125,4.375],"rotation":0,"texture":"#0","tintindex":0}}},{"from":[2.2857141,9.347405,-0.88571453],"to":[14.857143,10.490263,16.828571],"rotation":{"angle":0.0,"axis":"y","origin":[8.0,4.2045484,8.257143]},"faces":{"east":{"uv":[6.0,5.5,9.875,5.75],"rotation":0,"texture":"#0","tintindex":0},"south":{"uv":[0.75,6.25,3.5,6.5],"rotation":0,"texture":"#0","tintindex":0},"north":{"uv":[6.0,6.0,8.75,6.25],"rotation":0,"texture":"#0","tintindex":0},"west":{"uv":[6.0,5.75,9.875,6.0],"rotation":0,"texture":"#0","tintindex":0},"up":{"uv":[2.75,3.875,0.0,0.0],"rotation":0,"texture":"#0","tintindex":0},"down":{"uv":[2.75,0.0,0.0,3.875],"rotation":0,"texture":"#0","tintindex":0}}},{"from":[4.5714283,10.490263,1.3999996],"to":[12.571428,13.918835,7.1142855],"rotation":{"angle":0.0,"axis":"y","origin":[7.428571,4.2045484,7.1142855]},"faces":{"east":{"uv":[7.0,6.0,12.0,9.0],"rotation":0,"texture":"#1","tintindex":0},"south":{"uv":[7.0,3.0,14.0,6.0],"rotation":0,"texture":"#1","tintindex":0},"north":{"uv":[14.0,3.0,7.0,6.0],"rotation":0,"texture":"#1","tintindex":0},"west":{"uv":[7.0,6.0,12.0,9.0],"rotation":0,"texture":"#1","tintindex":0},"up":{"uv":[7.0,5.0,0.0,0.0],"rotation":0,"texture":"#1","tintindex":0},"down":{"uv":[0.0,0.0,7.0,5.0],"rotation":0,"texture":"#1","tintindex":0}}},{"from":[3.47185,14.136983,1.3999996],"to":[4.614707,14.136983,7.1142855],"rotation":{"angle":-22.5,"axis":"z","origin":[4.0432787,14.136983,4.2571425]},"faces":{"east":{"uv":[0.0,0.0,5.0,0.0],"rotation":0,"texture":"#1","tintindex":0},"south":{"uv":[0.0,0.0,1.0,0.0],"rotation":0,"texture":"#1","tintindex":0},"north":{"uv":[0.0,0.0,1.0,0.0],"rotation":0,"texture":"#1","tintindex":0},"west":{"uv":[0.0,0.0,5.0,0.0],"rotation":0,"texture":"#1","tintindex":0},"up":{"uv":[1.0,15.0,0.0,10.0],"rotation":0,"texture":"#1","tintindex":0},"down":{"uv":[1.0,10.0,0.0,15.0],"rotation":0,"texture":"#1","tintindex":0}}},{"from":[3.47185,10.565554,1.3999996],"to":[4.614707,10.565554,7.1142855],"rotation":{"angle":0.0,"axis":"y","origin":[4.0432787,14.136983,4.2571425]},"faces":{"east":{"uv":[0.0,0.0,5.0,0.0],"rotation":0,"texture":"#1","tintindex":0},"south":{"uv":[0.0,0.0,1.0,0.0],"rotation":0,"texture":"#1","tintindex":0},"north":{"uv":[0.0,0.0,1.0,0.0],"rotation":0,"texture":"#1","tintindex":0},"west":{"uv":[0.0,0.0,5.0,0.0],"rotation":0,"texture":"#1","tintindex":0},"up":{"uv":[1.0,15.0,0.0,10.0],"rotation":0,"texture":"#1","tintindex":0},"down":{"uv":[1.0,10.0,0.0,15.0],"rotation":0,"texture":"#1","tintindex":0}}},{"from":[12.528151,10.565554,1.3999996],"to":[13.671007,10.565554,7.1142855],"rotation":{"angle":0.0,"axis":"y","origin":[10.813864,14.136983,4.2571425]},"faces":{"east":{"uv":[5.0,0.0,0.0,0.0],"rotation":0,"texture":"#1","tintindex":0},"south":{"uv":[1.0,0.0,0.0,0.0],"rotation":0,"texture":"#1","tintindex":0},"north":{"uv":[1.0,0.0,0.0,0.0],"rotation":0,"texture":"#1","tintindex":0},"west":{"uv":[5.0,0.0,0.0,0.0],"rotation":0,"texture":"#1","tintindex":0},"up":{"uv":[0.0,15.0,1.0,10.0],"rotation":0,"texture":"#1","tintindex":0},"down":{"uv":[0.0,10.0,1.0,15.0],"rotation":0,"texture":"#1","tintindex":0}}},{"from":[13.96831,10.490263,5.2445583],"to":[15.111168,13.918835,5.2445583],"rotation":{"angle":22.5,"axis":"y","origin":[14.53974,-4.9383097,32.673134]},"faces":{"east":{"uv":[0.0,0.0,5.0,0.0],"rotation":270,"texture":"#1","tintindex":0},"south":{"uv":[1.0,13.0,0.0,10.0],"rotation":0,"texture":"#1","tintindex":0},"north":{"uv":[1.0,10.0,0.0,13.0],"rotation":180,"texture":"#1","tintindex":0},"west":{"uv":[0.0,0.0,5.0,0.0],"rotation":90,"texture":"#1","tintindex":0},"up":{"uv":[0.0,0.0,1.0,0.0],"rotation":180,"texture":"#1","tintindex":0},"down":{"uv":[0.0,0.0,1.0,0.0],"rotation":0,"texture":"#1","tintindex":0}}},{"from":[13.968748,10.490263,3.2686715],"to":[15.111605,13.918835,3.2686715],"rotation":{"angle":-22.5,"axis":"y","origin":[14.540176,-4.9383097,-24.1599]},"faces":{"east":{"uv":[0.0,0.0,5.0,0.0],"rotation":270,"texture":"#1","tintindex":0},"south":{"uv":[0.0,10.0,1.0,13.0],"rotation":180,"texture":"#1","tintindex":0},"north":{"uv":[0.0,13.0,1.0,10.0],"rotation":0,"texture":"#1","tintindex":0},"west":{"uv":[0.0,0.0,5.0,0.0],"rotation":90,"texture":"#1","tintindex":0},"up":{"uv":[0.0,0.0,1.0,0.0],"rotation":180,"texture":"#1","tintindex":0},"down":{"uv":[0.0,0.0,1.0,0.0],"rotation":0,"texture":"#1","tintindex":0}}},{"from":[2.0312524,10.490263,3.2686715],"to":[3.1741095,13.918835,3.2686715],"rotation":{"angle":22.5,"axis":"y","origin":[2.6026812,-4.9383097,-24.1599]},"faces":{"east":{"uv":[0.0,0.0,5.0,0.0],"rotation":90,"texture":"#1","tintindex":0},"south":{"uv":[1.0,10.0,0.0,13.0],"rotation":180,"texture":"#1","tintindex":0},"north":{"uv":[1.0,13.0,0.0,10.0],"rotation":0,"texture":"#1","tintindex":0},"west":{"uv":[0.0,0.0,5.0,0.0],"rotation":270,"texture":"#1","tintindex":0},"up":{"uv":[1.0,0.0,0.0,0.0],"rotation":180,"texture":"#1","tintindex":0},"down":{"uv":[1.0,0.0,0.0,0.0],"rotation":0,"texture":"#1","tintindex":0}}},{"from":[2.0316896,10.490263,5.2445583],"to":[3.1745467,13.918835,5.2445583],"rotation":{"angle":-22.5,"axis":"y","origin":[2.603118,-4.9383097,32.673134]},"faces":{"east":{"uv":[0.0,0.0,5.0,0.0],"rotation":90,"texture":"#1","tintindex":0},"south":{"uv":[0.0,13.0,1.0,10.0],"rotation":0,"texture":"#1","tintindex":0},"north":{"uv":[0.0,10.0,1.0,13.0],"rotation":180,"texture":"#1","tintindex":0},"west":{"uv":[0.0,0.0,5.0,0.0],"rotation":270,"texture":"#1","tintindex":0},"up":{"uv":[1.0,0.0,0.0,0.0],"rotation":180,"texture":"#1","tintindex":0},"down":{"uv":[1.0,0.0,0.0,0.0],"rotation":0,"texture":"#1","tintindex":0}}},{"from":[6.1550035,15.011688,1.3999996],"to":[7.2978606,15.011688,7.1142855],"rotation":{"angle":-22.5,"axis":"z","origin":[4.0432787,14.136983,4.2571425]},"faces":{"east":{"uv":[0.0,0.0,5.0,0.0],"rotation":0,"texture":"#1","tintindex":0},"south":{"uv":[0.0,0.0,1.0,0.0],"rotation":0,"texture":"#1","tintindex":0},"north":{"uv":[0.0,0.0,1.0,0.0],"rotation":0,"texture":"#1","tintindex":0},"west":{"uv":[0.0,0.0,5.0,0.0],"rotation":0,"texture":"#1","tintindex":0},"up":{"uv":[1.0,15.0,0.0,10.0],"rotation":0,"texture":"#1","tintindex":0},"down":{"uv":[1.0,10.0,0.0,15.0],"rotation":0,"texture":"#1","tintindex":0}}},{"from":[10.198938,13.918306,0.82857084],"to":[11.341795,13.918306,6.542857],"rotation":{"angle":22.5,"axis":"z","origin":[10.813864,14.136983,4.2571425]},"faces":{"east":{"uv":[5.0,0.0,0.0,0.0],"rotation":0,"texture":"#1","tintindex":0},"south":{"uv":[1.0,0.0,0.0,0.0],"rotation":0,"texture":"#1","tintindex":0},"north":{"uv":[1.0,0.0,0.0,0.0],"rotation":0,"texture":"#1","tintindex":0},"west":{"uv":[5.0,0.0,0.0,0.0],"rotation":0,"texture":"#1","tintindex":0},"up":{"uv":[0.0,15.0,1.0,10.0],"rotation":0,"texture":"#1","tintindex":0},"down":{"uv":[0.0,10.0,1.0,15.0],"rotation":0,"texture":"#1","tintindex":0}}},{"from":[12.35416,13.262278,1.3999996],"to":[13.497018,13.262278,7.1142855],"rotation":{"angle":22.5,"axis":"z","origin":[10.813864,14.136983,4.2571425]},"faces":{"east":{"uv":[5.0,0.0,0.0,0.0],"rotation":0,"texture":"#1","tintindex":0},"south":{"uv":[1.0,0.0,0.0,0.0],"rotation":0,"texture":"#1","tintindex":0},"north":{"uv":[1.0,0.0,0.0,0.0],"rotation":0,"texture":"#1","tintindex":0},"west":{"uv":[5.0,0.0,0.0,0.0],"rotation":0,"texture":"#1","tintindex":0},"up":{"uv":[0.0,15.0,1.0,10.0],"rotation":0,"texture":"#1","tintindex":0},"down":{"uv":[0.0,10.0,1.0,15.0],"rotation":0,"texture":"#1","tintindex":0}}},{"from":[5.714286,10.490263,8.257143],"to":[11.428572,13.918835,16.257143],"rotation":{"angle":0.0,"axis":"y","origin":[5.714286,4.2045484,11.114285]},"faces":{"east":{"uv":[14.0,3.0,7.0,6.0],"rotation":0,"texture":"#1","tintindex":0},"south":{"uv":[7.0,6.0,12.0,9.0],"rotation":0,"texture":"#1","tintindex":0},"north":{"uv":[7.0,6.0,12.0,9.0],"rotation":0,"texture":"#1","tintindex":0},"west":{"uv":[7.0,3.0,14.0,6.0],"rotation":0,"texture":"#1","tintindex":0},"up":{"uv":[7.0,5.0,0.0,0.0],"rotation":90,"texture":"#1","tintindex":0},"down":{"uv":[0.0,0.0,7.0,5.0],"rotation":270,"texture":"#1","tintindex":0}}},{"from":[5.714286,14.136983,7.157564],"to":[11.428572,14.136983,8.300422],"rotation":{"angle":22.5,"axis":"x","origin":[8.571428,14.136983,7.728993]},"faces":{"east":{"uv":[0.0,0.0,1.0,0.0],"rotation":0,"texture":"#1","tintindex":0},"south":{"uv":[0.0,0.0,5.0,0.0],"rotation":0,"texture":"#1","tintindex":0},"north":{"uv":[0.0,0.0,5.0,0.0],"rotation":0,"texture":"#1","tintindex":0},"west":{"uv":[0.0,0.0,1.0,0.0],"rotation":0,"texture":"#1","tintindex":0},"up":{"uv":[1.0,15.0,0.0,10.0],"rotation":90,"texture":"#1","tintindex":0},"down":{"uv":[1.0,10.0,0.0,15.0],"rotation":270,"texture":"#1","tintindex":0}}},{"from":[5.714286,13.262278,16.039875],"to":[11.428572,13.262278,17.182732],"rotation":{"angle":-22.5,"axis":"x","origin":[8.571428,14.136983,14.499578]},"faces":{"east":{"uv":[1.0,0.0,0.0,0.0],"rotation":0,"texture":"#1","tintindex":0},"south":{"uv":[5.0,0.0,0.0,0.0],"rotation":0,"texture":"#1","tintindex":0},"north":{"uv":[5.0,0.0,0.0,0.0],"rotation":0,"texture":"#1","tintindex":0},"west":{"uv":[1.0,0.0,0.0,0.0],"rotation":0,"texture":"#1","tintindex":0},"up":{"uv":[0.0,15.0,1.0,10.0],"rotation":90,"texture":"#1","tintindex":0},"down":{"uv":[0.0,10.0,1.0,15.0],"rotation":270,"texture":"#1","tintindex":0}}},{"from":[5.714286,15.011688,9.840717],"to":[11.428572,15.011688,10.983575],"rotation":{"angle":22.5,"axis":"x","origin":[8.571428,14.136983,7.728993]},"faces":{"east":{"uv":[0.0,0.0,1.0,0.0],"rotation":0,"texture":"#1","tintindex":0},"south":{"uv":[0.0,0.0,5.0,0.0],"rotation":0,"texture":"#1","tintindex":0},"north":{"uv":[0.0,0.0,5.0,0.0],"rotation":0,"texture":"#1","tintindex":0},"west":{"uv":[0.0,0.0,1.0,0.0],"rotation":0,"texture":"#1","tintindex":0},"up":{"uv":[1.0,15.0,0.0,10.0],"rotation":90,"texture":"#1","tintindex":0},"down":{"uv":[1.0,10.0,0.0,15.0],"rotation":270,"texture":"#1","tintindex":0}}},{"from":[6.285714,13.918306,13.884653],"to":[12.0,13.918306,15.02751],"rotation":{"angle":-22.5,"axis":"x","origin":[8.571428,14.136983,14.499578]},"faces":{"east":{"uv":[1.0,0.0,0.0,0.0],"rotation":0,"texture":"#1","tintindex":0},"south":{"uv":[5.0,0.0,0.0,0.0],"rotation":0,"texture":"#1","tintindex":0},"north":{"uv":[5.0,0.0,0.0,0.0],"rotation":0,"texture":"#1","tintindex":0},"west":{"uv":[1.0,0.0,0.0,0.0],"rotation":0,"texture":"#1","tintindex":0},"up":{"uv":[0.0,15.0,1.0,10.0],"rotation":90,"texture":"#1","tintindex":0},"down":{"uv":[0.0,10.0,1.0,15.0],"rotation":270,"texture":"#1","tintindex":0}}},{"from":[7.584013,10.490263,17.654026],"to":[7.584013,13.918835,18.796883],"rotation":{"angle":22.5,"axis":"y","origin":[-19.84456,-4.9383097,18.225452]},"faces":{"east":{"uv":[1.0,10.0,0.0,13.0],"rotation":180,"texture":"#1","tintindex":0},"south":{"uv":[0.0,0.0,5.0,0.0],"rotation":270,"texture":"#1","tintindex":0},"north":{"uv":[0.0,0.0,5.0,0.0],"rotation":90,"texture":"#1","tintindex":0},"west":{"uv":[1.0,13.0,0.0,10.0],"rotation":0,"texture":"#1","tintindex":0},"up":{"uv":[0.0,0.0,1.0,0.0],"rotation":270,"texture":"#1","tintindex":0},"down":{"uv":[0.0,0.0,1.0,0.0],"rotation":270,"texture":"#1","tintindex":0}}},{"from":[9.559899,10.490263,17.65446],"to":[9.559899,13.918835,18.79732],"rotation":{"angle":-22.5,"axis":"y","origin":[36.988472,-4.9383097,18.225891]},"faces":{"east":{"uv":[0.0,13.0,1.0,10.0],"rotation":0,"texture":"#1","tintindex":0},"south":{"uv":[0.0,0.0,5.0,0.0],"rotation":270,"texture":"#1","tintindex":0},"north":{"uv":[0.0,0.0,5.0,0.0],"rotation":90,"texture":"#1","tintindex":0},"west":{"uv":[0.0,10.0,1.0,13.0],"rotation":180,"texture":"#1","tintindex":0},"up":{"uv":[0.0,0.0,1.0,0.0],"rotation":270,"texture":"#1","tintindex":0},"down":{"uv":[0.0,0.0,1.0,0.0],"rotation":270,"texture":"#1","tintindex":0}}},{"from":[7.584013,10.490263,5.717404],"to":[7.584013,13.918835,6.860261],"rotation":{"angle":-22.5,"axis":"y","origin":[-19.84456,-4.9383097,6.2888327]},"faces":{"east":{"uv":[0.0,10.0,1.0,13.0],"rotation":180,"texture":"#1","tintindex":0},"south":{"uv":[0.0,0.0,5.0,0.0],"rotation":90,"texture":"#1","tintindex":0},"north":{"uv":[0.0,0.0,5.0,0.0],"rotation":270,"texture":"#1","tintindex":0},"west":{"uv":[0.0,13.0,1.0,10.0],"rotation":0,"texture":"#1","tintindex":0},"up":{"uv":[1.0,0.0,0.0,0.0],"rotation":270,"texture":"#1","tintindex":0},"down":{"uv":[1.0,0.0,0.0,0.0],"rotation":270,"texture":"#1","tintindex":0}}},{"from":[9.559899,10.490263,5.7169666],"to":[9.559899,13.918835,6.859824],"rotation":{"angle":22.5,"axis":"y","origin":[36.988472,-4.9383097,6.2883954]},"faces":{"east":{"uv":[1.0,13.0,0.0,10.0],"rotation":0,"texture":"#1","tintindex":0},"south":{"uv":[0.0,0.0,5.0,0.0],"rotation":90,"texture":"#1","tintindex":0},"north":{"uv":[0.0,0.0,5.0,0.0],"rotation":270,"texture":"#1","tintindex":0},"west":{"uv":[1.0,10.0,0.0,13.0],"rotation":180,"texture":"#1","tintindex":0},"up":{"uv":[1.0,0.0,0.0,0.0],"rotation":270,"texture":"#1","tintindex":0},"down":{"uv":[1.0,0.0,0.0,0.0],"rotation":270,"texture":"#1","tintindex":0}}},{"from":[5.714286,10.565554,7.157564],"to":[11.428572,10.565554,8.300422],"rotation":{"angle":0.0,"axis":"y","origin":[8.571428,14.136983,7.728993]},"faces":{"east":{"uv":[0.0,0.0,1.0,0.0],"rotation":0,"texture":"#1","tintindex":0},"south":{"uv":[0.0,0.0,5.0,0.0],"rotation":0,"texture":"#1","tintindex":0},"north":{"uv":[0.0,0.0,5.0,0.0],"rotation":0,"texture":"#1","tintindex":0},"west":{"uv":[0.0,0.0,1.0,0.0],"rotation":0,"texture":"#1","tintindex":0},"up":{"uv":[1.0,15.0,0.0,10.0],"rotation":90,"texture":"#1","tintindex":0},"down":{"uv":[1.0,10.0,0.0,15.0],"rotation":270,"texture":"#1","tintindex":0}}},{"from":[5.714286,10.565554,16.213863],"to":[11.428572,10.565554,17.356722],"rotation":{"angle":0.0,"axis":"y","origin":[8.571428,14.136983,14.499578]},"faces":{"east":{"uv":[1.0,0.0,0.0,0.0],"rotation":0,"texture":"#1","tintindex":0},"south":{"uv":[5.0,0.0,0.0,0.0],"rotation":0,"texture":"#1","tintindex":0},"north":{"uv":[5.0,0.0,0.0,0.0],"rotation":0,"texture":"#1","tintindex":0},"west":{"uv":[1.0,0.0,0.0,0.0],"rotation":0,"texture":"#1","tintindex":0},"up":{"uv":[0.0,15.0,1.0,10.0],"rotation":90,"texture":"#1","tintindex":0},"down":{"uv":[0.0,10.0,1.0,15.0],"rotation":270,"texture":"#1","tintindex":0}}},{"from":[4.5714283,13.918835,4.8285713],"to":[12.571428,17.347406,10.542857],"rotation":{"angle":0.0,"axis":"y","origin":[9.714286,7.63312,4.8285713]},"faces":{"east":{"uv":[7.0,6.0,12.0,9.0],"rotation":0,"texture":"#1","tintindex":0},"south":{"uv":[14.0,3.0,7.0,6.0],"rotation":0,"texture":"#1","tintindex":0},"north":{"uv":[7.0,3.0,14.0,6.0],"rotation":0,"texture":"#1","tintindex":0},"west":{"uv":[7.0,6.0,12.0,9.0],"rotation":0,"texture":"#1","tintindex":0},"up":{"uv":[7.0,5.0,0.0,0.0],"rotation":180,"texture":"#1","tintindex":0},"down":{"uv":[0.0,0.0,7.0,5.0],"rotation":180,"texture":"#1","tintindex":0}}},{"from":[12.528151,17.565556,4.8285713],"to":[13.671007,17.565556,10.542857],"rotation":{"angle":22.5,"axis":"z","origin":[13.099579,17.565556,7.6857142]},"faces":{"east":{"uv":[0.0,0.0,5.0,0.0],"rotation":0,"texture":"#1","tintindex":0},"south":{"uv":[0.0,0.0,1.0,0.0],"rotation":0,"texture":"#1","tintindex":0},"north":{"uv":[0.0,0.0,1.0,0.0],"rotation":0,"texture":"#1","tintindex":0},"west":{"uv":[0.0,0.0,5.0,0.0],"rotation":0,"texture":"#1","tintindex":0},"up":{"uv":[1.0,15.0,0.0,10.0],"rotation":180,"texture":"#1","tintindex":0},"down":{"uv":[1.0,10.0,0.0,15.0],"rotation":180,"texture":"#1","tintindex":0}}},{"from":[3.6458397,16.69085,4.8285713],"to":[4.788697,16.69085,10.542857],"rotation":{"angle":-22.5,"axis":"z","origin":[6.328993,17.565556,7.6857142]},"faces":{"east":{"uv":[5.0,0.0,0.0,0.0],"rotation":0,"texture":"#1","tintindex":0},"south":{"uv":[1.0,0.0,0.0,0.0],"rotation":0,"texture":"#1","tintindex":0},"north":{"uv":[1.0,0.0,0.0,0.0],"rotation":0,"texture":"#1","tintindex":0},"west":{"uv":[5.0,0.0,0.0,0.0],"rotation":0,"texture":"#1","tintindex":0},"up":{"uv":[0.0,15.0,1.0,10.0],"rotation":180,"texture":"#1","tintindex":0},"down":{"uv":[0.0,10.0,1.0,15.0],"rotation":180,"texture":"#1","tintindex":0}}},{"from":[9.844996,18.440258,4.8285713],"to":[10.987854,18.440258,10.542857],"rotation":{"angle":22.5,"axis":"z","origin":[13.099579,17.565556,7.6857142]},"faces":{"east":{"uv":[0.0,0.0,5.0,0.0],"rotation":0,"texture":"#1","tintindex":0},"south":{"uv":[0.0,0.0,1.0,0.0],"rotation":0,"texture":"#1","tintindex":0},"north":{"uv":[0.0,0.0,1.0,0.0],"rotation":0,"texture":"#1","tintindex":0},"west":{"uv":[0.0,0.0,5.0,0.0],"rotation":0,"texture":"#1","tintindex":0},"up":{"uv":[1.0,15.0,0.0,10.0],"rotation":180,"texture":"#1","tintindex":0},"down":{"uv":[1.0,10.0,0.0,15.0],"rotation":180,"texture":"#1","tintindex":0}}},{"from":[5.8010616,17.346878,5.3999996],"to":[6.943919,17.346878,11.114285],"rotation":{"angle":-22.5,"axis":"z","origin":[6.328993,17.565556,7.6857142]},"faces":{"east":{"uv":[5.0,0.0,0.0,0.0],"rotation":0,"texture":"#1","tintindex":0},"south":{"uv":[1.0,0.0,0.0,0.0],"rotation":0,"texture":"#1","tintindex":0},"north":{"uv":[1.0,0.0,0.0,0.0],"rotation":0,"texture":"#1","tintindex":0},"west":{"uv":[5.0,0.0,0.0,0.0],"rotation":0,"texture":"#1","tintindex":0},"up":{"uv":[0.0,15.0,1.0,10.0],"rotation":180,"texture":"#1","tintindex":0},"down":{"uv":[0.0,10.0,1.0,15.0],"rotation":180,"texture":"#1","tintindex":0}}},{"from":[2.0316896,13.918835,6.6982985],"to":[3.1745467,17.347406,6.6982985],"rotation":{"angle":22.5,"axis":"y","origin":[2.603118,-1.509738,-20.730274]},"faces":{"east":{"uv":[0.0,0.0,5.0,0.0],"rotation":90,"texture":"#1","tintindex":0},"south":{"uv":[1.0,10.0,0.0,13.0],"rotation":180,"texture":"#1","tintindex":0},"north":{"uv":[1.0,13.0,0.0,10.0],"rotation":0,"texture":"#1","tintindex":0},"west":{"uv":[0.0,0.0,5.0,0.0],"rotation":270,"texture":"#1","tintindex":0},"up":{"uv":[0.0,0.0,1.0,0.0],"rotation":0,"texture":"#1","tintindex":0},"down":{"uv":[0.0,0.0,1.0,0.0],"rotation":180,"texture":"#1","tintindex":0}}},{"from":[2.0312524,13.918835,8.674186],"to":[3.1741095,17.347406,8.674186],"rotation":{"angle":-22.5,"axis":"y","origin":[2.6026812,-1.509738,36.10276]},"faces":{"east":{"uv":[0.0,0.0,5.0,0.0],"rotation":90,"texture":"#1","tintindex":0},"south":{"uv":[0.0,13.0,1.0,10.0],"rotation":0,"texture":"#1","tintindex":0},"north":{"uv":[0.0,10.0,1.0,13.0],"rotation":180,"texture":"#1","tintindex":0},"west":{"uv":[0.0,0.0,5.0,0.0],"rotation":270,"texture":"#1","tintindex":0},"up":{"uv":[0.0,0.0,1.0,0.0],"rotation":0,"texture":"#1","tintindex":0},"down":{"uv":[0.0,0.0,1.0,0.0],"rotation":180,"texture":"#1","tintindex":0}}},{"from":[13.96831,13.918835,6.6982985],"to":[15.111168,17.347406,6.6982985],"rotation":{"angle":-22.5,"axis":"y","origin":[14.53974,-1.509738,-20.730274]},"faces":{"east":{"uv":[0.0,0.0,5.0,0.0],"rotation":270,"texture":"#1","tintindex":0},"south":{"uv":[0.0,10.0,1.0,13.0],"rotation":180,"texture":"#1","tintindex":0},"north":{"uv":[0.0,13.0,1.0,10.0],"rotation":0,"texture":"#1","tintindex":0},"west":{"uv":[0.0,0.0,5.0,0.0],"rotation":90,"texture":"#1","tintindex":0},"up":{"uv":[1.0,0.0,0.0,0.0],"rotation":0,"texture":"#1","tintindex":0},"down":{"uv":[1.0,0.0,0.0,0.0],"rotation":180,"texture":"#1","tintindex":0}}},{"from":[13.968748,13.918835,8.674186],"to":[15.111605,17.347406,8.674186],"rotation":{"angle":22.5,"axis":"y","origin":[14.540176,-1.509738,36.10276]},"faces":{"east":{"uv":[0.0,0.0,5.0,0.0],"rotation":270,"texture":"#1","tintindex":0},"south":{"uv":[1.0,13.0,0.0,10.0],"rotation":0,"texture":"#1","tintindex":0},"north":{"uv":[1.0,10.0,0.0,13.0],"rotation":180,"texture":"#1","tintindex":0},"west":{"uv":[0.0,0.0,5.0,0.0],"rotation":90,"texture":"#1","tintindex":0},"up":{"uv":[1.0,0.0,0.0,0.0],"rotation":0,"texture":"#1","tintindex":0},"down":{"uv":[1.0,0.0,0.0,0.0],"rotation":180,"texture":"#1","tintindex":0}}},{"from":[12.528151,13.994125,4.8285713],"to":[13.671007,13.994125,10.542857],"rotation":{"angle":0.0,"axis":"y","origin":[13.099579,17.565556,7.6857142]},"faces":{"east":{"uv":[0.0,0.0,5.0,0.0],"rotation":0,"texture":"#1","tintindex":0},"south":{"uv":[0.0,0.0,1.0,0.0],"rotation":0,"texture":"#1","tintindex":0},"north":{"uv":[0.0,0.0,1.0,0.0],"rotation":0,"texture":"#1","tintindex":0},"west":{"uv":[0.0,0.0,5.0,0.0],"rotation":0,"texture":"#1","tintindex":0},"up":{"uv":[1.0,15.0,0.0,10.0],"rotation":180,"texture":"#1","tintindex":0},"down":{"uv":[1.0,10.0,0.0,15.0],"rotation":180,"texture":"#1","tintindex":0}}},{"from":[3.47185,13.994125,4.8285713],"to":[4.614707,13.994125,10.542857],"rotation":{"angle":0.0,"axis":"y","origin":[6.328993,17.565556,7.6857142]},"faces":{"east":{"uv":[5.0,0.0,0.0,0.0],"rotation":0,"texture":"#1","tintindex":0},"south":{"uv":[1.0,0.0,0.0,0.0],"rotation":0,"texture":"#1","tintindex":0},"north":{"uv":[1.0,0.0,0.0,0.0],"rotation":0,"texture":"#1","tintindex":0},"west":{"uv":[5.0,0.0,0.0,0.0],"rotation":0,"texture":"#1","tintindex":0},"up":{"uv":[0.0,15.0,1.0,10.0],"rotation":180,"texture":"#1","tintindex":0},"down":{"uv":[0.0,10.0,1.0,15.0],"rotation":180,"texture":"#1","tintindex":0}}},{"from":[12.0,7.0616913,-11.742857],"to":[13.714286,9.347405,16.828571],"rotation":{"angle":0.0,"axis":"y","origin":[8.0,4.2045484,8.257143]},"faces":{"east":{"uv":[0.0,3.875,6.25,4.375],"rotation":0,"texture":"#0","tintindex":0},"south":{"uv":[3.0,6.5,3.375,7.0],"rotation":0,"texture":"#0","tintindex":0},"north":{"uv":[2.625,6.5,3.0,7.0],"rotation":0,"texture":"#0","tintindex":0},"west":{"uv":[0.0,4.375,6.25,4.875],"rotation":0,"texture":"#0","tintindex":0},"up":{"uv":[0.375,11.75,0.0,5.5],"rotation":0,"texture":"#0","tintindex":0},"down":{"uv":[0.75,5.5,0.375,11.75],"rotation":0,"texture":"#0","tintindex":0}}},{"from":[3.4285712,7.0616913,-11.742857],"to":[5.142857,9.347405,16.828571],"rotation":{"angle":0.0,"axis":"y","origin":[9.142858,4.2045484,8.257143]},"faces":{"east":{"uv":[6.25,4.375,0.0,4.875],"rotation":0,"texture":"#0","tintindex":0},"south":{"uv":[3.375,6.5,3.0,7.0],"rotation":0,"texture":"#0","tintindex":0},"north":{"uv":[3.0,6.5,2.625,7.0],"rotation":0,"texture":"#0","tintindex":0},"west":{"uv":[6.25,3.875,0.0,4.375],"rotation":0,"texture":"#0","tintindex":0},"up":{"uv":[0.0,11.75,0.375,5.5],"rotation":0,"texture":"#0","tintindex":0},"down":{"uv":[0.375,5.5,0.75,11.75],"rotation":0,"texture":"#0","tintindex":0}}},{"from":[1.7142854,6.4902625,7.1142855],"to":[15.428572,9.347405,8.828571],"rotation":{"angle":0.0,"axis":"y","origin":[8.0,4.2045484,8.257143]},"faces":{"east":{"uv":[1.875,6.5,2.25,7.125],"rotation":0,"texture":"#0","tintindex":0},"south":{"uv":[5.5,2.375,8.5,3.0],"rotation":0,"texture":"#0","tintindex":0},"north":{"uv":[5.5,1.75,8.5,2.375],"rotation":0,"texture":"#0","tintindex":0},"west":{"uv":[2.25,6.5,2.625,7.125],"rotation":0,"texture":"#0","tintindex":0},"up":{"uv":[8.5,3.375,5.5,3.0],"rotation":0,"texture":"#0","tintindex":0},"down":{"uv":[8.5,3.375,5.5,3.75],"rotation":0,"texture":"#0","tintindex":0}}},{"from":[15.428572,7.0616913,7.1142855],"to":[17.714287,8.775977,8.828571],"rotation":{"angle":0.0,"axis":"y","origin":[8.0,4.2045484,8.257143]},"faces":{"east":{"uv":[6.75,6.25,7.125,6.625],"rotation":0,"texture":"#0","tintindex":0},"south":{"uv":[4.5,6.75,5.0,7.125],"rotation":0,"texture":"#0","tintindex":0},"north":{"uv":[4.0,6.75,4.5,7.125],"rotation":0,"texture":"#0","tintindex":0},"west":{"uv":[6.75,6.625,7.125,7.0],"rotation":0,"texture":"#0","tintindex":0},"up":{"uv":[5.5,7.125,5.0,6.75],"rotation":0,"texture":"#0","tintindex":0},"down":{"uv":[6.0,6.75,5.5,7.125],"rotation":0,"texture":"#0","tintindex":0}}},{"from":[-0.57142925,7.0616913,7.1142855],"to":[1.7142854,8.775977,8.828571],"rotation":{"angle":0.0,"axis":"y","origin":[9.142858,4.2045484,8.257143]},"faces":{"east":{"uv":[7.125,6.625,6.75,7.0],"rotation":0,"texture":"#0","tintindex":0},"south":{"uv":[5.0,6.75,4.5,7.125],"rotation":0,"texture":"#0","tintindex":0},"north":{"uv":[4.5,6.75,4.0,7.125],"rotation":0,"texture":"#0","tintindex":0},"west":{"uv":[7.125,6.25,6.75,6.625],"rotation":0,"texture":"#0","tintindex":0},"up":{"uv":[5.0,7.125,5.5,6.75],"rotation":0,"texture":"#0","tintindex":0},"down":{"uv":[5.5,6.75,6.0,7.125],"rotation":0,"texture":"#0","tintindex":0}}},{"from":[1.7142854,9.918835,-1.4571428],"to":[15.428572,13.347406,-0.88571453],"rotation":{"angle":0.0,"axis":"y","origin":[8.0,4.2045484,8.257143]},"faces":{"east":{"uv":[3.375,6.5,3.5,7.25],"rotation":0,"texture":"#0","tintindex":0},"south":{"uv":[0.75,5.5,3.75,6.25],"rotation":0,"texture":"#0","tintindex":0},"north":{"uv":[5.5,0.0,8.5,0.75],"rotation":0,"texture":"#0","tintindex":0},"west":{"uv":[2.625,7.0,2.75,7.75],"rotation":0,"texture":"#0","tintindex":0},"up":{"uv":[8.5,3.875,5.5,3.75],"rotation":0,"texture":"#0","tintindex":0},"down":{"uv":[9.25,3.875,6.25,4.0],"rotation":0,"texture":"#0","tintindex":0}}},{"from":[14.285715,10.490263,-0.88571453],"to":[14.857143,13.347406,17.400002],"rotation":{"angle":-22.5,"axis":"z","origin":[14.142858,13.775977,7.9714284]},"faces":{"east":{"uv":[0.0,4.875,4.0,5.5],"rotation":0,"texture":"#0","tintindex":0},"south":{"uv":[2.25,7.125,2.375,7.75],"rotation":0,"texture":"#0","tintindex":0},"north":{"uv":[2.125,7.125,2.25,7.75],"rotation":0,"texture":"#0","tintindex":0},"west":{"uv":[4.0,4.875,8.0,5.5],"rotation":0,"texture":"#0","tintindex":0},"up":{"uv":[3.625,10.25,3.5,6.25],"rotation":0,"texture":"#0","tintindex":0},"down":{"uv":[3.75,6.25,3.625,10.25],"rotation":0,"texture":"#0","tintindex":0}}},{"from":[14.285715,13.918835,-0.88571453],"to":[14.857143,16.204548,17.400002],"rotation":{"angle":-22.5,"axis":"z","origin":[14.142858,13.775977,7.9714284]},"faces":{"east":{"uv":[5.5,0.75,9.5,1.25],"rotation":0,"texture":"#0","tintindex":0},"south":{"uv":[2.5,7.125,2.625,7.625],"rotation":0,"texture":"#0","tintindex":0},"north":{"uv":[2.375,7.125,2.5,7.625],"rotation":0,"texture":"#0","tintindex":0},"west":{"uv":[5.5,1.25,9.5,1.75],"rotation":0,"texture":"#0","tintindex":0},"up":{"uv":[0.875,10.5,0.75,6.5],"rotation":0,"texture":"#0","tintindex":0},"down":{"uv":[1.0,6.5,0.875,10.5],"rotation":0,"texture":"#0","tintindex":0}}},{"from":[13.142858,9.918835,-0.88571453],"to":[14.285715,16.775978,0.82857084],"rotation":{"angle":-22.5,"axis":"z","origin":[14.142858,13.775977,7.9714284]},"faces":{"east":{"uv":[6.0,6.25,6.375,7.75],"rotation":0,"texture":"#0","tintindex":0},"south":{"uv":[1.25,6.5,1.5,8.0],"rotation":0,"texture":"#0","tintindex":0},"north":{"uv":[1.0,6.5,1.25,8.0],"rotation":0,"texture":"#0","tintindex":0},"west":{"uv":[6.375,6.25,6.75,7.75],"rotation":0,"texture":"#0","tintindex":0},"up":{"uv":[7.125,4.375,6.875,4.0],"rotation":0,"texture":"#0","tintindex":0},"down":{"uv":[7.125,4.375,6.875,4.75],"rotation":0,"texture":"#0","tintindex":0}}},{"from":[13.142858,9.918835,15.114286],"to":[14.285715,16.775978,16.828571],"rotation":{"angle":-22.5,"axis":"z","origin":[14.142858,13.775977,7.9714284]},"faces":{"east":{"uv":[6.375,6.25,6.0,7.75],"rotation":0,"texture":"#0","tintindex":0},"south":{"uv":[1.25,6.5,1.0,8.0],"rotation":0,"texture":"#0","tintindex":0},"north":{"uv":[1.5,6.5,1.25,8.0],"rotation":0,"texture":"#0","tintindex":0},"west":{"uv":[6.75,6.25,6.375,7.75],"rotation":0,"texture":"#0","tintindex":0},"up":{"uv":[7.125,4.0,6.875,4.375],"rotation":0,"texture":"#0","tintindex":0},"down":{"uv":[7.125,4.75,6.875,4.375],"rotation":0,"texture":"#0","tintindex":0}}},{"from":[2.8571424,9.918835,-0.88571453],"to":[4.0,16.775978,0.82857084],"rotation":{"angle":22.5,"axis":"z","origin":[3.0,13.775977,7.9714284]},"faces":{"east":{"uv":[6.75,6.25,6.375,7.75],"rotation":0,"texture":"#0","tintindex":0},"south":{"uv":[1.5,6.5,1.25,8.0],"rotation":0,"texture":"#0","tintindex":0},"north":{"uv":[1.25,6.5,1.0,8.0],"rotation":0,"texture":"#0","tintindex":0},"west":{"uv":[6.375,6.25,6.0,7.75],"rotation":0,"texture":"#0","tintindex":0},"up":{"uv":[6.875,4.375,7.125,4.0],"rotation":0,"texture":"#0","tintindex":0},"down":{"uv":[6.875,4.375,7.125,4.75],"rotation":0,"texture":"#0","tintindex":0}}},{"from":[2.2857141,13.918835,-0.88571453],"to":[2.8571424,16.204548,17.400002],"rotation":{"angle":22.5,"axis":"z","origin":[3.0,13.775977,7.9714284]},"faces":{"east":{"uv":[9.5,1.25,5.5,1.75],"rotation":0,"texture":"#0","tintindex":0},"south":{"uv":[2.625,7.125,2.5,7.625],"rotation":0,"texture":"#0","tintindex":0},"north":{"uv":[2.5,7.125,2.375,7.625],"rotation":0,"texture":"#0","tintindex":0},"west":{"uv":[9.5,0.75,5.5,1.25],"rotation":0,"texture":"#0","tintindex":0},"up":{"uv":[0.75,10.5,0.875,6.5],"rotation":0,"texture":"#0","tintindex":0},"down":{"uv":[0.875,6.5,1.0,10.5],"rotation":0,"texture":"#0","tintindex":0}}},{"from":[2.2857141,10.490263,-0.88571453],"to":[2.8571424,13.347406,17.400002],"rotation":{"angle":22.5,"axis":"z","origin":[3.0,13.775977,7.9714284]},"faces":{"east":{"uv":[8.0,4.875,4.0,5.5],"rotation":0,"texture":"#0","tintindex":0},"south":{"uv":[2.375,7.125,2.25,7.75],"rotation":0,"texture":"#0","tintindex":0},"north":{"uv":[2.25,7.125,2.125,7.75],"rotation":0,"texture":"#0","tintindex":0},"west":{"uv":[4.0,4.875,0.0,5.5],"rotation":0,"texture":"#0","tintindex":0},"up":{"uv":[3.5,10.25,3.625,6.25],"rotation":0,"texture":"#0","tintindex":0},"down":{"uv":[3.625,6.25,3.75,10.25],"rotation":0,"texture":"#0","tintindex":0}}}],"display":{"head":{"translation":[0.0,-6.4,0.0],"scale":[4.0,4.0,4.0]}}}