{"textures":{"0":"modelengine:entity/dungeon_candleabra"},"elements":[{"from":[7.714286,9.142858,5.714286],"to":[8.285714,9.714286,10.285714],"rotation":{"angle":0.0,"axis":"y","origin":[7.714286,9.142858,8.0]},"faces":{"east":{"uv":[3.0,1.0,7.0,1.5],"rotation":0,"texture":"#0","tintindex":0},"south":{"uv":[5.0,6.0,5.5,6.5],"rotation":0,"texture":"#0","tintindex":0},"north":{"uv":[6.0,4.5,6.5,5.0],"rotation":0,"texture":"#0","tintindex":0},"west":{"uv":[3.0,1.5,7.0,2.0],"rotation":0,"texture":"#0","tintindex":0},"up":{"uv":[3.5,6.0,3.0,2.0],"rotation":0,"texture":"#0","tintindex":0},"down":{"uv":[4.0,2.0,3.5,6.0],"rotation":0,"texture":"#0","tintindex":0}}},{"from":[7.714286,9.714286,7.714286],"to":[8.285714,20.0,8.285714],"rotation":{"angle":0.0,"axis":"y","origin":[7.714286,9.142858,7.714286]},"faces":{"east":{"uv":[0.5,0.0,1.0,9.0],"rotation":0,"texture":"#0","tintindex":0},"south":{"uv":[1.0,0.0,1.5,9.0],"rotation":0,"texture":"#0","tintindex":0},"north":{"uv":[0.0,0.0,0.5,9.0],"rotation":0,"texture":"#0","tintindex":0},"west":{"uv":[1.5,0.0,2.0,9.0],"rotation":0,"texture":"#0","tintindex":0},"up":{"uv":[6.5,5.5,6.0,5.0],"rotation":0,"texture":"#0","tintindex":0},"down":{"uv":[6.0,6.0,5.5,6.5],"rotation":0,"texture":"#0","tintindex":0}}},{"from":[7.714286,20.0,4.285714],"to":[8.285714,20.57143,11.714286],"rotation":{"angle":0.0,"axis":"y","origin":[8.0,20.285715,8.0]},"faces":{"east":{"uv":[2.0,0.0,8.5,0.5],"rotation":0,"texture":"#0","tintindex":0},"south":{"uv":[6.0,6.0,6.5,6.5],"rotation":0,"texture":"#0","tintindex":0},"north":{"uv":[6.0,5.5,6.5,6.0],"rotation":0,"texture":"#0","tintindex":0},"west":{"uv":[2.0,0.5,8.5,1.0],"rotation":0,"texture":"#0","tintindex":0},"up":{"uv":[2.5,7.5,2.0,1.0],"rotation":0,"texture":"#0","tintindex":0},"down":{"uv":[3.0,1.0,2.5,7.5],"rotation":0,"texture":"#0","tintindex":0}}},{"from":[7.714286,20.57143,11.142858],"to":[8.285714,24.0,11.714286],"rotation":{"angle":0.0,"axis":"y","origin":[7.714286,9.142858,7.714286]},"faces":{"east":{"uv":[4.5,2.0,5.0,5.0],"rotation":0,"texture":"#0","tintindex":0},"south":{"uv":[5.0,2.0,5.5,5.0],"rotation":0,"texture":"#0","tintindex":0},"north":{"uv":[4.0,2.0,4.5,5.0],"rotation":0,"texture":"#0","tintindex":0},"west":{"uv":[4.0,5.0,4.5,8.0],"rotation":0,"texture":"#0","tintindex":0},"up":{"uv":[7.0,2.5,6.5,2.0],"rotation":0,"texture":"#0","tintindex":0},"down":{"uv":[7.0,2.5,6.5,3.0],"rotation":0,"texture":"#0","tintindex":0}}},{"from":[7.428571,21.714287,10.857143],"to":[8.571428,21.714287,12.0],"rotation":{"angle":0.0,"axis":"y","origin":[7.428571,9.142858,7.428571]},"faces":{"east":{"uv":[0.0,0.0,1.0,0.0],"rotation":0,"texture":"#0","tintindex":0},"south":{"uv":[0.0,0.0,1.0,0.0],"rotation":0,"texture":"#0","tintindex":0},"north":{"uv":[0.0,0.0,1.0,0.0],"rotation":0,"texture":"#0","tintindex":0},"west":{"uv":[0.0,0.0,1.0,0.0],"rotation":0,"texture":"#0","tintindex":0},"up":{"uv":[5.5,6.0,4.5,5.0],"rotation":0,"texture":"#0","tintindex":0},"down":{"uv":[6.5,2.0,5.5,3.0],"rotation":0,"texture":"#0","tintindex":0}}},{"from":[7.714286,8.0,5.142857],"to":[8.285714,9.714286,5.714286],"rotation":{"angle":0.0,"axis":"y","origin":[7.714286,9.142858,8.0]},"faces":{"east":{"uv":[5.5,4.5,6.0,6.0],"rotation":0,"texture":"#0","tintindex":0},"south":{"uv":[3.0,6.0,3.5,7.5],"rotation":0,"texture":"#0","tintindex":0},"north":{"uv":[5.5,3.0,6.0,4.5],"rotation":0,"texture":"#0","tintindex":0},"west":{"uv":[6.0,3.0,6.5,4.5],"rotation":0,"texture":"#0","tintindex":0},"up":{"uv":[4.0,6.5,3.5,6.0],"rotation":0,"texture":"#0","tintindex":0},"down":{"uv":[5.0,6.0,4.5,6.5],"rotation":0,"texture":"#0","tintindex":0}}},{"from":[7.714286,8.0,10.285714],"to":[8.285714,9.714286,10.857143],"rotation":{"angle":0.0,"axis":"y","origin":[7.714286,9.142858,8.0]},"faces":{"east":{"uv":[6.0,4.5,5.5,6.0],"rotation":0,"texture":"#0","tintindex":0},"south":{"uv":[6.0,3.0,5.5,4.5],"rotation":0,"texture":"#0","tintindex":0},"north":{"uv":[3.5,6.0,3.0,7.5],"rotation":0,"texture":"#0","tintindex":0},"west":{"uv":[6.5,3.0,6.0,4.5],"rotation":0,"texture":"#0","tintindex":0},"up":{"uv":[4.0,6.0,3.5,6.5],"rotation":0,"texture":"#0","tintindex":0},"down":{"uv":[5.0,6.5,4.5,6.0],"rotation":0,"texture":"#0","tintindex":0}}},{"from":[10.285714,8.0,7.714286],"to":[10.857143,9.714286,8.285714],"rotation":{"angle":0.0,"axis":"y","origin":[8.0,9.142858,7.714286]},"faces":{"east":{"uv":[5.5,3.0,6.0,4.5],"rotation":0,"texture":"#0","tintindex":0},"south":{"uv":[5.5,4.5,6.0,6.0],"rotation":0,"texture":"#0","tintindex":0},"north":{"uv":[6.0,3.0,6.5,4.5],"rotation":0,"texture":"#0","tintindex":0},"west":{"uv":[3.0,6.0,3.5,7.5],"rotation":0,"texture":"#0","tintindex":0},"up":{"uv":[4.0,6.5,3.5,6.0],"rotation":90,"texture":"#0","tintindex":0},"down":{"uv":[5.0,6.0,4.5,6.5],"rotation":270,"texture":"#0","tintindex":0}}},{"from":[5.714286,9.142858,7.714286],"to":[10.285714,9.714286,8.285714],"rotation":{"angle":0.0,"axis":"y","origin":[8.0,9.142858,7.714286]},"faces":{"east":{"uv":[6.0,4.5,6.5,5.0],"rotation":0,"texture":"#0","tintindex":0},"south":{"uv":[3.0,1.0,7.0,1.5],"rotation":0,"texture":"#0","tintindex":0},"north":{"uv":[3.0,1.5,7.0,2.0],"rotation":0,"texture":"#0","tintindex":0},"west":{"uv":[5.0,6.0,5.5,6.5],"rotation":0,"texture":"#0","tintindex":0},"up":{"uv":[3.5,6.0,3.0,2.0],"rotation":90,"texture":"#0","tintindex":0},"down":{"uv":[4.0,2.0,3.5,6.0],"rotation":270,"texture":"#0","tintindex":0}}},{"from":[5.142857,8.0,7.714286],"to":[5.714286,9.714286,8.285714],"rotation":{"angle":0.0,"axis":"y","origin":[8.0,9.142858,7.714286]},"faces":{"east":{"uv":[3.5,6.0,3.0,7.5],"rotation":0,"texture":"#0","tintindex":0},"south":{"uv":[6.0,4.5,5.5,6.0],"rotation":0,"texture":"#0","tintindex":0},"north":{"uv":[6.5,3.0,6.0,4.5],"rotation":0,"texture":"#0","tintindex":0},"west":{"uv":[6.0,3.0,5.5,4.5],"rotation":0,"texture":"#0","tintindex":0},"up":{"uv":[4.0,6.0,3.5,6.5],"rotation":90,"texture":"#0","tintindex":0},"down":{"uv":[5.0,6.5,4.5,6.0],"rotation":270,"texture":"#0","tintindex":0}}},{"from":[7.714286,21.142857,9.428572],"to":[8.285714,24.57143,10.0],"rotation":{"angle":0.0,"axis":"y","origin":[7.714286,9.714286,6.0]},"faces":{"east":{"uv":[4.5,2.0,5.0,5.0],"rotation":0,"texture":"#0","tintindex":0},"south":{"uv":[5.0,2.0,5.5,5.0],"rotation":0,"texture":"#0","tintindex":0},"north":{"uv":[4.0,2.0,4.5,5.0],"rotation":0,"texture":"#0","tintindex":0},"west":{"uv":[4.0,5.0,4.5,8.0],"rotation":0,"texture":"#0","tintindex":0},"up":{"uv":[7.0,2.5,6.5,2.0],"rotation":0,"texture":"#0","tintindex":0},"down":{"uv":[7.0,2.5,6.5,3.0],"rotation":0,"texture":"#0","tintindex":0}}},{"from":[7.428571,22.285715,9.142858],"to":[8.571428,22.285715,10.285714],"rotation":{"angle":0.0,"axis":"y","origin":[7.428571,9.714286,5.714286]},"faces":{"east":{"uv":[0.0,0.0,1.0,0.0],"rotation":0,"texture":"#0","tintindex":0},"south":{"uv":[0.0,0.0,1.0,0.0],"rotation":0,"texture":"#0","tintindex":0},"north":{"uv":[0.0,0.0,1.0,0.0],"rotation":0,"texture":"#0","tintindex":0},"west":{"uv":[0.0,0.0,1.0,0.0],"rotation":0,"texture":"#0","tintindex":0},"up":{"uv":[5.5,6.0,4.5,5.0],"rotation":0,"texture":"#0","tintindex":0},"down":{"uv":[6.5,2.0,5.5,3.0],"rotation":0,"texture":"#0","tintindex":0}}},{"from":[7.714286,21.714287,7.714286],"to":[8.285714,25.142859,8.285714],"rotation":{"angle":0.0,"axis":"y","origin":[7.714286,10.285714,4.285714]},"faces":{"east":{"uv":[4.5,2.0,5.0,5.0],"rotation":0,"texture":"#0","tintindex":0},"south":{"uv":[5.0,2.0,5.5,5.0],"rotation":0,"texture":"#0","tintindex":0},"north":{"uv":[4.0,2.0,4.5,5.0],"rotation":0,"texture":"#0","tintindex":0},"west":{"uv":[4.0,5.0,4.5,8.0],"rotation":0,"texture":"#0","tintindex":0},"up":{"uv":[7.0,2.5,6.5,2.0],"rotation":0,"texture":"#0","tintindex":0},"down":{"uv":[7.0,2.5,6.5,3.0],"rotation":0,"texture":"#0","tintindex":0}}},{"from":[7.428571,22.857143,7.428571],"to":[8.571428,22.857143,8.571428],"rotation":{"angle":0.0,"axis":"y","origin":[7.428571,10.285714,4.0]},"faces":{"east":{"uv":[0.0,0.0,1.0,0.0],"rotation":0,"texture":"#0","tintindex":0},"south":{"uv":[0.0,0.0,1.0,0.0],"rotation":0,"texture":"#0","tintindex":0},"north":{"uv":[0.0,0.0,1.0,0.0],"rotation":0,"texture":"#0","tintindex":0},"west":{"uv":[0.0,0.0,1.0,0.0],"rotation":0,"texture":"#0","tintindex":0},"up":{"uv":[5.5,6.0,4.5,5.0],"rotation":0,"texture":"#0","tintindex":0},"down":{"uv":[6.5,2.0,5.5,3.0],"rotation":0,"texture":"#0","tintindex":0}}},{"from":[7.714286,21.142857,6.0],"to":[8.285714,24.57143,6.5714283],"rotation":{"angle":0.0,"axis":"y","origin":[7.714286,9.714286,2.5714283]},"faces":{"east":{"uv":[4.5,2.0,5.0,5.0],"rotation":0,"texture":"#0","tintindex":0},"south":{"uv":[5.0,2.0,5.5,5.0],"rotation":0,"texture":"#0","tintindex":0},"north":{"uv":[4.0,2.0,4.5,5.0],"rotation":0,"texture":"#0","tintindex":0},"west":{"uv":[4.0,5.0,4.5,8.0],"rotation":0,"texture":"#0","tintindex":0},"up":{"uv":[7.0,2.5,6.5,2.0],"rotation":0,"texture":"#0","tintindex":0},"down":{"uv":[7.0,2.5,6.5,3.0],"rotation":0,"texture":"#0","tintindex":0}}},{"from":[7.428571,22.285715,5.714286],"to":[8.571428,22.285715,6.857143],"rotation":{"angle":0.0,"axis":"y","origin":[7.428571,9.714286,2.2857141]},"faces":{"east":{"uv":[0.0,0.0,1.0,0.0],"rotation":0,"texture":"#0","tintindex":0},"south":{"uv":[0.0,0.0,1.0,0.0],"rotation":0,"texture":"#0","tintindex":0},"north":{"uv":[0.0,0.0,1.0,0.0],"rotation":0,"texture":"#0","tintindex":0},"west":{"uv":[0.0,0.0,1.0,0.0],"rotation":0,"texture":"#0","tintindex":0},"up":{"uv":[5.5,6.0,4.5,5.0],"rotation":0,"texture":"#0","tintindex":0},"down":{"uv":[6.5,2.0,5.5,3.0],"rotation":0,"texture":"#0","tintindex":0}}},{"from":[7.714286,20.57143,4.285714],"to":[8.285714,24.0,4.8571424],"rotation":{"angle":0.0,"axis":"y","origin":[7.714286,9.142858,0.85714245]},"faces":{"east":{"uv":[4.5,2.0,5.0,5.0],"rotation":0,"texture":"#0","tintindex":0},"south":{"uv":[5.0,2.0,5.5,5.0],"rotation":0,"texture":"#0","tintindex":0},"north":{"uv":[4.0,2.0,4.5,5.0],"rotation":0,"texture":"#0","tintindex":0},"west":{"uv":[4.0,5.0,4.5,8.0],"rotation":0,"texture":"#0","tintindex":0},"up":{"uv":[7.0,2.5,6.5,2.0],"rotation":0,"texture":"#0","tintindex":0},"down":{"uv":[7.0,2.5,6.5,3.0],"rotation":0,"texture":"#0","tintindex":0}}},{"from":[7.428571,21.714287,4.0],"to":[8.571428,21.714287,5.142857],"rotation":{"angle":0.0,"axis":"y","origin":[7.428571,9.142858,0.5714283]},"faces":{"east":{"uv":[0.0,0.0,1.0,0.0],"rotation":0,"texture":"#0","tintindex":0},"south":{"uv":[0.0,0.0,1.0,0.0],"rotation":0,"texture":"#0","tintindex":0},"north":{"uv":[0.0,0.0,1.0,0.0],"rotation":0,"texture":"#0","tintindex":0},"west":{"uv":[0.0,0.0,1.0,0.0],"rotation":0,"texture":"#0","tintindex":0},"up":{"uv":[5.5,6.0,4.5,5.0],"rotation":0,"texture":"#0","tintindex":0},"down":{"uv":[6.5,2.0,5.5,3.0],"rotation":0,"texture":"#0","tintindex":0}}},{"from":[7.714286,20.57143,9.428572],"to":[8.285714,21.142857,10.0],"rotation":{"angle":0.0,"axis":"y","origin":[8.0,20.285715,8.0]},"faces":{"east":{"uv":[2.0,0.0,2.5,0.5],"rotation":0,"texture":"#0","tintindex":0},"south":{"uv":[6.0,6.0,6.5,6.5],"rotation":0,"texture":"#0","tintindex":0},"north":{"uv":[6.0,5.5,6.5,6.0],"rotation":0,"texture":"#0","tintindex":0},"west":{"uv":[2.0,0.5,2.5,1.0],"rotation":0,"texture":"#0","tintindex":0},"up":{"uv":[2.5,1.5,2.0,1.0],"rotation":0,"texture":"#0","tintindex":0},"down":{"uv":[3.0,1.0,2.5,1.5],"rotation":0,"texture":"#0","tintindex":0}}},{"from":[7.714286,20.57143,6.0],"to":[8.285714,21.142857,6.5714283],"rotation":{"angle":0.0,"axis":"y","origin":[8.0,20.285715,4.5714283]},"faces":{"east":{"uv":[2.0,0.0,2.5,0.5],"rotation":0,"texture":"#0","tintindex":0},"south":{"uv":[6.0,6.0,6.5,6.5],"rotation":0,"texture":"#0","tintindex":0},"north":{"uv":[6.0,5.5,6.5,6.0],"rotation":0,"texture":"#0","tintindex":0},"west":{"uv":[2.0,0.5,2.5,1.0],"rotation":0,"texture":"#0","tintindex":0},"up":{"uv":[2.5,1.5,2.0,1.0],"rotation":0,"texture":"#0","tintindex":0},"down":{"uv":[3.0,1.0,2.5,1.5],"rotation":0,"texture":"#0","tintindex":0}}},{"from":[7.714286,20.57143,7.714286],"to":[8.285714,21.714287,8.285714],"rotation":{"angle":0.0,"axis":"y","origin":[7.714286,9.142858,4.285714]},"faces":{"east":{"uv":[6.0,2.5,6.5,3.5],"rotation":0,"texture":"#0","tintindex":0},"south":{"uv":[5.0,0.5,5.5,1.5],"rotation":0,"texture":"#0","tintindex":0},"north":{"uv":[4.0,1.0,4.5,2.0],"rotation":0,"texture":"#0","tintindex":0},"west":{"uv":[3.5,3.5,4.0,4.5],"rotation":0,"texture":"#0","tintindex":0},"up":{"uv":[7.0,2.5,6.5,2.0],"rotation":0,"texture":"#0","tintindex":0},"down":{"uv":[7.0,2.5,6.5,3.0],"rotation":0,"texture":"#0","tintindex":0}}},{"from":[7.857143,24.0,4.5714283],"to":[8.142858,24.428572,4.5714283],"rotation":{"angle":0.0,"axis":"y","origin":[7.714286,9.142858,0.85714245]},"faces":{"east":{"uv":[3.5,1.5,3.5,1.875],"rotation":0,"texture":"#0","tintindex":0},"south":{"uv":[3.5,2.0,3.75,2.375],"rotation":0,"texture":"#0","tintindex":0},"north":{"uv":[3.5,1.5,3.75,1.875],"rotation":0,"texture":"#0","tintindex":0},"west":{"uv":[3.5,2.0,3.5,2.375],"rotation":0,"texture":"#0","tintindex":0},"up":{"uv":[6.0,1.5,5.75,1.5],"rotation":0,"texture":"#0","tintindex":0},"down":{"uv":[5.5,1.5,5.25,1.5],"rotation":0,"texture":"#0","tintindex":0}}},{"from":[7.857143,24.57143,6.285714],"to":[8.142858,25.0,6.285714],"rotation":{"angle":0.0,"axis":"y","origin":[7.714286,9.714286,2.5714283]},"faces":{"east":{"uv":[3.5,1.5,3.5,1.875],"rotation":0,"texture":"#0","tintindex":0},"south":{"uv":[3.5,2.0,3.75,2.375],"rotation":0,"texture":"#0","tintindex":0},"north":{"uv":[3.5,1.5,3.75,1.875],"rotation":0,"texture":"#0","tintindex":0},"west":{"uv":[3.5,2.0,3.5,2.375],"rotation":0,"texture":"#0","tintindex":0},"up":{"uv":[6.0,1.5,5.75,1.5],"rotation":0,"texture":"#0","tintindex":0},"down":{"uv":[5.5,1.5,5.25,1.5],"rotation":0,"texture":"#0","tintindex":0}}},{"from":[7.857143,25.142859,8.0],"to":[8.142858,25.57143,8.0],"rotation":{"angle":0.0,"axis":"y","origin":[7.714286,10.285714,4.285714]},"faces":{"east":{"uv":[3.5,1.5,3.5,1.875],"rotation":0,"texture":"#0","tintindex":0},"south":{"uv":[3.5,2.0,3.75,2.375],"rotation":0,"texture":"#0","tintindex":0},"north":{"uv":[3.5,1.5,3.75,1.875],"rotation":0,"texture":"#0","tintindex":0},"west":{"uv":[3.5,2.0,3.5,2.375],"rotation":0,"texture":"#0","tintindex":0},"up":{"uv":[6.0,1.5,5.75,1.5],"rotation":0,"texture":"#0","tintindex":0},"down":{"uv":[5.5,1.5,5.25,1.5],"rotation":0,"texture":"#0","tintindex":0}}},{"from":[7.857143,24.0,11.428572],"to":[8.142858,24.428572,11.428572],"rotation":{"angle":0.0,"axis":"y","origin":[7.714286,9.142858,15.142858]},"faces":{"east":{"uv":[3.5,1.5,3.5,1.875],"rotation":0,"texture":"#0","tintindex":0},"south":{"uv":[3.75,1.5,3.5,1.875],"rotation":0,"texture":"#0","tintindex":0},"north":{"uv":[3.75,2.0,3.5,2.375],"rotation":0,"texture":"#0","tintindex":0},"west":{"uv":[3.5,2.0,3.5,2.375],"rotation":0,"texture":"#0","tintindex":0},"up":{"uv":[6.0,1.5,5.75,1.5],"rotation":0,"texture":"#0","tintindex":0},"down":{"uv":[5.5,1.5,5.25,1.5],"rotation":0,"texture":"#0","tintindex":0}}},{"from":[7.857143,24.57143,9.714286],"to":[8.142858,25.0,9.714286],"rotation":{"angle":0.0,"axis":"y","origin":[7.714286,9.714286,13.428572]},"faces":{"east":{"uv":[3.5,1.5,3.5,1.875],"rotation":0,"texture":"#0","tintindex":0},"south":{"uv":[3.75,1.5,3.5,1.875],"rotation":0,"texture":"#0","tintindex":0},"north":{"uv":[3.75,2.0,3.5,2.375],"rotation":0,"texture":"#0","tintindex":0},"west":{"uv":[3.5,2.0,3.5,2.375],"rotation":0,"texture":"#0","tintindex":0},"up":{"uv":[6.0,1.5,5.75,1.5],"rotation":0,"texture":"#0","tintindex":0},"down":{"uv":[5.5,1.5,5.25,1.5],"rotation":0,"texture":"#0","tintindex":0}}}],"display":{"head":{"translation":[0.0,-6.4,0.0],"scale":[4.0,4.0,4.0]}}}