{"sources":[{"type":"single","resource":"customfishing:items/octopus_fish"},{"type":"single","resource":"customfishing:items/perch_fish_silver_star"},{"type":"single","resource":"customfishing:items/star_fishing_rod"},{"type":"single","resource":"customfishing:items/mullet_fish_golden_star"},{"type":"single","resource":"customfishing:items/woodskip_fish_silver_star"},{"type":"single","resource":"customfishing:items/sardine_fish"},{"type":"single","resource":"customfishing:items/red_spnapper_fish"},{"type":"single","resource":"customfishing:items/sturgeon_fish"},{"type":"single","resource":"customfishing:items/sturgeon_fish_golden_star"},{"type":"single","resource":"_iainternal:icons/icon_left_blue"},{"type":"single","resource":"customfishing:items/perch_fish"},{"type":"single","resource":"customfishing:items/sardine_fish_golden_star"},{"type":"single","resource":"customfishing:items/nature_fishing_cane_cast"},{"type":"single","resource":"customfishing:items/cat_fish_golden_star"},{"type":"single","resource":"customfishing:items/salmon_void_fish"},{"type":"single","resource":"customfishing:items/pike_fish_silver_star"},{"type":"single","resource":"_iainternal:icons/icon_next_orange"},{"type":"single","resource":"customfishing:items/golden_fish_golden_star"},{"type":"single","resource":"customfishing:items/fish_template"},{"type":"single","resource":"customfishing:items/fish_compass"},{"type":"single","resource":"customfishing:items/tuna_fish_silver_star"},{"type":"single","resource":"customfishing:items/wild_bait"},{"type":"single","resource":"customfishing:items/sunfish_fish_silver_star"},{"type":"single","resource":"customfishing:items/red_spnapper_fish_golden_star"},{"type":"single","resource":"customfishing:items/golden_fishing_rod"},{"type":"single","resource":"customfishing:items/pike_fish"},{"type":"single","resource":"customfishing:items/octopus_fish_golden_star"},{"type":"single","resource":"customfishing:items/sturgeon_fish_silver_star"},{"type":"single","resource":"customfishing:items/golden_fishing_rod_cast"},{"type":"single","resource":"customfishing:items/sunfish_fish_golden_star"},{"type":"single","resource":"customfishing:items/golden_fish"},{"type":"single","resource":"customfishing:items/silver_fishing_rod_cast"},{"type":"single","resource":"customfishing:items/magnet_bait"},{"type":"single","resource":"customfishing:items/woodskip_fish"},{"type":"single","resource":"customfishing:items/pike_fish_golden_star"},{"type":"single","resource":"customfishing:items/golden_fish_silver_star"},{"type":"single","resource":"_iainternal:icons/icon_cancel"},{"type":"single","resource":"customfishing:items/cat_fish"},{"type":"single","resource":"customfishing:items/salmon_void_fish_silver_star"},{"type":"single","resource":"customfishing:items/carp_fish"},{"type":"single","resource":"customfishing:items/silver_fishing_rod"},{"type":"single","resource":"customfishing:items/tuna_fish_golden_star"},{"type":"single","resource":"_iainternal:icons/icon_back_orange"},{"type":"single","resource":"customfishing:items/carp_fish_golden_star"},{"type":"single","resource":"customfishing:items/octopus_fish_silver_star"},{"type":"single","resource":"_iainternal:icons/icon_arrow_chest"},{"type":"single","resource":"customfishing:items/star_fishing_rod_cast"},{"type":"single","resource":"customfishing:items/sardine_fish_silver_star"},{"type":"single","resource":"customfishing:items/nature_fishing_cane"},{"type":"single","resource":"customfishing:items/woodskip_fish_golden_star"},{"type":"single","resource":"customfishing:items/carp_fish_silver_star"},{"type":"single","resource":"customfishing:items/salmon_void_fish_golden_star"},{"type":"single","resource":"customfishing:items/mullet_fish"},{"type":"single","resource":"_iainternal:icons/icon_search"},{"type":"single","resource":"_iainternal:icons/icon_right_blue"},{"type":"single","resource":"customfishing:items/perch_fish_golden_star"},{"type":"single","resource":"customfishing:items/red_spnapper_fish_silver_star"},{"type":"single","resource":"customfishing:items/sunfish_fish"},{"type":"single","resource":"customfishing:items/mullet_fish_silver_star"},{"type":"single","resource":"customfishing:items/common_bait"},{"type":"single","resource":"customfishing:items/tuna_fish"},{"type":"single","resource":"customfishing:items/cat_fish_silver_star"}]}