{"textures":{"0":"modelengine:entity/bard"},"elements":[{"from":[7.142857,5.714286,6.5714283],"to":[8.857143,6.857143,9.428572],"rotation":{"angle":22.5,"axis":"x","origin":[8.0,8.0,8.0]},"faces":{"east":{"uv":[11.025,6.025,12.225,6.475],"rotation":0,"texture":"#0","tintindex":0},"south":{"uv":[0.025,13.025,0.725,13.475],"rotation":0,"texture":"#0","tintindex":0},"north":{"uv":[6.525,12.775,7.225,13.225],"rotation":0,"texture":"#0","tintindex":0},"west":{"uv":[12.275,2.275,13.475,2.725],"rotation":0,"texture":"#0","tintindex":0},"up":{"uv":[7.225,12.725,6.525,11.525],"rotation":0,"texture":"#0","tintindex":0},"down":{"uv":[12.225,9.275,11.525,10.475],"rotation":0,"texture":"#0","tintindex":0}}},{"from":[5.428571,9.037103,7.118714],"to":[10.571428,12.465674,9.975857],"rotation":{"angle":0.0,"axis":"y","origin":[7.714286,-1.2486115,7.690142]},"faces":{"east":{"uv":[5.275,9.275,6.475,10.725],"rotation":0,"texture":"#0","tintindex":0},"south":{"uv":[2.275,7.025,4.475,8.475],"rotation":0,"texture":"#0","tintindex":0},"north":{"uv":[0.025,7.025,2.225,8.475],"rotation":0,"texture":"#0","tintindex":0},"west":{"uv":[9.525,0.025,10.725,1.475],"rotation":0,"texture":"#0","tintindex":0},"up":{"uv":[9.725,8.225,7.525,7.025],"rotation":0,"texture":"#0","tintindex":0},"down":{"uv":[10.225,4.025,8.025,5.225],"rotation":0,"texture":"#0","tintindex":0}}},{"from":[6.0,6.857143,6.5714283],"to":[10.0,9.714286,9.428572],"rotation":{"angle":22.5,"axis":"x","origin":[8.0,8.0,8.0]},"faces":{"east":{"uv":[10.275,9.525,11.475,10.725],"rotation":0,"texture":"#0","tintindex":0},"south":{"uv":[1.775,8.525,3.475,9.725],"rotation":0,"texture":"#0","tintindex":0},"north":{"uv":[0.025,8.525,1.725,9.725],"rotation":0,"texture":"#0","tintindex":0},"west":{"uv":[3.275,10.525,4.475,11.725],"rotation":0,"texture":"#0","tintindex":0},"up":{"uv":[10.475,9.475,8.775,8.275],"rotation":0,"texture":"#0","tintindex":0},"down":{"uv":[5.225,9.275,3.525,10.475],"rotation":0,"texture":"#0","tintindex":0}}}],"display":{"head":{"translation":[0.0,-6.4,0.0],"scale":[4.0,4.0,4.0]}}}