{"textures":{"0":"modelengine:entity/bard"},"elements":[{"from":[5.256976,9.142858,7.142857],"to":[6.3998337,10.857143,8.285714],"rotation":{"angle":-22.5,"axis":"y","origin":[5.828405,11.428572,8.0]},"faces":{"east":{"uv":[5.775,13.025,6.225,13.725],"rotation":0,"texture":"#0","tintindex":0},"south":{"uv":[13.025,6.025,13.475,6.725],"rotation":0,"texture":"#0","tintindex":0},"north":{"uv":[5.275,13.025,5.725,13.725],"rotation":0,"texture":"#0","tintindex":0},"west":{"uv":[7.275,13.025,7.725,13.725],"rotation":0,"texture":"#0","tintindex":0},"up":{"uv":[11.725,13.475,11.275,13.025],"rotation":0,"texture":"#0","tintindex":0},"down":{"uv":[12.225,13.025,11.775,13.475],"rotation":0,"texture":"#0","tintindex":0}}},{"from":[5.628488,8.0,5.2751412],"to":[10.199917,12.571428,9.84657],"rotation":{"angle":0.0,"axis":"y","origin":[7.628488,-5.714287,6.989427]},"faces":{"east":{"uv":[7.975,5.025,6.025,6.975],"rotation":0,"texture":"#0","tintindex":0},"south":{"uv":[4.025,5.025,5.975,6.975],"rotation":0,"texture":"#0","tintindex":0},"north":{"uv":[0.025,4.525,1.975,6.475],"rotation":0,"texture":"#0","tintindex":0},"west":{"uv":[6.025,5.025,7.975,6.975],"rotation":0,"texture":"#0","tintindex":0},"up":{"uv":[8.225,1.975,6.275,0.025],"rotation":0,"texture":"#0","tintindex":0},"down":{"uv":[8.225,2.025,6.275,3.975],"rotation":0,"texture":"#0","tintindex":0}}},{"from":[7.342774,9.142858,4.7037125],"to":[8.485631,10.285714,5.84657],"rotation":{"angle":0.0,"axis":"y","origin":[7.628488,-5.714287,6.989427]},"faces":{"east":{"uv":[9.275,13.025,9.725,13.475],"rotation":0,"texture":"#0","tintindex":0},"south":{"uv":[13.025,9.275,13.475,9.725],"rotation":0,"texture":"#0","tintindex":0},"north":{"uv":[8.775,13.025,9.225,13.475],"rotation":0,"texture":"#0","tintindex":0},"west":{"uv":[9.775,13.025,10.225,13.475],"rotation":0,"texture":"#0","tintindex":0},"up":{"uv":[10.725,13.475,10.275,13.025],"rotation":0,"texture":"#0","tintindex":0},"down":{"uv":[11.225,13.025,10.775,13.475],"rotation":0,"texture":"#0","tintindex":0}}},{"from":[6.771345,7.428571,4.7037125],"to":[9.057059,8.571428,5.84657],"rotation":{"angle":0.0,"axis":"y","origin":[7.628488,-5.714287,6.989427]},"faces":{"east":{"uv":[7.775,13.025,8.225,13.475],"rotation":0,"texture":"#0","tintindex":0},"south":{"uv":[11.775,12.525,12.725,12.975],"rotation":0,"texture":"#0","tintindex":0},"north":{"uv":[12.525,11.025,13.475,11.475],"rotation":0,"texture":"#0","tintindex":0},"west":{"uv":[8.275,13.025,8.725,13.475],"rotation":0,"texture":"#0","tintindex":0},"up":{"uv":[13.725,0.475,12.775,0.025],"rotation":0,"texture":"#0","tintindex":0},"down":{"uv":[13.725,12.525,12.775,12.975],"rotation":0,"texture":"#0","tintindex":0}}},{"from":[5.0570593,11.428572,4.7037125],"to":[10.771345,13.142858,10.417998],"rotation":{"angle":-22.5,"axis":"z","origin":[8.199917,11.714286,7.84657]},"faces":{"east":{"uv":[9.775,2.275,12.225,2.975],"rotation":0,"texture":"#0","tintindex":0},"south":{"uv":[9.775,3.025,12.225,3.725],"rotation":0,"texture":"#0","tintindex":0},"north":{"uv":[9.525,1.525,11.975,2.225],"rotation":0,"texture":"#0","tintindex":0},"west":{"uv":[9.775,6.525,12.225,7.225],"rotation":0,"texture":"#0","tintindex":0},"up":{"uv":[6.225,2.475,3.775,0.025],"rotation":0,"texture":"#0","tintindex":0},"down":{"uv":[6.225,2.525,3.775,4.975],"rotation":0,"texture":"#0","tintindex":0}}},{"from":[5.9142027,7.428571,8.417998],"to":[9.914203,11.428572,10.132284],"rotation":{"angle":-22.5,"axis":"x","origin":[7.628488,10.285714,10.132284]},"faces":{"east":{"uv":[1.775,14.275,2.475,15.975],"rotation":0,"texture":"#0","tintindex":0},"south":{"uv":[0.025,14.275,1.725,15.975],"rotation":0,"texture":"#0","tintindex":0},"north":{"uv":[2.525,14.275,4.225,15.975],"rotation":0,"texture":"#0","tintindex":0},"west":{"uv":[4.275,14.275,4.975,15.975],"rotation":0,"texture":"#0","tintindex":0},"up":{"uv":[6.725,15.975,5.025,15.275],"rotation":0,"texture":"#0","tintindex":0},"down":{"uv":[6.725,14.525,5.025,15.225],"rotation":0,"texture":"#0","tintindex":0}}},{"from":[12.053959,11.951118,4.663415],"to":[12.053959,17.093975,13.234844],"rotation":{"angle":22.5,"axis":"y","origin":[12.053959,14.522547,8.949129]},"faces":{"east":{"uv":[0.025,0.025,3.725,2.225],"rotation":0,"texture":"#0","tintindex":0},"south":{"uv":[0.025,0.025,0.025,2.225],"rotation":0,"texture":"#0","tintindex":0},"north":{"uv":[0.025,0.025,0.025,2.225],"rotation":0,"texture":"#0","tintindex":0},"west":{"uv":[3.725,0.025,0.025,2.225],"rotation":0,"texture":"#0","tintindex":0},"up":{"uv":[0.025,3.725,0.025,0.025],"rotation":0,"texture":"#0","tintindex":0},"down":{"uv":[0.025,0.025,0.025,3.725],"rotation":0,"texture":"#0","tintindex":0}}},{"from":[6.985843,11.951118,4.9894266],"to":[10.414414,13.665404,10.132284],"rotation":{"angle":0.0,"axis":"y","origin":[7.842986,11.665404,8.132284]},"faces":{"east":{"uv":[9.775,7.275,11.975,7.975],"rotation":0,"texture":"#0","tintindex":0},"south":{"uv":[11.025,5.275,12.475,5.975],"rotation":0,"texture":"#0","tintindex":0},"north":{"uv":[10.775,0.775,12.225,1.475],"rotation":0,"texture":"#0","tintindex":0},"west":{"uv":[10.275,3.775,12.475,4.475],"rotation":0,"texture":"#0","tintindex":0},"up":{"uv":[5.975,9.225,4.525,7.025],"rotation":0,"texture":"#0","tintindex":0},"down":{"uv":[7.475,7.025,6.025,9.225],"rotation":0,"texture":"#0","tintindex":0}}},{"from":[9.428572,9.142858,7.142857],"to":[10.571428,10.857143,8.285714],"rotation":{"angle":22.5,"axis":"y","origin":[10.0,11.428572,8.0]},"faces":{"east":{"uv":[7.725,13.025,7.275,13.725],"rotation":0,"texture":"#0","tintindex":0},"south":{"uv":[13.475,6.025,13.025,6.725],"rotation":0,"texture":"#0","tintindex":0},"north":{"uv":[5.725,13.025,5.275,13.725],"rotation":0,"texture":"#0","tintindex":0},"west":{"uv":[6.225,13.025,5.775,13.725],"rotation":0,"texture":"#0","tintindex":0},"up":{"uv":[11.275,13.475,11.725,13.025],"rotation":0,"texture":"#0","tintindex":0},"down":{"uv":[11.775,13.025,12.225,13.475],"rotation":0,"texture":"#0","tintindex":0}}}],"display":{"head":{"translation":[0.0,-6.4,0.0],"scale":[4.0,4.0,4.0]}}}