{"textures":{"0":"modelengine:entity/bard"},"elements":[{"from":[7.1714287,5.142857,5.714286],"to":[8.885715,8.0,8.0],"rotation":{"angle":0.0,"axis":"y","origin":[11.428572,-1.7142859,6.0]},"faces":{"east":{"uv":[4.525,10.775,5.475,11.975],"rotation":0,"texture":"#0","tintindex":0},"south":{"uv":[7.275,11.775,7.975,12.975],"rotation":0,"texture":"#0","tintindex":0},"north":{"uv":[3.275,11.775,3.975,12.975],"rotation":0,"texture":"#0","tintindex":0},"west":{"uv":[5.525,10.775,6.475,11.975],"rotation":0,"texture":"#0","tintindex":0},"up":{"uv":[5.975,12.975,5.275,12.025],"rotation":0,"texture":"#0","tintindex":0},"down":{"uv":[10.225,12.025,9.525,12.975],"rotation":0,"texture":"#0","tintindex":0}}}],"display":{"head":{"translation":[0.0,-6.4,0.0],"scale":[4.0,4.0,4.0]}}}