{"textures":{"0":"modelengine:entity/bard"},"elements":[{"from":[5.428571,6.285714,6.0],"to":[8.285714,9.142858,9.428572],"rotation":{"angle":0.0,"axis":"y","origin":[10.571428,-4.5714293,7.142857]},"faces":{"east":{"uv":[9.525,5.275,10.975,6.475],"rotation":0,"texture":"#0","tintindex":0},"south":{"uv":[10.525,8.025,11.725,9.225],"rotation":0,"texture":"#0","tintindex":0},"north":{"uv":[7.275,10.525,8.475,11.725],"rotation":0,"texture":"#0","tintindex":0},"west":{"uv":[8.775,9.525,10.225,10.725],"rotation":0,"texture":"#0","tintindex":0},"up":{"uv":[1.225,11.225,0.025,9.775],"rotation":0,"texture":"#0","tintindex":0},"down":{"uv":[2.475,9.775,1.275,11.225],"rotation":0,"texture":"#0","tintindex":0}}},{"from":[6.0,5.142857,6.5714283],"to":[7.714286,6.285714,8.857143],"rotation":{"angle":0.0,"axis":"y","origin":[10.285714,-4.5714293,6.857143]},"faces":{"east":{"uv":[12.275,6.775,13.225,7.225],"rotation":0,"texture":"#0","tintindex":0},"south":{"uv":[1.525,13.025,2.225,13.475],"rotation":0,"texture":"#0","tintindex":0},"north":{"uv":[0.775,13.025,1.475,13.475],"rotation":0,"texture":"#0","tintindex":0},"west":{"uv":[12.275,10.025,13.225,10.475],"rotation":0,"texture":"#0","tintindex":0},"up":{"uv":[3.225,12.975,2.525,12.025],"rotation":0,"texture":"#0","tintindex":0},"down":{"uv":[5.225,12.025,4.525,12.975],"rotation":0,"texture":"#0","tintindex":0}}}],"display":{"head":{"translation":[0.0,-6.4,0.0],"scale":[4.0,4.0,4.0]}}}