{"textures":{"0":"modelengine:entity/bard"},"elements":[{"from":[7.457143,6.285714,6.857143],"to":[8.6,8.0,9.142858],"rotation":{"angle":0.0,"axis":"y","origin":[11.714286,1.1428566,7.142857]},"faces":{"east":{"uv":[3.525,8.525,4.475,9.225],"rotation":0,"texture":"#0","tintindex":0},"south":{"uv":[2.775,13.025,3.225,13.725],"rotation":0,"texture":"#0","tintindex":0},"north":{"uv":[2.275,13.025,2.725,13.725],"rotation":0,"texture":"#0","tintindex":0},"west":{"uv":[12.025,7.275,12.975,7.975],"rotation":0,"texture":"#0","tintindex":0},"up":{"uv":[7.975,4.975,7.525,4.025],"rotation":0,"texture":"#0","tintindex":0},"down":{"uv":[6.475,12.025,6.025,12.975],"rotation":0,"texture":"#0","tintindex":0}}},{"from":[8.6,6.857143,6.857143],"to":[9.171429,8.0,8.0],"rotation":{"angle":0.0,"axis":"y","origin":[12.857143,1.1428566,7.142857]},"faces":{"east":{"uv":[1.525,6.525,1.975,6.975],"rotation":0,"texture":"#0","tintindex":0},"south":{"uv":[9.525,6.525,9.725,6.975],"rotation":0,"texture":"#0","tintindex":0},"north":{"uv":[3.525,4.525,3.725,4.975],"rotation":0,"texture":"#0","tintindex":0},"west":{"uv":[13.025,7.275,13.475,7.725],"rotation":0,"texture":"#0","tintindex":0},"up":{"uv":[7.475,10.475,7.275,10.025],"rotation":0,"texture":"#0","tintindex":0},"down":{"uv":[13.225,11.775,13.025,12.225],"rotation":0,"texture":"#0","tintindex":0}}}],"display":{"head":{"translation":[0.0,-6.4,0.0],"scale":[4.0,4.0,4.0]}}}