{"textures":{"0":"modelengine:entity/bard"},"elements":[{"from":[6.285714,5.142857,6.857143],"to":[8.571428,7.428571,9.714286],"rotation":{"angle":22.5,"axis":"x","origin":[9.142858,9.714286,8.571428]},"faces":{"east":{"uv":[6.275,4.025,7.475,4.975],"rotation":0,"texture":"#0","tintindex":0},"south":{"uv":[1.025,11.275,1.975,12.225],"rotation":0,"texture":"#0","tintindex":0},"north":{"uv":[0.025,11.275,0.975,12.225],"rotation":0,"texture":"#0","tintindex":0},"west":{"uv":[8.525,10.775,9.725,11.725],"rotation":0,"texture":"#0","tintindex":0},"up":{"uv":[10.725,11.975,9.775,10.775],"rotation":0,"texture":"#0","tintindex":0},"down":{"uv":[11.725,10.775,10.775,11.975],"rotation":0,"texture":"#0","tintindex":0}}},{"from":[6.5714283,7.428571,7.142857],"to":[8.285714,8.571428,9.428572],"rotation":{"angle":22.5,"axis":"x","origin":[9.142858,9.714286,8.571428]},"faces":{"east":{"uv":[12.525,8.775,13.475,9.225],"rotation":0,"texture":"#0","tintindex":0},"south":{"uv":[3.275,13.025,3.975,13.475],"rotation":0,"texture":"#0","tintindex":0},"north":{"uv":[13.025,2.775,13.725,3.225],"rotation":0,"texture":"#0","tintindex":0},"west":{"uv":[12.525,10.525,13.475,10.975],"rotation":0,"texture":"#0","tintindex":0},"up":{"uv":[10.975,12.975,10.275,12.025],"rotation":0,"texture":"#0","tintindex":0},"down":{"uv":[11.725,12.025,11.025,12.975],"rotation":0,"texture":"#0","tintindex":0}}},{"from":[6.5714283,4.5714283,7.428571],"to":[8.285714,5.142857,9.142858],"rotation":{"angle":22.5,"axis":"x","origin":[9.142858,9.714286,8.571428]},"faces":{"east":{"uv":[12.275,2.775,12.975,2.975],"rotation":0,"texture":"#0","tintindex":0},"south":{"uv":[12.275,4.525,12.975,4.725],"rotation":0,"texture":"#0","tintindex":0},"north":{"uv":[1.025,12.275,1.725,12.475],"rotation":0,"texture":"#0","tintindex":0},"west":{"uv":[12.275,6.025,12.975,6.225],"rotation":0,"texture":"#0","tintindex":0},"up":{"uv":[12.975,9.975,12.275,9.275],"rotation":0,"texture":"#0","tintindex":0},"down":{"uv":[13.225,3.525,12.525,4.225],"rotation":0,"texture":"#0","tintindex":0}}}],"display":{"head":{"translation":[0.0,-6.4,0.0],"scale":[4.0,4.0,4.0]}}}