{"textures":{"0":"modelengine:entity/bard"},"elements":[{"from":[8.879488,5.428571,7.396099],"to":[11.736631,10.571428,9.110385],"rotation":{"angle":0.0,"axis":"y","origin":[11.165203,-3.7142859,6.8246703]},"faces":{"east":{"uv":[6.525,9.275,7.225,11.475],"rotation":0,"texture":"#0","tintindex":0},"south":{"uv":[7.525,8.275,8.725,10.475],"rotation":0,"texture":"#0","tintindex":0},"north":{"uv":[8.275,0.025,9.475,2.225],"rotation":0,"texture":"#0","tintindex":0},"west":{"uv":[2.525,9.775,3.225,11.975],"rotation":0,"texture":"#0","tintindex":0},"up":{"uv":[12.975,12.475,11.775,11.775],"rotation":0,"texture":"#0","tintindex":0},"down":{"uv":[13.225,1.525,12.025,2.225],"rotation":0,"texture":"#0","tintindex":0}}},{"from":[5.450917,6.0,7.396099],"to":[8.879488,10.0,8.538957],"rotation":{"angle":0.0,"axis":"y","origin":[7.736631,-3.7142859,6.8246703]},"faces":{"east":{"uv":[2.025,11.275,2.475,12.975],"rotation":0,"texture":"#0","tintindex":0},"south":{"uv":[8.275,2.275,9.725,3.975],"rotation":0,"texture":"#0","tintindex":0},"north":{"uv":[8.025,5.275,9.475,6.975],"rotation":0,"texture":"#0","tintindex":0},"west":{"uv":[4.025,11.775,4.475,13.475],"rotation":0,"texture":"#0","tintindex":0},"up":{"uv":[3.475,4.975,2.025,4.525],"rotation":0,"texture":"#0","tintindex":0},"down":{"uv":[1.475,6.525,0.025,6.975],"rotation":0,"texture":"#0","tintindex":0}}},{"from":[0.879488,7.142857,7.396099],"to":[5.450917,8.857143,7.9675274],"rotation":{"angle":0.0,"axis":"y","origin":[7.736631,-3.7142859,6.8246703]},"faces":{"east":{"uv":[7.275,9.275,7.475,9.975],"rotation":0,"texture":"#0","tintindex":0},"south":{"uv":[10.775,0.025,12.725,0.725],"rotation":0,"texture":"#0","tintindex":0},"north":{"uv":[10.275,4.525,12.225,5.225],"rotation":0,"texture":"#0","tintindex":0},"west":{"uv":[3.275,9.775,3.475,10.475],"rotation":0,"texture":"#0","tintindex":0},"up":{"uv":[14.475,4.475,12.525,4.275],"rotation":0,"texture":"#0","tintindex":0},"down":{"uv":[14.475,11.525,12.525,11.725],"rotation":0,"texture":"#0","tintindex":0}}},{"from":[-1.1228981,7.142857,8.249055],"to":[1.162816,8.857143,8.820484],"rotation":{"angle":22.5,"axis":"y","origin":[-1.1228981,8.0,8.53477]},"faces":{"east":{"uv":[1.775,12.275,1.975,12.975],"rotation":0,"texture":"#0","tintindex":0},"south":{"uv":[12.275,0.775,13.225,1.475],"rotation":0,"texture":"#0","tintindex":0},"north":{"uv":[0.025,12.275,0.975,12.975],"rotation":0,"texture":"#0","tintindex":0},"west":{"uv":[6.275,13.025,6.475,13.725],"rotation":0,"texture":"#0","tintindex":0},"up":{"uv":[11.475,9.475,10.525,9.275],"rotation":0,"texture":"#0","tintindex":0},"down":{"uv":[13.725,0.525,12.775,0.725],"rotation":0,"texture":"#0","tintindex":0}}}],"display":{"head":{"translation":[0.0,-6.4,0.0],"scale":[4.0,4.0,4.0]}}}