{"textures":{"0":"modelengine:entity/bard"},"elements":[{"from":[7.428571,3.1711717,9.881084],"to":[8.571428,7.171172,11.59537],"rotation":{"angle":22.5,"axis":"x","origin":[6.285714,12.314013,11.023942]},"faces":{"east":{"uv":[14.225,8.775,13.525,10.475],"rotation":0,"texture":"#0","tintindex":0},"south":{"uv":[14.725,7.025,14.275,8.725],"rotation":0,"texture":"#0","tintindex":0},"north":{"uv":[15.475,8.775,15.025,10.475],"rotation":0,"texture":"#0","tintindex":0},"west":{"uv":[14.975,8.775,14.275,10.475],"rotation":0,"texture":"#0","tintindex":0},"up":{"uv":[12.525,5.975,13.225,5.275],"rotation":0,"texture":"#0","tintindex":0},"down":{"uv":[12.525,8.025,13.225,8.725],"rotation":0,"texture":"#0","tintindex":0}}},{"from":[7.142857,3.1711717,9.309656],"to":[8.857143,4.3140287,9.881084],"rotation":{"angle":22.5,"axis":"x","origin":[6.285714,12.314013,11.023942]},"faces":{"east":{"uv":[12.725,13.025,12.525,13.475],"rotation":0,"texture":"#0","tintindex":0},"south":{"uv":[13.725,4.525,13.025,4.975],"rotation":0,"texture":"#0","tintindex":0},"north":{"uv":[5.225,13.025,4.525,13.475],"rotation":0,"texture":"#0","tintindex":0},"west":{"uv":[12.475,13.025,12.275,13.475],"rotation":0,"texture":"#0","tintindex":0},"up":{"uv":[9.775,8.225,10.475,8.025],"rotation":0,"texture":"#0","tintindex":0},"down":{"uv":[4.525,10.525,5.225,10.725],"rotation":0,"texture":"#0","tintindex":0}}}],"display":{"head":{"translation":[0.0,-6.4,0.0],"scale":[4.0,4.0,4.0]}}}