{"textures":{"0":"modelengine:entity/bard"},"elements":[{"from":[7.4,6.285714,6.857143],"to":[8.542857,8.0,9.142858],"rotation":{"angle":0.0,"axis":"y","origin":[4.285714,1.1428566,7.142857]},"faces":{"east":{"uv":[12.975,7.275,12.025,7.975],"rotation":0,"texture":"#0","tintindex":0},"south":{"uv":[3.225,13.025,2.775,13.725],"rotation":0,"texture":"#0","tintindex":0},"north":{"uv":[2.725,13.025,2.275,13.725],"rotation":0,"texture":"#0","tintindex":0},"west":{"uv":[4.475,8.525,3.525,9.225],"rotation":0,"texture":"#0","tintindex":0},"up":{"uv":[7.525,4.975,7.975,4.025],"rotation":0,"texture":"#0","tintindex":0},"down":{"uv":[6.025,12.025,6.475,12.975],"rotation":0,"texture":"#0","tintindex":0}}},{"from":[6.8285713,6.857143,6.857143],"to":[7.4,8.0,8.0],"rotation":{"angle":0.0,"axis":"y","origin":[3.142857,1.1428566,7.142857]},"faces":{"east":{"uv":[13.475,7.275,13.025,7.725],"rotation":0,"texture":"#0","tintindex":0},"south":{"uv":[9.725,6.525,9.525,6.975],"rotation":0,"texture":"#0","tintindex":0},"north":{"uv":[3.725,4.525,3.525,4.975],"rotation":0,"texture":"#0","tintindex":0},"west":{"uv":[1.975,6.525,1.525,6.975],"rotation":0,"texture":"#0","tintindex":0},"up":{"uv":[7.275,10.475,7.475,10.025],"rotation":0,"texture":"#0","tintindex":0},"down":{"uv":[13.025,11.775,13.225,12.225],"rotation":0,"texture":"#0","tintindex":0}}}],"display":{"head":{"translation":[0.0,-6.4,0.0],"scale":[4.0,4.0,4.0]}}}