{"textures":{"0":"modelengine:entity/bard"},"elements":[{"from":[7.1142855,5.142857,5.714286],"to":[8.828571,8.0,8.0],"rotation":{"angle":0.0,"axis":"y","origin":[4.5714283,-1.7142859,6.0]},"faces":{"east":{"uv":[6.475,10.775,5.525,11.975],"rotation":0,"texture":"#0","tintindex":0},"south":{"uv":[7.975,11.775,7.275,12.975],"rotation":0,"texture":"#0","tintindex":0},"north":{"uv":[3.975,11.775,3.275,12.975],"rotation":0,"texture":"#0","tintindex":0},"west":{"uv":[5.475,10.775,4.525,11.975],"rotation":0,"texture":"#0","tintindex":0},"up":{"uv":[5.275,12.975,5.975,12.025],"rotation":0,"texture":"#0","tintindex":0},"down":{"uv":[9.525,12.025,10.225,12.975],"rotation":0,"texture":"#0","tintindex":0}}}],"display":{"head":{"translation":[0.0,-6.4,0.0],"scale":[4.0,4.0,4.0]}}}