{"textures":{"0":"modelengine:entity/bard"},"elements":[{"from":[7.428571,5.142857,6.857143],"to":[9.714286,7.428571,9.714286],"rotation":{"angle":22.5,"axis":"x","origin":[6.857143,9.714286,8.571428]},"faces":{"east":{"uv":[9.725,10.775,8.525,11.725],"rotation":0,"texture":"#0","tintindex":0},"south":{"uv":[1.975,11.275,1.025,12.225],"rotation":0,"texture":"#0","tintindex":0},"north":{"uv":[0.975,11.275,0.025,12.225],"rotation":0,"texture":"#0","tintindex":0},"west":{"uv":[7.475,4.025,6.275,4.975],"rotation":0,"texture":"#0","tintindex":0},"up":{"uv":[9.775,11.975,10.725,10.775],"rotation":0,"texture":"#0","tintindex":0},"down":{"uv":[10.775,10.775,11.725,11.975],"rotation":0,"texture":"#0","tintindex":0}}},{"from":[7.714286,7.428571,7.142857],"to":[9.428572,8.571428,9.428572],"rotation":{"angle":22.5,"axis":"x","origin":[6.857143,9.714286,8.571428]},"faces":{"east":{"uv":[13.475,10.525,12.525,10.975],"rotation":0,"texture":"#0","tintindex":0},"south":{"uv":[3.975,13.025,3.275,13.475],"rotation":0,"texture":"#0","tintindex":0},"north":{"uv":[13.725,2.775,13.025,3.225],"rotation":0,"texture":"#0","tintindex":0},"west":{"uv":[13.475,8.775,12.525,9.225],"rotation":0,"texture":"#0","tintindex":0},"up":{"uv":[10.275,12.975,10.975,12.025],"rotation":0,"texture":"#0","tintindex":0},"down":{"uv":[11.025,12.025,11.725,12.975],"rotation":0,"texture":"#0","tintindex":0}}},{"from":[7.714286,4.5714283,7.428571],"to":[9.428572,5.142857,9.142858],"rotation":{"angle":22.5,"axis":"x","origin":[6.857143,9.714286,8.571428]},"faces":{"east":{"uv":[12.975,6.025,12.275,6.225],"rotation":0,"texture":"#0","tintindex":0},"south":{"uv":[12.975,4.525,12.275,4.725],"rotation":0,"texture":"#0","tintindex":0},"north":{"uv":[1.725,12.275,1.025,12.475],"rotation":0,"texture":"#0","tintindex":0},"west":{"uv":[12.975,2.775,12.275,2.975],"rotation":0,"texture":"#0","tintindex":0},"up":{"uv":[12.275,9.975,12.975,9.275],"rotation":0,"texture":"#0","tintindex":0},"down":{"uv":[12.525,3.525,13.225,4.225],"rotation":0,"texture":"#0","tintindex":0}}}],"display":{"head":{"translation":[0.0,-6.4,0.0],"scale":[4.0,4.0,4.0]}}}