{"textures":{"0":"modelengine:entity/bard"},"elements":[{"from":[7.714286,6.285714,6.0],"to":[10.571428,9.142858,9.428572],"rotation":{"angle":0.0,"axis":"y","origin":[5.428571,-4.5714293,7.142857]},"faces":{"east":{"uv":[10.225,9.525,8.775,10.725],"rotation":0,"texture":"#0","tintindex":0},"south":{"uv":[11.725,8.025,10.525,9.225],"rotation":0,"texture":"#0","tintindex":0},"north":{"uv":[8.475,10.525,7.275,11.725],"rotation":0,"texture":"#0","tintindex":0},"west":{"uv":[10.975,5.275,9.525,6.475],"rotation":0,"texture":"#0","tintindex":0},"up":{"uv":[0.025,11.225,1.225,9.775],"rotation":0,"texture":"#0","tintindex":0},"down":{"uv":[1.275,9.775,2.475,11.225],"rotation":0,"texture":"#0","tintindex":0}}},{"from":[8.285714,5.142857,6.5714283],"to":[10.0,6.285714,8.857143],"rotation":{"angle":0.0,"axis":"y","origin":[5.714286,-4.5714293,6.857143]},"faces":{"east":{"uv":[13.225,10.025,12.275,10.475],"rotation":0,"texture":"#0","tintindex":0},"south":{"uv":[2.225,13.025,1.525,13.475],"rotation":0,"texture":"#0","tintindex":0},"north":{"uv":[1.475,13.025,0.775,13.475],"rotation":0,"texture":"#0","tintindex":0},"west":{"uv":[13.225,6.775,12.275,7.225],"rotation":0,"texture":"#0","tintindex":0},"up":{"uv":[2.525,12.975,3.225,12.025],"rotation":0,"texture":"#0","tintindex":0},"down":{"uv":[4.525,12.025,5.225,12.975],"rotation":0,"texture":"#0","tintindex":0}}}],"display":{"head":{"translation":[0.0,-6.4,0.0],"scale":[4.0,4.0,4.0]}}}