{"textures":{"1":"modelengine:entity/bard_stool"},"elements":[{"from":[6.285714,7.428571,6.285714],"to":[10.285714,8.571428,10.285714],"rotation":{"angle":0.0,"axis":"y","origin":[8.0,4.0,8.0]},"faces":{"east":{"uv":[5.5,1.0,9.0,2.0],"rotation":0,"texture":"#1","tintindex":0},"south":{"uv":[5.5,2.0,9.0,3.0],"rotation":0,"texture":"#1","tintindex":0},"north":{"uv":[5.5,0.0,9.0,1.0],"rotation":0,"texture":"#1","tintindex":0},"west":{"uv":[5.5,3.0,9.0,4.0],"rotation":0,"texture":"#1","tintindex":0},"up":{"uv":[3.5,3.5,0.0,0.0],"rotation":0,"texture":"#1","tintindex":0},"down":{"uv":[3.5,3.5,0.0,7.0],"rotation":0,"texture":"#1","tintindex":0}}},{"from":[7.714286,4.0,6.285714],"to":[8.857143,8.0,7.428571],"rotation":{"angle":22.5,"axis":"x","origin":[9.142858,6.285714,6.857143]},"faces":{"east":{"uv":[3.5,3.5,4.5,7.0],"rotation":0,"texture":"#1","tintindex":0},"south":{"uv":[4.5,0.0,5.5,3.5],"rotation":0,"texture":"#1","tintindex":0},"north":{"uv":[3.5,0.0,4.5,3.5],"rotation":0,"texture":"#1","tintindex":0},"west":{"uv":[4.5,3.5,5.5,7.0],"rotation":0,"texture":"#1","tintindex":0},"up":{"uv":[6.5,5.0,5.5,4.0],"rotation":0,"texture":"#1","tintindex":0},"down":{"uv":[6.5,5.0,5.5,6.0],"rotation":0,"texture":"#1","tintindex":0}}},{"from":[7.714286,4.0,9.142858],"to":[8.857143,8.0,10.285714],"rotation":{"angle":-22.5,"axis":"x","origin":[9.142858,6.285714,9.714286]},"faces":{"east":{"uv":[4.5,3.5,3.5,7.0],"rotation":0,"texture":"#1","tintindex":0},"south":{"uv":[4.5,0.0,3.5,3.5],"rotation":0,"texture":"#1","tintindex":0},"north":{"uv":[5.5,0.0,4.5,3.5],"rotation":0,"texture":"#1","tintindex":0},"west":{"uv":[5.5,3.5,4.5,7.0],"rotation":0,"texture":"#1","tintindex":0},"up":{"uv":[6.5,4.0,5.5,5.0],"rotation":0,"texture":"#1","tintindex":0},"down":{"uv":[6.5,6.0,5.5,5.0],"rotation":0,"texture":"#1","tintindex":0}}},{"from":[9.142858,4.0,7.714286],"to":[10.285714,8.0,8.857143],"rotation":{"angle":22.5,"axis":"z","origin":[9.714286,6.285714,9.142858]},"faces":{"east":{"uv":[3.5,0.0,4.5,3.5],"rotation":0,"texture":"#1","tintindex":0},"south":{"uv":[3.5,3.5,4.5,7.0],"rotation":0,"texture":"#1","tintindex":0},"north":{"uv":[4.5,3.5,5.5,7.0],"rotation":0,"texture":"#1","tintindex":0},"west":{"uv":[4.5,0.0,5.5,3.5],"rotation":0,"texture":"#1","tintindex":0},"up":{"uv":[6.5,5.0,5.5,4.0],"rotation":90,"texture":"#1","tintindex":0},"down":{"uv":[6.5,5.0,5.5,6.0],"rotation":270,"texture":"#1","tintindex":0}}},{"from":[6.285714,4.0,7.714286],"to":[7.428571,8.0,8.857143],"rotation":{"angle":-22.5,"axis":"z","origin":[6.857143,6.285714,9.142858]},"faces":{"east":{"uv":[5.5,0.0,4.5,3.5],"rotation":0,"texture":"#1","tintindex":0},"south":{"uv":[4.5,3.5,3.5,7.0],"rotation":0,"texture":"#1","tintindex":0},"north":{"uv":[5.5,3.5,4.5,7.0],"rotation":0,"texture":"#1","tintindex":0},"west":{"uv":[4.5,0.0,3.5,3.5],"rotation":0,"texture":"#1","tintindex":0},"up":{"uv":[6.5,4.0,5.5,5.0],"rotation":90,"texture":"#1","tintindex":0},"down":{"uv":[6.5,6.0,5.5,5.0],"rotation":270,"texture":"#1","tintindex":0}}}],"display":{"head":{"translation":[0.0,-6.4,0.0],"scale":[4.0,4.0,4.0]}}}