{"textures":{"0":"modelengine:entity/rpg_sand_golem"},"elements":[{"from":[6.285714,6.285714,5.714286],"to":[9.714286,10.857143,9.142858],"rotation":{"angle":0.0,"axis":"y","origin":[8.571428,-6.8571434,5.714286]},"faces":{"east":{"uv":[7.75,8.25,9.25,10.25],"rotation":0,"texture":"#0","tintindex":0},"south":{"uv":[0.0,9.25,1.5,11.25],"rotation":0,"texture":"#0","tintindex":0},"north":{"uv":[8.0,6.25,9.5,8.25],"rotation":0,"texture":"#0","tintindex":0},"west":{"uv":[1.5,9.25,3.0,11.25],"rotation":0,"texture":"#0","tintindex":0},"up":{"uv":[7.5,11.25,6.0,9.75],"rotation":0,"texture":"#0","tintindex":0},"down":{"uv":[4.5,10.0,3.0,11.5],"rotation":0,"texture":"#0","tintindex":0}}}],"display":{"head":{"translation":[0.0,-6.4,0.0],"scale":[4.0,4.0,4.0]}}}