{"textures":{"0":"modelengine:entity/rpg_sand_golem"},"elements":[{"from":[6.285714,5.714286,6.857143],"to":[8.571428,9.142858,9.142858],"rotation":{"angle":0.0,"axis":"y","origin":[10.285714,0.5714283,6.285714]},"faces":{"east":{"uv":[10.75,7.75,11.75,9.25],"rotation":0,"texture":"#0","tintindex":0},"south":{"uv":[11.0,0.0,12.0,1.5],"rotation":0,"texture":"#0","tintindex":0},"north":{"uv":[5.5,3.5,6.5,5.0],"rotation":0,"texture":"#0","tintindex":0},"west":{"uv":[11.0,1.5,12.0,3.0],"rotation":0,"texture":"#0","tintindex":0},"up":{"uv":[2.5,12.25,1.5,11.25],"rotation":0,"texture":"#0","tintindex":0},"down":{"uv":[12.25,3.0,11.25,4.0],"rotation":0,"texture":"#0","tintindex":0}}}],"display":{"head":{"translation":[0.0,-6.4,0.0],"scale":[4.0,4.0,4.0]}}}