{"textures":{"0":"modelengine:entity/rpg_sand_golem"},"elements":[{"from":[5.714286,4.5714283,6.857143],"to":[8.0,9.142858,9.142858],"rotation":{"angle":0.0,"axis":"y","origin":[12.0,-5.714287,4.5714283]},"faces":{"east":{"uv":[9.25,10.0,10.25,12.0],"rotation":0,"texture":"#0","tintindex":0},"south":{"uv":[7.5,10.25,8.5,12.25],"rotation":0,"texture":"#0","tintindex":0},"north":{"uv":[4.5,10.0,5.5,12.0],"rotation":0,"texture":"#0","tintindex":0},"west":{"uv":[10.25,10.0,11.25,12.0],"rotation":0,"texture":"#0","tintindex":0},"up":{"uv":[12.25,5.0,11.25,4.0],"rotation":0,"texture":"#0","tintindex":0},"down":{"uv":[12.25,5.0,11.25,6.0],"rotation":0,"texture":"#0","tintindex":0}}}],"display":{"head":{"translation":[0.0,-6.4,0.0],"scale":[4.0,4.0,4.0]}}}