{"textures":{"0":"modelengine:entity/rpg_sand_golem"},"elements":[{"from":[4.0,11.17715,7.596566],"to":[10.857143,15.177149,11.596566],"rotation":{"angle":0.0,"axis":"y","origin":[6.285714,14.6057205,9.596566]},"faces":{"east":{"uv":[8.0,4.5,9.75,6.25],"rotation":0,"texture":"#0","tintindex":0},"south":{"uv":[2.5,1.75,5.5,3.5],"rotation":0,"texture":"#0","tintindex":0},"north":{"uv":[2.5,0.0,5.5,1.75],"rotation":0,"texture":"#0","tintindex":0},"west":{"uv":[6.0,8.0,7.75,9.75],"rotation":0,"texture":"#0","tintindex":0},"up":{"uv":[5.5,5.25,2.5,3.5],"rotation":0,"texture":"#0","tintindex":0},"down":{"uv":[3.0,5.25,0.0,7.0],"rotation":0,"texture":"#0","tintindex":0}}},{"from":[4.5714283,6.4457173,6.655426],"to":[10.285714,12.160004,10.655426],"rotation":{"angle":22.5,"axis":"x","origin":[6.857143,9.30286,8.655426]},"faces":{"east":{"uv":[3.0,5.25,4.75,7.75],"rotation":0,"texture":"#0","tintindex":0},"south":{"uv":[0.0,2.5,2.5,5.0],"rotation":0,"texture":"#0","tintindex":0},"north":{"uv":[0.0,0.0,2.5,2.5],"rotation":0,"texture":"#0","tintindex":0},"west":{"uv":[4.75,5.25,6.5,7.75],"rotation":0,"texture":"#0","tintindex":0},"up":{"uv":[8.0,1.75,5.5,0.0],"rotation":0,"texture":"#0","tintindex":0},"down":{"uv":[8.0,1.75,5.5,3.5],"rotation":0,"texture":"#0","tintindex":0}}}],"display":{"head":{"translation":[0.0,-6.4,0.0],"scale":[4.0,4.0,4.0]}}}