{"textures":{"0":"modelengine:entity/helloeng"},"elements":[{"from":[3.4285712,4.5714283,8.428572],"to":[11.428572,10.857143,8.428572],"rotation":{"angle":0.0,"axis":"y","origin":[7.428571,4.5714283,8.0]},"faces":{"east":{"uv":[0.0,0.0,0.0,5.5],"rotation":0,"texture":"#0","tintindex":0},"south":{"uv":[7.0,0.0,0.0,5.5],"rotation":0,"texture":"#0","tintindex":0},"north":{"uv":[0.0,0.0,7.0,5.5],"rotation":0,"texture":"#0","tintindex":0},"west":{"uv":[7.0,0.0,7.0,5.5],"rotation":0,"texture":"#0","tintindex":0},"up":{"uv":[7.0,0.0,0.0,0.0],"rotation":0,"texture":"#0","tintindex":0},"down":{"uv":[14.0,0.0,7.0,0.0],"rotation":0,"texture":"#0","tintindex":0}}},{"from":[4.0,5.714286,8.285714],"to":[10.285714,10.285714,8.285714],"rotation":{"angle":0.0,"axis":"y","origin":[7.428571,4.5714283,8.0]},"faces":{"east":{"uv":[0.0,5.5,0.0,11.0],"rotation":0,"texture":"#0","tintindex":0},"south":{"uv":[7.0,5.5,14.0,11.0],"rotation":0,"texture":"#0","tintindex":0},"north":{"uv":[0.0,5.5,7.0,11.0],"rotation":0,"texture":"#0","tintindex":0},"west":{"uv":[7.0,5.5,7.0,11.0],"rotation":0,"texture":"#0","tintindex":0},"up":{"uv":[7.0,5.5,0.0,5.5],"rotation":0,"texture":"#0","tintindex":0},"down":{"uv":[14.0,5.5,7.0,5.5],"rotation":0,"texture":"#0","tintindex":0}}}],"display":{"head":{"translation":[0.0,-6.4,0.0],"scale":[4.0,4.0,4.0]}}}