{"textures":{"0":"modelengine:entity/goblinking"},"elements":[{"from":[3.4285712,11.2,5.2571425],"to":[12.571428,13.485715,10.742857],"rotation":{"angle":-22.5,"axis":"x","origin":[8.0,13.028572,4.8]},"faces":{"east":{"uv":[6.5,7.875,8.0,8.5],"rotation":0,"texture":"#0","tintindex":0},"south":{"uv":[6.0,1.125,8.5,1.75],"rotation":0,"texture":"#0","tintindex":0},"north":{"uv":[4.0,3.375,6.5,4.0],"rotation":0,"texture":"#0","tintindex":0},"west":{"uv":[7.875,6.5,9.375,7.125],"rotation":0,"texture":"#0","tintindex":0},"up":{"uv":[2.5,1.5,0.0,0.0],"rotation":0,"texture":"#0","tintindex":0},"down":{"uv":[2.5,1.5,0.0,3.0],"rotation":0,"texture":"#0","tintindex":0}}},{"from":[3.885714,4.3125563,3.296091],"to":[12.114286,7.9696994,8.781806],"rotation":{"angle":0.0,"axis":"y","origin":[8.0,5.4554133,6.953234]},"faces":{"east":{"uv":[6.0,1.75,7.5,2.75],"rotation":0,"texture":"#0","tintindex":0},"south":{"uv":[4.25,5.5,6.5,6.5],"rotation":0,"texture":"#0","tintindex":0},"north":{"uv":[2.0,5.5,4.25,6.5],"rotation":0,"texture":"#0","tintindex":0},"west":{"uv":[6.25,4.0,7.75,5.0],"rotation":0,"texture":"#0","tintindex":0},"up":{"uv":[2.25,4.5,0.0,3.0],"rotation":0,"texture":"#0","tintindex":0},"down":{"uv":[6.25,4.0,4.0,5.5],"rotation":0,"texture":"#0","tintindex":0}}},{"from":[4.342857,4.972556,4.1548243],"to":[11.657143,9.086842,8.26911],"rotation":{"angle":22.5,"axis":"x","origin":[8.0,7.9439845,7.8119674]},"faces":{"east":{"uv":[0.0,6.75,1.125,7.875],"rotation":0,"texture":"#0","tintindex":0},"south":{"uv":[4.0,1.125,6.0,2.25],"rotation":0,"texture":"#0","tintindex":0},"north":{"uv":[4.0,0.0,6.0,1.125],"rotation":0,"texture":"#0","tintindex":0},"west":{"uv":[6.75,6.75,7.875,7.875],"rotation":0,"texture":"#0","tintindex":0},"up":{"uv":[6.0,3.375,4.0,2.25],"rotation":0,"texture":"#0","tintindex":0},"down":{"uv":[2.0,4.5,0.0,5.625],"rotation":0,"texture":"#0","tintindex":0}}},{"from":[4.8,8.94765,6.226017],"to":[11.2,10.776221,8.968874],"rotation":{"angle":22.5,"axis":"x","origin":[8.0,9.633365,8.511731]},"faces":{"east":{"uv":[9.125,6.0,9.875,6.5],"rotation":0,"texture":"#0","tintindex":0},"south":{"uv":[8.0,8.0,9.75,8.5],"rotation":0,"texture":"#0","tintindex":0},"north":{"uv":[2.0,5.0,3.75,5.5],"rotation":0,"texture":"#0","tintindex":0},"west":{"uv":[9.375,1.875,10.125,2.375],"rotation":0,"texture":"#0","tintindex":0},"up":{"uv":[8.25,5.75,6.5,5.0],"rotation":0,"texture":"#0","tintindex":0},"down":{"uv":[8.25,5.75,6.5,6.5],"rotation":0,"texture":"#0","tintindex":0}}},{"from":[4.8,10.514286,6.6285715],"to":[11.2,13.257143,9.3714285],"rotation":{"angle":0.0,"axis":"y","origin":[8.0,12.114286,8.914286]},"faces":{"east":{"uv":[8.5,0.75,9.25,1.5],"rotation":0,"texture":"#0","tintindex":0},"south":{"uv":[3.25,6.5,5.0,7.25],"rotation":0,"texture":"#0","tintindex":0},"north":{"uv":[1.5,6.5,3.25,7.25],"rotation":0,"texture":"#0","tintindex":0},"west":{"uv":[0.0,8.625,0.75,9.375],"rotation":0,"texture":"#0","tintindex":0},"up":{"uv":[6.75,7.25,5.0,6.5],"rotation":0,"texture":"#0","tintindex":0},"down":{"uv":[8.25,2.75,6.5,3.5],"rotation":0,"texture":"#0","tintindex":0}}}],"display":{"head":{"translation":[0.0,-6.4,0.0],"scale":[4.0,4.0,4.0]}}}