{"textures":{"0":"modelengine:entity/goblinking"},"elements":[{"from":[5.2571425,-0.34285736,8.8],"to":[10.742857,8.8,9.257143],"rotation":{"angle":0.0,"axis":"y","origin":[8.0,1.9428568,9.714286]},"faces":{"east":{"uv":[0.625,9.375,0.75,11.875],"rotation":0,"texture":"#0","tintindex":0},"south":{"uv":[2.5,0.0,4.0,2.5],"rotation":0,"texture":"#0","tintindex":0},"north":{"uv":[2.5,2.5,4.0,5.0],"rotation":0,"texture":"#0","tintindex":0},"west":{"uv":[4.125,9.375,4.25,11.875],"rotation":0,"texture":"#0","tintindex":0},"up":{"uv":[9.5,8.0,8.0,7.875],"rotation":0,"texture":"#0","tintindex":0},"down":{"uv":[11.625,6.875,10.125,7.0],"rotation":0,"texture":"#0","tintindex":0}}}],"display":{"head":{"translation":[0.0,-6.4,0.0],"scale":[4.0,4.0,4.0]}}}