{"textures":{"0":"modelengine:entity/goblinking"},"elements":[{"from":[5.142857,8.114285,5.485714],"to":[10.6285715,10.857143,9.6],"rotation":{"angle":0.0,"axis":"y","origin":[7.885714,8.114285,5.485714]},"faces":{"east":{"uv":[0.0,7.875,1.125,8.625],"rotation":0,"texture":"#0","tintindex":0},"south":{"uv":[7.5,0.0,9.0,0.75],"rotation":0,"texture":"#0","tintindex":0},"north":{"uv":[5.0,7.25,6.5,8.0],"rotation":0,"texture":"#0","tintindex":0},"west":{"uv":[8.25,2.625,9.375,3.375],"rotation":0,"texture":"#0","tintindex":0},"up":{"uv":[1.5,6.75,0.0,5.625],"rotation":0,"texture":"#0","tintindex":0},"down":{"uv":[7.5,0.0,6.0,1.125],"rotation":0,"texture":"#0","tintindex":0}}},{"from":[6.9714284,8.043738,3.3024778],"to":[8.8,9.87231,5.588192],"rotation":{"angle":-22.5,"axis":"x","origin":[7.885714,8.500881,5.131049]},"faces":{"east":{"uv":[9.625,3.375,10.25,3.875],"rotation":0,"texture":"#0","tintindex":0},"south":{"uv":[9.875,0.625,10.375,1.125],"rotation":0,"texture":"#0","tintindex":0},"north":{"uv":[9.875,9.875,10.375,10.375],"rotation":0,"texture":"#0","tintindex":0},"west":{"uv":[9.625,3.875,10.25,4.375],"rotation":0,"texture":"#0","tintindex":0},"up":{"uv":[6.5,3.375,6.0,2.75],"rotation":0,"texture":"#0","tintindex":0},"down":{"uv":[9.125,9.625,8.625,10.25],"rotation":0,"texture":"#0","tintindex":0}}},{"from":[6.9714284,8.114285,5.028571],"to":[8.8,9.942858,5.485714],"rotation":{"angle":0.0,"axis":"y","origin":[7.885714,8.571428,5.028571]},"faces":{"east":{"uv":[3.75,5.0,3.875,5.5],"rotation":0,"texture":"#0","tintindex":0},"south":{"uv":[2.25,9.875,2.75,10.375],"rotation":0,"texture":"#0","tintindex":0},"north":{"uv":[2.0,4.5,2.5,5.0],"rotation":0,"texture":"#0","tintindex":0},"west":{"uv":[3.875,5.0,4.0,5.5],"rotation":0,"texture":"#0","tintindex":0},"up":{"uv":[9.625,7.875,9.125,7.75],"rotation":0,"texture":"#0","tintindex":0},"down":{"uv":[10.75,8.125,10.25,8.25],"rotation":0,"texture":"#0","tintindex":0}}},{"from":[6.5142856,5.8285713,4.1142855],"to":[9.257143,8.114285,4.5714283],"rotation":{"angle":0.0,"axis":"y","origin":[7.885714,6.742857,4.1142855]},"faces":{"east":{"uv":[6.5,7.25,6.625,7.875],"rotation":0,"texture":"#0","tintindex":0},"south":{"uv":[7.5,9.125,8.25,9.75],"rotation":0,"texture":"#0","tintindex":0},"north":{"uv":[9.0,0.0,9.75,0.625],"rotation":0,"texture":"#0","tintindex":0},"west":{"uv":[6.625,7.25,6.75,7.875],"rotation":0,"texture":"#0","tintindex":0},"up":{"uv":[8.25,2.75,7.5,2.625],"rotation":0,"texture":"#0","tintindex":0},"down":{"uv":[11.0,0.5,10.25,0.625],"rotation":0,"texture":"#0","tintindex":0}}},{"from":[5.6,6.002561,4.611009],"to":[10.171429,9.316847,6.8967237],"rotation":{"angle":22.5,"axis":"x","origin":[7.885714,6.002561,4.611009]},"faces":{"east":{"uv":[8.75,1.5,9.375,2.375],"rotation":0,"texture":"#0","tintindex":0},"south":{"uv":[1.125,7.625,2.375,8.5],"rotation":0,"texture":"#0","tintindex":0},"north":{"uv":[7.5,1.75,8.75,2.625],"rotation":0,"texture":"#0","tintindex":0},"west":{"uv":[9.0,3.875,9.625,4.75],"rotation":0,"texture":"#0","tintindex":0},"up":{"uv":[9.5,5.375,8.25,4.75],"rotation":0,"texture":"#0","tintindex":0},"down":{"uv":[9.5,5.375,8.25,6.0],"rotation":0,"texture":"#0","tintindex":0}}},{"from":[2.8571424,7.6571426,7.542857],"to":[3.3142858,10.4,10.285714],"rotation":{"angle":0.0,"axis":"y","origin":[1.9428568,9.028571,7.542857]},"faces":{"east":{"uv":[5.75,8.75,5.0,9.5],"rotation":0,"texture":"#0","tintindex":0},"south":{"uv":[4.125,10.0,4.0,10.75],"rotation":0,"texture":"#0","tintindex":0},"north":{"uv":[0.625,10.0,0.5,10.75],"rotation":0,"texture":"#0","tintindex":0},"west":{"uv":[4.25,8.625,3.5,9.375],"rotation":0,"texture":"#0","tintindex":0},"up":{"uv":[9.625,11.0,9.5,11.75],"rotation":0,"texture":"#0","tintindex":0},"down":{"uv":[2.875,10.375,2.75,11.125],"rotation":0,"texture":"#0","tintindex":0}}},{"from":[0.5714283,9.028571,8.685715],"to":[5.142857,11.771429,9.142858],"rotation":{"angle":-22.5,"axis":"z","origin":[2.3999996,9.028571,5.485714]},"faces":{"east":{"uv":[6.25,8.75,6.125,9.5],"rotation":0,"texture":"#0","tintindex":0},"south":{"uv":[6.25,8.0,5.0,8.75],"rotation":0,"texture":"#0","tintindex":0},"north":{"uv":[9.125,7.125,7.875,7.875],"rotation":0,"texture":"#0","tintindex":0},"west":{"uv":[2.0,5.625,1.875,6.375],"rotation":0,"texture":"#0","tintindex":0},"up":{"uv":[6.5,4.0,7.75,3.875],"rotation":0,"texture":"#0","tintindex":0},"down":{"uv":[8.25,3.375,9.5,3.5],"rotation":0,"texture":"#0","tintindex":0}}},{"from":[6.742857,10.857143,5.942857],"to":[9.028571,14.514286,6.857143],"rotation":{"angle":0.0,"axis":"y","origin":[8.571428,10.857143,4.5714283]},"faces":{"east":{"uv":[11.625,7.875,11.875,8.875],"rotation":0,"texture":"#0","tintindex":0},"south":{"uv":[6.25,8.5,6.875,9.5],"rotation":0,"texture":"#0","tintindex":0},"north":{"uv":[11.625,7.625,12.25,8.625],"rotation":0,"texture":"#0","tintindex":0},"west":{"uv":[11.25,8.25,11.5,9.25],"rotation":0,"texture":"#0","tintindex":0},"up":{"uv":[11.25,9.625,11.875,9.875],"rotation":0,"texture":"#0","tintindex":0},"down":{"uv":[2.875,12.375,3.5,12.625],"rotation":0,"texture":"#0","tintindex":0}}},{"from":[10.6285715,9.028571,8.685715],"to":[15.200001,11.771429,9.142858],"rotation":{"angle":22.5,"axis":"z","origin":[13.3714285,9.028571,5.485714]},"faces":{"east":{"uv":[1.875,5.625,2.0,6.375],"rotation":0,"texture":"#0","tintindex":0},"south":{"uv":[5.0,8.0,6.25,8.75],"rotation":0,"texture":"#0","tintindex":0},"north":{"uv":[7.875,7.125,9.125,7.875],"rotation":0,"texture":"#0","tintindex":0},"west":{"uv":[6.125,8.75,6.25,9.5],"rotation":0,"texture":"#0","tintindex":0},"up":{"uv":[7.75,4.0,6.5,3.875],"rotation":0,"texture":"#0","tintindex":0},"down":{"uv":[9.5,3.375,8.25,3.5],"rotation":0,"texture":"#0","tintindex":0}}},{"from":[12.457144,7.6571426,7.542857],"to":[12.914286,10.4,10.285714],"rotation":{"angle":0.0,"axis":"y","origin":[13.828571,9.028571,7.542857]},"faces":{"east":{"uv":[3.5,8.625,4.25,9.375],"rotation":0,"texture":"#0","tintindex":0},"south":{"uv":[4.0,10.0,4.125,10.75],"rotation":0,"texture":"#0","tintindex":0},"north":{"uv":[0.5,10.0,0.625,10.75],"rotation":0,"texture":"#0","tintindex":0},"west":{"uv":[5.0,8.75,5.75,9.5],"rotation":0,"texture":"#0","tintindex":0},"up":{"uv":[9.5,11.0,9.625,11.75],"rotation":0,"texture":"#0","tintindex":0},"down":{"uv":[2.75,10.375,2.875,11.125],"rotation":0,"texture":"#0","tintindex":0}}},{"from":[9.028571,10.857143,6.857143],"to":[9.942858,14.514286,9.142858],"rotation":{"angle":0.0,"axis":"y","origin":[9.485714,10.857143,6.857143]},"faces":{"east":{"uv":[12.0,8.5,11.375,9.5],"rotation":0,"texture":"#0","tintindex":0},"south":{"uv":[12.375,8.25,12.125,9.25],"rotation":0,"texture":"#0","tintindex":0},"north":{"uv":[12.25,8.0,12.0,9.0],"rotation":0,"texture":"#0","tintindex":0},"west":{"uv":[3.5,8.5,2.875,9.5],"rotation":0,"texture":"#0","tintindex":0},"up":{"uv":[11.5,8.375,11.25,9.0],"rotation":0,"texture":"#0","tintindex":0},"down":{"uv":[3.25,12.125,3.0,12.75],"rotation":0,"texture":"#0","tintindex":0}}},{"from":[6.742857,10.857143,9.142858],"to":[9.028571,14.514286,10.057143],"rotation":{"angle":0.0,"axis":"y","origin":[8.571428,10.857143,11.428572]},"faces":{"east":{"uv":[11.875,7.875,11.625,8.875],"rotation":0,"texture":"#0","tintindex":0},"south":{"uv":[12.25,7.625,11.625,8.625],"rotation":0,"texture":"#0","tintindex":0},"north":{"uv":[6.875,8.5,6.25,9.5],"rotation":0,"texture":"#0","tintindex":0},"west":{"uv":[11.5,8.25,11.25,9.25],"rotation":0,"texture":"#0","tintindex":0},"up":{"uv":[11.25,9.875,11.875,9.625],"rotation":0,"texture":"#0","tintindex":0},"down":{"uv":[2.875,12.625,3.5,12.375],"rotation":0,"texture":"#0","tintindex":0}}},{"from":[5.8285713,10.857143,6.857143],"to":[6.742857,14.514286,9.142858],"rotation":{"angle":0.0,"axis":"y","origin":[6.285714,10.857143,6.857143]},"faces":{"east":{"uv":[2.875,8.5,3.5,9.5],"rotation":0,"texture":"#0","tintindex":0},"south":{"uv":[12.125,8.25,12.375,9.25],"rotation":0,"texture":"#0","tintindex":0},"north":{"uv":[12.0,8.0,12.25,9.0],"rotation":0,"texture":"#0","tintindex":0},"west":{"uv":[11.375,8.5,12.0,9.5],"rotation":0,"texture":"#0","tintindex":0},"up":{"uv":[11.25,8.375,11.5,9.0],"rotation":0,"texture":"#0","tintindex":0},"down":{"uv":[3.0,12.125,3.25,12.75],"rotation":0,"texture":"#0","tintindex":0}}},{"from":[6.742857,10.857143,6.857143],"to":[9.028571,14.514286,9.142858],"rotation":{"angle":0.0,"axis":"y","origin":[8.571428,10.857143,6.857143]},"faces":{"east":{"uv":[2.875,8.5,3.5,9.5],"rotation":0,"texture":"#0","tintindex":0},"south":{"uv":[6.25,8.5,6.875,9.5],"rotation":0,"texture":"#0","tintindex":0},"north":{"uv":[3.625,7.625,4.25,8.625],"rotation":0,"texture":"#0","tintindex":0},"west":{"uv":[6.875,8.5,7.5,9.5],"rotation":0,"texture":"#0","tintindex":0},"up":{"uv":[9.75,7.75,9.125,7.125],"rotation":0,"texture":"#0","tintindex":0},"down":{"uv":[2.875,9.25,2.25,9.875],"rotation":0,"texture":"#0","tintindex":0}}}],"display":{"head":{"translation":[0.0,-6.4,0.0],"scale":[4.0,4.0,4.0]}}}