{"textures":{"0":"modelengine:entity/dungeon_barricade"},"elements":[{"from":[-2.1111116,-1.8006124,11.56197],"to":[17.88889,0.48510122,12.704828],"rotation":{"angle":0.0,"axis":"y","origin":[8.174603,-1.8006124,12.133399]},"faces":{"east":{"uv":[6.875,8.5,7.125,9.0],"rotation":0,"texture":"#0","tintindex":0},"south":{"uv":[4.375,0.5,8.75,1.0],"rotation":0,"texture":"#0","tintindex":0},"north":{"uv":[4.375,0.0,8.75,0.5],"rotation":0,"texture":"#0","tintindex":0},"west":{"uv":[1.5,8.625,1.75,9.125],"rotation":0,"texture":"#0","tintindex":0},"up":{"uv":[11.5,6.625,7.125,6.375],"rotation":0,"texture":"#0","tintindex":0},"down":{"uv":[11.5,6.625,7.125,6.875],"rotation":0,"texture":"#0","tintindex":0}}},{"from":[-1.5396833,0.48510122,11.56197],"to":[18.460318,2.7708154,12.704828],"rotation":{"angle":0.0,"axis":"y","origin":[8.174603,-1.8006124,12.133399]},"faces":{"east":{"uv":[3.75,8.625,4.0,9.125],"rotation":0,"texture":"#0","tintindex":0},"south":{"uv":[4.375,1.5,8.75,2.0],"rotation":0,"texture":"#0","tintindex":0},"north":{"uv":[4.375,1.0,8.75,1.5],"rotation":0,"texture":"#0","tintindex":0},"west":{"uv":[3.125,8.875,3.375,9.375],"rotation":0,"texture":"#0","tintindex":0},"up":{"uv":[11.5,7.125,7.125,6.875],"rotation":0,"texture":"#0","tintindex":0},"down":{"uv":[11.5,7.125,7.125,7.375],"rotation":0,"texture":"#0","tintindex":0}}},{"from":[-2.1111116,2.7708154,11.56197],"to":[17.88889,7.342244,12.704828],"rotation":{"angle":0.0,"axis":"y","origin":[8.174603,-1.8006124,12.133399]},"faces":{"east":{"uv":[0.625,8.5,0.875,9.5],"rotation":0,"texture":"#0","tintindex":0},"south":{"uv":[0.0,1.0,4.375,2.0],"rotation":0,"texture":"#0","tintindex":0},"north":{"uv":[0.0,0.0,4.375,1.0],"rotation":0,"texture":"#0","tintindex":0},"west":{"uv":[6.625,8.5,6.875,9.5],"rotation":0,"texture":"#0","tintindex":0},"up":{"uv":[11.625,4.75,7.25,4.5],"rotation":0,"texture":"#0","tintindex":0},"down":{"uv":[11.625,4.75,7.25,5.0],"rotation":0,"texture":"#0","tintindex":0}}},{"from":[16.174603,6.199387,2.9905415],"to":[17.88889,7.342244,11.56197],"rotation":{"angle":0.0,"axis":"y","origin":[8.174603,-1.8006124,12.133399]},"faces":{"east":{"uv":[7.5,8.25,9.375,8.5],"rotation":0,"texture":"#0","tintindex":0},"south":{"uv":[9.0,4.25,9.375,4.5],"rotation":0,"texture":"#0","tintindex":0},"north":{"uv":[3.375,8.875,3.75,9.125],"rotation":0,"texture":"#0","tintindex":0},"west":{"uv":[8.375,3.5,10.25,3.75],"rotation":0,"texture":"#0","tintindex":0},"up":{"uv":[4.375,9.25,4.0,7.375],"rotation":0,"texture":"#0","tintindex":0},"down":{"uv":[7.5,7.375,7.125,9.25],"rotation":0,"texture":"#0","tintindex":0}}},{"from":[17.88889,13.627958,-1.5808868],"to":[19.603176,15.342245,13.276257],"rotation":{"angle":45.0,"axis":"x","origin":[7.888889,3.05653,-4.152316]},"faces":{"east":{"uv":[7.125,5.625,10.375,6.0],"rotation":0,"texture":"#0","tintindex":0},"south":{"uv":[8.75,0.875,9.125,1.25],"rotation":0,"texture":"#0","tintindex":0},"north":{"uv":[8.75,0.5,9.125,0.875],"rotation":0,"texture":"#0","tintindex":0},"west":{"uv":[7.125,6.0,10.375,6.375],"rotation":0,"texture":"#0","tintindex":0},"up":{"uv":[2.125,8.5,1.75,5.25],"rotation":0,"texture":"#0","tintindex":0},"down":{"uv":[2.5,5.25,2.125,8.5],"rotation":0,"texture":"#0","tintindex":0}}},{"from":[18.174603,13.913673,-3.2951727],"to":[19.317461,15.05653,-1.5808868],"rotation":{"angle":45.0,"axis":"x","origin":[7.888889,3.05653,-4.152316]},"faces":{"east":{"uv":[9.0,5.0,9.375,5.25],"rotation":0,"texture":"#0","tintindex":0},"south":{"uv":[7.5,9.0,7.75,9.25],"rotation":0,"texture":"#0","tintindex":0},"north":{"uv":[6.875,9.0,7.125,9.25],"rotation":0,"texture":"#0","tintindex":0},"west":{"uv":[9.0,5.25,9.375,5.5],"rotation":0,"texture":"#0","tintindex":0},"up":{"uv":[6.25,9.375,6.0,9.0],"rotation":0,"texture":"#0","tintindex":0},"down":{"uv":[6.5,9.0,6.25,9.375],"rotation":0,"texture":"#0","tintindex":0}}},{"from":[18.460318,14.199388,-4.4380302],"to":[19.031746,14.770816,-3.2951727],"rotation":{"angle":45.0,"axis":"x","origin":[7.888889,3.05653,-4.152316]},"faces":{"east":{"uv":[9.0,7.5,9.25,7.625],"rotation":0,"texture":"#0","tintindex":0},"south":{"uv":[3.125,6.0,3.25,6.125],"rotation":0,"texture":"#0","tintindex":0},"north":{"uv":[2.5,6.0,2.625,6.125],"rotation":0,"texture":"#0","tintindex":0},"west":{"uv":[9.0,7.625,9.25,7.75],"rotation":0,"texture":"#0","tintindex":0},"up":{"uv":[2.625,6.0,2.5,5.75],"rotation":0,"texture":"#0","tintindex":0},"down":{"uv":[3.25,5.75,3.125,6.0],"rotation":0,"texture":"#0","tintindex":0}}},{"from":[1.3174601,-1.8006124,8.133399],"to":[8.746032,7.342244,9.276256],"rotation":{"angle":22.5,"axis":"x","origin":[4.174603,2.9612923,7.5619698]},"faces":{"east":{"uv":[0.875,7.875,1.125,9.875],"rotation":0,"texture":"#0","tintindex":0},"south":{"uv":[1.625,2.0,3.25,4.0],"rotation":0,"texture":"#0","tintindex":0},"north":{"uv":[0.0,2.0,1.625,4.0],"rotation":0,"texture":"#0","tintindex":0},"west":{"uv":[5.75,7.875,6.0,9.875],"rotation":0,"texture":"#0","tintindex":0},"up":{"uv":[10.0,4.0,8.375,3.75],"rotation":0,"texture":"#0","tintindex":0},"down":{"uv":[10.0,4.0,8.375,4.25],"rotation":0,"texture":"#0","tintindex":0}}},{"from":[3.6031742,1.6279583,7.5619698],"to":[6.4603176,4.4851017,8.133399],"rotation":{"angle":22.5,"axis":"x","origin":[4.174603,2.9612923,7.5619698]},"faces":{"east":{"uv":[3.125,4.0,3.25,4.625],"rotation":0,"texture":"#0","tintindex":0},"south":{"uv":[2.75,8.0,3.375,8.625],"rotation":0,"texture":"#0","tintindex":0},"north":{"uv":[6.0,7.875,6.625,8.5],"rotation":0,"texture":"#0","tintindex":0},"west":{"uv":[3.125,4.625,3.25,5.25],"rotation":0,"texture":"#0","tintindex":0},"up":{"uv":[9.625,5.625,9.0,5.5],"rotation":0,"texture":"#0","tintindex":0},"down":{"uv":[9.625,7.375,9.0,7.5],"rotation":0,"texture":"#0","tintindex":0}}},{"from":[2.4603171,1.6279583,4.1333985],"to":[2.4603171,4.4851017,8.133399],"rotation":{"angle":22.5,"axis":"x","origin":[4.174603,2.9612923,7.5619698]},"faces":{"east":{"uv":[7.5,7.375,8.375,8.0],"rotation":0,"texture":"#0","tintindex":0},"south":{"uv":[0.0,0.0,0.0,0.625],"rotation":0,"texture":"#0","tintindex":0},"north":{"uv":[0.0,0.0,0.0,0.625],"rotation":0,"texture":"#0","tintindex":0},"west":{"uv":[8.375,7.375,7.5,8.0],"rotation":0,"texture":"#0","tintindex":0},"up":{"uv":[0.0,0.875,0.0,0.0],"rotation":0,"texture":"#0","tintindex":0},"down":{"uv":[0.0,0.0,0.0,0.875],"rotation":0,"texture":"#0","tintindex":0}}},{"from":[18.746033,13.05653,-5.0094585],"to":[18.746033,15.913673,0.7048273],"rotation":{"angle":45.0,"axis":"x","origin":[7.888889,3.05653,-4.152316]},"faces":{"east":{"uv":[7.25,5.0,8.5,5.625],"rotation":0,"texture":"#0","tintindex":0},"south":{"uv":[0.0,0.0,0.0,0.625],"rotation":0,"texture":"#0","tintindex":0},"north":{"uv":[0.0,0.0,0.0,0.625],"rotation":0,"texture":"#0","tintindex":0},"west":{"uv":[2.75,7.375,4.0,8.0],"rotation":0,"texture":"#0","tintindex":0},"up":{"uv":[0.0,1.25,0.0,0.0],"rotation":0,"texture":"#0","tintindex":0},"down":{"uv":[0.0,0.0,0.0,1.25],"rotation":0,"texture":"#0","tintindex":0}}},{"from":[-10.111113,1.0565295,9.276256],"to":[26.46032,2.7708154,10.990541],"rotation":{"angle":0.0,"axis":"y","origin":[7.888889,3.05653,-4.152316]},"faces":{"east":{"uv":[8.75,1.25,9.125,1.625],"rotation":0,"texture":"#0","tintindex":0},"south":{"uv":[3.25,2.375,11.25,2.75],"rotation":0,"texture":"#0","tintindex":0},"north":{"uv":[3.25,2.0,11.25,2.375],"rotation":0,"texture":"#0","tintindex":0},"west":{"uv":[8.75,1.625,9.125,2.0],"rotation":0,"texture":"#0","tintindex":0},"up":{"uv":[11.25,3.125,3.25,2.75],"rotation":0,"texture":"#0","tintindex":0},"down":{"uv":[11.25,3.125,3.25,3.5],"rotation":0,"texture":"#0","tintindex":0}}},{"from":[11.603174,-1.8006124,3.5619698],"to":[17.88889,3.3422441,9.276256],"rotation":{"angle":0.0,"axis":"y","origin":[8.174603,-1.8006124,12.133399]},"faces":{"east":{"uv":[5.875,5.625,7.125,6.75],"rotation":0,"texture":"#0","tintindex":0},"south":{"uv":[5.875,4.5,7.25,5.625],"rotation":0,"texture":"#0","tintindex":0},"north":{"uv":[4.5,5.75,5.875,6.875],"rotation":0,"texture":"#0","tintindex":0},"west":{"uv":[5.875,6.75,7.125,7.875],"rotation":0,"texture":"#0","tintindex":0},"up":{"uv":[2.625,5.25,1.25,4.0],"rotation":0,"texture":"#0","tintindex":0},"down":{"uv":[5.875,4.5,4.5,5.75],"rotation":0,"texture":"#0","tintindex":0}}},{"from":[12.174603,-1.8006124,10.419113],"to":[15.031746,15.913673,11.56197],"rotation":{"angle":0.0,"axis":"y","origin":[8.174603,-2.3720417,12.133399]},"faces":{"east":{"uv":[4.5,6.875,4.75,10.75],"rotation":0,"texture":"#0","tintindex":0},"south":{"uv":[3.875,3.5,4.5,7.375],"rotation":0,"texture":"#0","tintindex":0},"north":{"uv":[3.25,3.5,3.875,7.375],"rotation":0,"texture":"#0","tintindex":0},"west":{"uv":[4.75,6.875,5.0,10.75],"rotation":0,"texture":"#0","tintindex":0},"up":{"uv":[9.0,4.5,8.375,4.25],"rotation":0,"texture":"#0","tintindex":0},"down":{"uv":[3.75,8.625,3.125,8.875],"rotation":0,"texture":"#0","tintindex":0}}},{"from":[8.746032,-1.8006124,10.419113],"to":[11.031746,13.627958,11.56197],"rotation":{"angle":0.0,"axis":"y","origin":[8.174603,-2.3720417,12.133399]},"faces":{"east":{"uv":[5.5,6.875,5.75,10.25],"rotation":0,"texture":"#0","tintindex":0},"south":{"uv":[1.25,5.25,1.75,8.625],"rotation":0,"texture":"#0","tintindex":0},"north":{"uv":[2.625,4.0,3.125,7.375],"rotation":0,"texture":"#0","tintindex":0},"west":{"uv":[2.5,7.375,2.75,10.75],"rotation":0,"texture":"#0","tintindex":0},"up":{"uv":[9.375,8.75,8.875,8.5],"rotation":0,"texture":"#0","tintindex":0},"down":{"uv":[9.375,8.75,8.875,9.0],"rotation":0,"texture":"#0","tintindex":0}}},{"from":[-0.9682541,9.627958,9.847685],"to":[16.746033,11.913673,10.419113],"rotation":{"angle":22.5,"axis":"z","origin":[7.888889,10.770816,10.133399]},"faces":{"east":{"uv":[2.5,5.25,2.625,5.75],"rotation":0,"texture":"#0","tintindex":0},"south":{"uv":[4.5,4.0,8.375,4.5],"rotation":0,"texture":"#0","tintindex":0},"north":{"uv":[4.5,3.5,8.375,4.0],"rotation":0,"texture":"#0","tintindex":0},"west":{"uv":[3.125,5.25,3.25,5.75],"rotation":0,"texture":"#0","tintindex":0},"up":{"uv":[11.375,8.125,7.5,8.0],"rotation":0,"texture":"#0","tintindex":0},"down":{"uv":[11.375,8.125,7.5,8.25],"rotation":0,"texture":"#0","tintindex":0}}},{"from":[-0.3968258,-1.8006124,10.419113],"to":[2.4603171,15.913673,11.56197],"rotation":{"angle":0.0,"axis":"y","origin":[-4.396826,-2.3720417,12.133399]},"faces":{"east":{"uv":[5.0,6.875,5.25,10.75],"rotation":0,"texture":"#0","tintindex":0},"south":{"uv":[0.625,4.0,1.25,7.875],"rotation":0,"texture":"#0","tintindex":0},"north":{"uv":[0.0,4.0,0.625,7.875],"rotation":0,"texture":"#0","tintindex":0},"west":{"uv":[5.25,6.875,5.5,10.75],"rotation":0,"texture":"#0","tintindex":0},"up":{"uv":[9.375,0.25,8.75,0.0],"rotation":0,"texture":"#0","tintindex":0},"down":{"uv":[9.375,0.25,8.75,0.5],"rotation":0,"texture":"#0","tintindex":0}}},{"from":[17.317461,13.05653,4.1333985],"to":[20.174603,15.913673,6.4191127],"rotation":{"angle":45.0,"axis":"x","origin":[7.888889,3.05653,-4.152316]},"faces":{"east":{"uv":[6.625,7.875,7.125,8.5],"rotation":0,"texture":"#0","tintindex":0},"south":{"uv":[8.375,7.375,9.0,8.0],"rotation":0,"texture":"#0","tintindex":0},"north":{"uv":[3.375,8.0,4.0,8.625],"rotation":0,"texture":"#0","tintindex":0},"west":{"uv":[8.5,5.0,9.0,5.625],"rotation":0,"texture":"#0","tintindex":0},"up":{"uv":[6.625,9.0,6.0,8.5],"rotation":0,"texture":"#0","tintindex":0},"down":{"uv":[8.125,8.5,7.5,9.0],"rotation":0,"texture":"#0","tintindex":0}}},{"from":[20.174603,0.48510122,8.704827],"to":[21.88889,3.3422441,11.56197],"rotation":{"angle":0.0,"axis":"y","origin":[9.031746,3.05653,-4.152316]},"faces":{"east":{"uv":[0.0,8.5,0.625,9.125],"rotation":0,"texture":"#0","tintindex":0},"south":{"uv":[8.5,8.5,8.875,9.125],"rotation":0,"texture":"#0","tintindex":0},"north":{"uv":[8.125,8.5,8.5,9.125],"rotation":0,"texture":"#0","tintindex":0},"west":{"uv":[1.75,8.5,2.375,9.125],"rotation":0,"texture":"#0","tintindex":0},"up":{"uv":[1.5,9.25,1.125,8.625],"rotation":0,"texture":"#0","tintindex":0},"down":{"uv":[3.125,8.625,2.75,9.25],"rotation":0,"texture":"#0","tintindex":0}}},{"from":[23.317461,6.395879,12.853164],"to":[23.317461,9.253021,18.56745],"rotation":{"angle":-45.0,"axis":"x","origin":[23.317461,7.82445,13.024592]},"faces":{"east":{"uv":[8.5,5.0,7.25,5.625],"rotation":0,"texture":"#0","tintindex":0},"south":{"uv":[0.0,0.0,0.0,0.625],"rotation":0,"texture":"#0","tintindex":0},"north":{"uv":[0.0,0.0,0.0,0.625],"rotation":0,"texture":"#0","tintindex":0},"west":{"uv":[4.0,7.375,2.75,8.0],"rotation":0,"texture":"#0","tintindex":0},"up":{"uv":[0.0,0.0,0.0,1.25],"rotation":0,"texture":"#0","tintindex":0},"down":{"uv":[0.0,1.25,0.0,0.0],"rotation":0,"texture":"#0","tintindex":0}}},{"from":[23.031746,7.538736,16.853165],"to":[23.603176,8.110165,17.996021],"rotation":{"angle":-45.0,"axis":"x","origin":[23.317461,7.82445,13.024592]},"faces":{"east":{"uv":[9.25,7.5,9.0,7.625],"rotation":0,"texture":"#0","tintindex":0},"south":{"uv":[2.625,6.0,2.5,6.125],"rotation":0,"texture":"#0","tintindex":0},"north":{"uv":[3.25,6.0,3.125,6.125],"rotation":0,"texture":"#0","tintindex":0},"west":{"uv":[9.25,7.625,9.0,7.75],"rotation":0,"texture":"#0","tintindex":0},"up":{"uv":[2.625,5.75,2.5,6.0],"rotation":0,"texture":"#0","tintindex":0},"down":{"uv":[3.25,6.0,3.125,5.75],"rotation":0,"texture":"#0","tintindex":0}}},{"from":[22.746033,7.2530217,15.138878],"to":[23.88889,8.395879,16.853165],"rotation":{"angle":-45.0,"axis":"x","origin":[23.317461,7.82445,13.024592]},"faces":{"east":{"uv":[9.375,5.0,9.0,5.25],"rotation":0,"texture":"#0","tintindex":0},"south":{"uv":[7.125,9.0,6.875,9.25],"rotation":0,"texture":"#0","tintindex":0},"north":{"uv":[7.75,9.0,7.5,9.25],"rotation":0,"texture":"#0","tintindex":0},"west":{"uv":[9.375,5.25,9.0,5.5],"rotation":0,"texture":"#0","tintindex":0},"up":{"uv":[6.25,9.0,6.0,9.375],"rotation":0,"texture":"#0","tintindex":0},"down":{"uv":[6.5,9.375,6.25,9.0],"rotation":0,"texture":"#0","tintindex":0}}},{"from":[22.460318,6.967307,0.28173447],"to":[24.174604,8.681593,15.138878],"rotation":{"angle":-45.0,"axis":"x","origin":[23.317461,7.82445,13.024592]},"faces":{"east":{"uv":[10.375,5.625,7.125,6.0],"rotation":0,"texture":"#0","tintindex":0},"south":{"uv":[9.125,0.5,8.75,0.875],"rotation":0,"texture":"#0","tintindex":0},"north":{"uv":[9.125,0.875,8.75,1.25],"rotation":0,"texture":"#0","tintindex":0},"west":{"uv":[10.375,6.0,7.125,6.375],"rotation":0,"texture":"#0","tintindex":0},"up":{"uv":[2.125,5.25,1.75,8.5],"rotation":0,"texture":"#0","tintindex":0},"down":{"uv":[2.5,8.5,2.125,5.25],"rotation":0,"texture":"#0","tintindex":0}}},{"from":[21.88889,6.395879,7.138878],"to":[24.746033,9.253021,9.424592],"rotation":{"angle":-45.0,"axis":"x","origin":[23.317461,7.82445,13.024592]},"faces":{"east":{"uv":[7.125,7.875,6.625,8.5],"rotation":0,"texture":"#0","tintindex":0},"south":{"uv":[4.0,8.0,3.375,8.625],"rotation":0,"texture":"#0","tintindex":0},"north":{"uv":[9.0,7.375,8.375,8.0],"rotation":0,"texture":"#0","tintindex":0},"west":{"uv":[9.0,5.0,8.5,5.625],"rotation":0,"texture":"#0","tintindex":0},"up":{"uv":[6.625,8.5,6.0,9.0],"rotation":0,"texture":"#0","tintindex":0},"down":{"uv":[8.125,9.0,7.5,8.5],"rotation":0,"texture":"#0","tintindex":0}}},{"from":[-7.8253975,7.538736,16.853165],"to":[-7.253969,8.110165,17.996021],"rotation":{"angle":-45.0,"axis":"x","origin":[-7.5396833,7.82445,13.024592]},"faces":{"east":{"uv":[9.0,7.625,9.25,7.75],"rotation":0,"texture":"#0","tintindex":0},"south":{"uv":[2.5,6.0,2.625,6.125],"rotation":0,"texture":"#0","tintindex":0},"north":{"uv":[3.125,6.0,3.25,6.125],"rotation":0,"texture":"#0","tintindex":0},"west":{"uv":[9.0,7.5,9.25,7.625],"rotation":0,"texture":"#0","tintindex":0},"up":{"uv":[2.5,5.75,2.625,6.0],"rotation":0,"texture":"#0","tintindex":0},"down":{"uv":[3.125,6.0,3.25,5.75],"rotation":0,"texture":"#0","tintindex":0}}},{"from":[-8.111113,7.2530217,15.138878],"to":[-6.968255,8.395879,16.853165],"rotation":{"angle":-45.0,"axis":"x","origin":[-7.5396833,7.82445,13.024592]},"faces":{"east":{"uv":[9.0,5.25,9.375,5.5],"rotation":0,"texture":"#0","tintindex":0},"south":{"uv":[6.875,9.0,7.125,9.25],"rotation":0,"texture":"#0","tintindex":0},"north":{"uv":[7.5,9.0,7.75,9.25],"rotation":0,"texture":"#0","tintindex":0},"west":{"uv":[9.0,5.0,9.375,5.25],"rotation":0,"texture":"#0","tintindex":0},"up":{"uv":[6.0,9.0,6.25,9.375],"rotation":0,"texture":"#0","tintindex":0},"down":{"uv":[6.25,9.375,6.5,9.0],"rotation":0,"texture":"#0","tintindex":0}}},{"from":[-7.5396833,6.395879,12.853164],"to":[-7.5396833,9.253021,18.56745],"rotation":{"angle":-45.0,"axis":"x","origin":[-7.5396833,7.82445,13.024592]},"faces":{"east":{"uv":[2.75,7.375,4.0,8.0],"rotation":0,"texture":"#0","tintindex":0},"south":{"uv":[0.0,0.0,0.0,0.625],"rotation":0,"texture":"#0","tintindex":0},"north":{"uv":[0.0,0.0,0.0,0.625],"rotation":0,"texture":"#0","tintindex":0},"west":{"uv":[7.25,5.0,8.5,5.625],"rotation":0,"texture":"#0","tintindex":0},"up":{"uv":[0.0,0.0,0.0,1.25],"rotation":0,"texture":"#0","tintindex":0},"down":{"uv":[0.0,1.25,0.0,0.0],"rotation":0,"texture":"#0","tintindex":0}}},{"from":[-8.968254,6.395879,7.138878],"to":[-6.1111116,9.253021,9.424592],"rotation":{"angle":-45.0,"axis":"x","origin":[-7.5396833,7.82445,13.024592]},"faces":{"east":{"uv":[8.5,5.0,9.0,5.625],"rotation":0,"texture":"#0","tintindex":0},"south":{"uv":[3.375,8.0,4.0,8.625],"rotation":0,"texture":"#0","tintindex":0},"north":{"uv":[8.375,7.375,9.0,8.0],"rotation":0,"texture":"#0","tintindex":0},"west":{"uv":[6.625,7.875,7.125,8.5],"rotation":0,"texture":"#0","tintindex":0},"up":{"uv":[6.0,8.5,6.625,9.0],"rotation":0,"texture":"#0","tintindex":0},"down":{"uv":[7.5,9.0,8.125,8.5],"rotation":0,"texture":"#0","tintindex":0}}},{"from":[-8.396826,6.967307,0.28173447],"to":[-6.682541,8.681593,15.138878],"rotation":{"angle":-45.0,"axis":"x","origin":[-7.5396833,7.82445,13.024592]},"faces":{"east":{"uv":[7.125,6.0,10.375,6.375],"rotation":0,"texture":"#0","tintindex":0},"south":{"uv":[8.75,0.5,9.125,0.875],"rotation":0,"texture":"#0","tintindex":0},"north":{"uv":[8.75,0.875,9.125,1.25],"rotation":0,"texture":"#0","tintindex":0},"west":{"uv":[7.125,5.625,10.375,6.0],"rotation":0,"texture":"#0","tintindex":0},"up":{"uv":[1.75,5.25,2.125,8.5],"rotation":0,"texture":"#0","tintindex":0},"down":{"uv":[2.125,8.5,2.5,5.25],"rotation":0,"texture":"#0","tintindex":0}}},{"from":[-6.1111116,0.48510122,8.704827],"to":[-4.396826,3.3422441,11.56197],"rotation":{"angle":0.0,"axis":"y","origin":[6.7460318,3.05653,-4.152316]},"faces":{"east":{"uv":[2.375,8.5,1.75,9.125],"rotation":0,"texture":"#0","tintindex":0},"south":{"uv":[8.875,8.5,8.5,9.125],"rotation":0,"texture":"#0","tintindex":0},"north":{"uv":[8.5,8.5,8.125,9.125],"rotation":0,"texture":"#0","tintindex":0},"west":{"uv":[0.625,8.5,0.0,9.125],"rotation":0,"texture":"#0","tintindex":0},"up":{"uv":[1.125,9.25,1.5,8.625],"rotation":0,"texture":"#0","tintindex":0},"down":{"uv":[2.75,8.625,3.125,9.25],"rotation":0,"texture":"#0","tintindex":0}}},{"from":[-2.968255,13.05653,-5.0094585],"to":[-2.968255,15.913673,0.7048273],"rotation":{"angle":45.0,"axis":"x","origin":[7.888889,3.05653,-4.152316]},"faces":{"east":{"uv":[4.0,7.375,2.75,8.0],"rotation":0,"texture":"#0","tintindex":0},"south":{"uv":[0.0,0.0,0.0,0.625],"rotation":0,"texture":"#0","tintindex":0},"north":{"uv":[0.0,0.0,0.0,0.625],"rotation":0,"texture":"#0","tintindex":0},"west":{"uv":[8.5,5.0,7.25,5.625],"rotation":0,"texture":"#0","tintindex":0},"up":{"uv":[0.0,1.25,0.0,0.0],"rotation":0,"texture":"#0","tintindex":0},"down":{"uv":[0.0,0.0,0.0,1.25],"rotation":0,"texture":"#0","tintindex":0}}},{"from":[-3.2539692,14.199388,-4.4380302],"to":[-2.68254,14.770816,-3.2951727],"rotation":{"angle":45.0,"axis":"x","origin":[7.888889,3.05653,-4.152316]},"faces":{"east":{"uv":[9.25,7.625,9.0,7.75],"rotation":0,"texture":"#0","tintindex":0},"south":{"uv":[3.25,6.0,3.125,6.125],"rotation":0,"texture":"#0","tintindex":0},"north":{"uv":[2.625,6.0,2.5,6.125],"rotation":0,"texture":"#0","tintindex":0},"west":{"uv":[9.25,7.5,9.0,7.625],"rotation":0,"texture":"#0","tintindex":0},"up":{"uv":[2.5,6.0,2.625,5.75],"rotation":0,"texture":"#0","tintindex":0},"down":{"uv":[3.125,5.75,3.25,6.0],"rotation":0,"texture":"#0","tintindex":0}}},{"from":[-3.5396833,13.913673,-3.2951727],"to":[-2.3968258,15.05653,-1.5808868],"rotation":{"angle":45.0,"axis":"x","origin":[7.888889,3.05653,-4.152316]},"faces":{"east":{"uv":[9.375,5.25,9.0,5.5],"rotation":0,"texture":"#0","tintindex":0},"south":{"uv":[7.75,9.0,7.5,9.25],"rotation":0,"texture":"#0","tintindex":0},"north":{"uv":[7.125,9.0,6.875,9.25],"rotation":0,"texture":"#0","tintindex":0},"west":{"uv":[9.375,5.0,9.0,5.25],"rotation":0,"texture":"#0","tintindex":0},"up":{"uv":[6.0,9.375,6.25,9.0],"rotation":0,"texture":"#0","tintindex":0},"down":{"uv":[6.25,9.0,6.5,9.375],"rotation":0,"texture":"#0","tintindex":0}}},{"from":[-3.8253975,13.627958,-1.5808868],"to":[-2.1111116,15.342245,13.276257],"rotation":{"angle":45.0,"axis":"x","origin":[7.888889,3.05653,-4.152316]},"faces":{"east":{"uv":[10.375,6.0,7.125,6.375],"rotation":0,"texture":"#0","tintindex":0},"south":{"uv":[9.125,0.875,8.75,1.25],"rotation":0,"texture":"#0","tintindex":0},"north":{"uv":[9.125,0.5,8.75,0.875],"rotation":0,"texture":"#0","tintindex":0},"west":{"uv":[10.375,5.625,7.125,6.0],"rotation":0,"texture":"#0","tintindex":0},"up":{"uv":[1.75,8.5,2.125,5.25],"rotation":0,"texture":"#0","tintindex":0},"down":{"uv":[2.125,5.25,2.5,8.5],"rotation":0,"texture":"#0","tintindex":0}}},{"from":[-4.396826,13.05653,4.1333985],"to":[-1.5396833,15.913673,6.4191127],"rotation":{"angle":45.0,"axis":"x","origin":[7.888889,3.05653,-4.152316]},"faces":{"east":{"uv":[9.0,5.0,8.5,5.625],"rotation":0,"texture":"#0","tintindex":0},"south":{"uv":[9.0,7.375,8.375,8.0],"rotation":0,"texture":"#0","tintindex":0},"north":{"uv":[4.0,8.0,3.375,8.625],"rotation":0,"texture":"#0","tintindex":0},"west":{"uv":[7.125,7.875,6.625,8.5],"rotation":0,"texture":"#0","tintindex":0},"up":{"uv":[6.0,9.0,6.625,8.5],"rotation":0,"texture":"#0","tintindex":0},"down":{"uv":[7.5,8.5,8.125,9.0],"rotation":0,"texture":"#0","tintindex":0}}},{"from":[5.31746,4.4851017,4.1333985],"to":[5.31746,7.342244,8.133399],"rotation":{"angle":22.5,"axis":"x","origin":[7.031746,2.9612923,7.5619698]},"faces":{"east":{"uv":[7.5,7.375,8.375,8.0],"rotation":0,"texture":"#0","tintindex":0},"south":{"uv":[0.0,0.0,0.0,0.625],"rotation":0,"texture":"#0","tintindex":0},"north":{"uv":[0.0,0.0,0.0,0.625],"rotation":0,"texture":"#0","tintindex":0},"west":{"uv":[8.375,7.375,7.5,8.0],"rotation":0,"texture":"#0","tintindex":0},"up":{"uv":[0.0,0.875,0.0,0.0],"rotation":0,"texture":"#0","tintindex":0},"down":{"uv":[0.0,0.0,0.0,0.875],"rotation":0,"texture":"#0","tintindex":0}}}],"display":{"head":{"translation":[0.0,-6.4,0.0],"scale":[4.0,4.0,4.0]}}}