{"textures":{"0":"modelengine:entity/groundcrack"},"elements":[{"from":[3.350977,4.0,2.956017],"to":[12.4938345,22.285715,12.098875],"rotation":{"angle":0.0,"axis":"y","origin":[7.9224057,4.0,7.527446]},"faces":{"east":{"uv":[0.0,3.5,2.75,7.0],"rotation":0,"texture":"#0","tintindex":0},"south":{"uv":[3.25,3.5,6.0,6.5],"rotation":0,"texture":"#0","tintindex":0},"north":{"uv":[0.0,0.0,3.0,3.5],"rotation":0,"texture":"#0","tintindex":0},"west":{"uv":[6.0,6.5,8.5,9.5],"rotation":0,"texture":"#0","tintindex":0},"up":{"uv":[5.5,10.25,9.5,14.25],"rotation":0,"texture":"#0","tintindex":0},"down":{"uv":[8.5,1.0,10.0,2.75],"rotation":0,"texture":"#0","tintindex":0}}}],"display":{"head":{"translation":[0.0,-6.4,0.0],"scale":[4.0,4.0,4.0]}}}