{"textures":{"0":"modelengine:entity/adventurer"},"elements":[{"from":[0.0,11.154211,4.5726256],"to":[9.714286,15.154211,9.715483],"rotation":{"angle":-22.5,"axis":"x","origin":[4.8571424,13.154211,7.1440544]},"faces":{"east":{"uv":[5.3875,2.8875,6.4875,3.7375],"rotation":0,"texture":"#0","tintindex":0},"south":{"uv":[3.3875,0.0125,5.4875,0.8625],"rotation":0,"texture":"#0","tintindex":0},"north":{"uv":[3.2625,2.8875,5.3625,3.7375],"rotation":0,"texture":"#0","tintindex":0},"west":{"uv":[5.5125,0.0125,6.6125,0.8625],"rotation":0,"texture":"#0","tintindex":0},"up":{"uv":[2.1125,2.8625,0.0125,1.7625],"rotation":0,"texture":"#0","tintindex":0},"down":{"uv":[4.2375,1.7625,2.1375,2.8625],"rotation":0,"texture":"#0","tintindex":0}}},{"from":[-5.714287,10.011354,10.286912],"to":[9.714286,14.011354,11.429769],"rotation":{"angle":45.0,"axis":"z","origin":[4.8571424,12.011354,6.5726256]},"faces":{"east":{"uv":[3.3875,8.1375,3.6125,8.9875],"rotation":0,"texture":"#0","tintindex":0},"south":{"uv":[0.0125,0.8875,3.3625,1.7375],"rotation":0,"texture":"#0","tintindex":0},"north":{"uv":[3.3625,0.8875,0.0125,1.7375],"rotation":0,"texture":"#0","tintindex":0},"west":{"uv":[7.6375,8.2625,7.8625,9.1125],"rotation":0,"texture":"#0","tintindex":0},"up":{"uv":[9.3625,4.8625,6.0125,4.6375],"rotation":0,"texture":"#0","tintindex":0},"down":{"uv":[9.7375,2.0125,6.3875,2.2375],"rotation":0,"texture":"#0","tintindex":0}}},{"from":[9.714286,14.011354,10.286912],"to":[12.0,15.72564,11.429769],"rotation":{"angle":45.0,"axis":"z","origin":[4.8571424,12.011354,6.5726256]},"faces":{"east":{"uv":[8.8875,3.2625,9.1125,3.6125],"rotation":0,"texture":"#0","tintindex":0},"south":{"uv":[1.8875,8.7625,2.3625,9.1125],"rotation":0,"texture":"#0","tintindex":0},"north":{"uv":[2.3625,8.7625,1.8875,9.1125],"rotation":0,"texture":"#0","tintindex":0},"west":{"uv":[3.6375,8.8875,3.8625,9.2375],"rotation":0,"texture":"#0","tintindex":0},"up":{"uv":[9.3625,0.2375,8.8875,0.0125],"rotation":0,"texture":"#0","tintindex":0},"down":{"uv":[9.3625,1.6375,8.8875,1.8625],"rotation":0,"texture":"#0","tintindex":0}}},{"from":[9.714286,10.011354,9.715483],"to":[12.0,14.011354,12.001198],"rotation":{"angle":45.0,"axis":"z","origin":[4.8571424,12.011354,6.5726256]},"faces":{"east":{"uv":[2.2625,7.8875,2.7375,8.7375],"rotation":0,"texture":"#0","tintindex":0},"south":{"uv":[7.8875,7.7625,8.3625,8.6125],"rotation":0,"texture":"#0","tintindex":0},"north":{"uv":[1.7625,7.8875,2.2375,8.7375],"rotation":0,"texture":"#0","tintindex":0},"west":{"uv":[3.6375,8.0125,4.1125,8.8625],"rotation":0,"texture":"#0","tintindex":0},"up":{"uv":[6.9875,3.7375,6.5125,3.2625],"rotation":0,"texture":"#0","tintindex":0},"down":{"uv":[0.4875,8.6375,0.0125,9.1125],"rotation":0,"texture":"#0","tintindex":0}}},{"from":[12.0,11.154211,10.001198],"to":[18.857143,12.868498,11.715483],"rotation":{"angle":45.0,"axis":"z","origin":[4.8571424,12.011354,6.8583403]},"faces":{"east":{"uv":[8.7625,7.0125,9.1125,7.3625],"rotation":0,"texture":"#0","tintindex":0},"south":{"uv":[7.2625,2.2625,8.7375,2.6125],"rotation":0,"texture":"#0","tintindex":0},"north":{"uv":[7.0125,4.2625,8.4875,4.6125],"rotation":0,"texture":"#0","tintindex":0},"west":{"uv":[7.1375,8.7625,7.4875,9.1125],"rotation":0,"texture":"#0","tintindex":0},"up":{"uv":[8.7375,2.9875,7.2625,2.6375],"rotation":0,"texture":"#0","tintindex":0},"down":{"uv":[8.8625,0.0125,7.3875,0.3625],"rotation":0,"texture":"#0","tintindex":0}}},{"from":[18.857143,10.868497,9.715483],"to":[21.714287,13.154211,12.001198],"rotation":{"angle":45.0,"axis":"z","origin":[4.8571424,12.011354,6.8583403]},"faces":{"east":{"uv":[0.5125,8.6375,0.9875,9.1125],"rotation":0,"texture":"#0","tintindex":0},"south":{"uv":[8.5125,4.1375,9.1125,4.6125],"rotation":0,"texture":"#0","tintindex":0},"north":{"uv":[8.5125,3.6375,9.1125,4.1125],"rotation":0,"texture":"#0","tintindex":0},"west":{"uv":[5.5125,8.6375,5.9875,9.1125],"rotation":0,"texture":"#0","tintindex":0},"up":{"uv":[5.4875,8.9875,4.8875,8.5125],"rotation":0,"texture":"#0","tintindex":0},"down":{"uv":[8.9875,8.5125,8.3875,8.9875],"rotation":0,"texture":"#0","tintindex":0}}},{"from":[9.714286,15.72564,10.286912],"to":[10.857143,18.582783,11.429769],"rotation":{"angle":45.0,"axis":"z","origin":[4.8571424,12.011354,6.5726256]},"faces":{"east":{"uv":[3.1375,8.7625,3.3625,9.3625],"rotation":0,"texture":"#0","tintindex":0},"south":{"uv":[4.1375,8.7625,4.3625,9.3625],"rotation":0,"texture":"#0","tintindex":0},"north":{"uv":[4.3625,8.7625,4.1375,9.3625],"rotation":0,"texture":"#0","tintindex":0},"west":{"uv":[4.3875,8.7625,4.6125,9.3625],"rotation":0,"texture":"#0","tintindex":0},"up":{"uv":[9.1125,5.1125,8.8875,4.8875],"rotation":0,"texture":"#0","tintindex":0},"down":{"uv":[9.1125,5.1375,8.8875,5.3625],"rotation":0,"texture":"#0","tintindex":0}}},{"from":[29.714287,0.012796879,10.286912],"to":[32.0,1.7270827,11.429769],"rotation":{"angle":45.0,"axis":"z","origin":[4.8571424,-16.272917,7.1440544]},"faces":{"east":{"uv":[8.8875,3.6125,9.1125,3.2625],"rotation":0,"texture":"#0","tintindex":0},"south":{"uv":[1.8875,9.1125,2.3625,8.7625],"rotation":0,"texture":"#0","tintindex":0},"north":{"uv":[2.3625,9.1125,1.8875,8.7625],"rotation":0,"texture":"#0","tintindex":0},"west":{"uv":[3.6375,9.2375,3.8625,8.8875],"rotation":0,"texture":"#0","tintindex":0},"up":{"uv":[9.3625,1.8625,8.8875,1.6375],"rotation":0,"texture":"#0","tintindex":0},"down":{"uv":[9.3625,0.0125,8.8875,0.2375],"rotation":0,"texture":"#0","tintindex":0}}},{"from":[29.714287,-2.844346,10.286912],"to":[30.857143,0.012796879,11.429769],"rotation":{"angle":45.0,"axis":"z","origin":[4.8571424,-16.272917,7.1440544]},"faces":{"east":{"uv":[3.1375,9.3625,3.3625,8.7625],"rotation":0,"texture":"#0","tintindex":0},"south":{"uv":[4.1375,9.3625,4.3625,8.7625],"rotation":0,"texture":"#0","tintindex":0},"north":{"uv":[4.3625,9.3625,4.1375,8.7625],"rotation":0,"texture":"#0","tintindex":0},"west":{"uv":[4.3875,9.3625,4.6125,8.7625],"rotation":0,"texture":"#0","tintindex":0},"up":{"uv":[9.1125,5.3625,8.8875,5.1375],"rotation":0,"texture":"#0","tintindex":0},"down":{"uv":[9.1125,4.8875,8.8875,5.1125],"rotation":0,"texture":"#0","tintindex":0}}},{"from":[3.4285707,15.154211,6.2869115],"to":[6.8571424,16.868498,9.715483],"rotation":{"angle":-22.5,"axis":"x","origin":[4.8571424,13.154211,7.1440544]},"faces":{"east":{"uv":[6.1375,8.2625,6.8875,8.6375],"rotation":0,"texture":"#0","tintindex":0},"south":{"uv":[6.8875,8.2625,7.6375,8.6375],"rotation":0,"texture":"#0","tintindex":0},"north":{"uv":[4.1375,8.2625,4.8875,8.6375],"rotation":0,"texture":"#0","tintindex":0},"west":{"uv":[8.3875,0.3875,9.1375,0.7625],"rotation":0,"texture":"#0","tintindex":0},"up":{"uv":[2.3625,7.8625,1.6375,7.1375],"rotation":0,"texture":"#0","tintindex":0},"down":{"uv":[3.1125,7.1375,2.3875,7.8625],"rotation":0,"texture":"#0","tintindex":0}}},{"from":[1.1428566,6.5762095,5.1422544],"to":[8.571428,12.290496,10.285111],"rotation":{"angle":0.0,"axis":"y","origin":[4.8571424,10.290496,7.713683]},"faces":{"east":{"uv":[1.6375,4.1375,2.7375,5.3625],"rotation":0,"texture":"#0","tintindex":0},"south":{"uv":[1.6375,2.8875,3.2375,4.1125],"rotation":0,"texture":"#0","tintindex":0},"north":{"uv":[0.0125,2.8875,1.6125,4.1125],"rotation":0,"texture":"#0","tintindex":0},"west":{"uv":[4.2625,0.8875,5.3625,2.1125],"rotation":0,"texture":"#0","tintindex":0},"up":{"uv":[4.8625,4.8625,3.2625,3.7625],"rotation":0,"texture":"#0","tintindex":0},"down":{"uv":[1.6125,4.1375,0.0125,5.2375],"rotation":0,"texture":"#0","tintindex":0}}},{"from":[2.8571424,8.861924,4.5708256],"to":[6.285714,11.719067,5.1422544],"rotation":{"angle":-45.0,"axis":"z","origin":[4.5714283,10.290496,4.8565397]},"faces":{"east":{"uv":[4.1375,0.8875,4.2375,1.4875],"rotation":0,"texture":"#0","tintindex":0},"south":{"uv":[7.6375,4.8875,8.3625,5.4875],"rotation":0,"texture":"#0","tintindex":0},"north":{"uv":[4.3875,7.6375,5.1125,8.2375],"rotation":0,"texture":"#0","tintindex":0},"west":{"uv":[5.2625,2.1375,5.3625,2.7375],"rotation":0,"texture":"#0","tintindex":0},"up":{"uv":[4.9875,2.8625,4.2625,2.7625],"rotation":0,"texture":"#0","tintindex":0},"down":{"uv":[7.8625,1.8875,7.1375,1.9875],"rotation":0,"texture":"#0","tintindex":0}}},{"from":[2.8571424,5.142857,5.428571],"to":[6.8571424,7.428571,10.0],"rotation":{"angle":22.5,"axis":"x","origin":[6.5714283,6.285714,8.0]},"faces":{"east":{"uv":[4.3875,7.1375,5.3625,7.6125],"rotation":0,"texture":"#0","tintindex":0},"south":{"uv":[7.0125,7.7625,7.8625,8.2375],"rotation":0,"texture":"#0","tintindex":0},"north":{"uv":[7.6375,3.7625,8.4875,4.2375],"rotation":0,"texture":"#0","tintindex":0},"west":{"uv":[7.3875,0.3875,8.3625,0.8625],"rotation":0,"texture":"#0","tintindex":0},"up":{"uv":[5.6125,7.1125,4.7625,6.1375],"rotation":0,"texture":"#0","tintindex":0},"down":{"uv":[0.8625,6.2625,0.0125,7.2375],"rotation":0,"texture":"#0","tintindex":0}}}],"display":{"head":{"translation":[5.714287,-6.4,0.0],"scale":[4.0,4.0,4.0]}}}