{"textures":{"0":"modelengine:entity/adventurer"},"elements":[{"from":[4.0,7.714286,4.8571424],"to":[8.571428,10.0,10.571428],"rotation":{"angle":0.0,"axis":"y","origin":[6.285714,7.428571,7.714286]},"faces":{"east":{"uv":[7.1375,0.8875,8.3625,1.3625],"rotation":0,"texture":"#0","tintindex":0},"south":{"uv":[7.3875,7.2625,8.3625,7.7375],"rotation":0,"texture":"#0","tintindex":0},"north":{"uv":[7.3875,6.7625,8.3625,7.2375],"rotation":0,"texture":"#0","tintindex":0},"west":{"uv":[7.1375,1.3875,8.3625,1.8625],"rotation":0,"texture":"#0","tintindex":0},"up":{"uv":[4.8625,6.1125,3.8875,4.8875],"rotation":0,"texture":"#0","tintindex":0},"down":{"uv":[5.8625,4.8875,4.8875,6.1125],"rotation":0,"texture":"#0","tintindex":0}}},{"from":[4.5714283,5.428571,5.428571],"to":[8.0,9.428572,10.0],"rotation":{"angle":0.0,"axis":"y","origin":[6.285714,7.428571,7.714286]},"faces":{"east":{"uv":[6.0125,3.7625,6.9875,4.6125],"rotation":0,"texture":"#0","tintindex":0},"south":{"uv":[6.6375,0.0125,7.3625,0.8625],"rotation":0,"texture":"#0","tintindex":0},"north":{"uv":[3.3875,0.8875,4.1125,1.7375],"rotation":0,"texture":"#0","tintindex":0},"west":{"uv":[3.7625,6.1375,4.7375,6.9875],"rotation":0,"texture":"#0","tintindex":0},"up":{"uv":[7.2375,3.2375,6.5125,2.2625],"rotation":0,"texture":"#0","tintindex":0},"down":{"uv":[7.6125,4.8875,6.8875,5.8625],"rotation":0,"texture":"#0","tintindex":0}}},{"from":[5.142857,2.5714283,6.0],"to":[8.0,5.428571,9.428572],"rotation":{"angle":0.0,"axis":"y","origin":[6.285714,3.4285712,7.714286]},"faces":{"east":{"uv":[2.0125,5.3875,2.7375,5.9875],"rotation":0,"texture":"#0","tintindex":0},"south":{"uv":[8.2625,3.0125,8.8625,3.6125],"rotation":0,"texture":"#0","tintindex":0},"north":{"uv":[2.7625,8.1375,3.3625,8.7375],"rotation":0,"texture":"#0","tintindex":0},"west":{"uv":[0.5125,7.5125,1.2375,8.1125],"rotation":0,"texture":"#0","tintindex":0},"up":{"uv":[6.9875,8.2375,6.3875,7.5125],"rotation":0,"texture":"#0","tintindex":0},"down":{"uv":[8.2375,3.0125,7.6375,3.7375],"rotation":0,"texture":"#0","tintindex":0}}}],"display":{"head":{"translation":[0.0,-6.4,0.0],"scale":[4.0,4.0,4.0]}}}