{"textures":{"0":"modelengine:entity/adventurer"},"elements":[{"from":[6.285714,2.8571424,4.285714],"to":[9.714286,8.0,8.285714],"rotation":{"angle":0.0,"axis":"y","origin":[8.0,4.8571424,6.0]},"faces":{"east":{"uv":[3.7375,6.0125,2.8875,7.1125],"rotation":0,"texture":"#0","tintindex":0},"south":{"uv":[7.1125,0.8875,6.3875,1.9875],"rotation":0,"texture":"#0","tintindex":0},"north":{"uv":[1.6125,6.3875,0.8875,7.4875],"rotation":0,"texture":"#0","tintindex":0},"west":{"uv":[2.8625,6.0125,2.0125,7.1125],"rotation":0,"texture":"#0","tintindex":0},"up":{"uv":[5.6375,7.7375,6.3625,6.8875],"rotation":0,"texture":"#0","tintindex":0},"down":{"uv":[6.8875,5.8875,7.6125,6.7375],"rotation":0,"texture":"#0","tintindex":0}}},{"from":[7.428571,1.1428566,4.285714],"to":[9.714286,2.8571424,8.285714],"rotation":{"angle":0.0,"axis":"y","origin":[8.0,0.85714245,6.0]},"faces":{"east":{"uv":[9.2375,1.2625,8.3875,1.6125],"rotation":0,"texture":"#0","tintindex":0},"south":{"uv":[8.3625,8.6375,7.8875,8.9875],"rotation":0,"texture":"#0","tintindex":0},"north":{"uv":[8.8625,1.6375,8.3875,1.9875],"rotation":0,"texture":"#0","tintindex":0},"west":{"uv":[9.2375,0.8875,8.3875,1.2375],"rotation":0,"texture":"#0","tintindex":0},"up":{"uv":[5.1375,8.4875,5.6125,7.6375],"rotation":0,"texture":"#0","tintindex":0},"down":{"uv":[7.6375,5.5125,8.1125,6.3625],"rotation":0,"texture":"#0","tintindex":0}}},{"from":[6.285714,1.7142854,4.285714],"to":[7.428571,2.8571424,6.5714283],"rotation":{"angle":0.0,"axis":"y","origin":[6.857143,0.85714245,6.0]},"faces":{"east":{"uv":[9.2375,8.1375,8.7625,8.3625],"rotation":0,"texture":"#0","tintindex":0},"south":{"uv":[4.1125,8.8875,3.8875,9.1125],"rotation":0,"texture":"#0","tintindex":0},"north":{"uv":[5.1125,8.2625,4.8875,8.4875],"rotation":0,"texture":"#0","tintindex":0},"west":{"uv":[9.2375,7.8875,8.7625,8.1125],"rotation":0,"texture":"#0","tintindex":0},"up":{"uv":[5.3875,7.6125,5.6125,7.1375],"rotation":0,"texture":"#0","tintindex":0},"down":{"uv":[6.1375,7.7625,6.3625,8.2375],"rotation":0,"texture":"#0","tintindex":0}}}],"display":{"head":{"translation":[0.0,-6.4,0.0],"scale":[4.0,4.0,4.0]}}}