{"textures":{"0":"modelengine:entity/adventurer"},"elements":[{"from":[7.428571,7.714286,4.8571424],"to":[12.0,10.0,10.571428],"rotation":{"angle":0.0,"axis":"y","origin":[9.714286,7.428571,7.714286]},"faces":{"east":{"uv":[8.3625,1.3875,7.1375,1.8625],"rotation":0,"texture":"#0","tintindex":0},"south":{"uv":[8.3625,7.2625,7.3875,7.7375],"rotation":0,"texture":"#0","tintindex":0},"north":{"uv":[8.3625,6.7625,7.3875,7.2375],"rotation":0,"texture":"#0","tintindex":0},"west":{"uv":[8.3625,0.8875,7.1375,1.3625],"rotation":0,"texture":"#0","tintindex":0},"up":{"uv":[3.8875,6.1125,4.8625,4.8875],"rotation":0,"texture":"#0","tintindex":0},"down":{"uv":[4.8875,4.8875,5.8625,6.1125],"rotation":0,"texture":"#0","tintindex":0}}},{"from":[8.0,5.428571,5.428571],"to":[11.428572,9.428572,10.0],"rotation":{"angle":0.0,"axis":"y","origin":[9.714286,7.428571,7.714286]},"faces":{"east":{"uv":[4.7375,6.1375,3.7625,6.9875],"rotation":0,"texture":"#0","tintindex":0},"south":{"uv":[7.3625,0.0125,6.6375,0.8625],"rotation":0,"texture":"#0","tintindex":0},"north":{"uv":[4.1125,0.8875,3.3875,1.7375],"rotation":0,"texture":"#0","tintindex":0},"west":{"uv":[6.9875,3.7625,6.0125,4.6125],"rotation":0,"texture":"#0","tintindex":0},"up":{"uv":[6.5125,3.2375,7.2375,2.2625],"rotation":0,"texture":"#0","tintindex":0},"down":{"uv":[6.8875,4.8875,7.6125,5.8625],"rotation":0,"texture":"#0","tintindex":0}}},{"from":[8.0,2.5714283,6.0],"to":[10.857143,5.428571,9.428572],"rotation":{"angle":0.0,"axis":"y","origin":[9.714286,3.4285712,7.714286]},"faces":{"east":{"uv":[1.2375,7.5125,0.5125,8.1125],"rotation":0,"texture":"#0","tintindex":0},"south":{"uv":[8.8625,3.0125,8.2625,3.6125],"rotation":0,"texture":"#0","tintindex":0},"north":{"uv":[3.3625,8.1375,2.7625,8.7375],"rotation":0,"texture":"#0","tintindex":0},"west":{"uv":[2.7375,5.3875,2.0125,5.9875],"rotation":0,"texture":"#0","tintindex":0},"up":{"uv":[6.3875,8.2375,6.9875,7.5125],"rotation":0,"texture":"#0","tintindex":0},"down":{"uv":[7.6375,3.0125,8.2375,3.7375],"rotation":0,"texture":"#0","tintindex":0}}}],"display":{"head":{"translation":[0.0,-6.4,0.0],"scale":[4.0,4.0,4.0]}}}