{"textures":{"0":"modelengine:entity/dungeon_cage"},"elements":[{"from":[6.857143,-2.8571434,6.285714],"to":[9.714286,-1.1428576,9.714286],"rotation":{"angle":0.0,"axis":"y","origin":[5.714286,-9.1428585,0.5714283]},"faces":{"east":{"uv":[7.0,3.0,7.75,3.375],"rotation":0,"texture":"#0","tintindex":0},"south":{"uv":[6.0,7.5,6.625,7.875],"rotation":0,"texture":"#0","tintindex":0},"north":{"uv":[7.375,5.5,8.0,5.875],"rotation":0,"texture":"#0","tintindex":0},"west":{"uv":[7.0,3.375,7.75,3.75],"rotation":0,"texture":"#0","tintindex":0},"up":{"uv":[6.625,7.5,6.0,6.75],"rotation":0,"texture":"#0","tintindex":0},"down":{"uv":[7.25,6.75,6.625,7.5],"rotation":0,"texture":"#0","tintindex":0}}},{"from":[3.4285712,-10.285715,3.4285712],"to":[12.571428,-9.714287,12.571428],"rotation":{"angle":0.0,"axis":"y","origin":[8.0,-10.285715,8.0]},"faces":{"east":{"uv":[7.0,6.125,9.0,6.25],"rotation":0,"texture":"#0","tintindex":0},"south":{"uv":[7.0,6.25,9.0,6.375],"rotation":0,"texture":"#0","tintindex":0},"north":{"uv":[7.0,6.0,9.0,6.125],"rotation":0,"texture":"#0","tintindex":0},"west":{"uv":[7.0,6.375,9.0,6.5],"rotation":0,"texture":"#0","tintindex":0},"up":{"uv":[6.0,2.0,4.0,0.0],"rotation":0,"texture":"#0","tintindex":0},"down":{"uv":[6.0,2.0,4.0,4.0],"rotation":0,"texture":"#0","tintindex":0}}},{"from":[3.4285712,8.0,3.4285712],"to":[12.571428,8.0,12.571428],"rotation":{"angle":0.0,"axis":"y","origin":[8.0,-10.285715,8.0]},"faces":{"east":{"uv":[2.0,0.0,4.0,3.875],"rotation":0,"texture":"#0","tintindex":0},"south":{"uv":[2.0,0.0,4.0,3.875],"rotation":0,"texture":"#0","tintindex":0},"north":{"uv":[2.0,0.0,4.0,3.875],"rotation":0,"texture":"#0","tintindex":0},"west":{"uv":[2.0,0.0,4.0,3.875],"rotation":0,"texture":"#0","tintindex":0},"up":{"uv":[6.0,6.0,4.0,4.0],"rotation":0,"texture":"#0","tintindex":0},"down":{"uv":[6.0,4.0,4.0,6.0],"rotation":0,"texture":"#0","tintindex":0}}},{"from":[3.4285712,-9.714287,3.4285712],"to":[3.4285712,8.0,12.571428],"rotation":{"angle":0.0,"axis":"y","origin":[8.0,-10.285715,8.0]},"faces":{"east":{"uv":[2.0,0.0,4.0,3.875],"rotation":0,"texture":"#0","tintindex":0},"south":{"uv":[2.0,0.0,4.0,3.875],"rotation":0,"texture":"#0","tintindex":0},"north":{"uv":[2.0,0.0,4.0,3.875],"rotation":0,"texture":"#0","tintindex":0},"west":{"uv":[2.0,0.0,4.0,3.875],"rotation":0,"texture":"#0","tintindex":0},"up":{"uv":[6.0,6.0,4.0,4.0],"rotation":0,"texture":"#0","tintindex":0},"down":{"uv":[8.0,0.0,6.0,2.0],"rotation":0,"texture":"#0","tintindex":0}}},{"from":[3.4285712,-9.714287,12.571428],"to":[12.571428,8.0,12.571428],"rotation":{"angle":0.0,"axis":"y","origin":[8.0,-10.285715,8.0]},"faces":{"east":{"uv":[2.0,0.0,4.0,3.875],"rotation":0,"texture":"#0","tintindex":0},"south":{"uv":[2.0,0.0,4.0,3.875],"rotation":0,"texture":"#0","tintindex":0},"north":{"uv":[2.0,0.0,4.0,3.875],"rotation":0,"texture":"#0","tintindex":0},"west":{"uv":[2.0,0.0,4.0,3.875],"rotation":0,"texture":"#0","tintindex":0},"up":{"uv":[6.0,6.0,4.0,4.0],"rotation":0,"texture":"#0","tintindex":0},"down":{"uv":[8.0,0.0,6.0,2.0],"rotation":0,"texture":"#0","tintindex":0}}},{"from":[3.4285712,-9.714287,3.4285712],"to":[12.571428,8.0,3.4285712],"rotation":{"angle":0.0,"axis":"y","origin":[8.0,-10.285715,8.0]},"faces":{"east":{"uv":[2.0,0.0,4.0,3.875],"rotation":0,"texture":"#0","tintindex":0},"south":{"uv":[2.0,0.0,4.0,3.875],"rotation":0,"texture":"#0","tintindex":0},"north":{"uv":[2.0,0.0,4.0,3.875],"rotation":0,"texture":"#0","tintindex":0},"west":{"uv":[2.0,0.0,4.0,3.875],"rotation":0,"texture":"#0","tintindex":0},"up":{"uv":[6.0,6.0,4.0,4.0],"rotation":0,"texture":"#0","tintindex":0},"down":{"uv":[8.0,0.0,6.0,2.0],"rotation":0,"texture":"#0","tintindex":0}}},{"from":[12.571428,-9.714287,3.4285712],"to":[12.571428,8.0,12.571428],"rotation":{"angle":0.0,"axis":"y","origin":[8.0,-10.285715,8.0]},"faces":{"east":{"uv":[2.0,0.0,4.0,3.875],"rotation":0,"texture":"#0","tintindex":0},"south":{"uv":[2.0,0.0,4.0,3.875],"rotation":0,"texture":"#0","tintindex":0},"north":{"uv":[2.0,0.0,4.0,3.875],"rotation":0,"texture":"#0","tintindex":0},"west":{"uv":[2.0,0.0,4.0,3.875],"rotation":0,"texture":"#0","tintindex":0},"up":{"uv":[6.0,6.0,4.0,4.0],"rotation":0,"texture":"#0","tintindex":0},"down":{"uv":[8.0,0.0,6.0,2.0],"rotation":0,"texture":"#0","tintindex":0}}},{"from":[8.0,8.0,6.285714],"to":[8.0,10.285714,9.714286],"rotation":{"angle":0.0,"axis":"y","origin":[8.0,-10.285715,8.0]},"faces":{"east":{"uv":[7.0,2.0,7.75,2.5],"rotation":0,"texture":"#0","tintindex":0},"south":{"uv":[0.0,0.0,0.0,0.5],"rotation":0,"texture":"#0","tintindex":0},"north":{"uv":[0.0,0.0,0.0,0.5],"rotation":0,"texture":"#0","tintindex":0},"west":{"uv":[7.0,2.0,7.75,2.5],"rotation":0,"texture":"#0","tintindex":0},"up":{"uv":[0.0,0.75,0.0,0.0],"rotation":0,"texture":"#0","tintindex":0},"down":{"uv":[0.0,0.0,0.0,0.75],"rotation":0,"texture":"#0","tintindex":0}}},{"from":[5.142857,-1.1428576,5.714286],"to":[9.714286,1.7142854,10.285714],"rotation":{"angle":0.0,"axis":"y","origin":[5.714286,-9.1428585,0.5714283]},"faces":{"east":{"uv":[5.0,6.0,6.0,6.625],"rotation":0,"texture":"#0","tintindex":0},"south":{"uv":[6.0,5.5,7.0,6.125],"rotation":0,"texture":"#0","tintindex":0},"north":{"uv":[6.0,4.875,7.0,5.5],"rotation":0,"texture":"#0","tintindex":0},"west":{"uv":[6.0,6.125,7.0,6.75],"rotation":0,"texture":"#0","tintindex":0},"up":{"uv":[7.0,3.0,6.0,2.0],"rotation":0,"texture":"#0","tintindex":0},"down":{"uv":[7.0,3.0,6.0,4.0],"rotation":0,"texture":"#0","tintindex":0}}},{"from":[5.142857,-4.000001,7.428571],"to":[6.285714,-1.1428576,8.571428],"rotation":{"angle":0.0,"axis":"y","origin":[5.714286,-9.1428585,0.5714283]},"faces":{"east":{"uv":[7.75,2.5,8.0,3.125],"rotation":0,"texture":"#0","tintindex":0},"south":{"uv":[2.75,7.75,3.0,8.375],"rotation":0,"texture":"#0","tintindex":0},"north":{"uv":[2.5,7.75,2.75,8.375],"rotation":0,"texture":"#0","tintindex":0},"west":{"uv":[3.0,7.75,3.25,8.375],"rotation":0,"texture":"#0","tintindex":0},"up":{"uv":[8.0,4.375,7.75,4.125],"rotation":0,"texture":"#0","tintindex":0},"down":{"uv":[4.875,7.75,4.625,8.0],"rotation":0,"texture":"#0","tintindex":0}}},{"from":[5.714286,-7.4285717,5.714286],"to":[8.0,-3.4285717,10.285714],"rotation":{"angle":22.5,"axis":"z","origin":[6.285714,-5.4285717,8.0]},"faces":{"east":{"uv":[4.0,6.0,5.0,6.875],"rotation":0,"texture":"#0","tintindex":0},"south":{"uv":[4.5,6.875,5.0,7.75],"rotation":0,"texture":"#0","tintindex":0},"north":{"uv":[4.0,6.875,4.5,7.75],"rotation":0,"texture":"#0","tintindex":0},"west":{"uv":[6.0,4.0,7.0,4.875],"rotation":0,"texture":"#0","tintindex":0},"up":{"uv":[5.5,7.625,5.0,6.625],"rotation":0,"texture":"#0","tintindex":0},"down":{"uv":[6.0,6.625,5.5,7.625],"rotation":0,"texture":"#0","tintindex":0}}},{"from":[5.714286,-4.5714293,4.5714283],"to":[10.285714,-3.4285717,5.714286],"rotation":{"angle":22.5,"axis":"y","origin":[8.0,-4.000001,5.142857]},"faces":{"east":{"uv":[7.625,7.75,7.875,8.0],"rotation":0,"texture":"#0","tintindex":0},"south":{"uv":[7.25,6.75,8.25,7.0],"rotation":0,"texture":"#0","tintindex":0},"north":{"uv":[7.0,6.5,8.0,6.75],"rotation":0,"texture":"#0","tintindex":0},"west":{"uv":[4.875,7.875,5.125,8.125],"rotation":0,"texture":"#0","tintindex":0},"up":{"uv":[8.25,7.25,7.25,7.0],"rotation":0,"texture":"#0","tintindex":0},"down":{"uv":[8.25,7.25,7.25,7.5],"rotation":0,"texture":"#0","tintindex":0}}},{"from":[9.142858,-3.285715,3.7142854],"to":[12.571428,-2.1428576,4.8571424],"rotation":{"angle":45.0,"axis":"z","origin":[11.428572,-2.7142859,4.285714]},"faces":{"east":{"uv":[5.125,7.875,5.375,8.125],"rotation":0,"texture":"#0","tintindex":0},"south":{"uv":[7.375,4.75,8.375,5.0],"rotation":0,"texture":"#0","tintindex":0},"north":{"uv":[7.375,4.5,8.375,4.75],"rotation":0,"texture":"#0","tintindex":0},"west":{"uv":[5.375,7.875,5.625,8.125],"rotation":0,"texture":"#0","tintindex":0},"up":{"uv":[8.375,5.25,7.375,5.0],"rotation":0,"texture":"#0","tintindex":0},"down":{"uv":[8.375,5.25,7.375,5.5],"rotation":0,"texture":"#0","tintindex":0}}},{"from":[11.428572,-2.1428576,2.8571424],"to":[13.142858,0.1428566,4.5714283],"rotation":{"angle":22.5,"axis":"y","origin":[12.285715,-1.0,3.7142854]},"faces":{"east":{"uv":[1.75,7.75,2.125,8.25],"rotation":0,"texture":"#0","tintindex":0},"south":{"uv":[7.75,2.0,8.125,2.5],"rotation":0,"texture":"#0","tintindex":0},"north":{"uv":[1.375,7.75,1.75,8.25],"rotation":0,"texture":"#0","tintindex":0},"west":{"uv":[2.125,7.75,2.5,8.25],"rotation":0,"texture":"#0","tintindex":0},"up":{"uv":[8.125,3.875,7.75,3.5],"rotation":0,"texture":"#0","tintindex":0},"down":{"uv":[4.0,7.75,3.625,8.125],"rotation":0,"texture":"#0","tintindex":0}}},{"from":[5.714286,-4.5714293,10.285714],"to":[10.285714,-3.4285717,11.428572],"rotation":{"angle":-22.5,"axis":"y","origin":[8.0,-4.000001,10.857143]},"faces":{"east":{"uv":[7.875,7.75,7.625,8.0],"rotation":0,"texture":"#0","tintindex":0},"south":{"uv":[8.0,6.5,7.0,6.75],"rotation":0,"texture":"#0","tintindex":0},"north":{"uv":[8.25,6.75,7.25,7.0],"rotation":0,"texture":"#0","tintindex":0},"west":{"uv":[5.125,7.875,4.875,8.125],"rotation":0,"texture":"#0","tintindex":0},"up":{"uv":[8.25,7.0,7.25,7.25],"rotation":0,"texture":"#0","tintindex":0},"down":{"uv":[8.25,7.5,7.25,7.25],"rotation":0,"texture":"#0","tintindex":0}}},{"from":[11.428572,-2.1428576,11.428572],"to":[13.142858,0.1428566,13.142858],"rotation":{"angle":-22.5,"axis":"y","origin":[12.285715,-1.0,12.285715]},"faces":{"east":{"uv":[2.125,7.75,1.75,8.25],"rotation":0,"texture":"#0","tintindex":0},"south":{"uv":[1.75,7.75,1.375,8.25],"rotation":0,"texture":"#0","tintindex":0},"north":{"uv":[8.125,2.0,7.75,2.5],"rotation":0,"texture":"#0","tintindex":0},"west":{"uv":[2.5,7.75,2.125,8.25],"rotation":0,"texture":"#0","tintindex":0},"up":{"uv":[8.125,3.5,7.75,3.875],"rotation":0,"texture":"#0","tintindex":0},"down":{"uv":[4.0,8.125,3.625,7.75],"rotation":0,"texture":"#0","tintindex":0}}},{"from":[9.142858,-3.285715,11.142858],"to":[12.571428,-2.1428576,12.285715],"rotation":{"angle":45.0,"axis":"z","origin":[11.428572,-2.7142859,11.714286]},"faces":{"east":{"uv":[5.375,7.875,5.125,8.125],"rotation":0,"texture":"#0","tintindex":0},"south":{"uv":[8.375,4.5,7.375,4.75],"rotation":0,"texture":"#0","tintindex":0},"north":{"uv":[8.375,4.75,7.375,5.0],"rotation":0,"texture":"#0","tintindex":0},"west":{"uv":[5.625,7.875,5.375,8.125],"rotation":0,"texture":"#0","tintindex":0},"up":{"uv":[8.375,5.0,7.375,5.25],"rotation":0,"texture":"#0","tintindex":0},"down":{"uv":[8.375,5.5,7.375,5.25],"rotation":0,"texture":"#0","tintindex":0}}},{"from":[5.714286,-8.57143,7.428571],"to":[6.285714,-7.4285717,8.571428],"rotation":{"angle":22.5,"axis":"z","origin":[6.285714,-5.4285717,8.0]},"faces":{"east":{"uv":[6.625,7.75,6.875,8.0],"rotation":0,"texture":"#0","tintindex":0},"south":{"uv":[5.75,7.875,5.875,8.125],"rotation":0,"texture":"#0","tintindex":0},"north":{"uv":[5.625,7.875,5.75,8.125],"rotation":0,"texture":"#0","tintindex":0},"west":{"uv":[6.875,7.75,7.125,8.0],"rotation":0,"texture":"#0","tintindex":0},"up":{"uv":[6.125,8.125,6.0,7.875],"rotation":0,"texture":"#0","tintindex":0},"down":{"uv":[6.25,7.875,6.125,8.125],"rotation":0,"texture":"#0","tintindex":0}}},{"from":[5.714286,-10.285715,6.285714],"to":[7.428571,-8.57143,9.714286],"rotation":{"angle":22.5,"axis":"z","origin":[6.285714,-5.4285717,8.0]},"faces":{"east":{"uv":[7.0,3.75,7.75,4.125],"rotation":0,"texture":"#0","tintindex":0},"south":{"uv":[3.25,7.75,3.625,8.125],"rotation":0,"texture":"#0","tintindex":0},"north":{"uv":[7.75,3.125,8.125,3.5],"rotation":0,"texture":"#0","tintindex":0},"west":{"uv":[7.0,4.125,7.75,4.5],"rotation":0,"texture":"#0","tintindex":0},"up":{"uv":[7.375,5.25,7.0,4.5],"rotation":0,"texture":"#0","tintindex":0},"down":{"uv":[7.375,5.25,7.0,6.0],"rotation":0,"texture":"#0","tintindex":0}}},{"from":[9.142858,-9.714287,5.142857],"to":[13.142858,-8.57143,6.285714],"rotation":{"angle":22.5,"axis":"y","origin":[9.428572,-9.1428585,5.714286]},"faces":{"east":{"uv":[7.125,7.75,7.375,8.0],"rotation":0,"texture":"#0","tintindex":0},"south":{"uv":[7.5,7.5,8.375,7.75],"rotation":0,"texture":"#0","tintindex":0},"north":{"uv":[6.625,7.5,7.5,7.75],"rotation":0,"texture":"#0","tintindex":0},"west":{"uv":[7.375,7.75,7.625,8.0],"rotation":0,"texture":"#0","tintindex":0},"up":{"uv":[5.875,7.875,5.0,7.625],"rotation":0,"texture":"#0","tintindex":0},"down":{"uv":[0.875,7.75,0.0,8.0],"rotation":0,"texture":"#0","tintindex":0}}},{"from":[12.571428,-13.1428585,5.142857],"to":[13.142858,-9.714287,6.285714],"rotation":{"angle":22.5,"axis":"y","origin":[9.428572,-9.1428585,5.714286]},"faces":{"east":{"uv":[0.875,7.75,1.125,8.5],"rotation":0,"texture":"#0","tintindex":0},"south":{"uv":[4.5,7.75,4.625,8.5],"rotation":0,"texture":"#0","tintindex":0},"north":{"uv":[5.875,7.625,6.0,8.375],"rotation":0,"texture":"#0","tintindex":0},"west":{"uv":[1.125,7.75,1.375,8.5],"rotation":0,"texture":"#0","tintindex":0},"up":{"uv":[6.375,8.125,6.25,7.875],"rotation":0,"texture":"#0","tintindex":0},"down":{"uv":[6.5,7.875,6.375,8.125],"rotation":0,"texture":"#0","tintindex":0}}},{"from":[12.571428,-13.714287,3.5714283],"to":[14.857143,-13.1428585,4.714286],"rotation":{"angle":-22.5,"axis":"z","origin":[12.571428,-13.428572,4.5714283]},"faces":{"east":{"uv":[7.875,5.875,8.125,6.0],"rotation":0,"texture":"#0","tintindex":0},"south":{"uv":[7.75,4.375,8.25,4.5],"rotation":0,"texture":"#0","tintindex":0},"north":{"uv":[7.375,5.875,7.875,6.0],"rotation":0,"texture":"#0","tintindex":0},"west":{"uv":[7.875,7.75,8.125,7.875],"rotation":0,"texture":"#0","tintindex":0},"up":{"uv":[8.25,4.125,7.75,3.875],"rotation":0,"texture":"#0","tintindex":0},"down":{"uv":[4.5,7.75,4.0,8.0],"rotation":0,"texture":"#0","tintindex":0}}},{"from":[9.142858,-9.714287,9.714286],"to":[13.142858,-8.57143,10.857143],"rotation":{"angle":-22.5,"axis":"y","origin":[9.428572,-9.1428585,10.285714]},"faces":{"east":{"uv":[7.375,7.75,7.125,8.0],"rotation":0,"texture":"#0","tintindex":0},"south":{"uv":[7.5,7.5,6.625,7.75],"rotation":0,"texture":"#0","tintindex":0},"north":{"uv":[8.375,7.5,7.5,7.75],"rotation":0,"texture":"#0","tintindex":0},"west":{"uv":[7.625,7.75,7.375,8.0],"rotation":0,"texture":"#0","tintindex":0},"up":{"uv":[5.875,7.625,5.0,7.875],"rotation":0,"texture":"#0","tintindex":0},"down":{"uv":[0.875,8.0,0.0,7.75],"rotation":0,"texture":"#0","tintindex":0}}},{"from":[12.571428,-13.1428585,9.714286],"to":[13.142858,-9.714287,10.857143],"rotation":{"angle":-22.5,"axis":"y","origin":[9.428572,-9.1428585,10.285714]},"faces":{"east":{"uv":[1.125,7.75,0.875,8.5],"rotation":0,"texture":"#0","tintindex":0},"south":{"uv":[6.0,7.625,5.875,8.375],"rotation":0,"texture":"#0","tintindex":0},"north":{"uv":[4.625,7.75,4.5,8.5],"rotation":0,"texture":"#0","tintindex":0},"west":{"uv":[1.375,7.75,1.125,8.5],"rotation":0,"texture":"#0","tintindex":0},"up":{"uv":[6.375,7.875,6.25,8.125],"rotation":0,"texture":"#0","tintindex":0},"down":{"uv":[6.5,8.125,6.375,7.875],"rotation":0,"texture":"#0","tintindex":0}}},{"from":[12.571428,-13.714287,11.285714],"to":[14.857143,-13.1428585,12.428572],"rotation":{"angle":-22.5,"axis":"z","origin":[12.571428,-13.428572,11.428572]},"faces":{"east":{"uv":[8.125,5.875,7.875,6.0],"rotation":0,"texture":"#0","tintindex":0},"south":{"uv":[7.875,5.875,7.375,6.0],"rotation":0,"texture":"#0","tintindex":0},"north":{"uv":[8.25,4.375,7.75,4.5],"rotation":0,"texture":"#0","tintindex":0},"west":{"uv":[8.125,7.75,7.875,7.875],"rotation":0,"texture":"#0","tintindex":0},"up":{"uv":[8.25,3.875,7.75,4.125],"rotation":0,"texture":"#0","tintindex":0},"down":{"uv":[4.5,8.0,4.0,7.75],"rotation":0,"texture":"#0","tintindex":0}}}],"display":{"head":{"translation":[0.0,-6.4,0.0],"scale":[4.0,4.0,4.0]}}}