{"textures":{"0":"modelengine:entity/shieldbreak"},"elements":[{"from":[6.9103885,6.665297,7.857143],"to":[8.73896,10.093868,8.142858],"rotation":{"angle":0.0,"axis":"y","origin":[5.881817,-5.3347034,7.714286]},"faces":{"east":{"uv":[0.5,8.5,1.0,11.5],"rotation":0,"texture":"#0","tintindex":0},"south":{"uv":[2.0,4.5,3.5,7.5],"rotation":0,"texture":"#0","tintindex":0},"north":{"uv":[4.0,0.0,5.5,3.0],"rotation":0,"texture":"#0","tintindex":0},"west":{"uv":[1.0,8.5,1.5,11.5],"rotation":0,"texture":"#0","tintindex":0},"up":{"uv":[12.0,6.0,10.5,5.5],"rotation":0,"texture":"#0","tintindex":0},"down":{"uv":[12.0,9.0,10.5,9.5],"rotation":0,"texture":"#0","tintindex":0}}},{"from":[6.0246744,5.4081545,7.857143],"to":[8.310389,8.379582,8.142858],"rotation":{"angle":-22.5,"axis":"z","origin":[7.4532456,6.379583,8.0]},"faces":{"east":{"uv":[6.0,9.0,6.5,11.5],"rotation":0,"texture":"#0","tintindex":0},"south":{"uv":[2.0,2.0,4.0,4.5],"rotation":0,"texture":"#0","tintindex":0},"north":{"uv":[0.0,0.0,2.0,2.5],"rotation":0,"texture":"#0","tintindex":0},"west":{"uv":[9.0,9.0,9.5,11.5],"rotation":0,"texture":"#0","tintindex":0},"up":{"uv":[11.5,6.5,9.5,6.0],"rotation":0,"texture":"#0","tintindex":0},"down":{"uv":[11.5,6.5,9.5,7.0],"rotation":0,"texture":"#0","tintindex":0}}},{"from":[7.7782516,5.0716457,7.714286],"to":[8.34968,7.35736,8.285714],"rotation":{"angle":-22.5,"axis":"z","origin":[7.7782516,5.0716457,8.857143]},"faces":{"east":{"uv":[9.0,0.5,9.5,2.5],"rotation":0,"texture":"#0","tintindex":0},"south":{"uv":[9.5,7.5,10.0,9.5],"rotation":0,"texture":"#0","tintindex":0},"north":{"uv":[3.5,4.5,4.0,6.5],"rotation":0,"texture":"#0","tintindex":0},"west":{"uv":[10.0,4.0,10.5,6.0],"rotation":0,"texture":"#0","tintindex":0},"up":{"uv":[11.5,11.5,11.0,11.0],"rotation":0,"texture":"#0","tintindex":0},"down":{"uv":[11.5,0.0,11.0,0.5],"rotation":0,"texture":"#0","tintindex":0}}},{"from":[8.609457,6.964697,7.714286],"to":[9.180885,9.827555,8.285714],"rotation":{"angle":0.0,"axis":"y","origin":[5.881817,-5.3347034,7.714286]},"faces":{"east":{"uv":[6.5,8.5,7.0,11.0],"rotation":0,"texture":"#0","tintindex":0},"south":{"uv":[7.0,8.5,7.5,11.0],"rotation":0,"texture":"#0","tintindex":0},"north":{"uv":[4.5,8.5,5.0,11.0],"rotation":0,"texture":"#0","tintindex":0},"west":{"uv":[7.5,8.5,8.0,11.0],"rotation":0,"texture":"#0","tintindex":0},"up":{"uv":[11.5,3.5,11.0,3.0],"rotation":0,"texture":"#0","tintindex":0},"down":{"uv":[11.5,3.5,11.0,4.0],"rotation":0,"texture":"#0","tintindex":0}}},{"from":[6.9172344,9.830206,7.714286],"to":[9.180092,10.401634,8.285714],"rotation":{"angle":0.0,"axis":"y","origin":[5.881817,-5.3347034,7.714286]},"faces":{"east":{"uv":[11.0,7.0,11.5,7.5],"rotation":0,"texture":"#0","tintindex":0},"south":{"uv":[8.0,4.0,10.0,4.5],"rotation":0,"texture":"#0","tintindex":0},"north":{"uv":[2.0,1.5,4.0,2.0],"rotation":0,"texture":"#0","tintindex":0},"west":{"uv":[11.0,7.5,11.5,8.0],"rotation":0,"texture":"#0","tintindex":0},"up":{"uv":[10.0,5.0,8.0,4.5],"rotation":0,"texture":"#0","tintindex":0},"down":{"uv":[10.0,5.0,8.0,5.5],"rotation":0,"texture":"#0","tintindex":0}}}],"display":{"head":{"translation":[0.0,-6.4,0.0],"scale":[4.0,4.0,4.0]}}}