{"credit":"Made with Blockbench","texture_size":[64,64],"textures":{"0":"spirit_pack:spirit_pack/spear_spirit","particle":"spirit_pack:spirit_pack/spear_spirit"},"elements":[{"from":[7.25,-14.28591,8.76777],"to":[8.75,7.71409,10.26777],"rotation":{"angle":0,"axis":"y","origin":[8,8,8]},"faces":{"north":{"uv":[4,0,4.375,5.5],"texture":"#0"},"east":{"uv":[0.5,4,0.875,9.5],"texture":"#0"},"south":{"uv":[1,4,1.375,9.5],"texture":"#0"},"west":{"uv":[0,4,0.375,9.5],"texture":"#0"},"up":{"uv":[8.625,3.625,8.25,3.25],"rotation":270,"texture":"#0"},"down":{"uv":[8.875,0.5,8.5,0.875],"rotation":90,"texture":"#0"}}},{"from":[7.775,24.34486,9.4996],"to":[8.225,29.34486,10.4996],"rotation":{"angle":0,"axis":"y","origin":[8,8,8]},"faces":{"north":{"uv":[6.5,1,6.75,2.25],"texture":"#0"},"east":{"uv":[1.5,6.5,1.75,7.75],"texture":"#0"},"south":{"uv":[1.75,6.5,2,7.75],"texture":"#0"},"west":{"uv":[6.25,5.25,6.5,6.5],"texture":"#0"},"up":{"uv":[6.5,2.75,6.25,2.5],"rotation":270,"texture":"#0"},"down":{"uv":[7.25,6.25,7,6.5],"rotation":90,"texture":"#0"}}},{"from":[7.75,29.34486,9.9996],"to":[8.25,30.59486,10.4996],"rotation":{"angle":0,"axis":"y","origin":[8,8,8]},"faces":{"north":{"uv":[5.75,9,6,9.375],"texture":"#0"},"east":{"uv":[0.25,9.5,0.375,9.875],"texture":"#0"},"south":{"uv":[6,9,6.25,9.375],"texture":"#0"},"west":{"uv":[9.5,0,9.625,0.375],"texture":"#0"},"up":{"uv":[9.625,3.25,9.5,3],"rotation":270,"texture":"#0"},"down":{"uv":[9.625,3.25,9.5,3.5],"rotation":90,"texture":"#0"}}},{"from":[7.75,30.59486,10.2496],"to":[8.25,31.26986,10.4996],"rotation":{"angle":0,"axis":"y","origin":[8,8,8]},"faces":{"north":{"uv":[3.5,9.5,3.75,9.625],"texture":"#0"},"east":{"uv":[9.5,6.75,9.625,6.875],"texture":"#0"},"south":{"uv":[9.5,3.5,9.75,3.625],"texture":"#0"},"west":{"uv":[6.75,9.5,6.875,9.625],"texture":"#0"},"up":{"uv":[3.875,9.75,3.75,9.5],"rotation":270,"texture":"#0"},"down":{"uv":[9.625,3.75,9.5,4],"rotation":90,"texture":"#0"}}},{"from":[7,12.46165,17.7895],"to":[9,14.46165,18.7895],"rotation":{"angle":-45,"axis":"x","origin":[8,8,8]},"faces":{"north":{"uv":[6.75,2.75,7.25,3.25],"texture":"#0"},"east":{"uv":[8.5,2.25,8.75,2.75],"texture":"#0"},"south":{"uv":[6.75,3.25,7.25,3.75],"texture":"#0"},"west":{"uv":[7.5,5,7.75,5.5],"texture":"#0"},"up":{"uv":[2.75,9,2.5,8.5],"rotation":270,"texture":"#0"},"down":{"uv":[3,8.5,2.75,9],"rotation":90,"texture":"#0"}}},{"from":[7.025,17.1756,7.00694],"to":[8.975,19.6756,8.00694],"rotation":{"angle":22.5,"axis":"x","origin":[8,8,8]},"faces":{"north":{"uv":[2,6.5,2.5,7.125],"texture":"#0"},"east":{"uv":[6.25,8,6.5,8.625],"texture":"#0"},"south":{"uv":[6.5,3.75,7,4.375],"texture":"#0"},"west":{"uv":[4.5,8,4.75,8.625],"texture":"#0"},"up":{"uv":[8.75,3.25,8.5,2.75],"rotation":270,"texture":"#0"},"down":{"uv":[3.25,8.5,3,9],"rotation":90,"texture":"#0"}}},{"from":[6.975,15.4798,2.49506],"to":[9.025,16.4798,4.49506],"rotation":{"angle":45,"axis":"x","origin":[8,8,8]},"faces":{"north":{"uv":[3.75,8.5,4.25,8.75],"texture":"#0"},"east":{"uv":[8.5,3.75,9,4],"texture":"#0"},"south":{"uv":[8.5,4,9,4.25],"texture":"#0"},"west":{"uv":[3.25,8.5,3.75,8.75],"texture":"#0"},"up":{"uv":[6.25,7.25,5.75,6.75],"rotation":270,"texture":"#0"},"down":{"uv":[7.25,6.5,6.75,7],"rotation":90,"texture":"#0"}}},{"from":[7,16.88871,7.10355],"to":[9,17.88871,10.10355],"rotation":{"angle":0,"axis":"z","origin":[8,8,8]},"faces":{"north":{"uv":[8.5,4.25,9,4.5],"texture":"#0"},"east":{"uv":[5.75,7.75,6.5,8],"texture":"#0"},"south":{"uv":[8.5,4.5,9,4.75],"texture":"#0"},"west":{"uv":[7.5,1.5,8.25,1.75],"texture":"#0"},"up":{"uv":[6.75,3.25,6,2.75],"rotation":270,"texture":"#0"},"down":{"uv":[6.75,3.25,6,3.75],"rotation":90,"texture":"#0"}}},{"from":[7.025,14.62627,11.85849],"to":[8.975,15.62627,14.35849],"rotation":{"angle":-45,"axis":"x","origin":[8,8,8]},"faces":{"north":{"uv":[4.75,8.5,5.25,8.75],"texture":"#0"},"east":{"uv":[8.25,0,8.875,0.25],"texture":"#0"},"south":{"uv":[8.5,4.75,9,5],"texture":"#0"},"west":{"uv":[8,6.75,8.625,7],"texture":"#0"},"up":{"uv":[7.125,2.75,6.5,2.25],"rotation":270,"texture":"#0"},"down":{"uv":[7.125,4.5,6.5,5],"rotation":90,"texture":"#0"}}},{"from":[7.025,11.3585,10.09072],"to":[8.975,13.8585,11.09072],"rotation":{"angle":-45,"axis":"x","origin":[8,8,8]},"faces":{"north":{"uv":[6.5,5,7,5.625],"texture":"#0"},"east":{"uv":[7.25,8.25,7.5,8.875],"texture":"#0"},"south":{"uv":[6.5,5.75,7,6.375],"texture":"#0"},"west":{"uv":[8.25,7,8.5,7.625],"texture":"#0"},"up":{"uv":[4.5,9,4.25,8.5],"rotation":270,"texture":"#0"},"down":{"uv":[8.75,5,8.5,5.5],"rotation":90,"texture":"#0"}}},{"from":[7,13.62095,5.33578],"to":[9,16.12095,6.33578],"rotation":{"angle":0,"axis":"z","origin":[8,8,8]},"faces":{"north":{"uv":[6.25,6.5,6.75,7.125],"texture":"#0"},"east":{"uv":[8.25,7.75,8.5,8.375],"texture":"#0"},"south":{"uv":[6.75,0,7.25,0.625],"texture":"#0"},"west":{"uv":[7.5,8.25,7.75,8.875],"texture":"#0"},"up":{"uv":[5.5,9,5.25,8.5],"rotation":270,"texture":"#0"},"down":{"uv":[5.75,8.5,5.5,9],"rotation":90,"texture":"#0"}}},{"from":[7.025,9.59073,11.85849],"to":[8.975,10.59073,13.85849],"rotation":{"angle":-45,"axis":"x","origin":[8,8,8]},"faces":{"north":{"uv":[5.75,8.5,6.25,8.75],"texture":"#0"},"east":{"uv":[8.5,5.75,9,6],"texture":"#0"},"south":{"uv":[8.5,6,9,6.25],"texture":"#0"},"west":{"uv":[8.5,5.5,9,5.75],"texture":"#0"},"up":{"uv":[3,7.5,2.5,7],"rotation":270,"texture":"#0"},"down":{"uv":[7.5,3.75,7,4.25],"rotation":90,"texture":"#0"}}},{"from":[7,6.59073,12.85849],"to":[9,9.59073,13.85849],"rotation":{"angle":-45,"axis":"x","origin":[8,8,8]},"faces":{"north":{"uv":[6,3.75,6.5,4.5],"texture":"#0"},"east":{"uv":[6.5,7.75,6.75,8.5],"texture":"#0"},"south":{"uv":[6,4.5,6.5,5.25],"texture":"#0"},"west":{"uv":[7.75,6.25,8,7],"texture":"#0"},"up":{"uv":[8.75,6.75,8.5,6.25],"rotation":270,"texture":"#0"},"down":{"uv":[6.75,8.5,6.5,9],"rotation":90,"texture":"#0"}}},{"from":[7.1,10.43897,10.93198],"to":[8.9,11.43897,12.43198],"rotation":{"angle":0,"axis":"z","origin":[8,8,8]},"faces":{"north":{"uv":[6.75,8.5,7.25,8.75],"texture":"#0"},"east":{"uv":[9,6,9.375,6.25],"texture":"#0"},"south":{"uv":[8.5,7,9,7.25],"texture":"#0"},"west":{"uv":[9,4.75,9.375,5],"texture":"#0"},"up":{"uv":[8.125,7.5,7.75,7],"rotation":270,"texture":"#0"},"down":{"uv":[7.625,7.75,7.25,8.25],"rotation":90,"texture":"#0"}}},{"from":[7.125,7.35849,11.00493],"to":[8.875,8.35849,12.50493],"rotation":{"angle":-45,"axis":"x","origin":[8,8,8]},"faces":{"north":{"uv":[8.5,7.25,9,7.5],"texture":"#0"},"east":{"uv":[7,9,7.375,9.25],"texture":"#0"},"south":{"uv":[8.5,7.5,9,7.75],"texture":"#0"},"west":{"uv":[6.5,9,6.875,9.25],"texture":"#0"},"up":{"uv":[8.125,8,7.75,7.5],"rotation":270,"texture":"#0"},"down":{"uv":[8.375,0.5,8,1],"rotation":90,"texture":"#0"}}},{"from":[7.1,8.87831,9.87132],"to":[8.9,10.37831,10.87132],"rotation":{"angle":0,"axis":"z","origin":[8,8,8]},"faces":{"north":{"uv":[8,1,8.5,1.375],"texture":"#0"},"east":{"uv":[7.5,9,7.75,9.375],"texture":"#0"},"south":{"uv":[8,1.75,8.5,2.125],"texture":"#0"},"west":{"uv":[9,7,9.25,7.375],"texture":"#0"},"up":{"uv":[8,9,7.75,8.5],"rotation":270,"texture":"#0"},"down":{"uv":[8.75,7.75,8.5,8.25],"rotation":90,"texture":"#0"}}},{"from":[7.125,5.79784,9.94428],"to":[8.875,7.29784,10.94428],"rotation":{"angle":-45,"axis":"x","origin":[8,8,8]},"faces":{"north":{"uv":[8,2.25,8.5,2.625],"texture":"#0"},"east":{"uv":[8,9,8.25,9.375],"texture":"#0"},"south":{"uv":[2.5,8,3,8.375],"texture":"#0"},"west":{"uv":[7.75,9,8,9.375],"texture":"#0"},"up":{"uv":[8.25,9,8,8.5],"rotation":270,"texture":"#0"},"down":{"uv":[8.5,8.5,8.25,9],"rotation":90,"texture":"#0"}}},{"from":[7.1,7.94428,9.20217],"to":[8.9,9.94428,10.20217],"rotation":{"angle":45,"axis":"x","origin":[8,8,8]},"faces":{"north":{"uv":[4.75,7,5.25,7.5],"texture":"#0"},"east":{"uv":[1.5,8.75,1.75,9.25],"texture":"#0"},"south":{"uv":[7,5,7.5,5.5],"texture":"#0"},"west":{"uv":[8.5,8.25,8.75,8.75],"texture":"#0"},"up":{"uv":[2,9.25,1.75,8.75],"rotation":270,"texture":"#0"},"down":{"uv":[2.25,8.75,2,9.25],"rotation":90,"texture":"#0"}}},{"from":[7.1,6.79783,7.94427],"to":[8.9,7.72712,8.92356],"rotation":{"angle":-45,"axis":"x","origin":[8,8,8]},"faces":{"north":{"uv":[8.75,2.25,9.25,2.5],"texture":"#0"},"east":{"uv":[9.25,6.25,9.5,6.5],"texture":"#0"},"south":{"uv":[8.75,2.5,9.25,2.75],"texture":"#0"},"west":{"uv":[7.25,0.5,7.5,0.75],"texture":"#0"},"up":{"uv":[2.5,9.25,2.25,8.75],"rotation":270,"texture":"#0"},"down":{"uv":[9,2.75,8.75,3.25],"rotation":90,"texture":"#0"}}},{"from":[7.125,7.94428,7.27288],"to":[8.875,9.37357,8.27288],"rotation":{"angle":45,"axis":"x","origin":[8,8,8]},"faces":{"north":{"uv":[8,2.75,8.5,3.125],"texture":"#0"},"east":{"uv":[8.5,9,8.75,9.375],"texture":"#0"},"south":{"uv":[3,8,3.5,8.375],"texture":"#0"},"west":{"uv":[8.25,9,8.5,9.375],"texture":"#0"},"up":{"uv":[3.5,9.25,3.25,8.75],"rotation":270,"texture":"#0"},"down":{"uv":[9,3.25,8.75,3.75],"rotation":90,"texture":"#0"}}},{"from":[7.125,9.43423,5.71223],"to":[8.875,10.43423,7.21223],"rotation":{"angle":45,"axis":"x","origin":[8,8,8]},"faces":{"north":{"uv":[3.5,8.75,4,9],"texture":"#0"},"east":{"uv":[8.75,9,9.125,9.25],"texture":"#0"},"south":{"uv":[4.5,8.75,5,9],"texture":"#0"},"west":{"uv":[9,7.5,9.375,7.75],"texture":"#0"},"up":{"uv":[3.875,8.5,3.5,8],"rotation":270,"texture":"#0"},"down":{"uv":[8.375,3.75,8,4.25],"rotation":90,"texture":"#0"}}},{"from":[7.1,10.63186,7.39646],"to":[8.9,12.13186,8.39646],"rotation":{"angle":0,"axis":"z","origin":[8,8,8]},"faces":{"north":{"uv":[8,6.25,8.5,6.625],"texture":"#0"},"east":{"uv":[5,9.25,5.25,9.625],"texture":"#0"},"south":{"uv":[7.75,8,8.25,8.375],"texture":"#0"},"west":{"uv":[4.5,9.25,4.75,9.625],"texture":"#0"},"up":{"uv":[5,9.5,4.75,9],"rotation":270,"texture":"#0"},"down":{"uv":[5.5,9,5.25,9.5],"rotation":90,"texture":"#0"}}},{"from":[7.775,10.33897,6.60356],"to":[8.225,11.33897,8.10356],"rotation":{"angle":0,"axis":"z","origin":[8,8,8]},"faces":{"north":{"uv":[9.25,6.5,9.5,6.75],"texture":"#0"},"east":{"uv":[9.25,0.5,9.625,0.75],"texture":"#0"},"south":{"uv":[6.75,9.25,7,9.5],"texture":"#0"},"west":{"uv":[9,8.75,9.375,9],"texture":"#0"},"up":{"uv":[9.625,1,9.25,0.75],"rotation":270,"texture":"#0"},"down":{"uv":[9.625,1,9.25,1.25],"rotation":90,"texture":"#0"}}},{"from":[7.75,8.66646,1.35867],"to":[8.25,9.66646,5.35867],"rotation":{"angle":45,"axis":"x","origin":[8,8,8]},"faces":{"north":{"uv":[9.25,6.75,9.5,7],"texture":"#0"},"east":{"uv":[7,5.5,8,5.75],"texture":"#0"},"south":{"uv":[7,9.25,7.25,9.5],"texture":"#0"},"west":{"uv":[7,4.25,8,4.5],"texture":"#0"},"up":{"uv":[8,6,7,5.75],"rotation":270,"texture":"#0"},"down":{"uv":[8,6,7,6.25],"rotation":90,"texture":"#0"}}},{"from":[7.775,13.16739,3.77513],"to":[8.225,16.66739,4.77513],"rotation":{"angle":0,"axis":"z","origin":[8,8,8]},"faces":{"north":{"uv":[7,7.5,7.25,8.375],"texture":"#0"},"east":{"uv":[1.5,7.75,1.75,8.625],"texture":"#0"},"south":{"uv":[1.75,7.75,2,8.625],"texture":"#0"},"west":{"uv":[6.75,7.5,7,8.375],"texture":"#0"},"up":{"uv":[9.5,7.25,9.25,7],"rotation":270,"texture":"#0"},"down":{"uv":[7.5,9.25,7.25,9.5],"rotation":90,"texture":"#0"}}},{"from":[7.75,11.14134,-1.1162],"to":[8.25,15.64134,-0.1162],"rotation":{"angle":45,"axis":"x","origin":[8,8,8]},"faces":{"north":{"uv":[3.25,6.75,3.5,7.875],"texture":"#0"},"east":{"uv":[3.5,6.75,3.75,7.875],"texture":"#0"},"south":{"uv":[3.75,6.75,4,7.875],"texture":"#0"},"west":{"uv":[3,6.75,3.25,7.875],"texture":"#0"},"up":{"uv":[9.5,7.5,9.25,7.25],"rotation":270,"texture":"#0"},"down":{"uv":[9.5,7.75,9.25,8],"rotation":90,"texture":"#0"}}},{"from":[7.775,19.14227,6.66422],"to":[8.225,22.64227,7.66422],"rotation":{"angle":0,"axis":"z","origin":[8,8,8]},"faces":{"north":{"uv":[2.25,7.75,2.5,8.625],"texture":"#0"},"east":{"uv":[7.75,2.25,8,3.125],"texture":"#0"},"south":{"uv":[7.75,4.5,8,5.375],"texture":"#0"},"west":{"uv":[2,7.75,2.25,8.625],"texture":"#0"},"up":{"uv":[9.5,8.25,9.25,8],"rotation":270,"texture":"#0"},"down":{"uv":[9.5,8.25,9.25,8.5],"rotation":90,"texture":"#0"}}},{"from":[7.75,21.0165,1.16254],"to":[8.25,28.5165,2.16254],"rotation":{"angle":22.5,"axis":"x","origin":[8,8,8]},"faces":{"north":{"uv":[4.25,5.5,4.5,7.375],"texture":"#0"},"east":{"uv":[5.75,1,6,2.875],"texture":"#0"},"south":{"uv":[5.75,3,6,4.875],"texture":"#0"},"west":{"uv":[4,5.5,4.25,7.375],"texture":"#0"},"up":{"uv":[9.5,8.75,9.25,8.5],"rotation":270,"texture":"#0"},"down":{"uv":[9,9.25,8.75,9.5],"rotation":90,"texture":"#0"}}},{"from":[7.25,20.86693,3.02159],"to":[8.75,26.36693,4.02159],"rotation":{"angle":22.5,"axis":"x","origin":[8,8,8]},"faces":{"north":{"uv":[5.25,1,5.625,2.375],"texture":"#0"},"east":{"uv":[6.25,1,6.5,2.375],"texture":"#0"},"south":{"uv":[5.25,2.5,5.625,3.875],"texture":"#0"},"west":{"uv":[6,5.25,6.25,6.625],"texture":"#0"},"up":{"uv":[9.5,3.125,9.25,2.75],"rotation":270,"texture":"#0"},"down":{"uv":[3.5,9.25,3.25,9.625],"rotation":90,"texture":"#0"}}},{"from":[7.25,26.36693,3.02159],"to":[8.75,27.36693,3.52159],"rotation":{"angle":22.5,"axis":"x","origin":[8,8,8]},"faces":{"north":{"uv":[9.25,1.75,9.625,2],"texture":"#0"},"east":{"uv":[9.5,6,9.625,6.25],"texture":"#0"},"south":{"uv":[9.25,5,9.625,5.25],"texture":"#0"},"west":{"uv":[6,9.5,6.125,9.75],"texture":"#0"},"up":{"uv":[0.625,9.875,0.5,9.5],"rotation":270,"texture":"#0"},"down":{"uv":[0.875,9.5,0.75,9.875],"rotation":90,"texture":"#0"}}},{"from":[7.275,19.49131,10.35315],"to":[8.725,26.49131,11.35315],"rotation":{"angle":0,"axis":"z","origin":[8,8,8]},"faces":{"north":{"uv":[3,5,3.375,6.75],"texture":"#0"},"east":{"uv":[6,1,6.25,2.75],"texture":"#0"},"south":{"uv":[3.5,5,3.875,6.75],"texture":"#0"},"west":{"uv":[5.75,5,6,6.75],"texture":"#0"},"up":{"uv":[4.25,9.625,4,9.25],"rotation":270,"texture":"#0"},"down":{"uv":[4.5,9.25,4.25,9.625],"rotation":90,"texture":"#0"}}},{"from":[7.25,26.49131,10.85315],"to":[8.75,27.84131,11.35315],"rotation":{"angle":0,"axis":"z","origin":[8,8,8]},"faces":{"north":{"uv":[8.5,1,8.875,1.375],"texture":"#0"},"east":{"uv":[9.5,2,9.625,2.375],"texture":"#0"},"south":{"uv":[8.5,1.75,8.875,2.125],"texture":"#0"},"west":{"uv":[9.5,1.25,9.625,1.625],"texture":"#0"},"up":{"uv":[2.625,9.875,2.5,9.5],"rotation":270,"texture":"#0"},"down":{"uv":[9.625,2.5,9.5,2.875],"rotation":90,"texture":"#0"}}},{"from":[7.25,27.36693,3.02159],"to":[8.75,28.26693,3.27159],"rotation":{"angle":22.5,"axis":"x","origin":[8,8,8]},"faces":{"north":{"uv":[9.25,5.25,9.625,5.5],"texture":"#0"},"east":{"uv":[9.5,6.25,9.625,6.5],"texture":"#0"},"south":{"uv":[9.25,5.5,9.625,5.75],"texture":"#0"},"west":{"uv":[6.25,9.5,6.375,9.75],"texture":"#0"},"up":{"uv":[1.125,9.875,1,9.5],"rotation":270,"texture":"#0"},"down":{"uv":[1.375,9.5,1.25,9.875],"rotation":90,"texture":"#0"}}},{"from":[7.25,27.74131,11.10315],"to":[8.75,28.49131,11.35315],"rotation":{"angle":0,"axis":"z","origin":[8,8,8]},"faces":{"north":{"uv":[9.25,5.75,9.625,6],"texture":"#0"},"east":{"uv":[9.5,6.5,9.625,6.75],"texture":"#0"},"south":{"uv":[6.25,9.25,6.625,9.5],"texture":"#0"},"west":{"uv":[6.5,9.5,6.625,9.75],"texture":"#0"},"up":{"uv":[2.875,9.875,2.75,9.5],"rotation":270,"texture":"#0"},"down":{"uv":[3.125,9.5,3,9.875],"rotation":90,"texture":"#0"}}},{"from":[7.25,17.79265,8.32451],"to":[8.75,21.79265,9.32451],"rotation":{"angle":0,"axis":"z","origin":[8,8,8]},"faces":{"north":{"uv":[4.75,6,5.125,7],"texture":"#0"},"east":{"uv":[5,7.5,5.25,8.5],"texture":"#0"},"south":{"uv":[5.25,6,5.625,7],"texture":"#0"},"west":{"uv":[4.75,7.5,5,8.5],"texture":"#0"},"up":{"uv":[9.5,3.625,9.25,3.25],"rotation":270,"texture":"#0"},"down":{"uv":[9.5,3.75,9.25,4.125],"rotation":90,"texture":"#0"}}},{"from":[7.75,28.5165,1.16254],"to":[8.25,29.5165,1.66254],"rotation":{"angle":22.5,"axis":"x","origin":[8,8,8]},"faces":{"north":{"uv":[9,9.25,9.25,9.5],"texture":"#0"},"east":{"uv":[9.5,4.25,9.625,4.5],"texture":"#0"},"south":{"uv":[9.25,9,9.5,9.25],"texture":"#0"},"west":{"uv":[9.5,4,9.625,4.25],"texture":"#0"},"up":{"uv":[9.625,4.75,9.5,4.5],"rotation":270,"texture":"#0"},"down":{"uv":[4.875,9.5,4.75,9.75],"rotation":90,"texture":"#0"}}},{"from":[7.75,29.5165,1.16254],"to":[8.25,30.5165,1.41254],"rotation":{"angle":22.5,"axis":"x","origin":[8,8,8]},"faces":{"north":{"uv":[9.25,9.25,9.5,9.5],"texture":"#0"},"east":{"uv":[5.25,9.5,5.375,9.75],"texture":"#0"},"south":{"uv":[0,9.5,0.25,9.75],"texture":"#0"},"west":{"uv":[9.5,4.75,9.625,5],"texture":"#0"},"up":{"uv":[5.625,9.75,5.5,9.5],"rotation":270,"texture":"#0"},"down":{"uv":[5.875,9.5,5.75,9.75],"rotation":90,"texture":"#0"}}},{"from":[7.1,8.77831,8.16422],"to":[8.9,10.27831,9.16422],"rotation":{"angle":0,"axis":"z","origin":[8,8,8]},"faces":{"north":{"uv":[4,8,4.5,8.375],"texture":"#0"},"east":{"uv":[1.5,9.25,1.75,9.625],"texture":"#0"},"south":{"uv":[8,4.25,8.5,4.625],"texture":"#0"},"west":{"uv":[9.25,1.25,9.5,1.625],"texture":"#0"},"up":{"uv":[4.25,9.25,4,8.75],"rotation":270,"texture":"#0"},"down":{"uv":[5.25,8.75,5,9.25],"rotation":90,"texture":"#0"}}},{"from":[7,11.85318,7.10355],"to":[9,12.85318,9.60355],"rotation":{"angle":0,"axis":"z","origin":[8,8,8]},"faces":{"north":{"uv":[8.75,5,9.25,5.25],"texture":"#0"},"east":{"uv":[8.25,1.5,8.875,1.75],"texture":"#0"},"south":{"uv":[8.75,5.25,9.25,5.5],"texture":"#0"},"west":{"uv":[8.25,0.25,8.875,0.5],"texture":"#0"},"up":{"uv":[7.375,1.25,6.75,0.75],"rotation":270,"texture":"#0"},"down":{"uv":[7.375,1.25,6.75,1.75],"rotation":90,"texture":"#0"}}},{"from":[7,12.85318,8.60355],"to":[9,16.90318,9.60355],"rotation":{"angle":0,"axis":"z","origin":[8,8,8]},"faces":{"north":{"uv":[5.25,4,5.75,5],"texture":"#0"},"east":{"uv":[5.5,7.5,5.75,8.5],"texture":"#0"},"south":{"uv":[5.25,5,5.75,6],"texture":"#0"},"west":{"uv":[5.25,7.5,5.5,8.5],"texture":"#0"},"up":{"uv":[5.75,9.5,5.5,9],"rotation":270,"texture":"#0"},"down":{"uv":[9.25,5.5,9,6],"rotation":90,"texture":"#0"}}},{"from":[7,-11.28591,8.51777],"to":[9,-10.28591,10.51777],"rotation":{"angle":0,"axis":"y","origin":[8,8,8]},"faces":{"north":{"uv":[8.75,6.25,9.25,6.5],"texture":"#0"},"east":{"uv":[8.75,6.5,9.25,6.75],"texture":"#0"},"south":{"uv":[6.75,8.75,7.25,9],"texture":"#0"},"west":{"uv":[5.75,8.75,6.25,9],"texture":"#0"},"up":{"uv":[5.75,7.5,5.25,7],"rotation":270,"texture":"#0"},"down":{"uv":[7.25,7,6.75,7.5],"rotation":90,"texture":"#0"}}},{"from":[7,4.71409,8.51777],"to":[9,5.71409,10.51777],"rotation":{"angle":0,"axis":"y","origin":[8,8,8]},"faces":{"north":{"uv":[8.75,7.75,9.25,8],"texture":"#0"},"east":{"uv":[8.75,8,9.25,8.25],"texture":"#0"},"south":{"uv":[8.75,8.25,9.25,8.5],"texture":"#0"},"west":{"uv":[8.75,6.75,9.25,7],"texture":"#0"},"up":{"uv":[7.75,0.5,7.25,0],"rotation":270,"texture":"#0"},"down":{"uv":[2.5,7.25,2,7.75],"rotation":90,"texture":"#0"}}},{"from":[7,-8.37464,-4.72819],"to":[9,-7.37464,-2.72819],"rotation":{"angle":-45,"axis":"x","origin":[8,8,8]},"faces":{"north":{"uv":[8.75,8.5,9.25,8.75],"texture":"#0"},"east":{"uv":[9,0,9.5,0.25],"texture":"#0"},"south":{"uv":[9,0.25,9.5,0.5],"texture":"#0"},"west":{"uv":[8.5,8.75,9,9],"texture":"#0"},"up":{"uv":[7.75,2.75,7.25,2.25],"rotation":270,"texture":"#0"},"down":{"uv":[7.75,2.75,7.25,3.25],"rotation":90,"texture":"#0"}}},{"from":[7,-13.87169,9.87132],"to":[9,-11.87169,10.87132],"rotation":{"angle":0,"axis":"y","origin":[8,8,8]},"faces":{"north":{"uv":[7.25,3.25,7.75,3.75],"texture":"#0"},"east":{"uv":[9,0.5,9.25,1],"texture":"#0"},"south":{"uv":[7.25,4.5,7.75,5],"texture":"#0"},"west":{"uv":[6.25,8.75,6.5,9.25],"texture":"#0"},"up":{"uv":[9.25,1.5,9,1],"rotation":270,"texture":"#0"},"down":{"uv":[9.25,1.5,9,2],"rotation":90,"texture":"#0"}}},{"from":[7,-10.28885,-6.1424],"to":[9,-8.78885,-5.1424],"rotation":{"angle":-45,"axis":"x","origin":[8,8,8]},"faces":{"north":{"uv":[8,4.75,8.5,5.125],"texture":"#0"},"east":{"uv":[2,9.25,2.25,9.625],"texture":"#0"},"south":{"uv":[8,5.25,8.5,5.625],"texture":"#0"},"west":{"uv":[1.75,9.25,2,9.625],"texture":"#0"},"up":{"uv":[2.75,9.5,2.5,9],"rotation":270,"texture":"#0"},"down":{"uv":[3,9,2.75,9.5],"rotation":90,"texture":"#0"}}},{"from":[7,-10.28885,-8.1424],"to":[9,-8.28885,-6.1424],"rotation":{"angle":-45,"axis":"x","origin":[8,8,8]},"faces":{"north":{"uv":[6.25,7.25,6.75,7.75],"texture":"#0"},"east":{"uv":[7.25,6.25,7.75,6.75],"texture":"#0"},"south":{"uv":[7.25,6.75,7.75,7.25],"texture":"#0"},"west":{"uv":[5.75,7.25,6.25,7.75],"texture":"#0"},"up":{"uv":[7.75,7.75,7.25,7.25],"rotation":270,"texture":"#0"},"down":{"uv":[8,0.5,7.5,1],"rotation":90,"texture":"#0"}}},{"from":[7,-8.1424,23.28885],"to":[9,-6.6424,24.28885],"rotation":{"angle":45,"axis":"x","origin":[8,8,8]},"faces":{"north":{"uv":[5.75,8,6.25,8.375],"texture":"#0"},"east":{"uv":[9.25,2.25,9.5,2.625],"texture":"#0"},"south":{"uv":[8,5.75,8.5,6.125],"texture":"#0"},"west":{"uv":[2.25,9.25,2.5,9.625],"texture":"#0"},"up":{"uv":[9.25,3.25,9,2.75],"rotation":270,"texture":"#0"},"down":{"uv":[3.25,9,3,9.5],"rotation":90,"texture":"#0"}}},{"from":[7,-13.87169,8.16422],"to":[9,-11.87169,9.16422],"rotation":{"angle":0,"axis":"y","origin":[8,8,8]},"faces":{"north":{"uv":[7.5,1,8,1.5],"texture":"#0"},"east":{"uv":[3.5,9,3.75,9.5],"texture":"#0"},"south":{"uv":[2.5,7.5,3,8],"texture":"#0"},"west":{"uv":[9,3.25,9.25,3.75],"texture":"#0"},"up":{"uv":[4,9.5,3.75,9],"rotation":270,"texture":"#0"},"down":{"uv":[9.25,3.75,9,4.25],"rotation":90,"texture":"#0"}}},{"from":[7,-6.22818,20.87464],"to":[9,-5.22818,22.87464],"rotation":{"angle":45,"axis":"x","origin":[8,8,8]},"faces":{"north":{"uv":[4.25,9,4.75,9.25],"texture":"#0"},"east":{"uv":[9,4.25,9.5,4.5],"texture":"#0"},"south":{"uv":[9,4.5,9.5,4.75],"texture":"#0"},"west":{"uv":[9,2,9.5,2.25],"texture":"#0"},"up":{"uv":[8,4.25,7.5,3.75],"rotation":270,"texture":"#0"},"down":{"uv":[4.5,7.5,4,8],"rotation":90,"texture":"#0"}}},{"from":[7.8,11.16739,4.77513],"to":[8.2,27.16739,9.77513],"rotation":{"angle":0,"axis":"z","origin":[8,8,8]},"faces":{"north":{"uv":[4.5,0,4.75,4],"texture":"#0"},"east":{"uv":[1.25,0,2.5,4],"texture":"#0"},"south":{"uv":[4.5,4,4.75,8],"texture":"#0"},"west":{"uv":[0,0,1.25,4],"texture":"#0"},"up":{"uv":[8,2,6.75,1.75],"rotation":270,"texture":"#0"},"down":{"uv":[8,2,6.75,2.25],"rotation":90,"texture":"#0"}}},{"from":[7.3,16.79265,9.32451],"to":[8.7,24.29265,11.32451],"rotation":{"angle":0,"axis":"z","origin":[8,8,8]},"faces":{"north":{"uv":[4.75,4,5.125,5.875],"texture":"#0"},"east":{"uv":[4.75,2,5.25,3.875],"texture":"#0"},"south":{"uv":[2.5,5,2.875,6.875],"texture":"#0"},"west":{"uv":[4.75,0,5.25,1.875],"texture":"#0"},"up":{"uv":[8.25,0.375,7.75,0],"rotation":270,"texture":"#0"},"down":{"uv":[8.25,3.25,7.75,3.625],"rotation":90,"texture":"#0"}}},{"from":[7.15,7.62095,6.26078],"to":[8.85,17.12095,11.76078],"rotation":{"angle":0,"axis":"z","origin":[8,8,8]},"faces":{"north":{"uv":[1.5,4,2,6.375],"texture":"#0"},"east":{"uv":[2.5,2.5,3.875,4.875],"texture":"#0"},"south":{"uv":[2,4,2.5,6.375],"texture":"#0"},"west":{"uv":[2.5,0,3.875,2.375],"texture":"#0"},"up":{"uv":[6.625,0.5,5.25,0],"rotation":270,"texture":"#0"},"down":{"uv":[6.625,0.5,5.25,1],"rotation":90,"texture":"#0"}}}],"gui_light":"front","display":{"thirdperson_righthand":{"translation":[0,9,0]},"thirdperson_lefthand":{"translation":[0,9,0]},"firstperson_righthand":{"rotation":[-26.76,2.29,1.18],"translation":[1.5,2.75,0],"scale":[0.77539,0.77539,0.77539]},"firstperson_lefthand":{"rotation":[-26.76,2.29,1.18],"translation":[1.5,2.75,0],"scale":[0.77539,0.77539,0.77539]},"ground":{"rotation":[0,0,80],"translation":[-0.25,0,-0.75],"scale":[0.53711,0.53711,0.53711]},"gui":{"rotation":[90,45,-90],"translation":[-0.5,0.75,0],"scale":[0.44453,0.44453,0.44453]},"head":{"rotation":[0,90,0],"translation":[0,30,0]},"fixed":{"rotation":[0,90,0],"translation":[-2,4.25,-1.75],"scale":[1.27344,1.27344,1.27344]}}}