{"credit":"Made with Blockbench","texture_size":[32,32],"textures":{"3":"spirit_pack:spirit_pack/staff_spirit_fx","4":"spirit_pack:spirit_pack/staff_spirit"},"elements":[{"from":[7.25,-10,7.25],"to":[8.75,9,8.75],"rotation":{"angle":0,"axis":"y","origin":[8,3.5,8]},"faces":{"north":{"uv":[3.5,0,4.25,9.5],"texture":"#4"},"east":{"uv":[4.5,0,5.25,9.5],"texture":"#4"},"south":{"uv":[5.5,0,6.25,9.5],"texture":"#4"},"west":{"uv":[6.5,0,7.25,9.5],"texture":"#4"},"up":{"uv":[15.25,6.75,14.5,6],"texture":"#4"},"down":{"uv":[7.75,14.5,7,15.25],"texture":"#4"}}},{"from":[7,5.5,7],"to":[9,6.5,9],"rotation":{"angle":0,"axis":"y","origin":[8,3.5,8]},"faces":{"north":{"uv":[5,15,6,15.5],"texture":"#4"},"east":{"uv":[15,5,16,5.5],"texture":"#4"},"south":{"uv":[15,5.5,16,6],"texture":"#4"},"west":{"uv":[6,15,7,15.5],"texture":"#4"},"up":{"uv":[14.5,1,13.5,0],"texture":"#4"},"down":{"uv":[4,13.5,3,14.5],"texture":"#4"}}},{"from":[7,-7.5,7],"to":[9,-6.5,9],"rotation":{"angle":0,"axis":"y","origin":[8,3.5,8]},"faces":{"north":{"uv":[15,7,16,7.5],"texture":"#4"},"east":{"uv":[15,7.5,16,8],"texture":"#4"},"south":{"uv":[8,15,9,15.5],"texture":"#4"},"west":{"uv":[15,8,16,8.5],"texture":"#4"},"up":{"uv":[14.5,4,13.5,3],"texture":"#4"},"down":{"uv":[5,13.5,4,14.5],"texture":"#4"}}},{"from":[4.75,8.53553,7],"to":[11.25,10.03553,9],"rotation":{"angle":45,"axis":"z","origin":[8,11.78553,8]},"faces":{"north":{"uv":[0,9,3.25,9.75],"texture":"#4"},"east":{"uv":[13.5,11,14.5,11.75],"texture":"#4"},"south":{"uv":[7.5,9,10.75,9.75],"texture":"#4"},"west":{"uv":[11.5,13.5,12.5,14.25],"texture":"#4"},"up":{"uv":[3.25,8,0,7],"texture":"#4"},"down":{"uv":[10.75,0,7.5,1],"texture":"#4"}}},{"from":[4.75,8.53553,7],"to":[9.75,10.03553,9],"rotation":{"angle":-45,"axis":"z","origin":[8,11.78553,8]},"faces":{"north":{"uv":[9.5,10,12,10.75],"texture":"#4"},"east":{"uv":[13.5,12,14.5,12.75],"texture":"#4"},"south":{"uv":[11,0,13.5,0.75],"texture":"#4"},"west":{"uv":[13.5,13,14.5,13.75],"texture":"#4"},"up":{"uv":[11,2,8.5,1],"texture":"#4"},"down":{"uv":[11,2,8.5,3],"texture":"#4"}}},{"from":[6.25,13.53553,7],"to":[9.75,15.03553,9],"rotation":{"angle":-45,"axis":"z","origin":[8,11.78553,8]},"faces":{"north":{"uv":[11,9,12.75,9.75],"texture":"#4"},"east":{"uv":[0,14,1,14.75],"texture":"#4"},"south":{"uv":[11.5,3,13.25,3.75],"texture":"#4"},"west":{"uv":[1,14,2,14.75],"texture":"#4"},"up":{"uv":[12.75,2,11,1],"texture":"#4"},"down":{"uv":[12.75,2,11,3],"texture":"#4"}}},{"from":[4.75,10.03553,7],"to":[6.25,15.03553,9],"rotation":{"angle":-45,"axis":"z","origin":[8,11.78553,8]},"faces":{"north":{"uv":[3.5,11,4.25,13.5],"texture":"#4"},"east":{"uv":[8.5,3,9.5,5.5],"texture":"#4"},"south":{"uv":[4.5,11,5.25,13.5],"texture":"#4"},"west":{"uv":[8.5,5.5,9.5,8],"texture":"#4"},"up":{"uv":[14.75,2,14,1],"texture":"#4"},"down":{"uv":[2.75,14,2,15],"texture":"#4"}}},{"from":[2.75,11.03553,6.75],"to":[6.25,12.53553,9.25],"rotation":{"angle":-45,"axis":"z","origin":[8,11.78553,8]},"faces":{"north":{"uv":[11.5,4,13.25,4.75],"texture":"#4"},"east":{"uv":[13.5,4,14.75,4.75],"texture":"#4"},"south":{"uv":[11.5,5,13.25,5.75],"texture":"#4"},"west":{"uv":[13.5,5,14.75,5.75],"texture":"#4"},"up":{"uv":[11.25,4.25,9.5,3],"texture":"#4"},"down":{"uv":[5.25,9.5,3.5,10.75],"texture":"#4"}}},{"from":[9.75,11.03553,6.75],"to":[13.25,12.53553,9.25],"rotation":{"angle":45,"axis":"z","origin":[8,11.78553,8]},"faces":{"north":{"uv":[7,11.5,8.75,12.25],"texture":"#4"},"east":{"uv":[6.5,13.5,7.75,14.25],"texture":"#4"},"south":{"uv":[12,10,13.75,10.75],"texture":"#4"},"west":{"uv":[13.5,7,14.75,7.75],"texture":"#4"},"up":{"uv":[11.25,5.75,9.5,4.5],"texture":"#4"},"down":{"uv":[7.25,9.5,5.5,10.75],"texture":"#4"}}},{"from":[1,11.7604,6.75],"to":[4.5,13.2604,9.25],"rotation":{"angle":45,"axis":"z","origin":[8,14.2604,8]},"faces":{"north":{"uv":[12.5,6,14.25,6.75],"texture":"#4"},"east":{"uv":[13.5,8,14.75,8.75],"texture":"#4"},"south":{"uv":[6.5,12.5,8.25,13.25],"texture":"#4"},"west":{"uv":[10,13.5,11.25,14.25],"texture":"#4"},"up":{"uv":[3.25,11.25,1.5,10],"texture":"#4"},"down":{"uv":[9.25,10,7.5,11.25],"texture":"#4"}}},{"from":[5.5,7.2604,6.75],"to":[7,10.7604,9.25],"rotation":{"angle":45,"axis":"z","origin":[8,14.2604,8]},"faces":{"north":{"uv":[0,12,0.75,13.75],"texture":"#4"},"east":{"uv":[9.5,6,10.75,7.75],"texture":"#4"},"south":{"uv":[5.5,12.5,6.25,14.25],"texture":"#4"},"west":{"uv":[0,10,1.25,11.75],"texture":"#4"},"up":{"uv":[8.75,14.75,8,13.5],"texture":"#4"},"down":{"uv":[9.75,13.5,9,14.75],"texture":"#4"}}},{"from":[4.75,8.53553,7.025],"to":[11.25,15.03553,8.975],"rotation":{"angle":0,"axis":"z","origin":[8,11.78553,8]},"faces":{"north":{"uv":[0,0,3.25,3.25],"texture":"#4"},"east":{"uv":[7.5,1,8.5,4.25],"texture":"#4"},"south":{"uv":[0,3.5,3.25,6.75],"texture":"#4"},"west":{"uv":[7.5,4.5,8.5,7.75],"texture":"#4"},"up":{"uv":[3.25,9,0,8],"texture":"#4"},"down":{"uv":[10.75,8,7.5,9],"texture":"#4"}}},{"from":[-4.25885,-3.73668,7],"to":[-2.25885,-2.73668,9],"rotation":{"angle":45,"axis":"z","origin":[8.50429,9.81328,8]},"faces":{"north":{"uv":[10,14.5,11,15],"texture":"#4"},"east":{"uv":[11,14.5,12,15],"texture":"#4"},"south":{"uv":[14.5,11,15.5,11.5],"texture":"#4"},"west":{"uv":[14.5,11.5,15.5,12],"texture":"#4"},"up":{"uv":[13.5,8,12.5,7],"texture":"#4"},"down":{"uv":[13.5,8,12.5,9],"texture":"#4"}}},{"from":[8.35355,-10.08578,7],"to":[9.35355,-8.08578,9],"rotation":{"angle":0,"axis":"y","origin":[8.50429,9.81328,8]},"faces":{"north":{"uv":[9,11.5,9.5,12.5],"texture":"#4"},"east":{"uv":[8.5,12.5,9.5,13.5],"texture":"#4"},"south":{"uv":[1,12,1.5,13],"texture":"#4"},"west":{"uv":[9.5,12.5,10.5,13.5],"texture":"#4"},"up":{"uv":[12.5,15.5,12,14.5],"texture":"#4"},"down":{"uv":[15,12,14.5,13],"texture":"#4"}}},{"from":[-5.67306,-5.6509,7],"to":[-4.67306,-4.1509,9],"rotation":{"angle":45,"axis":"z","origin":[8.50429,9.81328,8]},"faces":{"north":{"uv":[15,8.5,15.5,9.25],"texture":"#4"},"east":{"uv":[14,2,15,2.75],"texture":"#4"},"south":{"uv":[9,15,9.5,15.75],"texture":"#4"},"west":{"uv":[14,9,15,9.75],"texture":"#4"},"up":{"uv":[15,14,14.5,13],"texture":"#4"},"down":{"uv":[14,14.5,13.5,15.5],"texture":"#4"}}},{"from":[21.96847,-6.36407,7],"to":[23.96847,-4.36407,9],"rotation":{"angle":-45,"axis":"z","origin":[8.50429,9.81328,8]},"faces":{"north":{"uv":[10.5,12.5,11.5,13.5],"texture":"#4"},"east":{"uv":[12.5,11,13.5,12],"texture":"#4"},"south":{"uv":[11.5,12.5,12.5,13.5],"texture":"#4"},"west":{"uv":[12.5,12,13.5,13],"texture":"#4"},"up":{"uv":[2,14,1,13],"texture":"#4"},"down":{"uv":[14,1,13,2],"texture":"#4"}}},{"from":[20.96847,-6.36407,7],"to":[21.96847,-4.86407,9],"rotation":{"angle":-45,"axis":"z","origin":[8.50429,9.81328,8]},"faces":{"north":{"uv":[9.5,15,10,15.75],"texture":"#4"},"east":{"uv":[14,10,15,10.75],"texture":"#4"},"south":{"uv":[15,9.5,15.5,10.25],"texture":"#4"},"west":{"uv":[12.5,14,13.5,14.75],"texture":"#4"},"up":{"uv":[14.5,15.5,14,14.5],"texture":"#4"},"down":{"uv":[15,14.5,14.5,15.5],"texture":"#4"}}},{"from":[18.55426,-4.44986,7],"to":[20.55426,-3.44986,9],"rotation":{"angle":-45,"axis":"z","origin":[8.50429,9.81328,8]},"faces":{"north":{"uv":[0,15,1,15.5],"texture":"#4"},"east":{"uv":[1,15,2,15.5],"texture":"#4"},"south":{"uv":[15,1,16,1.5],"texture":"#4"},"west":{"uv":[15,1.5,16,2],"texture":"#4"},"up":{"uv":[3,14,2,13],"texture":"#4"},"down":{"uv":[14,2,13,3],"texture":"#4"}}},{"from":[6.64645,-10.08578,7],"to":[7.64645,-8.08578,9],"rotation":{"angle":0,"axis":"y","origin":[8.50429,9.81328,8]},"faces":{"north":{"uv":[2,15,2.5,16],"texture":"#4"},"east":{"uv":[13,9,14,10],"texture":"#4"},"south":{"uv":[15,2,15.5,3],"texture":"#4"},"west":{"uv":[12.5,13,13.5,14],"texture":"#4"},"up":{"uv":[3,16,2.5,15],"texture":"#4"},"down":{"uv":[15.5,4,15,5],"texture":"#4"}}},{"from":[13.89645,11.51777,7.5],"to":[16.39645,14.01777,8.5],"rotation":{"angle":-45,"axis":"z","origin":[15.64645,11.76777,8]},"faces":{"north":{"uv":[11,7.5,12.25,8.75],"texture":"#4"},"east":{"uv":[3,14.5,3.5,15.75],"texture":"#4"},"south":{"uv":[9.5,11,10.75,12.25],"texture":"#4"},"west":{"uv":[3.5,14.5,4,15.75],"texture":"#4"},"up":{"uv":[15.75,1,14.5,0.5],"texture":"#4"},"down":{"uv":[15.75,3,14.5,3.5],"texture":"#4"}}},{"from":[12.25,10.03553,8],"to":[19.75,21.53553,8],"rotation":{"angle":0,"axis":"z","origin":[16,4.53553,8]},"faces":{"north":{"uv":[8,0,11.75,5.75],"texture":"#3"},"east":{"uv":[0,0,0,8],"texture":"#3"},"south":{"uv":[11.75,0,8,5.75],"texture":"#3"},"west":{"uv":[0,0,0,8],"texture":"#3"},"up":{"uv":[8,0,0,0],"texture":"#3"},"down":{"uv":[8,0,0,0],"texture":"#3"}}},{"from":[4.25,17.03553,8],"to":[11.75,28.53553,8],"rotation":{"angle":0,"axis":"z","origin":[8,11.53553,8]},"faces":{"north":{"uv":[0,0,3.75,5.75],"texture":"#3"},"east":{"uv":[0,0,0,8],"texture":"#3"},"south":{"uv":[3.75,0,0,5.75],"texture":"#3"},"west":{"uv":[0,0,0,8],"texture":"#3"},"up":{"uv":[8,0,0,0],"texture":"#3"},"down":{"uv":[8,0,0,0],"texture":"#3"}}},{"from":[5.89645,18.51777,7.5],"to":[8.39645,21.01777,8.5],"rotation":{"angle":-45,"axis":"z","origin":[7.64645,18.76777,8]},"faces":{"north":{"uv":[5.5,11,6.75,12.25],"texture":"#4"},"east":{"uv":[3,11.5,3.5,12.75],"texture":"#4"},"south":{"uv":[11,6,12.25,7.25],"texture":"#4"},"west":{"uv":[5,13.5,5.5,14.75],"texture":"#4"},"up":{"uv":[14.75,14.5,13.5,14],"texture":"#4"},"down":{"uv":[15.75,0,14.5,0.5],"texture":"#4"}}},{"from":[-3.75,10.03553,8],"to":[3.75,21.53553,8],"rotation":{"angle":0,"axis":"y","origin":[0,15.78553,8]},"faces":{"north":{"uv":[7.75,0,4,5.75],"texture":"#3"},"east":{"uv":[0,0,0,8],"texture":"#3"},"south":{"uv":[4,0,7.75,5.75],"texture":"#3"},"west":{"uv":[0,0,0,8],"texture":"#3"},"up":{"uv":[8,0,0,0],"rotation":180,"texture":"#3"},"down":{"uv":[8,0,0,0],"rotation":180,"texture":"#3"}}},{"from":[-2.10355,11.51777,7.5],"to":[0.39645,14.01777,8.5],"rotation":{"angle":-45,"axis":"z","origin":[-0.35355,11.76777,8]},"faces":{"north":{"uv":[11,11,12.25,12.25],"texture":"#4"},"east":{"uv":[4,14.5,4.5,15.75],"texture":"#4"},"south":{"uv":[1.5,11.5,2.75,12.75],"texture":"#4"},"west":{"uv":[4.5,14.5,5,15.75],"texture":"#4"},"up":{"uv":[15.75,4,14.5,3.5],"texture":"#4"},"down":{"uv":[6.75,14.5,5.5,15],"texture":"#4"}}}],"gui_light":"front","display":{"thirdperson_righthand":{"rotation":[0,90,0],"translation":[0,4.5,0.75],"scale":[0.83203,0.83203,0.83203]},"thirdperson_lefthand":{"rotation":[0,90,0],"translation":[0,4.5,0.75],"scale":[0.83203,0.83203,0.83203]},"firstperson_righthand":{"rotation":[-12,90,0],"translation":[0.5,5,0],"scale":[0.56055,0.56055,0.56055]},"firstperson_lefthand":{"rotation":[-12,90,0],"translation":[0.5,5,0],"scale":[0.56055,0.56055,0.56055]},"ground":{"rotation":[-80,0,0],"translation":[-0.25,0,-0.75],"scale":[0.53711,0.53711,0.53711]},"gui":{"rotation":[0,0,-45],"translation":[0,-0.25,0],"scale":[0.47969,0.47969,0.47969]},"head":{"translation":[0,33,0]},"fixed":{"translation":[0,5.75,-1.75],"scale":[1.18555,1.18555,1.18555]}}}