{"credit":"Made with Blockbench","texture_size":[64,64],"textures":{"1":"spirit_pack:spirit_pack/sword_spirit"},"elements":[{"from":[7,-7.5,7],"to":[9,-6.5,9],"rotation":{"angle":0,"axis":"y","origin":[8,-9.5,8]},"faces":{"north":{"uv":[7.5,6,8,6.25],"texture":"#1"},"east":{"uv":[6.25,7.5,6.75,7.75],"texture":"#1"},"south":{"uv":[7.5,5.5,8,5.75],"texture":"#1"},"west":{"uv":[7.5,5.75,8,6],"texture":"#1"},"up":{"uv":[7.25,4.5,6.75,4],"rotation":180,"texture":"#1"},"down":{"uv":[7.25,4.5,6.75,5],"rotation":180,"texture":"#1"}}},{"from":[7,-12.5,7],"to":[9,-11.5,9],"rotation":{"angle":0,"axis":"y","origin":[8,-9.5,8]},"faces":{"north":{"uv":[6.75,7.5,7.25,7.75],"texture":"#1"},"east":{"uv":[7.5,6.75,8,7],"texture":"#1"},"south":{"uv":[7.5,6.25,8,6.5],"texture":"#1"},"west":{"uv":[7.5,6.5,8,6.75],"texture":"#1"},"up":{"uv":[7.25,5.5,6.75,5],"rotation":180,"texture":"#1"},"down":{"uv":[7.25,5.5,6.75,6],"rotation":180,"texture":"#1"}}},{"from":[4,-4.21447,7.5],"to":[10.5,-3.21447,9.225],"rotation":{"angle":45,"axis":"z","origin":[8,-2.21447,8]},"faces":{"north":{"uv":[5.75,2,7.375,2.25],"texture":"#1"},"east":{"uv":[1,7.5,1.5,7.75],"texture":"#1"},"south":{"uv":[5.75,2.25,7.375,2.5],"texture":"#1"},"west":{"uv":[7.5,2,8,2.25],"texture":"#1"},"up":{"uv":[6.875,0.5,5.25,0],"texture":"#1"},"down":{"uv":[6.875,0.5,5.25,1],"texture":"#1"}}},{"from":[9.5,-3.21447,7.475],"to":[10.5,2.28553,9.25],"rotation":{"angle":45,"axis":"z","origin":[8,-2.21447,8]},"faces":{"north":{"uv":[2.5,5.75,2.75,7.125],"texture":"#1"},"east":{"uv":[5.25,2,5.75,3.375],"texture":"#1"},"south":{"uv":[2.75,5.75,3,7.125],"texture":"#1"},"west":{"uv":[5.25,3.5,5.75,4.875],"texture":"#1"},"up":{"uv":[4,8,3.75,7.5],"texture":"#1"},"down":{"uv":[7.75,5,7.5,5.5],"texture":"#1"}}},{"from":[6,-6.21447,6.775],"to":[7,0.28553,8.5],"rotation":{"angle":45,"axis":"z","origin":[8,-2.21447,8]},"faces":{"north":{"uv":[1,5.75,1.25,7.375],"texture":"#1"},"east":{"uv":[3.25,5,3.75,6.625],"texture":"#1"},"south":{"uv":[1.25,5.75,1.5,7.375],"texture":"#1"},"west":{"uv":[3.75,5,4.25,6.625],"texture":"#1"},"up":{"uv":[3.5,8,3.25,7.5],"texture":"#1"},"down":{"uv":[3.75,7.5,3.5,8],"texture":"#1"}}},{"from":[7,-0.71447,6.75],"to":[12.5,0.28553,8.525],"rotation":{"angle":45,"axis":"z","origin":[8,-2.21447,8]},"faces":{"north":{"uv":[5.75,2.5,7.125,2.75],"texture":"#1"},"east":{"uv":[7.5,2.25,8,2.5],"texture":"#1"},"south":{"uv":[5.75,2.75,7.125,3],"texture":"#1"},"west":{"uv":[4.5,7.5,5,7.75],"texture":"#1"},"up":{"uv":[6.625,1.5,5.25,1],"texture":"#1"},"down":{"uv":[6.625,1.5,5.25,2],"texture":"#1"}}},{"from":[9.41421,-6.45711,6.75],"to":[12.91421,-4.95711,8.525],"rotation":{"angle":0,"axis":"z","origin":[12.28921,-5.95711,7.501]},"faces":{"north":{"uv":[5.75,3,6.625,3.375],"texture":"#1"},"east":{"uv":[6.25,7,6.75,7.375],"texture":"#1"},"south":{"uv":[5.75,3.5,6.625,3.875],"texture":"#1"},"west":{"uv":[6.75,7,7.25,7.375],"texture":"#1"},"up":{"uv":[6.125,5.5,5.25,5],"texture":"#1"},"down":{"uv":[5.125,5.5,4.25,6],"texture":"#1"}}},{"from":[12.6272,-6.40002,6.75],"to":[13.20123,-5.0142,8.525],"rotation":{"angle":-22.5,"axis":"z","origin":[12.91421,-5.70711,7.6375]},"faces":{"north":{"uv":[4,7.75,4.125,8.125],"texture":"#1"},"east":{"uv":[0,7.25,0.5,7.625],"texture":"#1"},"south":{"uv":[4.25,7.75,4.375,8.125],"texture":"#1"},"west":{"uv":[0.5,7.25,1,7.625],"texture":"#1"},"up":{"uv":[0.875,8.25,0.75,7.75],"texture":"#1"},"down":{"uv":[1.125,7.75,1,8.25],"texture":"#1"}}},{"from":[3.08579,-6.45711,7.473],"to":[6.58579,-4.95711,9.25],"rotation":{"angle":0,"axis":"z","origin":[3.71079,-5.95711,8.499]},"faces":{"north":{"uv":[5.75,4,6.625,4.375],"texture":"#1"},"east":{"uv":[2.5,7.25,3,7.625],"texture":"#1"},"south":{"uv":[5.75,4.5,6.625,4.875],"texture":"#1"},"west":{"uv":[7.25,2.5,7.75,2.875],"texture":"#1"},"up":{"uv":[6.125,6,5.25,5.5],"texture":"#1"},"down":{"uv":[0.875,5.75,0,6.25],"texture":"#1"}}},{"from":[2.79877,-6.40002,7.473],"to":[3.3728,-5.0142,9.25],"rotation":{"angle":22.5,"axis":"z","origin":[3.08579,-5.70711,8.3615]},"faces":{"north":{"uv":[7.75,4.25,7.875,4.625],"texture":"#1"},"east":{"uv":[7.25,1,7.75,1.375],"texture":"#1"},"south":{"uv":[4.5,7.75,4.625,8.125],"texture":"#1"},"west":{"uv":[7.25,1.5,7.75,1.875],"texture":"#1"},"up":{"uv":[7.875,3.75,7.75,3.25],"texture":"#1"},"down":{"uv":[7.875,3.75,7.75,4.25],"texture":"#1"}}},{"from":[20.96847,-11.36407,7],"to":[21.96847,-9.86407,9],"rotation":{"angle":-45,"axis":"z","origin":[8.50429,4.81328,8]},"faces":{"north":{"uv":[7.5,7,7.75,7.375],"texture":"#1"},"east":{"uv":[6.75,6,7.25,6.375],"texture":"#1"},"south":{"uv":[7.25,7.5,7.5,7.875],"texture":"#1"},"west":{"uv":[6.75,6.5,7.25,6.875],"texture":"#1"},"up":{"uv":[4.25,7.75,4,7.25],"texture":"#1"},"down":{"uv":[4.5,7.25,4.25,7.75],"texture":"#1"}}},{"from":[18.55426,-9.44986,7],"to":[20.55426,-8.44986,9],"rotation":{"angle":-45,"axis":"z","origin":[8.50429,4.81328,8]},"faces":{"north":{"uv":[7.25,4.25,7.75,4.5],"texture":"#1"},"east":{"uv":[4.5,7.25,5,7.5],"texture":"#1"},"south":{"uv":[7.25,4.5,7.75,4.75],"texture":"#1"},"west":{"uv":[7.25,4.75,7.75,5],"texture":"#1"},"up":{"uv":[0.5,6.75,0,6.25],"texture":"#1"},"down":{"uv":[1,6.25,0.5,6.75],"texture":"#1"}}},{"from":[8.35355,-15.08578,7],"to":[9.35355,-13.08578,9],"rotation":{"angle":0,"axis":"y","origin":[8.50429,4.81328,8]},"faces":{"north":{"uv":[5,7.25,5.25,7.75],"texture":"#1"},"east":{"uv":[6.25,5,6.75,5.5],"texture":"#1"},"south":{"uv":[7.25,5,7.5,5.5],"texture":"#1"},"west":{"uv":[6.25,5.5,6.75,6],"texture":"#1"},"up":{"uv":[5.5,7.75,5.25,7.25],"texture":"#1"},"down":{"uv":[5.75,7.25,5.5,7.75],"texture":"#1"}}},{"from":[21.96847,-11.36407,7],"to":[23.96847,-9.36407,9],"rotation":{"angle":-45,"axis":"z","origin":[8.50429,4.81328,8]},"faces":{"north":{"uv":[6.25,6,6.75,6.5],"texture":"#1"},"east":{"uv":[6.25,6.5,6.75,7],"texture":"#1"},"south":{"uv":[0,6.75,0.5,7.25],"texture":"#1"},"west":{"uv":[0.5,6.75,1,7.25],"texture":"#1"},"up":{"uv":[7.25,1.5,6.75,1],"texture":"#1"},"down":{"uv":[7.25,1.5,6.75,2],"texture":"#1"}}},{"from":[-5.67306,-10.6509,7],"to":[-4.67306,-9.1509,9],"rotation":{"angle":45,"axis":"z","origin":[8.50429,4.81328,8]},"faces":{"north":{"uv":[7.5,7.5,7.75,7.875],"texture":"#1"},"east":{"uv":[7,0,7.5,0.375],"texture":"#1"},"south":{"uv":[0,7.75,0.25,8.125],"texture":"#1"},"west":{"uv":[7,0.5,7.5,0.875],"texture":"#1"},"up":{"uv":[7.5,6,7.25,5.5],"texture":"#1"},"down":{"uv":[6,7.25,5.75,7.75],"texture":"#1"}}},{"from":[6.64645,-15.08578,7],"to":[7.64645,-13.08578,9],"rotation":{"angle":0,"axis":"y","origin":[8.50429,4.81328,8]},"faces":{"north":{"uv":[6,7.25,6.25,7.75],"texture":"#1"},"east":{"uv":[6.75,3,7.25,3.5],"texture":"#1"},"south":{"uv":[7.25,6,7.5,6.5],"texture":"#1"},"west":{"uv":[3.25,6.75,3.75,7.25],"texture":"#1"},"up":{"uv":[7.5,7,7.25,6.5],"texture":"#1"},"down":{"uv":[7.5,7,7.25,7.5],"texture":"#1"}}},{"from":[-4.25885,-8.73668,7],"to":[-2.25885,-7.73668,9],"rotation":{"angle":45,"axis":"z","origin":[8.50429,4.81328,8]},"faces":{"north":{"uv":[7.5,0,8,0.25],"texture":"#1"},"east":{"uv":[7.5,0.25,8,0.5],"texture":"#1"},"south":{"uv":[7.5,0.5,8,0.75],"texture":"#1"},"west":{"uv":[7.5,0.75,8,1],"texture":"#1"},"up":{"uv":[7.25,4,6.75,3.5],"texture":"#1"},"down":{"uv":[4.25,6.75,3.75,7.25],"texture":"#1"}}},{"from":[6.5,1.53553,7.525],"to":[9.5,24.53553,8.475],"rotation":{"angle":0,"axis":"z","origin":[9.36872,-6.41529,7.5]},"faces":{"north":{"uv":[0,0,0.75,5.75],"texture":"#1"},"east":{"uv":[2.5,0,2.75,5.75],"texture":"#1"},"south":{"uv":[0.75,0,1.5,5.75],"texture":"#1"},"west":{"uv":[2.75,0,3,5.75],"texture":"#1"},"up":{"uv":[8,3.25,7.25,3],"texture":"#1"},"down":{"uv":[4,7.25,3.25,7.5],"texture":"#1"}}},{"from":[5.87868,2.02817,7.5],"to":[6.87868,21.52817,8.5],"rotation":{"angle":0,"axis":"z","origin":[9.37868,4.77817,7.5]},"faces":{"north":{"uv":[4,0,4.25,4.875],"texture":"#1"},"east":{"uv":[1.5,4,1.75,8.875],"texture":"#1"},"south":{"uv":[1.75,4,2,8.875],"texture":"#1"},"west":{"uv":[2,4,2.25,8.875],"texture":"#1"},"up":{"uv":[8,1.5,7.75,1.25],"texture":"#1"},"down":{"uv":[8,1.5,7.75,1.75],"texture":"#1"}}},{"from":[3.06616,21.8887,7.5],"to":[4.06616,26.3887,8.5],"rotation":{"angle":-22.5,"axis":"z","origin":[3.56616,14.6387,7.5]},"faces":{"north":{"uv":[5.25,6,5.5,7.125],"texture":"#1"},"east":{"uv":[5.5,6,5.75,7.125],"texture":"#1"},"south":{"uv":[5.75,6,6,7.125],"texture":"#1"},"west":{"uv":[6,6,6.25,7.125],"texture":"#1"},"up":{"uv":[8,2.75,7.75,2.5],"texture":"#1"},"down":{"uv":[3,7.75,2.75,8],"texture":"#1"}}},{"from":[3.06616,26.3887,7.5],"to":[3.56616,26.8887,8.5],"rotation":{"angle":-22.5,"axis":"z","origin":[3.56616,14.6387,8.5]},"faces":{"north":{"uv":[8,1.25,8.125,1.375],"texture":"#1"},"east":{"uv":[6.25,7.75,6.5,7.875],"texture":"#1"},"south":{"uv":[8,1.5,8.125,1.625],"texture":"#1"},"west":{"uv":[6.5,7.75,6.75,7.875],"texture":"#1"},"up":{"uv":[6.875,8,6.75,7.75],"texture":"#1"},"down":{"uv":[7.125,7.75,7,8],"texture":"#1"}}},{"from":[3.06616,26.8887,7.5],"to":[3.31616,27.1387,8.5],"rotation":{"angle":-22.5,"axis":"z","origin":[3.56616,14.6387,8.5]},"faces":{"north":{"uv":[2.25,8,2.375,8.125],"texture":"#1"},"east":{"uv":[8,0,8.25,0.125],"texture":"#1"},"south":{"uv":[8,2.25,8.125,2.375],"texture":"#1"},"west":{"uv":[8,0.25,8.25,0.375],"texture":"#1"},"up":{"uv":[8.125,0.75,8,0.5],"texture":"#1"},"down":{"uv":[8.125,0.75,8,1],"texture":"#1"}}},{"from":[12.68384,26.8887,7.5],"to":[12.93384,27.1387,8.5],"rotation":{"angle":22.5,"axis":"z","origin":[12.43384,14.6387,8.5]},"faces":{"north":{"uv":[8,1.75,8.125,1.875],"texture":"#1"},"east":{"uv":[7.75,7,8,7.125],"texture":"#1"},"south":{"uv":[8,2,8.125,2.125],"texture":"#1"},"west":{"uv":[7.75,7.25,8,7.375],"texture":"#1"},"up":{"uv":[7.875,7.75,7.75,7.5],"texture":"#1"},"down":{"uv":[7.875,7.75,7.75,8],"texture":"#1"}}},{"from":[12.43384,26.3887,7.5],"to":[12.93384,26.8887,8.5],"rotation":{"angle":22.5,"axis":"z","origin":[12.43384,14.6387,8.5]},"faces":{"north":{"uv":[8,1,8.125,1.125],"texture":"#1"},"east":{"uv":[7.75,5.25,8,5.375],"texture":"#1"},"south":{"uv":[1.25,8,1.375,8.125],"texture":"#1"},"west":{"uv":[5.5,7.75,5.75,7.875],"texture":"#1"},"up":{"uv":[5.875,8,5.75,7.75],"texture":"#1"},"down":{"uv":[6.125,7.75,6,8],"texture":"#1"}}},{"from":[11.93384,21.8887,7.5],"to":[12.93384,26.3887,8.5],"rotation":{"angle":22.5,"axis":"z","origin":[12.43384,14.6387,8.5]},"faces":{"north":{"uv":[4.25,6,4.5,7.125],"texture":"#1"},"east":{"uv":[4.5,6,4.75,7.125],"texture":"#1"},"south":{"uv":[4.75,6,5,7.125],"texture":"#1"},"west":{"uv":[5,6,5.25,7.125],"texture":"#1"},"up":{"uv":[8,2,7.75,1.75],"texture":"#1"},"down":{"uv":[2.75,7.75,2.5,8],"texture":"#1"}}},{"from":[9.12132,2.02817,7.5],"to":[10.12132,21.52817,8.5],"rotation":{"angle":0,"axis":"z","origin":[9.62132,4.77817,8.5]},"faces":{"north":{"uv":[3,0,3.25,4.875],"texture":"#1"},"east":{"uv":[3.25,0,3.5,4.875],"texture":"#1"},"south":{"uv":[3.5,0,3.75,4.875],"texture":"#1"},"west":{"uv":[3.75,0,4,4.875],"texture":"#1"},"up":{"uv":[8,1.25,7.75,1],"texture":"#1"},"down":{"uv":[1.5,7.75,1.25,8],"texture":"#1"}}},{"from":[7.25,-15,7.25],"to":[8.75,-4,8.75],"rotation":{"angle":0,"axis":"y","origin":[8,-4.5,8]},"faces":{"north":{"uv":[4.25,0,4.625,2.75],"texture":"#1"},"east":{"uv":[4.25,2.75,4.625,5.5],"texture":"#1"},"south":{"uv":[4.75,0,5.125,2.75],"texture":"#1"},"west":{"uv":[4.75,2.75,5.125,5.5],"texture":"#1"},"up":{"uv":[7.625,3.625,7.25,3.25],"texture":"#1"},"down":{"uv":[7.625,3.75,7.25,4.125],"texture":"#1"}}},{"from":[7.5,-4.46447,7.25],"to":[8.5,11.03553,8.75],"rotation":{"angle":0,"axis":"z","origin":[9.36872,-6.41529,7.5]},"faces":{"north":{"uv":[2.25,4,2.5,7.875],"texture":"#1"},"east":{"uv":[1.5,0,1.875,3.875],"texture":"#1"},"south":{"uv":[3,5,3.25,8.875],"texture":"#1"},"west":{"uv":[2,0,2.375,3.875],"texture":"#1"},"up":{"uv":[0.5,8.125,0.25,7.75],"texture":"#1"},"down":{"uv":[0.75,7.75,0.5,8.125],"texture":"#1"}}},{"from":[8.9948,7.78033,7.251],"to":[9.7019,8.48743,8.749],"rotation":{"angle":45,"axis":"z","origin":[5.17157,7.9571,8.001]},"faces":{"north":{"uv":[2.5,8,2.625,8.125],"texture":"#1"},"east":{"uv":[7.75,2.75,8.125,2.875],"texture":"#1"},"south":{"uv":[8,2.5,8.125,2.625],"texture":"#1"},"west":{"uv":[4.75,7.75,5.125,7.875],"texture":"#1"},"up":{"uv":[7.875,5.125,7.75,4.75],"texture":"#1"},"down":{"uv":[5.375,7.75,5.25,8.125],"texture":"#1"}}}],"gui_light":"front","display":{"thirdperson_righthand":{"rotation":[0,90,0],"translation":[0,12.25,0.75],"scale":[0.83203,0.83203,0.83203]},"thirdperson_lefthand":{"rotation":[0,90,0],"translation":[0,12.25,0.75],"scale":[0.83203,0.83203,0.83203]},"firstperson_righthand":{"rotation":[-12,90,0],"translation":[1,8.25,0],"scale":[0.56055,0.56055,0.56055]},"firstperson_lefthand":{"rotation":[-12,90,0],"translation":[1,8.25,0],"scale":[0.56055,0.56055,0.56055]},"ground":{"rotation":[-80,0,0],"translation":[-0.25,0,-0.75],"scale":[0.53711,0.53711,0.53711]},"gui":{"rotation":[0,0,-45],"translation":[1.25,1.25,0],"scale":[0.47969,0.47969,0.47969]},"head":{"translation":[0,33,0]},"fixed":{"translation":[0,5.75,-1.75],"scale":[1.19726,1.19726,1.19726]}}}