{"credit":"Made by LZLeon with Blockbench, Contact - Discord: LZBlocks#0261 - E-Mail: lzblocks@outlook.com","texture_size":[64,64],"textures":{"0":"lzfurniture:furniture/medieval_market/medieval_market_chair","particle":"lzfurniture:furniture/medieval_market/medieval_market_chair"},"elements":[{"name":"Element","from":[1,19,3.5],"to":[15,23.5,4.5],"faces":{"north":{"uv":[0.25,4.25,3.75,5.25],"texture":"#0"},"east":{"uv":[0,4.25,0.25,5.25],"texture":"#0"},"south":{"uv":[4,4.25,7.5,5.25],"texture":"#0"},"west":{"uv":[3.75,4.25,4,5.25],"texture":"#0"},"up":{"uv":[3.75,4.25,0.25,4],"texture":"#0"},"down":{"uv":[7.25,4,3.75,4.25],"texture":"#0"}}},{"name":"Element","from":[1,14,3.5],"to":[15,18.5,4.5],"faces":{"north":{"uv":[0.25,4.25,3.75,5.25],"texture":"#0"},"east":{"uv":[0,4.25,0.25,5.25],"texture":"#0"},"south":{"uv":[4,4.25,7.5,5.25],"texture":"#0"},"west":{"uv":[3.75,4.25,4,5.25],"texture":"#0"},"up":{"uv":[3.75,4.25,0.25,4],"texture":"#0"},"down":{"uv":[7.25,4,3.75,4.25],"texture":"#0"}}},{"name":"Element","from":[1.5,0,12.5],"to":[3.5,8,14.5],"faces":{"north":{"uv":[0.5,0.5,1,2.5],"texture":"#0"},"east":{"uv":[0,0.5,0.5,2.5],"texture":"#0"},"south":{"uv":[1.5,0.5,2,2.5],"texture":"#0"},"west":{"uv":[1,0.5,1.5,2.5],"texture":"#0"},"up":{"uv":[1,0.5,0.5,0],"texture":"#0"},"down":{"uv":[1.5,0,1,0.5],"texture":"#0"}}},{"name":"Element","from":[1.5,0,1.5],"to":[3.5,24,3.5],"faces":{"north":{"uv":[0.5,5.75,1,11.75],"texture":"#0"},"east":{"uv":[0,5.75,0.5,11.75],"texture":"#0"},"south":{"uv":[1.5,5.75,2,11.75],"texture":"#0"},"west":{"uv":[1,5.75,1.5,11.75],"texture":"#0"},"up":{"uv":[1,5.75,0.5,5.25],"texture":"#0"},"down":{"uv":[1.5,5.25,1,5.75],"texture":"#0"}}},{"name":"Element","from":[12.5,0,12.5],"to":[14.5,8,14.5],"shade":false,"rotation":{"angle":0,"axis":"y","origin":[16,0,0]},"faces":{"north":{"uv":[1,0.5,0.5,2.5],"texture":"#0"},"east":{"uv":[1.5,0.5,1,2.5],"texture":"#0"},"south":{"uv":[2,0.5,1.5,2.5],"texture":"#0"},"west":{"uv":[0.5,0.5,0,2.5],"texture":"#0"},"up":{"uv":[0.5,0.5,1,0],"texture":"#0"},"down":{"uv":[1,0,1.5,0.5],"texture":"#0"}}},{"name":"Element","from":[12.5,0,1.5],"to":[14.5,24,3.5],"shade":false,"rotation":{"angle":0,"axis":"y","origin":[16,0,0]},"faces":{"north":{"uv":[1,5.75,0.5,11.75],"texture":"#0"},"east":{"uv":[1.5,5.75,1,11.75],"texture":"#0"},"south":{"uv":[2,5.75,1.5,11.75],"texture":"#0"},"west":{"uv":[0.5,5.75,0,11.75],"texture":"#0"},"up":{"uv":[0.5,5.75,1,5.25],"texture":"#0"},"down":{"uv":[1,5.25,1.5,5.75],"texture":"#0"}}},{"name":"Element","from":[1,8,1],"to":[15,10,15],"faces":{"north":{"uv":[3.5,3.5,7,4],"texture":"#0"},"east":{"uv":[0,3.5,3.5,4],"texture":"#0"},"south":{"uv":[10.5,3.5,14,4],"texture":"#0"},"west":{"uv":[7,3.5,10.5,4],"texture":"#0"},"up":{"uv":[7,3.5,3.5,0],"texture":"#0"},"down":{"uv":[10.5,0,7,3.5],"texture":"#0"}}}],"display":{"thirdperson_righthand":{"rotation":[60,-160,0],"translation":[0.25,4.75,0],"scale":[0.6,0.6,0.6]},"thirdperson_lefthand":{"rotation":[60,-160,0],"translation":[0.25,4.75,0],"scale":[0.6,0.6,0.6]},"firstperson_righthand":{"rotation":[0,-73,6],"translation":[0.75,0.25,0],"scale":[0.4,0.4,0.4]},"firstperson_lefthand":{"rotation":[0,-73,6],"translation":[0.75,0.25,0],"scale":[0.4,0.4,0.4]},"ground":{"translation":[0,1.5,0],"scale":[0.35,0.35,0.35]},"gui":{"rotation":[30,-40,0],"translation":[0,-1.75,0],"scale":[0.5,0.5,0.5]},"head":{"translation":[0,-30.4,0],"scale":[1.6,1.6,1.6]},"fixed":{"rotation":[-90,-180,0],"translation":[0,0,-15],"scale":[2,2,2]}}}