{"textures":{"0":"modelengine:entity/nocsy_skeleton_archer_end"},"elements":[{"from":[7.8285713,10.514286,3.0122414],"to":[8.171429,11.428572,3.3550978],"rotation":{"angle":0.0,"axis":"y","origin":[8.0,9.828571,3.5265265]},"faces":{"east":{"uv":[7.875,2.625,8.0,2.875],"rotation":0,"texture":"#0","tintindex":0},"south":{"uv":[2.875,7.875,3.0,8.125],"rotation":0,"texture":"#0","tintindex":0},"north":{"uv":[0.625,7.875,0.75,8.125],"rotation":0,"texture":"#0","tintindex":0},"west":{"uv":[3.0,7.875,3.125,8.125],"rotation":0,"texture":"#0","tintindex":0},"up":{"uv":[2.25,8.5,2.125,8.375],"rotation":0,"texture":"#0","tintindex":0},"down":{"uv":[2.375,8.375,2.25,8.5],"rotation":0,"texture":"#0","tintindex":0}}},{"from":[7.9428573,10.4,3.2979555],"to":[7.9428573,11.542857,12.669384],"rotation":{"angle":0.0,"axis":"y","origin":[8.0,9.828571,3.5265265]},"faces":{"east":{"uv":[1.0,1.0,3.0625,1.25],"rotation":0,"texture":"#0","tintindex":0},"south":{"uv":[0.0,0.0,0.0,0.25],"rotation":0,"texture":"#0","tintindex":0},"north":{"uv":[0.0,0.0,0.0,0.25],"rotation":0,"texture":"#0","tintindex":0},"west":{"uv":[1.0,1.25,3.0625,1.5],"rotation":0,"texture":"#0","tintindex":0},"up":{"uv":[0.0,2.0625,0.0,0.0],"rotation":0,"texture":"#0","tintindex":0},"down":{"uv":[0.0,0.0,0.0,2.0625],"rotation":0,"texture":"#0","tintindex":0}}},{"from":[7.7714286,9.049913,3.4130578],"to":[8.228572,11.221342,3.8702006],"rotation":{"angle":-22.5,"axis":"x","origin":[8.0,9.69277,4.355915]},"faces":{"east":{"uv":[6.375,6.75,6.5,7.25],"rotation":0,"texture":"#0","tintindex":0},"south":{"uv":[6.75,6.625,6.875,7.125],"rotation":0,"texture":"#0","tintindex":0},"north":{"uv":[6.75,6.125,6.875,6.625],"rotation":0,"texture":"#0","tintindex":0},"west":{"uv":[0.25,6.875,0.375,7.375],"rotation":0,"texture":"#0","tintindex":0},"up":{"uv":[2.5,8.5,2.375,8.375],"rotation":0,"texture":"#0","tintindex":0},"down":{"uv":[8.5,2.375,8.375,2.5],"rotation":0,"texture":"#0","tintindex":0}}},{"from":[7.714286,8.189242,3.4184608],"to":[8.285714,8.760671,5.132746],"rotation":{"angle":45.0,"axis":"x","origin":[8.0,8.160671,4.247032]},"faces":{"east":{"uv":[7.0,1.75,7.375,1.875],"rotation":0,"texture":"#0","tintindex":0},"south":{"uv":[2.625,8.375,2.75,8.5],"rotation":0,"texture":"#0","tintindex":0},"north":{"uv":[2.5,8.375,2.625,8.5],"rotation":0,"texture":"#0","tintindex":0},"west":{"uv":[7.0,2.25,7.375,2.375],"rotation":0,"texture":"#0","tintindex":0},"up":{"uv":[2.875,7.375,2.75,7.0],"rotation":0,"texture":"#0","tintindex":0},"down":{"uv":[4.125,7.0,4.0,7.375],"rotation":0,"texture":"#0","tintindex":0}}},{"from":[7.7085714,7.560898,4.88812],"to":[8.291429,8.143755,11.185264],"rotation":{"angle":0.0,"axis":"y","origin":[7.0651426,14.514612,8.18755]},"faces":{"east":{"uv":[4.625,1.0,6.0,1.125],"rotation":0,"texture":"#0","tintindex":0},"south":{"uv":[2.75,8.375,2.875,8.5],"rotation":0,"texture":"#0","tintindex":0},"north":{"uv":[8.375,2.625,8.5,2.75],"rotation":0,"texture":"#0","tintindex":0},"west":{"uv":[4.75,1.125,6.125,1.25],"rotation":0,"texture":"#0","tintindex":0},"up":{"uv":[3.875,6.0,3.75,4.625],"rotation":0,"texture":"#0","tintindex":0},"down":{"uv":[4.0,4.625,3.875,6.0],"rotation":0,"texture":"#0","tintindex":0}}},{"from":[7.6571426,7.3380404,6.3224063],"to":[8.342857,8.309469,9.865263],"rotation":{"angle":0.0,"axis":"y","origin":[7.0651426,14.514612,8.18755]},"faces":{"east":{"uv":[1.875,5.125,2.625,5.3125],"rotation":0,"texture":"#0","tintindex":0},"south":{"uv":[4.75,8.125,4.875,8.3125],"rotation":0,"texture":"#0","tintindex":0},"north":{"uv":[4.625,8.125,4.75,8.3125],"rotation":0,"texture":"#0","tintindex":0},"west":{"uv":[4.25,5.125,5.0,5.3125],"rotation":0,"texture":"#0","tintindex":0},"up":{"uv":[6.375,4.75,6.25,4.0],"rotation":0,"texture":"#0","tintindex":0},"down":{"uv":[4.25,6.25,4.125,7.0],"rotation":0,"texture":"#0","tintindex":0}}},{"from":[7.714286,8.189242,10.850924],"to":[8.285714,8.760671,12.565209],"rotation":{"angle":-45.0,"axis":"x","origin":[8.0,8.160671,11.736638]},"faces":{"east":{"uv":[7.0,2.875,7.375,3.0],"rotation":0,"texture":"#0","tintindex":0},"south":{"uv":[2.875,8.375,3.0,8.5],"rotation":0,"texture":"#0","tintindex":0},"north":{"uv":[8.375,2.75,8.5,2.875],"rotation":0,"texture":"#0","tintindex":0},"west":{"uv":[7.0,3.375,7.375,3.5],"rotation":0,"texture":"#0","tintindex":0},"up":{"uv":[4.25,7.375,4.125,7.0],"rotation":0,"texture":"#0","tintindex":0},"down":{"uv":[7.125,4.125,7.0,4.5],"rotation":0,"texture":"#0","tintindex":0}}},{"from":[7.7714286,9.049913,12.113469],"to":[8.228572,11.221342,12.570612],"rotation":{"angle":22.5,"axis":"x","origin":[8.0,9.69277,11.627755]},"faces":{"east":{"uv":[0.5,6.875,0.625,7.375],"rotation":0,"texture":"#0","tintindex":0},"south":{"uv":[0.625,6.875,0.75,7.375],"rotation":0,"texture":"#0","tintindex":0},"north":{"uv":[0.375,6.875,0.5,7.375],"rotation":0,"texture":"#0","tintindex":0},"west":{"uv":[0.75,6.875,0.875,7.375],"rotation":0,"texture":"#0","tintindex":0},"up":{"uv":[8.5,3.0,8.375,2.875],"rotation":0,"texture":"#0","tintindex":0},"down":{"uv":[3.125,8.375,3.0,8.5],"rotation":0,"texture":"#0","tintindex":0}}},{"from":[7.8285713,10.514286,12.628572],"to":[8.171429,11.428572,12.971429],"rotation":{"angle":0.0,"axis":"y","origin":[8.0,9.828571,12.457144]},"faces":{"east":{"uv":[3.25,7.875,3.375,8.125],"rotation":0,"texture":"#0","tintindex":0},"south":{"uv":[3.375,7.875,3.5,8.125],"rotation":0,"texture":"#0","tintindex":0},"north":{"uv":[3.125,7.875,3.25,8.125],"rotation":0,"texture":"#0","tintindex":0},"west":{"uv":[3.5,7.875,3.625,8.125],"rotation":0,"texture":"#0","tintindex":0},"up":{"uv":[8.5,3.125,8.375,3.0],"rotation":0,"texture":"#0","tintindex":0},"down":{"uv":[3.25,8.375,3.125,8.5],"rotation":0,"texture":"#0","tintindex":0}}}],"display":{"head":{"translation":[0.0,-6.4,0.0],"scale":[4.0,4.0,4.0]}}}