{"textures":{"0":"modelengine:entity/nocsy_skeleton_warrior"},"elements":[{"from":[7.202857,6.92,7.897143],"to":[8.797143,8.462857,8.411428],"rotation":{"angle":0.0,"axis":"y","origin":[6.482857,11.857143,6.8685713]},"faces":{"east":{"uv":[3.75,6.625,3.875,6.9375],"rotation":0,"texture":"#0","tintindex":0},"south":{"uv":[5.125,1.75,5.5,2.0625],"rotation":0,"texture":"#0","tintindex":0},"north":{"uv":[5.125,1.375,5.5,1.6875],"rotation":0,"texture":"#0","tintindex":0},"west":{"uv":[3.875,6.625,4.0,6.9375],"rotation":0,"texture":"#0","tintindex":0},"up":{"uv":[6.75,0.125,6.375,0.0],"rotation":0,"texture":"#0","tintindex":0},"down":{"uv":[6.75,0.125,6.375,0.25],"rotation":0,"texture":"#0","tintindex":0}}},{"from":[6.1691427,6.914857,8.097714],"to":[7.4651427,8.468,8.673715],"rotation":{"angle":-22.5,"axis":"y","origin":[8.0,8.205714,7.897143]},"faces":{"east":{"uv":[4.0,6.625,4.125,6.9375],"rotation":0,"texture":"#0","tintindex":0},"south":{"uv":[5.875,1.375,6.125,1.6875],"rotation":0,"texture":"#0","tintindex":0},"north":{"uv":[5.5,3.375,5.75,3.6875],"rotation":0,"texture":"#0","tintindex":0},"west":{"uv":[4.125,6.625,4.25,6.9375],"rotation":0,"texture":"#0","tintindex":0},"up":{"uv":[2.375,7.375,2.125,7.25],"rotation":0,"texture":"#0","tintindex":0},"down":{"uv":[7.5,2.125,7.25,2.25],"rotation":0,"texture":"#0","tintindex":0}}},{"from":[6.1794286,6.925143,7.0794287],"to":[6.734857,8.457714,8.6119995],"rotation":{"angle":-22.5,"axis":"y","origin":[8.0,8.205714,7.897143]},"faces":{"east":{"uv":[5.25,2.25,5.5625,2.5625],"rotation":0,"texture":"#0","tintindex":0},"south":{"uv":[4.375,6.625,4.5,6.9375],"rotation":0,"texture":"#0","tintindex":0},"north":{"uv":[4.25,6.625,4.375,6.9375],"rotation":0,"texture":"#0","tintindex":0},"west":{"uv":[5.375,0.875,5.6875,1.1875],"rotation":0,"texture":"#0","tintindex":0},"up":{"uv":[4.625,6.9375,4.5,6.625],"rotation":0,"texture":"#0","tintindex":0},"down":{"uv":[4.75,6.625,4.625,6.9375],"rotation":0,"texture":"#0","tintindex":0}}},{"from":[8.534857,6.914857,8.097714],"to":[9.830857,8.468,8.673715],"rotation":{"angle":22.5,"axis":"y","origin":[8.0,8.205714,7.897143]},"faces":{"east":{"uv":[4.75,6.625,4.875,6.9375],"rotation":0,"texture":"#0","tintindex":0},"south":{"uv":[5.875,3.0,6.125,3.3125],"rotation":0,"texture":"#0","tintindex":0},"north":{"uv":[5.875,2.625,6.125,2.9375],"rotation":0,"texture":"#0","tintindex":0},"west":{"uv":[4.875,6.625,5.0,6.9375],"rotation":0,"texture":"#0","tintindex":0},"up":{"uv":[7.5,2.375,7.25,2.25],"rotation":0,"texture":"#0","tintindex":0},"down":{"uv":[2.625,7.25,2.375,7.375],"rotation":0,"texture":"#0","tintindex":0}}},{"from":[9.265142,6.925143,7.0794287],"to":[9.820572,8.457714,8.6119995],"rotation":{"angle":22.5,"axis":"y","origin":[8.0,8.205714,7.897143]},"faces":{"east":{"uv":[1.375,5.375,1.6875,5.6875],"rotation":0,"texture":"#0","tintindex":0},"south":{"uv":[5.125,6.625,5.25,6.9375],"rotation":0,"texture":"#0","tintindex":0},"north":{"uv":[5.0,6.625,5.125,6.9375],"rotation":0,"texture":"#0","tintindex":0},"west":{"uv":[1.75,5.375,2.0625,5.6875],"rotation":0,"texture":"#0","tintindex":0},"up":{"uv":[5.375,6.9375,5.25,6.625],"rotation":0,"texture":"#0","tintindex":0},"down":{"uv":[5.5,6.625,5.375,6.9375],"rotation":0,"texture":"#0","tintindex":0}}},{"from":[8.627522,7.336571,6.0624223],"to":[9.182951,8.149143,7.183565],"rotation":{"angle":45.0,"axis":"y","origin":[8.80238,7.4857144,6.3401365]},"faces":{"east":{"uv":[5.25,6.25,5.5,6.4375],"rotation":0,"texture":"#0","tintindex":0},"south":{"uv":[0.25,7.375,0.375,7.5625],"rotation":0,"texture":"#0","tintindex":0},"north":{"uv":[5.625,7.25,5.75,7.4375],"rotation":0,"texture":"#0","tintindex":0},"west":{"uv":[0.375,6.375,0.625,6.5625],"rotation":0,"texture":"#0","tintindex":0},"up":{"uv":[7.375,2.625,7.25,2.375],"rotation":0,"texture":"#0","tintindex":0},"down":{"uv":[2.75,7.25,2.625,7.5],"rotation":0,"texture":"#0","tintindex":0}}},{"from":[8.833237,7.130857,5.8052797],"to":[9.182951,7.532,6.7721367],"rotation":{"angle":22.5,"axis":"y","origin":[8.80238,7.4857144,6.3401365]},"faces":{"east":{"uv":[7.875,1.75,8.0625,1.8125],"rotation":0,"texture":"#0","tintindex":0},"south":{"uv":[1.875,8.125,1.9375,8.1875],"rotation":0,"texture":"#0","tintindex":0},"north":{"uv":[8.125,1.75,8.1875,1.8125],"rotation":0,"texture":"#0","tintindex":0},"west":{"uv":[7.875,1.875,8.0625,1.9375],"rotation":0,"texture":"#0","tintindex":0},"up":{"uv":[1.9375,8.0625,1.875,7.875],"rotation":0,"texture":"#0","tintindex":0},"down":{"uv":[2.1875,7.875,2.125,8.0625],"rotation":0,"texture":"#0","tintindex":0}}},{"from":[6.8170485,7.336571,6.0624223],"to":[7.372477,8.149143,7.183565],"rotation":{"angle":-45.0,"axis":"y","origin":[7.19762,7.4857144,6.3401365]},"faces":{"east":{"uv":[0.625,6.375,0.875,6.5625],"rotation":0,"texture":"#0","tintindex":0},"south":{"uv":[1.75,7.375,1.875,7.5625],"rotation":0,"texture":"#0","tintindex":0},"north":{"uv":[0.875,7.375,1.0,7.5625],"rotation":0,"texture":"#0","tintindex":0},"west":{"uv":[6.375,0.75,6.625,0.9375],"rotation":0,"texture":"#0","tintindex":0},"up":{"uv":[7.375,2.875,7.25,2.625],"rotation":0,"texture":"#0","tintindex":0},"down":{"uv":[2.875,7.25,2.75,7.5],"rotation":0,"texture":"#0","tintindex":0}}},{"from":[6.8170485,7.130857,5.8052797],"to":[7.166763,7.532,6.7721367],"rotation":{"angle":-22.5,"axis":"y","origin":[7.19762,7.4857144,6.3401365]},"faces":{"east":{"uv":[7.875,2.0,8.0625,2.0625],"rotation":0,"texture":"#0","tintindex":0},"south":{"uv":[2.0,8.125,2.0625,8.1875],"rotation":0,"texture":"#0","tintindex":0},"north":{"uv":[8.125,1.875,8.1875,1.9375],"rotation":0,"texture":"#0","tintindex":0},"west":{"uv":[2.25,7.875,2.4375,7.9375],"rotation":0,"texture":"#0","tintindex":0},"up":{"uv":[7.9375,2.5625,7.875,2.375],"rotation":0,"texture":"#0","tintindex":0},"down":{"uv":[2.6875,7.875,2.625,8.0625],"rotation":0,"texture":"#0","tintindex":0}}}],"display":{"head":{"translation":[0.0,-6.4,0.0],"scale":[4.0,4.0,4.0]}}}