{"textures":{"0":"modelengine:entity/nocsy_skeleton_warrior"},"elements":[{"from":[7.8292847,3.7959032,7.7281866],"to":[8.456713,8.331903,8.304187],"rotation":{"angle":0.0,"axis":"y","origin":[7.9401493,7.9937415,7.885253]},"faces":{"east":{"uv":[2.875,5.0,3.0,6.0],"rotation":0,"texture":"#0","tintindex":0},"south":{"uv":[3.0,5.0,3.125,6.0],"rotation":0,"texture":"#0","tintindex":0},"north":{"uv":[2.75,5.0,2.875,6.0],"rotation":0,"texture":"#0","tintindex":0},"west":{"uv":[4.625,5.0,4.75,6.0],"rotation":0,"texture":"#0","tintindex":0},"up":{"uv":[2.75,7.875,2.625,7.75],"rotation":0,"texture":"#0","tintindex":0},"down":{"uv":[7.875,2.625,7.75,2.75],"rotation":0,"texture":"#0","tintindex":0}}},{"from":[7.009474,3.9257102,7.798141],"to":[7.9454737,4.8617105,8.734141],"rotation":{"angle":-45.0,"axis":"z","origin":[8.050151,3.5354538,8.045218]},"faces":{"east":{"uv":[6.5,6.75,6.6875,6.9375],"rotation":0,"texture":"#0","tintindex":0},"south":{"uv":[6.75,6.625,6.9375,6.8125],"rotation":0,"texture":"#0","tintindex":0},"north":{"uv":[6.25,6.75,6.4375,6.9375],"rotation":0,"texture":"#0","tintindex":0},"west":{"uv":[0.25,6.875,0.4375,7.0625],"rotation":0,"texture":"#0","tintindex":0},"up":{"uv":[0.6875,7.0625,0.5,6.875],"rotation":0,"texture":"#0","tintindex":0},"down":{"uv":[0.9375,6.875,0.75,7.0625],"rotation":0,"texture":"#0","tintindex":0}}}],"display":{"head":{"translation":[0.0,-6.4,0.0],"scale":[4.0,4.0,4.0]}}}