{"textures":{"0":"modelengine:entity/nocsy_skeleton_warrior"},"elements":[{"from":[7.848898,5.325714,7.5419946],"to":[8.414612,8.411428,8.313423],"rotation":{"angle":0.0,"axis":"y","origin":[8.0858965,8.434226,7.7904315]},"faces":{"east":{"uv":[0.0,4.875,0.1875,5.5625],"rotation":0,"texture":"#0","tintindex":0},"south":{"uv":[0.375,5.625,0.5,6.3125],"rotation":0,"texture":"#0","tintindex":0},"north":{"uv":[0.25,5.625,0.375,6.3125],"rotation":0,"texture":"#0","tintindex":0},"west":{"uv":[0.25,4.875,0.4375,5.5625],"rotation":0,"texture":"#0","tintindex":0},"up":{"uv":[2.625,7.6875,2.5,7.5],"rotation":0,"texture":"#0","tintindex":0},"down":{"uv":[7.625,2.5,7.5,2.6875],"rotation":0,"texture":"#0","tintindex":0}}},{"from":[8.110629,5.018076,7.675112],"to":[8.943772,5.851219,8.456826],"rotation":{"angle":45.0,"axis":"z","origin":[7.9260406,5.1457143,7.927709]},"faces":{"east":{"uv":[4.5,7.0,4.6875,7.1875],"rotation":0,"texture":"#0","tintindex":0},"south":{"uv":[7.0,4.5,7.1875,4.6875],"rotation":0,"texture":"#0","tintindex":0},"north":{"uv":[4.25,7.0,4.4375,7.1875],"rotation":0,"texture":"#0","tintindex":0},"west":{"uv":[4.75,7.0,4.9375,7.1875],"rotation":0,"texture":"#0","tintindex":0},"up":{"uv":[5.1875,7.1875,5.0,7.0],"rotation":0,"texture":"#0","tintindex":0},"down":{"uv":[7.1875,5.0,7.0,5.1875],"rotation":0,"texture":"#0","tintindex":0}}}],"display":{"head":{"translation":[0.0,-6.4,0.0],"scale":[4.0,4.0,4.0]}}}