{"textures":{"0":"modelengine:entity/texture"},"elements":[{"from":[6.285714,7.428571,7.428571],"to":[9.714286,9.142858,9.142858],"rotation":{"angle":0.0,"axis":"y","origin":[8.0,-0.57142925,9.714286]},"faces":{"east":{"uv":[5.5,10.0,4.0,11.5],"rotation":0,"texture":"#0","tintindex":0},"south":{"uv":[13.5,8.0,14.0,8.5],"rotation":0,"texture":"#0","tintindex":0},"north":{"uv":[5.5,10.0,8.5,11.5],"rotation":0,"texture":"#0","tintindex":0},"west":{"uv":[4.0,10.0,5.5,11.5],"rotation":0,"texture":"#0","tintindex":0},"up":{"uv":[0.0,0.0,3.0,1.5],"rotation":0,"texture":"#0","tintindex":0},"down":{"uv":[11.0,6.0,14.0,7.5],"rotation":0,"texture":"#0","tintindex":0}}},{"from":[6.285714,6.285714,5.714286],"to":[9.714286,7.428571,8.571428],"rotation":{"angle":0.0,"axis":"y","origin":[8.0,-0.57142925,9.714286]},"faces":{"east":{"uv":[11.5,15.0,9.0,16.0],"rotation":0,"texture":"#0","tintindex":0},"south":{"uv":[10.5,7.5,13.5,8.5],"rotation":0,"texture":"#0","tintindex":0},"north":{"uv":[6.0,15.0,9.0,16.0],"rotation":0,"texture":"#0","tintindex":0},"west":{"uv":[9.0,15.0,11.5,16.0],"rotation":0,"texture":"#0","tintindex":0},"up":{"uv":[6.0,12.5,9.0,15.0],"rotation":0,"texture":"#0","tintindex":0},"down":{"uv":[9.0,12.5,12.0,15.0],"rotation":0,"texture":"#0","tintindex":0}}}],"display":{"head":{"translation":[0.0,-6.4,0.0],"scale":[4.0,4.0,4.0]}}}