{"textures":{"0":"modelengine:entity/texture"},"elements":[{"from":[5.714286,13.142858,6.857143],"to":[10.285714,13.16,10.857143],"rotation":{"angle":0.0,"axis":"y","origin":[8.0,8.0,8.0]},"faces":{"east":{"uv":[14.0,11.25,14.5,11.75],"rotation":0,"texture":"#0","tintindex":0},"south":{"uv":[14.0,11.25,14.5,11.75],"rotation":0,"texture":"#0","tintindex":0},"north":{"uv":[14.5,12.0,15.0,12.5],"rotation":0,"texture":"#0","tintindex":0},"west":{"uv":[14.0,11.25,14.5,11.75],"rotation":0,"texture":"#0","tintindex":0},"up":{"uv":[12.5,0.0,16.0,4.5],"rotation":90,"texture":"#0","tintindex":0},"down":{"uv":[12.5,4.5,16.0,0.0],"rotation":270,"texture":"#0","tintindex":0}}},{"from":[3.157215,11.610297,6.857143],"to":[6.5857863,11.6274395,10.857143],"rotation":{"angle":45.0,"axis":"z","origin":[4.300072,11.324583,8.857143]},"faces":{"east":{"uv":[14.0,11.25,14.5,11.75],"rotation":0,"texture":"#0","tintindex":0},"south":{"uv":[14.0,11.25,14.5,11.75],"rotation":0,"texture":"#0","tintindex":0},"north":{"uv":[14.0,11.25,14.5,11.75],"rotation":0,"texture":"#0","tintindex":0},"west":{"uv":[14.0,11.25,14.5,11.75],"rotation":0,"texture":"#0","tintindex":0},"up":{"uv":[4.5,3.0,7.5,6.5],"rotation":0,"texture":"#0","tintindex":0},"down":{"uv":[4.5,6.5,7.5,3.0],"rotation":0,"texture":"#0","tintindex":0}}},{"from":[5.714286,3.151268,6.857143],"to":[10.285714,3.1684103,10.857143],"rotation":{"angle":0.0,"axis":"y","origin":[8.0,8.294125,8.0]},"faces":{"east":{"uv":[14.0,11.25,14.5,11.75],"rotation":0,"texture":"#0","tintindex":0},"south":{"uv":[14.0,11.25,14.5,11.75],"rotation":0,"texture":"#0","tintindex":0},"north":{"uv":[14.0,11.25,14.5,11.75],"rotation":0,"texture":"#0","tintindex":0},"west":{"uv":[14.0,11.25,14.5,11.75],"rotation":0,"texture":"#0","tintindex":0},"up":{"uv":[16.0,0.0,12.5,4.5],"rotation":90,"texture":"#0","tintindex":0},"down":{"uv":[12.5,0.0,16.0,4.5],"rotation":90,"texture":"#0","tintindex":0}}},{"from":[3.157215,4.683828,6.857143],"to":[6.5857863,4.7009706,10.857143],"rotation":{"angle":-45.0,"axis":"z","origin":[4.300072,4.9695425,8.857143]},"faces":{"east":{"uv":[14.0,11.25,14.5,11.75],"rotation":0,"texture":"#0","tintindex":0},"south":{"uv":[14.0,11.25,14.5,11.75],"rotation":0,"texture":"#0","tintindex":0},"north":{"uv":[14.0,11.25,14.5,11.75],"rotation":0,"texture":"#0","tintindex":0},"west":{"uv":[14.0,11.25,14.5,11.75],"rotation":0,"texture":"#0","tintindex":0},"up":{"uv":[4.5,6.5,7.5,3.0],"rotation":0,"texture":"#0","tintindex":0},"down":{"uv":[4.5,3.0,7.5,6.5],"rotation":0,"texture":"#0","tintindex":0}}},{"from":[3.2899194,5.575634,6.857143],"to":[3.3070621,10.718492,10.857143],"rotation":{"angle":0.0,"axis":"y","origin":[8.004206,7.861348,8.0]},"faces":{"east":{"uv":[16.0,0.0,12.5,4.5],"rotation":0,"texture":"#0","tintindex":0},"south":{"uv":[14.0,11.25,14.5,11.75],"rotation":0,"texture":"#0","tintindex":0},"north":{"uv":[14.0,11.25,14.5,11.75],"rotation":0,"texture":"#0","tintindex":0},"west":{"uv":[12.5,0.0,16.0,4.5],"rotation":0,"texture":"#0","tintindex":0},"up":{"uv":[14.0,11.25,14.5,11.75],"rotation":0,"texture":"#0","tintindex":0},"down":{"uv":[14.0,11.25,14.5,11.75],"rotation":0,"texture":"#0","tintindex":0}}},{"from":[12.692938,5.575634,6.857143],"to":[12.710081,10.718492,10.857143],"rotation":{"angle":0.0,"axis":"y","origin":[7.995795,7.861348,8.0]},"faces":{"east":{"uv":[12.5,0.0,16.0,4.5],"rotation":0,"texture":"#0","tintindex":0},"south":{"uv":[14.5,11.25,14.0,11.75],"rotation":0,"texture":"#0","tintindex":0},"north":{"uv":[14.5,11.25,14.0,11.75],"rotation":0,"texture":"#0","tintindex":0},"west":{"uv":[16.0,0.0,12.5,4.5],"rotation":0,"texture":"#0","tintindex":0},"up":{"uv":[14.5,11.25,14.0,11.75],"rotation":0,"texture":"#0","tintindex":0},"down":{"uv":[14.5,11.25,14.0,11.75],"rotation":0,"texture":"#0","tintindex":0}}},{"from":[9.414213,4.683828,6.857143],"to":[12.842785,4.7009706,10.857143],"rotation":{"angle":45.0,"axis":"z","origin":[11.699928,4.9695425,8.857143]},"faces":{"east":{"uv":[14.5,11.25,14.0,11.75],"rotation":0,"texture":"#0","tintindex":0},"south":{"uv":[14.5,11.25,14.0,11.75],"rotation":0,"texture":"#0","tintindex":0},"north":{"uv":[14.5,11.25,14.0,11.75],"rotation":0,"texture":"#0","tintindex":0},"west":{"uv":[14.5,11.25,14.0,11.75],"rotation":0,"texture":"#0","tintindex":0},"up":{"uv":[4.5,6.5,7.5,3.0],"rotation":0,"texture":"#0","tintindex":0},"down":{"uv":[4.5,3.0,7.5,6.5],"rotation":0,"texture":"#0","tintindex":0}}},{"from":[9.414213,11.610297,6.857143],"to":[12.842785,11.6274395,10.857143],"rotation":{"angle":-45.0,"axis":"z","origin":[11.699928,11.324583,8.857143]},"faces":{"east":{"uv":[14.5,11.25,14.0,11.75],"rotation":0,"texture":"#0","tintindex":0},"south":{"uv":[14.5,11.25,14.0,11.75],"rotation":0,"texture":"#0","tintindex":0},"north":{"uv":[14.5,11.25,14.0,11.75],"rotation":0,"texture":"#0","tintindex":0},"west":{"uv":[14.5,11.25,14.0,11.75],"rotation":0,"texture":"#0","tintindex":0},"up":{"uv":[4.5,3.0,7.5,6.5],"rotation":0,"texture":"#0","tintindex":0},"down":{"uv":[4.5,6.5,7.5,3.0],"rotation":0,"texture":"#0","tintindex":0}}}],"display":{"head":{"translation":[0.0,-6.4,0.0],"scale":[4.0,4.0,4.0]}}}