{"textures":{"0":"modelengine:entity/texture"},"elements":[{"from":[8.0,8.571428,9.142858],"to":[13.142858,13.714286,9.16],"rotation":{"angle":0.0,"axis":"y","origin":[8.0,8.0,8.0]},"faces":{"east":{"uv":[14.0,11.25,14.5,11.75],"rotation":0,"texture":"#0","tintindex":0},"south":{"uv":[12.5,0.0,8.0,4.5],"rotation":0,"texture":"#0","tintindex":0},"north":{"uv":[8.0,0.0,12.5,4.5],"rotation":0,"texture":"#0","tintindex":0},"west":{"uv":[14.0,11.25,14.5,11.75],"rotation":0,"texture":"#0","tintindex":0},"up":{"uv":[14.0,11.25,14.5,11.75],"rotation":0,"texture":"#0","tintindex":0},"down":{"uv":[14.0,11.25,14.5,11.75],"rotation":0,"texture":"#0","tintindex":0}}},{"from":[2.8571424,8.571428,9.142858],"to":[8.0,13.714286,9.16],"rotation":{"angle":0.0,"axis":"y","origin":[8.0,8.0,8.0]},"faces":{"east":{"uv":[14.5,11.25,14.0,11.75],"rotation":0,"texture":"#0","tintindex":0},"south":{"uv":[8.0,0.0,12.5,4.5],"rotation":0,"texture":"#0","tintindex":0},"north":{"uv":[12.5,0.0,8.0,4.5],"rotation":0,"texture":"#0","tintindex":0},"west":{"uv":[14.5,11.25,14.0,11.75],"rotation":0,"texture":"#0","tintindex":0},"up":{"uv":[14.5,11.25,14.0,11.75],"rotation":0,"texture":"#0","tintindex":0},"down":{"uv":[14.5,11.25,14.0,11.75],"rotation":0,"texture":"#0","tintindex":0}}},{"from":[2.8571424,3.4285712,9.142858],"to":[8.0,8.571428,9.16],"rotation":{"angle":0.0,"axis":"y","origin":[8.0,-4.5714293,8.0]},"faces":{"east":{"uv":[14.5,11.75,14.0,11.25],"rotation":0,"texture":"#0","tintindex":0},"south":{"uv":[8.0,4.5,12.5,0.0],"rotation":0,"texture":"#0","tintindex":0},"north":{"uv":[12.5,4.5,8.0,0.0],"rotation":0,"texture":"#0","tintindex":0},"west":{"uv":[14.5,11.75,14.0,11.25],"rotation":0,"texture":"#0","tintindex":0},"up":{"uv":[14.5,11.75,14.0,11.25],"rotation":0,"texture":"#0","tintindex":0},"down":{"uv":[14.5,11.75,14.0,11.25],"rotation":0,"texture":"#0","tintindex":0}}},{"from":[8.0,3.4285712,9.142858],"to":[13.142858,8.571428,9.16],"rotation":{"angle":0.0,"axis":"y","origin":[8.0,-4.5714293,8.0]},"faces":{"east":{"uv":[14.0,11.75,14.5,11.25],"rotation":0,"texture":"#0","tintindex":0},"south":{"uv":[12.5,4.5,8.0,0.0],"rotation":0,"texture":"#0","tintindex":0},"north":{"uv":[8.0,4.5,12.5,0.0],"rotation":0,"texture":"#0","tintindex":0},"west":{"uv":[14.0,11.75,14.5,11.25],"rotation":0,"texture":"#0","tintindex":0},"up":{"uv":[14.0,11.75,14.5,11.25],"rotation":0,"texture":"#0","tintindex":0},"down":{"uv":[14.0,11.75,14.5,11.25],"rotation":0,"texture":"#0","tintindex":0}}}],"display":{"head":{"translation":[0.0,-6.4,0.0],"scale":[4.0,4.0,4.0]}}}