{"textures":{"0":"modelengine:entity/texture"},"elements":[{"from":[5.714286,6.857143,6.285714],"to":[10.285714,10.857143,10.857143],"rotation":{"angle":0.0,"axis":"y","origin":[8.0,-1.7142859,9.142858]},"faces":{"east":{"uv":[12.5,9.5,16.0,13.0],"rotation":0,"texture":"#0","tintindex":0},"south":{"uv":[4.0,6.5,8.0,10.0],"rotation":0,"texture":"#0","tintindex":0},"north":{"uv":[0.0,10.5,4.0,14.0],"rotation":0,"texture":"#0","tintindex":0},"west":{"uv":[16.0,9.5,12.5,13.0],"rotation":0,"texture":"#0","tintindex":0},"up":{"uv":[0.0,7.0,4.0,10.5],"rotation":0,"texture":"#0","tintindex":0},"down":{"uv":[8.5,9.0,12.5,12.5],"rotation":0,"texture":"#0","tintindex":0}}},{"from":[6.285714,8.571428,5.714286],"to":[8.571428,10.857143,7.428571],"rotation":{"angle":45.0,"axis":"z","origin":[8.0,8.0,8.0]},"faces":{"east":{"uv":[3.0,4.5,4.5,6.5],"rotation":0,"texture":"#0","tintindex":0},"south":{"uv":[12.5,15.5,13.0,16.0],"rotation":0,"texture":"#0","tintindex":0},"north":{"uv":[0.0,14.0,2.0,16.0],"rotation":0,"texture":"#0","tintindex":0},"west":{"uv":[2.0,2.5,3.5,4.5],"rotation":0,"texture":"#0","tintindex":0},"up":{"uv":[4.0,14.5,6.0,16.0],"rotation":0,"texture":"#0","tintindex":0},"down":{"uv":[10.5,7.0,8.5,8.5],"rotation":0,"texture":"#0","tintindex":0}}},{"from":[7.428571,8.571428,5.714286],"to":[9.714286,10.857143,7.428571],"rotation":{"angle":-45.0,"axis":"z","origin":[8.0,8.0,8.0]},"faces":{"east":{"uv":[3.5,2.5,2.0,4.5],"rotation":0,"texture":"#0","tintindex":0},"south":{"uv":[12.5,15.5,13.0,16.0],"rotation":0,"texture":"#0","tintindex":0},"north":{"uv":[2.0,14.0,4.0,16.0],"rotation":0,"texture":"#0","tintindex":0},"west":{"uv":[4.5,4.5,3.0,6.5],"rotation":0,"texture":"#0","tintindex":0},"up":{"uv":[6.0,14.5,4.0,16.0],"rotation":0,"texture":"#0","tintindex":0},"down":{"uv":[8.5,7.0,10.5,8.5],"rotation":0,"texture":"#0","tintindex":0}}},{"from":[6.857143,6.285714,5.142857],"to":[9.142858,8.0,7.428571],"rotation":{"angle":0.0,"axis":"y","origin":[8.0,-1.7142859,9.142858]},"faces":{"east":{"uv":[14.0,7.0,16.0,8.5],"rotation":0,"texture":"#0","tintindex":0},"south":{"uv":[0.0,0.0,2.0,1.5],"rotation":0,"texture":"#0","tintindex":0},"north":{"uv":[4.0,11.5,6.0,13.0],"rotation":0,"texture":"#0","tintindex":0},"west":{"uv":[16.0,7.0,14.0,8.5],"rotation":0,"texture":"#0","tintindex":0},"up":{"uv":[4.0,0.0,6.0,2.0],"rotation":0,"texture":"#0","tintindex":0},"down":{"uv":[0.0,2.5,2.0,4.5],"rotation":0,"texture":"#0","tintindex":0}}},{"from":[6.285714,7.428571,10.857143],"to":[9.714286,10.285714,11.428572],"rotation":{"angle":0.0,"axis":"y","origin":[8.0,8.0,8.0]},"faces":{"east":{"uv":[3.5,0.0,3.0,2.5],"rotation":0,"texture":"#0","tintindex":0},"south":{"uv":[0.0,0.0,3.0,2.5],"rotation":0,"texture":"#0","tintindex":0},"north":{"uv":[0.0,0.0,3.0,2.5],"rotation":0,"texture":"#0","tintindex":0},"west":{"uv":[3.0,0.0,3.5,2.5],"rotation":0,"texture":"#0","tintindex":0},"up":{"uv":[8.5,8.5,11.5,9.0],"rotation":0,"texture":"#0","tintindex":0},"down":{"uv":[11.5,8.5,14.5,9.0],"rotation":0,"texture":"#0","tintindex":0}}},{"from":[6.285714,10.857143,6.857143],"to":[9.714286,11.428572,10.285714],"rotation":{"angle":0.0,"axis":"y","origin":[8.0,8.0,8.0]},"faces":{"east":{"uv":[12.5,9.0,15.0,9.5],"rotation":0,"texture":"#0","tintindex":0},"south":{"uv":[6.0,11.5,8.5,12.0],"rotation":0,"texture":"#0","tintindex":0},"north":{"uv":[6.0,12.0,8.5,12.5],"rotation":0,"texture":"#0","tintindex":0},"west":{"uv":[12.5,9.0,15.0,9.5],"rotation":0,"texture":"#0","tintindex":0},"up":{"uv":[13.0,13.0,16.0,16.0],"rotation":0,"texture":"#0","tintindex":0},"down":{"uv":[0.0,0.0,3.0,3.0],"rotation":0,"texture":"#0","tintindex":0}}},{"from":[5.142857,7.428571,6.857143],"to":[5.714286,10.285714,10.285714],"rotation":{"angle":0.0,"axis":"y","origin":[8.0,8.0,8.0]},"faces":{"east":{"uv":[0.0,0.0,3.0,2.5],"rotation":0,"texture":"#0","tintindex":0},"south":{"uv":[12.0,12.5,12.5,15.0],"rotation":0,"texture":"#0","tintindex":0},"north":{"uv":[12.5,13.0,13.0,15.5],"rotation":0,"texture":"#0","tintindex":0},"west":{"uv":[0.0,4.5,3.0,7.0],"rotation":0,"texture":"#0","tintindex":0},"up":{"uv":[8.0,7.0,8.5,10.0],"rotation":0,"texture":"#0","tintindex":0},"down":{"uv":[3.5,1.5,4.0,4.5],"rotation":0,"texture":"#0","tintindex":0}}},{"from":[10.285714,7.428571,6.857143],"to":[10.857143,10.285714,10.285714],"rotation":{"angle":0.0,"axis":"y","origin":[8.0,8.0,8.0]},"faces":{"east":{"uv":[3.0,4.5,0.0,7.0],"rotation":0,"texture":"#0","tintindex":0},"south":{"uv":[12.5,12.5,12.0,15.0],"rotation":0,"texture":"#0","tintindex":0},"north":{"uv":[13.0,13.0,12.5,15.5],"rotation":0,"texture":"#0","tintindex":0},"west":{"uv":[3.0,0.0,0.0,2.5],"rotation":0,"texture":"#0","tintindex":0},"up":{"uv":[8.5,7.0,8.0,10.0],"rotation":0,"texture":"#0","tintindex":0},"down":{"uv":[4.0,1.5,3.5,4.5],"rotation":0,"texture":"#0","tintindex":0}}}],"display":{"head":{"translation":[0.0,-6.4,0.0],"scale":[4.0,4.0,4.0]}}}