{
    "providers": [
        {
            "file": "customfishing:font/pointer.png",
            "chars": [
                "\ub001"
            ],
            "height": 15,
            "ascent": 11,
            "type": "bitmap"
        },
        {
            "file": "customfishing:font/bar1.png",
            "chars": [
                "\ub002"
            ],
            "height": 8,
            "ascent": 8,
            "type": "bitmap"
        },
		{
            "file": "customfishing:font/bar2.png",
            "chars": [
                "\ub003"
            ],
            "height": 8,
            "ascent": 8,
            "type": "bitmap"
        },
        {
            "file": "customfishing:font/bar3.png",
            "chars": [
                "\ub004"
            ],
            "height": 8,
            "ascent": 8,
            "type": "bitmap"
        },
        {
            "file": "customfishing:font/bar4.png",
            "chars": [
                "\ub005"
            ],
            "height": 8,
            "ascent": 8,
            "type": "bitmap"
        },
        {
            "file": "customfishing:font/bar5.png",
            "chars": [
                "\ub006"
            ],
            "height": 8,
            "ascent": 8,
            "type": "bitmap"
        },
        {
            "file": "customfishing:font/bar6.png",
            "chars": [
                "\ub007"
            ],
            "height": 8,
            "ascent": 8,
            "type": "bitmap"
        },
        {
            "file": "customfishing:font/bar7.png",
            "chars": [
                "\ub008"
            ],
            "height": 8,
            "ascent": 8,
            "type": "bitmap"
        },
        {
            "file": "customfishing:font/bar8.png",
            "chars": [
                "\ub009"
            ],
            "height": 8,
            "ascent": 8,
            "type": "bitmap"
        },
        {
            "file": "customfishing:font/bar9.png",
            "chars": [
                "\ub00a"
            ],
            "height": 8,
            "ascent": 8,
            "type": "bitmap"
        },
        {
            "file": "customfishing:font/bar_rainbow.png",
            "chars": [
                "\ub00b"
            ],
            "height": 8,
            "ascent": 8,
            "type": "bitmap"
        },
        {
            "file": "customfishing:font/blank.png",
            "chars": [
                "\ub100"
            ],
            "height": -1,
            "ascent": -5000,
            "type": "bitmap"
        },
        {
            "file": "customfishing:font/blank.png",
            "chars": [
                "\ub101"
            ],
            "height": -185,
            "ascent": -5000,
            "type": "bitmap"
        },
        {
            "file": "customfishing:font/blank.png",
            "chars": [
                "\ub102"
            ],
            "height": -121,
            "ascent": -5000,
            "type": "bitmap"
        }
    ]
}