{"textures":{"0":"modelengine:entity/nocsy_skeleton_skull"},"elements":[{"from":[7.164423,6.9591026,3.9206357],"to":[8.835577,7.493343,6.760247],"rotation":{"angle":0.0,"axis":"y","origin":[8.622972,8.153073,5.829938]},"faces":{"east":{"uv":[7.0,1.75,8.25,2.0],"rotation":0,"texture":"#0","tintindex":0},"south":{"uv":[7.25,2.5,8.0,2.75],"rotation":0,"texture":"#0","tintindex":0},"north":{"uv":[5.75,4.75,6.5,5.0],"rotation":0,"texture":"#0","tintindex":0},"west":{"uv":[7.0,2.0,8.25,2.25],"rotation":0,"texture":"#0","tintindex":0},"up":{"uv":[5.5,1.25,4.75,0.0],"rotation":0,"texture":"#0","tintindex":0},"down":{"uv":[0.75,5.0,0.0,6.25],"rotation":0,"texture":"#0","tintindex":0}}},{"from":[6.192994,6.9591026,6.0920644],"to":[9.807006,8.2362,6.760247],"rotation":{"angle":0.0,"axis":"y","origin":[8.337257,8.153073,5.829938]},"faces":{"east":{"uv":[2.75,7.25,3.0,7.875],"rotation":0,"texture":"#0","tintindex":0},"south":{"uv":[4.5,3.0,6.125,3.625],"rotation":0,"texture":"#0","tintindex":0},"north":{"uv":[4.0,4.25,5.625,4.875],"rotation":0,"texture":"#0","tintindex":0},"west":{"uv":[4.75,7.25,5.0,7.875],"rotation":0,"texture":"#0","tintindex":0},"up":{"uv":[7.875,4.25,6.25,4.0],"rotation":0,"texture":"#0","tintindex":0},"down":{"uv":[8.125,5.25,6.5,5.5],"rotation":0,"texture":"#0","tintindex":0}}},{"from":[7.164423,7.5042458,3.9206357],"to":[8.835577,7.8204284,4.2289324],"rotation":{"angle":0.0,"axis":"y","origin":[8.622972,8.153073,5.829938]},"faces":{"east":{"uv":[3.5,7.5,3.625,7.625],"rotation":0,"texture":"#0","tintindex":0},"south":{"uv":[7.5,6.0,8.25,6.125],"rotation":0,"texture":"#0","tintindex":0},"north":{"uv":[7.5,3.25,8.25,3.375],"rotation":0,"texture":"#0","tintindex":0},"west":{"uv":[7.5,6.5,7.625,6.625],"rotation":0,"texture":"#0","tintindex":0},"up":{"uv":[8.25,6.375,7.5,6.25],"rotation":0,"texture":"#0","tintindex":0},"down":{"uv":[7.25,7.5,6.5,7.625],"rotation":0,"texture":"#0","tintindex":0}}},{"from":[8.338639,6.9536514,4.000524],"to":[9.428925,7.498794,6.7446384],"rotation":{"angle":22.5,"axis":"y","origin":[9.020067,7.430651,5.449924]},"faces":{"east":{"uv":[7.0,4.25,8.25,4.5],"rotation":0,"texture":"#0","tintindex":0},"south":{"uv":[1.5,7.5,2.0,7.75],"rotation":0,"texture":"#0","tintindex":0},"north":{"uv":[7.5,1.25,8.0,1.5],"rotation":0,"texture":"#0","tintindex":0},"west":{"uv":[7.0,4.5,8.25,4.75],"rotation":0,"texture":"#0","tintindex":0},"up":{"uv":[6.5,7.25,6.0,6.0],"rotation":0,"texture":"#0","tintindex":0},"down":{"uv":[0.5,6.25,0.0,7.5],"rotation":0,"texture":"#0","tintindex":0}}},{"from":[8.87833,7.4388285,3.9950724],"to":[9.434376,7.8313313,6.2594614],"rotation":{"angle":22.5,"axis":"y","origin":[9.020067,7.430651,5.449924]},"faces":{"east":{"uv":[6.5,7.25,7.5,7.375],"rotation":0,"texture":"#0","tintindex":0},"south":{"uv":[6.0,2.75,6.25,2.875],"rotation":0,"texture":"#0","tintindex":0},"north":{"uv":[0.75,5.0,1.0,5.125],"rotation":0,"texture":"#0","tintindex":0},"west":{"uv":[0.0,7.5,1.0,7.625],"rotation":0,"texture":"#0","tintindex":0},"up":{"uv":[5.75,7.75,5.5,6.75],"rotation":0,"texture":"#0","tintindex":0},"down":{"uv":[6.0,6.75,5.75,7.75],"rotation":0,"texture":"#0","tintindex":0}}},{"from":[6.571075,6.9536514,4.000524],"to":[7.6613607,7.498794,6.7446384],"rotation":{"angle":-22.5,"axis":"y","origin":[6.9799323,7.430651,5.449924]},"faces":{"east":{"uv":[6.5,7.0,7.75,7.25],"rotation":0,"texture":"#0","tintindex":0},"south":{"uv":[2.0,7.5,2.5,7.75],"rotation":0,"texture":"#0","tintindex":0},"north":{"uv":[7.5,1.5,8.0,1.75],"rotation":0,"texture":"#0","tintindex":0},"west":{"uv":[7.25,0.0,8.5,0.25],"rotation":0,"texture":"#0","tintindex":0},"up":{"uv":[6.75,4.0,6.25,2.75],"rotation":0,"texture":"#0","tintindex":0},"down":{"uv":[3.75,6.25,3.25,7.5],"rotation":0,"texture":"#0","tintindex":0}}},{"from":[6.5656238,7.4388285,3.9950724],"to":[7.1216693,7.8313313,6.2594614],"rotation":{"angle":-22.5,"axis":"y","origin":[6.9799323,7.430651,5.449924]},"faces":{"east":{"uv":[7.5,2.75,8.5,2.875],"rotation":0,"texture":"#0","tintindex":0},"south":{"uv":[3.25,7.5,3.5,7.625],"rotation":0,"texture":"#0","tintindex":0},"north":{"uv":[0.5,6.25,0.75,6.375],"rotation":0,"texture":"#0","tintindex":0},"west":{"uv":[7.5,3.0,8.5,3.125],"rotation":0,"texture":"#0","tintindex":0},"up":{"uv":[3.25,8.0,3.0,7.0],"rotation":0,"texture":"#0","tintindex":0},"down":{"uv":[2.75,7.25,2.5,8.25],"rotation":0,"texture":"#0","tintindex":0}}}],"display":{"head":{"translation":[0.0,-6.4,0.0],"scale":[4.0,4.0,4.0]}}}