{"textures":{"0":"modelengine:entity/viking_decor3"},"elements":[{"from":[7.142857,6.228382,11.142858],"to":[8.857143,9.778784,12.285715],"rotation":{"angle":0.0,"axis":"y","origin":[0.28571415,8.003583,8.0]},"faces":{"east":{"uv":[6.625,4.0,6.875,4.75],"rotation":0,"texture":"#0","tintindex":0},"south":{"uv":[1.5,6.5,1.875,7.25],"rotation":0,"texture":"#0","tintindex":0},"north":{"uv":[6.25,4.0,6.625,4.75],"rotation":0,"texture":"#0","tintindex":0},"west":{"uv":[3.75,6.75,4.0,7.5],"rotation":0,"texture":"#0","tintindex":0},"up":{"uv":[3.125,7.25,2.75,7.0],"rotation":0,"texture":"#0","tintindex":0},"down":{"uv":[7.125,7.0,6.75,7.25],"rotation":0,"texture":"#0","tintindex":0}}},{"from":[7.714286,6.228382,10.571428],"to":[8.285714,9.778784,11.142858],"rotation":{"angle":0.0,"axis":"y","origin":[0.28571415,8.003583,8.0]},"faces":{"east":{"uv":[3.25,7.0,3.375,7.75],"rotation":0,"texture":"#0","tintindex":0},"south":{"uv":[1.875,7.125,2.0,7.875],"rotation":0,"texture":"#0","tintindex":0},"north":{"uv":[3.125,7.0,3.25,7.75],"rotation":0,"texture":"#0","tintindex":0},"west":{"uv":[2.0,7.125,2.125,7.875],"rotation":0,"texture":"#0","tintindex":0},"up":{"uv":[6.375,4.875,6.25,4.75],"rotation":0,"texture":"#0","tintindex":0},"down":{"uv":[6.5,4.75,6.375,4.875],"rotation":0,"texture":"#0","tintindex":0}}},{"from":[7.714286,6.228382,10.571428],"to":[8.285714,9.778784,11.142858],"rotation":{"angle":-45.0,"axis":"x","origin":[0.28571415,8.003583,8.0]},"faces":{"east":{"uv":[3.25,7.0,3.375,7.75],"rotation":0,"texture":"#0","tintindex":0},"south":{"uv":[1.875,7.125,2.0,7.875],"rotation":0,"texture":"#0","tintindex":0},"north":{"uv":[3.125,7.0,3.25,7.75],"rotation":0,"texture":"#0","tintindex":0},"west":{"uv":[2.0,7.125,2.125,7.875],"rotation":0,"texture":"#0","tintindex":0},"up":{"uv":[6.375,4.875,6.25,4.75],"rotation":0,"texture":"#0","tintindex":0},"down":{"uv":[6.5,4.75,6.375,4.875],"rotation":0,"texture":"#0","tintindex":0}}},{"from":[7.142857,6.228382,11.142858],"to":[8.857143,9.778784,12.285715],"rotation":{"angle":-45.0,"axis":"x","origin":[0.28571415,8.003583,8.0]},"faces":{"east":{"uv":[6.625,4.0,6.875,4.75],"rotation":0,"texture":"#0","tintindex":0},"south":{"uv":[1.5,6.5,1.875,7.25],"rotation":0,"texture":"#0","tintindex":0},"north":{"uv":[6.25,4.0,6.625,4.75],"rotation":0,"texture":"#0","tintindex":0},"west":{"uv":[3.75,6.75,4.0,7.5],"rotation":0,"texture":"#0","tintindex":0},"up":{"uv":[3.125,7.25,2.75,7.0],"rotation":0,"texture":"#0","tintindex":0},"down":{"uv":[7.125,7.0,6.75,7.25],"rotation":0,"texture":"#0","tintindex":0}}},{"from":[8.0,5.085525,5.142857],"to":[8.0,10.799811,10.857143],"rotation":{"angle":-22.5,"axis":"x","origin":[8.0,7.942668,8.0]},"faces":{"east":{"uv":[5.125,7.875,3.875,9.125],"rotation":0,"texture":"#0","tintindex":0},"south":{"uv":[0.0,0.0,0.0,1.25],"rotation":0,"texture":"#0","tintindex":0},"north":{"uv":[0.0,0.0,0.0,1.25],"rotation":0,"texture":"#0","tintindex":0},"west":{"uv":[5.125,7.875,3.875,9.125],"rotation":0,"texture":"#0","tintindex":0},"up":{"uv":[0.0,1.125,0.0,0.0],"rotation":0,"texture":"#0","tintindex":0},"down":{"uv":[0.0,0.0,0.0,1.125],"rotation":0,"texture":"#0","tintindex":0}}},{"from":[7.714286,6.228382,10.571428],"to":[8.285714,9.778784,11.142858],"rotation":{"angle":45.0,"axis":"x","origin":[0.28571415,8.003583,8.0]},"faces":{"east":{"uv":[3.25,7.0,3.375,7.75],"rotation":0,"texture":"#0","tintindex":0},"south":{"uv":[1.875,7.125,2.0,7.875],"rotation":0,"texture":"#0","tintindex":0},"north":{"uv":[3.125,7.0,3.25,7.75],"rotation":0,"texture":"#0","tintindex":0},"west":{"uv":[2.0,7.125,2.125,7.875],"rotation":0,"texture":"#0","tintindex":0},"up":{"uv":[6.375,4.875,6.25,4.75],"rotation":0,"texture":"#0","tintindex":0},"down":{"uv":[6.5,4.75,6.375,4.875],"rotation":0,"texture":"#0","tintindex":0}}},{"from":[7.142857,6.228382,11.142858],"to":[8.857143,9.778784,12.285715],"rotation":{"angle":45.0,"axis":"x","origin":[0.28571415,8.003583,8.0]},"faces":{"east":{"uv":[6.625,4.0,6.875,4.75],"rotation":0,"texture":"#0","tintindex":0},"south":{"uv":[1.5,6.5,1.875,7.25],"rotation":0,"texture":"#0","tintindex":0},"north":{"uv":[6.25,4.0,6.625,4.75],"rotation":0,"texture":"#0","tintindex":0},"west":{"uv":[3.75,6.75,4.0,7.5],"rotation":0,"texture":"#0","tintindex":0},"up":{"uv":[3.125,7.25,2.75,7.0],"rotation":0,"texture":"#0","tintindex":0},"down":{"uv":[7.125,7.0,6.75,7.25],"rotation":0,"texture":"#0","tintindex":0}}},{"from":[7.714286,6.228382,4.8571424],"to":[8.285714,9.778784,5.428571],"rotation":{"angle":-45.0,"axis":"x","origin":[0.28571415,8.003583,8.0]},"faces":{"east":{"uv":[3.375,7.0,3.25,7.75],"rotation":0,"texture":"#0","tintindex":0},"south":{"uv":[3.25,7.0,3.125,7.75],"rotation":0,"texture":"#0","tintindex":0},"north":{"uv":[2.0,7.125,1.875,7.875],"rotation":0,"texture":"#0","tintindex":0},"west":{"uv":[2.125,7.125,2.0,7.875],"rotation":0,"texture":"#0","tintindex":0},"up":{"uv":[6.375,4.75,6.25,4.875],"rotation":0,"texture":"#0","tintindex":0},"down":{"uv":[6.5,4.875,6.375,4.75],"rotation":0,"texture":"#0","tintindex":0}}},{"from":[7.142857,6.228382,3.7142854],"to":[8.857143,9.778784,4.8571424],"rotation":{"angle":-45.0,"axis":"x","origin":[0.28571415,8.003583,8.0]},"faces":{"east":{"uv":[6.875,4.0,6.625,4.75],"rotation":0,"texture":"#0","tintindex":0},"south":{"uv":[6.625,4.0,6.25,4.75],"rotation":0,"texture":"#0","tintindex":0},"north":{"uv":[1.875,6.5,1.5,7.25],"rotation":0,"texture":"#0","tintindex":0},"west":{"uv":[4.0,6.75,3.75,7.5],"rotation":0,"texture":"#0","tintindex":0},"up":{"uv":[3.125,7.0,2.75,7.25],"rotation":0,"texture":"#0","tintindex":0},"down":{"uv":[7.125,7.25,6.75,7.0],"rotation":0,"texture":"#0","tintindex":0}}},{"from":[7.714286,6.228382,4.8571424],"to":[8.285714,9.778784,5.428571],"rotation":{"angle":0.0,"axis":"y","origin":[0.28571415,8.003583,8.0]},"faces":{"east":{"uv":[3.375,7.0,3.25,7.75],"rotation":0,"texture":"#0","tintindex":0},"south":{"uv":[3.25,7.0,3.125,7.75],"rotation":0,"texture":"#0","tintindex":0},"north":{"uv":[2.0,7.125,1.875,7.875],"rotation":0,"texture":"#0","tintindex":0},"west":{"uv":[2.125,7.125,2.0,7.875],"rotation":0,"texture":"#0","tintindex":0},"up":{"uv":[6.375,4.75,6.25,4.875],"rotation":0,"texture":"#0","tintindex":0},"down":{"uv":[6.5,4.875,6.375,4.75],"rotation":0,"texture":"#0","tintindex":0}}},{"from":[7.142857,6.228382,3.7142854],"to":[8.857143,9.778784,4.8571424],"rotation":{"angle":0.0,"axis":"y","origin":[0.28571415,8.003583,8.0]},"faces":{"east":{"uv":[6.875,4.0,6.625,4.75],"rotation":0,"texture":"#0","tintindex":0},"south":{"uv":[6.625,4.0,6.25,4.75],"rotation":0,"texture":"#0","tintindex":0},"north":{"uv":[1.875,6.5,1.5,7.25],"rotation":0,"texture":"#0","tintindex":0},"west":{"uv":[4.0,6.75,3.75,7.5],"rotation":0,"texture":"#0","tintindex":0},"up":{"uv":[3.125,7.0,2.75,7.25],"rotation":0,"texture":"#0","tintindex":0},"down":{"uv":[7.125,7.25,6.75,7.0],"rotation":0,"texture":"#0","tintindex":0}}},{"from":[7.142857,11.1464405,6.224799],"to":[8.857143,12.289298,9.775201],"rotation":{"angle":0.0,"axis":"y","origin":[0.28571415,4.5750117,12.0]},"faces":{"east":{"uv":[6.875,4.0,6.625,4.75],"rotation":270,"texture":"#0","tintindex":0},"south":{"uv":[3.125,7.0,2.75,7.25],"rotation":0,"texture":"#0","tintindex":0},"north":{"uv":[7.125,7.25,6.75,7.0],"rotation":180,"texture":"#0","tintindex":0},"west":{"uv":[4.0,6.75,3.75,7.5],"rotation":90,"texture":"#0","tintindex":0},"up":{"uv":[1.875,6.5,1.5,7.25],"rotation":180,"texture":"#0","tintindex":0},"down":{"uv":[6.625,4.0,6.25,4.75],"rotation":0,"texture":"#0","tintindex":0}}},{"from":[7.714286,10.575012,6.224799],"to":[8.285714,11.1464405,9.775201],"rotation":{"angle":0.0,"axis":"y","origin":[0.28571415,4.5750117,12.0]},"faces":{"east":{"uv":[3.375,7.0,3.25,7.75],"rotation":270,"texture":"#0","tintindex":0},"south":{"uv":[6.375,4.75,6.25,4.875],"rotation":0,"texture":"#0","tintindex":0},"north":{"uv":[6.5,4.875,6.375,4.75],"rotation":180,"texture":"#0","tintindex":0},"west":{"uv":[2.125,7.125,2.0,7.875],"rotation":90,"texture":"#0","tintindex":0},"up":{"uv":[2.0,7.125,1.875,7.875],"rotation":180,"texture":"#0","tintindex":0},"down":{"uv":[3.25,7.0,3.125,7.75],"rotation":0,"texture":"#0","tintindex":0}}},{"from":[7.142857,3.7178688,6.224799],"to":[8.857143,4.8607264,9.775201],"rotation":{"angle":0.0,"axis":"y","origin":[0.28571415,4.003583,12.0]},"faces":{"east":{"uv":[6.625,4.0,6.875,4.75],"rotation":270,"texture":"#0","tintindex":0},"south":{"uv":[3.125,7.25,2.75,7.0],"rotation":0,"texture":"#0","tintindex":0},"north":{"uv":[7.125,7.0,6.75,7.25],"rotation":180,"texture":"#0","tintindex":0},"west":{"uv":[3.75,6.75,4.0,7.5],"rotation":90,"texture":"#0","tintindex":0},"up":{"uv":[6.625,4.75,6.25,4.0],"rotation":0,"texture":"#0","tintindex":0},"down":{"uv":[1.875,7.25,1.5,6.5],"rotation":180,"texture":"#0","tintindex":0}}},{"from":[7.714286,4.8607264,6.224799],"to":[8.285714,5.4321547,9.775201],"rotation":{"angle":0.0,"axis":"y","origin":[0.28571415,4.003583,12.0]},"faces":{"east":{"uv":[3.25,7.0,3.375,7.75],"rotation":270,"texture":"#0","tintindex":0},"south":{"uv":[6.375,4.875,6.25,4.75],"rotation":0,"texture":"#0","tintindex":0},"north":{"uv":[6.5,4.75,6.375,4.875],"rotation":180,"texture":"#0","tintindex":0},"west":{"uv":[2.0,7.125,2.125,7.875],"rotation":90,"texture":"#0","tintindex":0},"up":{"uv":[3.25,7.75,3.125,7.0],"rotation":0,"texture":"#0","tintindex":0},"down":{"uv":[2.0,7.875,1.875,7.125],"rotation":180,"texture":"#0","tintindex":0}}},{"from":[7.714286,6.228382,4.8571424],"to":[8.285714,9.778784,5.428571],"rotation":{"angle":45.0,"axis":"x","origin":[0.28571415,8.003583,8.0]},"faces":{"east":{"uv":[3.375,7.0,3.25,7.75],"rotation":0,"texture":"#0","tintindex":0},"south":{"uv":[3.25,7.0,3.125,7.75],"rotation":0,"texture":"#0","tintindex":0},"north":{"uv":[2.0,7.125,1.875,7.875],"rotation":0,"texture":"#0","tintindex":0},"west":{"uv":[2.125,7.125,2.0,7.875],"rotation":0,"texture":"#0","tintindex":0},"up":{"uv":[6.375,4.75,6.25,4.875],"rotation":0,"texture":"#0","tintindex":0},"down":{"uv":[6.5,4.875,6.375,4.75],"rotation":0,"texture":"#0","tintindex":0}}},{"from":[7.142857,6.228382,3.7142854],"to":[8.857143,9.778784,4.8571424],"rotation":{"angle":45.0,"axis":"x","origin":[0.28571415,8.003583,8.0]},"faces":{"east":{"uv":[6.875,4.0,6.625,4.75],"rotation":0,"texture":"#0","tintindex":0},"south":{"uv":[6.625,4.0,6.25,4.75],"rotation":0,"texture":"#0","tintindex":0},"north":{"uv":[1.875,6.5,1.5,7.25],"rotation":0,"texture":"#0","tintindex":0},"west":{"uv":[4.0,6.75,3.75,7.5],"rotation":0,"texture":"#0","tintindex":0},"up":{"uv":[3.125,7.0,2.75,7.25],"rotation":0,"texture":"#0","tintindex":0},"down":{"uv":[7.125,7.25,6.75,7.0],"rotation":0,"texture":"#0","tintindex":0}}}],"display":{"head":{"translation":[0.0,-6.4,0.0],"scale":[4.0,4.0,4.0]}}}