{"textures":{"0":"modelengine:entity/goblin"},"elements":[{"from":[8.097702,5.194171,2.5877576],"to":[8.669131,8.051313,3.7306147],"rotation":{"angle":0.0,"axis":"y","origin":[8.097702,5.194171,3.159186]},"faces":{"east":{"uv":[11.25,8.25,11.75,9.5],"rotation":0,"texture":"#0","tintindex":0},"south":{"uv":[5.75,12.0,6.0,13.25],"rotation":0,"texture":"#0","tintindex":0},"north":{"uv":[5.5,12.0,5.75,13.25],"rotation":0,"texture":"#0","tintindex":0},"west":{"uv":[11.25,9.5,11.75,10.75],"rotation":0,"texture":"#0","tintindex":0},"up":{"uv":[12.25,4.75,12.0,4.25],"rotation":0,"texture":"#0","tintindex":0},"down":{"uv":[12.25,4.75,12.0,5.25],"rotation":0,"texture":"#0","tintindex":0}}},{"from":[8.097702,8.051313,1.4449],"to":[8.669131,8.622743,4.8734717],"rotation":{"angle":0.0,"axis":"y","origin":[8.097702,8.051313,3.159186]},"faces":{"east":{"uv":[8.0,7.75,9.5,8.0],"rotation":0,"texture":"#0","tintindex":0},"south":{"uv":[8.75,5.0,9.0,5.25],"rotation":0,"texture":"#0","tintindex":0},"north":{"uv":[2.75,8.5,3.0,8.75],"rotation":0,"texture":"#0","tintindex":0},"west":{"uv":[11.0,10.75,12.5,11.0],"rotation":0,"texture":"#0","tintindex":0},"up":{"uv":[10.0,13.25,9.75,11.75],"rotation":0,"texture":"#0","tintindex":0},"down":{"uv":[10.25,11.75,10.0,13.25],"rotation":0,"texture":"#0","tintindex":0}}},{"from":[8.097702,8.622743,2.0163288],"to":[8.669131,13.7656,4.302043],"rotation":{"angle":0.0,"axis":"y","origin":[8.097702,8.622743,3.159186]},"faces":{"east":{"uv":[0.0,8.0,1.0,10.25],"rotation":0,"texture":"#0","tintindex":0},"south":{"uv":[3.5,11.5,3.75,13.75],"rotation":0,"texture":"#0","tintindex":0},"north":{"uv":[1.5,10.25,1.75,12.5],"rotation":0,"texture":"#0","tintindex":0},"west":{"uv":[7.0,8.25,8.0,10.5],"rotation":0,"texture":"#0","tintindex":0},"up":{"uv":[7.0,10.5,6.75,9.5],"rotation":0,"texture":"#0","tintindex":0},"down":{"uv":[6.25,12.0,6.0,13.0],"rotation":0,"texture":"#0","tintindex":0}}},{"from":[8.097702,13.7656,2.5877576],"to":[8.669131,14.908457,3.7306147],"rotation":{"angle":0.0,"axis":"y","origin":[8.097702,13.7656,3.159186]},"faces":{"east":{"uv":[1.0,8.0,1.5,8.5],"rotation":0,"texture":"#0","tintindex":0},"south":{"uv":[12.0,5.75,12.25,6.25],"rotation":0,"texture":"#0","tintindex":0},"north":{"uv":[12.0,5.25,12.25,5.75],"rotation":0,"texture":"#0","tintindex":0},"west":{"uv":[9.5,10.25,10.0,10.75],"rotation":0,"texture":"#0","tintindex":0},"up":{"uv":[12.25,6.75,12.0,6.25],"rotation":0,"texture":"#0","tintindex":0},"down":{"uv":[12.25,6.75,12.0,7.25],"rotation":0,"texture":"#0","tintindex":0}}},{"from":[7.5262737,6.660986,5.8358936],"to":[9.24056,8.375272,8.693036],"rotation":{"angle":-22.5,"axis":"x","origin":[7.5262737,5.518129,6.9787507]},"faces":{"east":{"uv":[10.0,2.25,11.25,3.0],"rotation":0,"texture":"#0","tintindex":0},"south":{"uv":[2.75,11.5,3.5,12.25],"rotation":0,"texture":"#0","tintindex":0},"north":{"uv":[0.75,11.5,1.5,12.25],"rotation":0,"texture":"#0","tintindex":0},"west":{"uv":[10.0,9.0,11.25,9.75],"rotation":0,"texture":"#0","tintindex":0},"up":{"uv":[0.75,11.5,0.0,10.25],"rotation":0,"texture":"#0","tintindex":0},"down":{"uv":[1.5,10.25,0.75,11.5],"rotation":0,"texture":"#0","tintindex":0}}},{"from":[7.5262737,6.1366386,2.6283927],"to":[9.24056,7.8509245,5.4855356],"rotation":{"angle":0.0,"axis":"y","origin":[7.5262737,4.9937816,4.9141073]},"faces":{"east":{"uv":[9.75,4.25,11.0,5.0],"rotation":0,"texture":"#0","tintindex":0},"south":{"uv":[0.0,11.5,0.75,12.25],"rotation":0,"texture":"#0","tintindex":0},"north":{"uv":[11.25,2.0,12.0,2.75],"rotation":0,"texture":"#0","tintindex":0},"west":{"uv":[10.0,10.0,11.25,10.75],"rotation":0,"texture":"#0","tintindex":0},"up":{"uv":[10.75,2.25,10.0,1.0],"rotation":0,"texture":"#0","tintindex":0},"down":{"uv":[10.75,7.75,10.0,9.0],"rotation":0,"texture":"#0","tintindex":0}}}],"display":{"head":{"translation":[0.0,-6.4,0.0],"scale":[4.0,4.0,4.0]}}}