{"textures":{"0":"modelengine:entity/ghoul"},"elements":[{"from":[6.285714,5.714286,6.857143],"to":[9.714286,8.571428,9.142858],"rotation":{"angle":0.0,"axis":"y","origin":[8.0,-1.7142859,5.714286]},"faces":{"east":{"uv":[6.0,12.5,7.0,13.75],"rotation":0,"texture":"#0","tintindex":0},"south":{"uv":[4.0,10.0,5.5,11.25],"rotation":0,"texture":"#0","tintindex":0},"north":{"uv":[9.75,11.5,11.25,12.75],"rotation":0,"texture":"#0","tintindex":0},"west":{"uv":[7.0,12.5,6.0,13.75],"rotation":0,"texture":"#0","tintindex":0},"up":{"uv":[0.0,5.75,1.5,6.75],"rotation":0,"texture":"#0","tintindex":0},"down":{"uv":[0.0,6.75,1.5,7.75],"rotation":0,"texture":"#0","tintindex":0}}},{"from":[5.714286,10.285714,9.142858],"to":[6.285714,11.428572,12.0],"rotation":{"angle":-22.5,"axis":"y","origin":[6.428571,10.857143,9.714286]},"faces":{"east":{"uv":[10.25,9.0,11.5,9.5],"rotation":0,"texture":"#0","tintindex":0},"south":{"uv":[7.75,11.75,8.0,12.25],"rotation":0,"texture":"#0","tintindex":0},"north":{"uv":[8.75,8.75,9.0,9.25],"rotation":0,"texture":"#0","tintindex":0},"west":{"uv":[10.25,9.5,11.5,10.0],"rotation":0,"texture":"#0","tintindex":0},"up":{"uv":[4.0,7.25,4.25,8.5],"rotation":0,"texture":"#0","tintindex":0},"down":{"uv":[4.25,7.25,4.5,8.5],"rotation":0,"texture":"#0","tintindex":0}}},{"from":[6.285714,10.285714,11.428572],"to":[7.428571,11.428572,12.0],"rotation":{"angle":-22.5,"axis":"y","origin":[6.428571,10.857143,9.714286]},"faces":{"east":{"uv":[9.5,9.5,9.75,10.0],"rotation":0,"texture":"#0","tintindex":0},"south":{"uv":[7.0,8.5,7.5,9.0],"rotation":0,"texture":"#0","tintindex":0},"north":{"uv":[7.5,8.75,8.0,9.25],"rotation":0,"texture":"#0","tintindex":0},"west":{"uv":[0.0,0.0,0.5,1.0],"rotation":0,"texture":"#0","tintindex":0},"up":{"uv":[8.0,8.5,8.5,8.75],"rotation":0,"texture":"#0","tintindex":0},"down":{"uv":[7.0,10.5,7.5,10.75],"rotation":0,"texture":"#0","tintindex":0}}},{"from":[8.571428,8.571428,10.857143],"to":[9.714286,9.714286,11.428572],"rotation":{"angle":22.5,"axis":"y","origin":[9.571428,9.142858,9.714286]},"faces":{"east":{"uv":[0.0,0.0,0.5,1.0],"rotation":0,"texture":"#0","tintindex":0},"south":{"uv":[7.0,9.0,7.5,9.5],"rotation":0,"texture":"#0","tintindex":0},"north":{"uv":[8.0,8.75,8.5,9.25],"rotation":0,"texture":"#0","tintindex":0},"west":{"uv":[9.5,9.0,9.75,9.5],"rotation":0,"texture":"#0","tintindex":0},"up":{"uv":[7.5,8.5,8.0,8.75],"rotation":0,"texture":"#0","tintindex":0},"down":{"uv":[10.5,12.75,11.0,13.0],"rotation":0,"texture":"#0","tintindex":0}}},{"from":[9.714286,8.571428,9.142858],"to":[10.285714,9.714286,11.428572],"rotation":{"angle":22.5,"axis":"y","origin":[9.571428,9.142858,9.714286]},"faces":{"east":{"uv":[7.5,9.25,8.5,9.75],"rotation":0,"texture":"#0","tintindex":0},"south":{"uv":[7.75,11.25,8.0,11.75],"rotation":0,"texture":"#0","tintindex":0},"north":{"uv":[8.5,8.75,8.75,9.25],"rotation":0,"texture":"#0","tintindex":0},"west":{"uv":[8.5,9.25,9.5,9.75],"rotation":0,"texture":"#0","tintindex":0},"up":{"uv":[9.75,9.0,10.0,10.0],"rotation":0,"texture":"#0","tintindex":0},"down":{"uv":[10.0,9.0,10.25,10.0],"rotation":0,"texture":"#0","tintindex":0}}},{"from":[5.142857,8.0,5.714286],"to":[10.857143,12.0,9.714286],"rotation":{"angle":0.0,"axis":"y","origin":[8.0,-1.7142859,5.714286]},"faces":{"east":{"uv":[13.0,11.25,11.25,13.0],"rotation":0,"texture":"#0","tintindex":0},"south":{"uv":[10.5,13.0,13.0,14.75],"rotation":0,"texture":"#0","tintindex":0},"north":{"uv":[13.0,14.25,15.5,16.0],"rotation":0,"texture":"#0","tintindex":0},"west":{"uv":[11.25,11.25,13.0,13.0],"rotation":0,"texture":"#0","tintindex":0},"up":{"uv":[13.0,12.5,15.5,14.25],"rotation":0,"texture":"#0","tintindex":0},"down":{"uv":[13.0,10.75,15.5,12.5],"rotation":0,"texture":"#0","tintindex":0}}}],"display":{"head":{"translation":[0.0,-6.4,0.0],"scale":[4.0,4.0,4.0]}}}