{"textures":{"0":"modelengine:entity/ghoul"},"elements":[{"from":[5.714286,4.5714283,6.857143],"to":[10.285714,6.857143,10.285714],"rotation":{"angle":0.0,"axis":"y","origin":[8.0,-1.1428576,6.285714]},"faces":{"east":{"uv":[9.0,12.75,10.5,13.75],"rotation":0,"texture":"#0","tintindex":0},"south":{"uv":[0.0,11.5,2.0,12.5],"rotation":0,"texture":"#0","tintindex":0},"north":{"uv":[0.0,12.5,2.0,13.5],"rotation":0,"texture":"#0","tintindex":0},"west":{"uv":[10.5,12.75,9.0,13.75],"rotation":0,"texture":"#0","tintindex":0},"up":{"uv":[2.0,10.5,4.0,12.0],"rotation":0,"texture":"#0","tintindex":0},"down":{"uv":[0.0,10.0,2.0,11.5],"rotation":0,"texture":"#0","tintindex":0}}}],"display":{"head":{"translation":[0.0,-6.4,0.0],"scale":[4.0,4.0,4.0]}}}