{"textures":{"0":"modelengine:entity/ghoul"},"elements":[{"from":[4.5714283,6.857143,6.857143],"to":[8.0,9.142858,9.142858],"rotation":{"angle":0.0,"axis":"y","origin":[14.857143,-4.000001,5.714286]},"faces":{"east":{"uv":[9.5,10.0,10.5,11.0],"rotation":0,"texture":"#0","tintindex":0},"south":{"uv":[11.5,9.75,13.0,10.75],"rotation":0,"texture":"#0","tintindex":0},"north":{"uv":[14.5,9.75,16.0,10.75],"rotation":0,"texture":"#0","tintindex":0},"west":{"uv":[10.5,10.0,11.5,11.0],"rotation":0,"texture":"#0","tintindex":0},"up":{"uv":[13.0,9.75,14.5,10.75],"rotation":0,"texture":"#0","tintindex":0},"down":{"uv":[13.0,9.75,14.5,10.75],"rotation":0,"texture":"#0","tintindex":0}}},{"from":[2.8571424,8.571428,6.285714],"to":[5.142857,9.714286,7.428571],"rotation":{"angle":0.0,"axis":"y","origin":[14.857143,-4.000001,5.714286]},"faces":{"east":{"uv":[9.0,10.75,9.5,11.25],"rotation":0,"texture":"#0","tintindex":0},"south":{"uv":[5.5,9.5,6.5,10.0],"rotation":0,"texture":"#0","tintindex":0},"north":{"uv":[12.0,10.75,13.0,11.25],"rotation":0,"texture":"#0","tintindex":0},"west":{"uv":[11.5,10.75,12.0,11.25],"rotation":0,"texture":"#0","tintindex":0},"up":{"uv":[5.5,10.0,6.5,10.5],"rotation":0,"texture":"#0","tintindex":0},"down":{"uv":[5.5,9.0,6.5,9.5],"rotation":0,"texture":"#0","tintindex":0}}}],"display":{"head":{"translation":[0.0,-6.4,0.0],"scale":[4.0,4.0,4.0]}}}