{"textures":{"0":"modelengine:entity/ghoul"},"elements":[{"from":[7.428571,4.5714283,7.428571],"to":[8.571428,8.0,9.142858],"rotation":{"angle":0.0,"axis":"y","origin":[6.285714,4.5714283,5.142857]},"faces":{"east":{"uv":[9.0,11.25,9.75,12.75],"rotation":0,"texture":"#0","tintindex":0},"south":{"uv":[8.5,11.25,8.0,12.75],"rotation":0,"texture":"#0","tintindex":0},"north":{"uv":[9.0,11.25,8.5,12.75],"rotation":0,"texture":"#0","tintindex":0},"west":{"uv":[9.75,11.25,9.0,12.75],"rotation":0,"texture":"#0","tintindex":0},"up":{"uv":[6.0,10.5,5.5,11.25],"rotation":0,"texture":"#0","tintindex":0},"down":{"uv":[16.0,14.25,15.5,15.0],"rotation":0,"texture":"#0","tintindex":0}}}],"display":{"head":{"translation":[0.0,-6.4,0.0],"scale":[4.0,4.0,4.0]}}}