{"textures":{"0":"modelengine:entity/ghoul"},"elements":[{"from":[8.0,6.857143,6.857143],"to":[11.428572,9.142858,9.142858],"rotation":{"angle":0.0,"axis":"y","origin":[1.1428566,-4.000001,5.714286]},"faces":{"east":{"uv":[11.5,10.0,10.5,11.0],"rotation":0,"texture":"#0","tintindex":0},"south":{"uv":[13.0,9.75,11.5,10.75],"rotation":0,"texture":"#0","tintindex":0},"north":{"uv":[16.0,9.75,14.5,10.75],"rotation":0,"texture":"#0","tintindex":0},"west":{"uv":[10.5,10.0,9.5,11.0],"rotation":0,"texture":"#0","tintindex":0},"up":{"uv":[14.5,9.75,13.0,10.75],"rotation":0,"texture":"#0","tintindex":0},"down":{"uv":[14.5,9.75,13.0,10.75],"rotation":0,"texture":"#0","tintindex":0}}},{"from":[10.857143,8.571428,6.285714],"to":[13.142858,9.714286,7.428571],"rotation":{"angle":0.0,"axis":"y","origin":[1.1428566,-4.000001,5.714286]},"faces":{"east":{"uv":[12.0,10.75,11.5,11.25],"rotation":0,"texture":"#0","tintindex":0},"south":{"uv":[6.5,9.5,5.5,10.0],"rotation":0,"texture":"#0","tintindex":0},"north":{"uv":[13.0,10.75,12.0,11.25],"rotation":0,"texture":"#0","tintindex":0},"west":{"uv":[9.5,10.75,9.0,11.25],"rotation":0,"texture":"#0","tintindex":0},"up":{"uv":[6.5,10.0,5.5,10.5],"rotation":0,"texture":"#0","tintindex":0},"down":{"uv":[6.5,9.0,5.5,9.5],"rotation":0,"texture":"#0","tintindex":0}}}],"display":{"head":{"translation":[0.0,-6.4,0.0],"scale":[4.0,4.0,4.0]}}}