{"textures":{"0":"modelengine:entity/ghoul"},"elements":[{"from":[7.428571,6.857143,5.142857],"to":[8.571428,8.0,8.571428],"rotation":{"angle":0.0,"axis":"y","origin":[9.714286,8.0,5.142857]},"faces":{"east":{"uv":[11.25,11.0,9.75,11.5],"rotation":0,"texture":"#0","tintindex":0},"south":{"uv":[7.5,12.25,8.0,12.75],"rotation":0,"texture":"#0","tintindex":0},"north":{"uv":[7.0,12.25,7.5,12.75],"rotation":0,"texture":"#0","tintindex":0},"west":{"uv":[9.75,11.0,11.25,11.5],"rotation":0,"texture":"#0","tintindex":0},"up":{"uv":[15.5,11.25,16.0,12.75],"rotation":0,"texture":"#0","tintindex":0},"down":{"uv":[15.5,12.75,16.0,14.25],"rotation":0,"texture":"#0","tintindex":0}}}],"display":{"head":{"translation":[0.0,-6.4,0.0],"scale":[4.0,4.0,4.0]}}}