{"textures":{"0":"modelengine:entity/ghoul"},"elements":[{"from":[5.714286,6.285714,7.428571],"to":[10.285714,8.571428,8.571428],"rotation":{"angle":0.0,"axis":"y","origin":[8.0,-5.714287,8.0]},"faces":{"east":{"uv":[16.0,15.0,15.5,16.0],"rotation":0,"texture":"#0","tintindex":0},"south":{"uv":[7.0,12.75,9.0,13.75],"rotation":0,"texture":"#0","tintindex":0},"north":{"uv":[7.0,13.75,9.0,14.75],"rotation":0,"texture":"#0","tintindex":0},"west":{"uv":[15.5,15.0,16.0,16.0],"rotation":0,"texture":"#0","tintindex":0},"up":{"uv":[2.0,10.0,4.0,10.5],"rotation":0,"texture":"#0","tintindex":0},"down":{"uv":[5.0,14.25,7.0,14.75],"rotation":0,"texture":"#0","tintindex":0}}},{"from":[5.714286,6.285714,4.5714283],"to":[10.285714,7.428571,7.428571],"rotation":{"angle":0.0,"axis":"y","origin":[8.0,-5.714287,8.0]},"faces":{"east":{"uv":[0.0,13.5,1.25,14.0],"rotation":0,"texture":"#0","tintindex":0},"south":{"uv":[5.0,13.75,7.0,14.25],"rotation":0,"texture":"#0","tintindex":0},"north":{"uv":[0.0,14.75,2.0,15.25],"rotation":0,"texture":"#0","tintindex":0},"west":{"uv":[1.25,13.5,0.0,14.0],"rotation":0,"texture":"#0","tintindex":0},"up":{"uv":[7.0,14.75,9.0,16.0],"rotation":0,"texture":"#0","tintindex":0},"down":{"uv":[5.0,14.75,7.0,16.0],"rotation":0,"texture":"#0","tintindex":0}}}],"display":{"head":{"translation":[0.0,-6.4,0.0],"scale":[4.0,4.0,4.0]}}}