{"textures":{"0":"modelengine:entity/ghoul"},"elements":[{"from":[8.0,6.285714,7.428571],"to":[9.714286,9.714286,8.571428],"rotation":{"angle":0.0,"axis":"y","origin":[-1.7142859,-4.000001,4.5714283]},"faces":{"east":{"uv":[3.75,7.0,3.25,8.5],"rotation":0,"texture":"#0","tintindex":0},"south":{"uv":[3.0,8.5,2.25,10.0],"rotation":0,"texture":"#0","tintindex":0},"north":{"uv":[3.75,8.5,3.0,10.0],"rotation":0,"texture":"#0","tintindex":0},"west":{"uv":[2.75,7.0,2.25,8.5],"rotation":0,"texture":"#0","tintindex":0},"up":{"uv":[8.5,10.75,7.75,11.25],"rotation":0,"texture":"#0","tintindex":0},"down":{"uv":[7.75,11.25,7.0,11.75],"rotation":0,"texture":"#0","tintindex":0}}},{"from":[10.857143,6.285714,6.285714],"to":[11.428572,9.714286,7.428571],"rotation":{"angle":0.0,"axis":"y","origin":[-1.7142859,-4.000001,4.5714283]},"faces":{"east":{"uv":[5.5,8.5,5.0,10.0],"rotation":0,"texture":"#0","tintindex":0},"south":{"uv":[4.0,7.0,3.75,8.5],"rotation":0,"texture":"#0","tintindex":0},"north":{"uv":[2.25,7.0,2.0,8.5],"rotation":0,"texture":"#0","tintindex":0},"west":{"uv":[2.0,7.0,1.5,8.5],"rotation":0,"texture":"#0","tintindex":0},"up":{"uv":[9.0,10.75,8.75,11.25],"rotation":0,"texture":"#0","tintindex":0},"down":{"uv":[8.75,10.75,8.5,11.25],"rotation":0,"texture":"#0","tintindex":0}}},{"from":[9.714286,6.285714,7.428571],"to":[11.428572,9.714286,8.571428],"rotation":{"angle":0.0,"axis":"y","origin":[-1.7142859,-4.000001,4.5714283]},"faces":{"east":{"uv":[5.0,8.5,4.5,10.0],"rotation":0,"texture":"#0","tintindex":0},"south":{"uv":[2.25,8.5,1.5,10.0],"rotation":0,"texture":"#0","tintindex":0},"north":{"uv":[4.5,8.5,3.75,10.0],"rotation":0,"texture":"#0","tintindex":0},"west":{"uv":[3.25,7.0,2.75,8.5],"rotation":0,"texture":"#0","tintindex":0},"up":{"uv":[7.75,10.75,7.0,11.25],"rotation":0,"texture":"#0","tintindex":0},"down":{"uv":[7.75,11.75,7.0,12.25],"rotation":0,"texture":"#0","tintindex":0}}}],"display":{"head":{"translation":[0.0,-6.4,0.0],"scale":[4.0,4.0,4.0]}}}