{"textures":{"0":"modelengine:entity/ghoul"},"elements":[{"from":[6.285714,6.857143,6.857143],"to":[8.571428,9.142858,9.142858],"rotation":{"angle":0.0,"axis":"y","origin":[10.857143,-4.000001,5.714286]},"faces":{"east":{"uv":[7.5,9.75,8.5,10.75],"rotation":0,"texture":"#0","tintindex":0},"south":{"uv":[7.5,9.5,6.5,10.5],"rotation":0,"texture":"#0","tintindex":0},"north":{"uv":[6.5,9.5,7.5,10.5],"rotation":0,"texture":"#0","tintindex":0},"west":{"uv":[8.5,9.75,9.5,10.75],"rotation":0,"texture":"#0","tintindex":0},"up":{"uv":[15.0,8.75,16.0,9.75],"rotation":0,"texture":"#0","tintindex":0},"down":{"uv":[14.0,8.75,15.0,9.75],"rotation":0,"texture":"#0","tintindex":0}}},{"from":[3.4285712,7.428571,7.428571],"to":[6.857143,8.571428,8.571428],"rotation":{"angle":0.0,"axis":"y","origin":[10.857143,-4.000001,5.714286]},"faces":{"east":{"uv":[6.5,9.0,7.0,9.5],"rotation":0,"texture":"#0","tintindex":0},"south":{"uv":[5.5,8.5,7.0,9.0],"rotation":0,"texture":"#0","tintindex":0},"north":{"uv":[11.5,8.75,13.0,9.25],"rotation":0,"texture":"#0","tintindex":0},"west":{"uv":[15.5,10.75,16.0,11.25],"rotation":0,"texture":"#0","tintindex":0},"up":{"uv":[13.0,9.25,11.5,9.75],"rotation":0,"texture":"#0","tintindex":0},"down":{"uv":[13.0,9.25,11.5,9.75],"rotation":0,"texture":"#0","tintindex":0}}}],"display":{"head":{"translation":[0.0,-6.4,0.0],"scale":[4.0,4.0,4.0]}}}