{"textures":{"0":"modelengine:entity/ghoul"},"elements":[{"from":[6.285714,9.142858,4.0],"to":[9.714286,11.428572,9.142858],"rotation":{"angle":0.0,"axis":"y","origin":[8.0,-4.5714293,6.857143]},"faces":{"east":{"uv":[3.5,13.75,1.25,14.75],"rotation":0,"texture":"#0","tintindex":0},"south":{"uv":[9.0,13.75,10.5,14.75],"rotation":0,"texture":"#0","tintindex":0},"north":{"uv":[2.0,15.0,3.5,16.0],"rotation":0,"texture":"#0","tintindex":0},"west":{"uv":[1.25,13.75,3.5,14.75],"rotation":0,"texture":"#0","tintindex":0},"up":{"uv":[3.5,13.75,5.0,16.0],"rotation":0,"texture":"#0","tintindex":0},"down":{"uv":[0.0,7.75,1.5,10.0],"rotation":0,"texture":"#0","tintindex":0}}},{"from":[5.142857,11.428572,8.571428],"to":[10.857143,11.428572,12.571428],"rotation":{"angle":-22.5,"axis":"x","origin":[8.0,11.428572,9.142858]},"faces":{"east":{"uv":[0.0,0.0,0.0,3.5],"rotation":270,"texture":"#0","tintindex":0},"south":{"uv":[0.0,0.0,5.0,0.0],"rotation":0,"texture":"#0","tintindex":0},"north":{"uv":[0.0,0.0,5.0,0.0],"rotation":180,"texture":"#0","tintindex":0},"west":{"uv":[0.0,0.0,0.0,3.5],"rotation":90,"texture":"#0","tintindex":0},"up":{"uv":[16.0,7.0,13.5,8.75],"rotation":180,"texture":"#0","tintindex":0},"down":{"uv":[13.5,7.0,16.0,8.75],"rotation":0,"texture":"#0","tintindex":0}}},{"from":[5.142857,11.428572,6.285714],"to":[10.857143,11.428572,10.285714],"rotation":{"angle":-22.5,"axis":"x","origin":[8.0,11.428572,6.857143]},"faces":{"east":{"uv":[0.0,0.0,0.0,3.5],"rotation":270,"texture":"#0","tintindex":0},"south":{"uv":[0.0,0.0,5.0,0.0],"rotation":0,"texture":"#0","tintindex":0},"north":{"uv":[0.0,0.0,5.0,0.0],"rotation":180,"texture":"#0","tintindex":0},"west":{"uv":[0.0,0.0,0.0,3.5],"rotation":90,"texture":"#0","tintindex":0},"up":{"uv":[16.0,7.0,13.5,8.75],"rotation":180,"texture":"#0","tintindex":0},"down":{"uv":[13.5,7.0,16.0,8.75],"rotation":0,"texture":"#0","tintindex":0}}},{"from":[5.714286,8.571428,3.4285712],"to":[10.285714,10.285714,6.285714],"rotation":{"angle":0.0,"axis":"y","origin":[8.0,-4.5714293,6.857143]},"faces":{"east":{"uv":[1.25,14.0,0.0,14.75],"rotation":0,"texture":"#0","tintindex":0},"south":{"uv":[4.0,11.25,6.0,12.0],"rotation":0,"texture":"#0","tintindex":0},"north":{"uv":[0.0,15.25,2.0,16.0],"rotation":0,"texture":"#0","tintindex":0},"west":{"uv":[0.0,14.0,1.25,14.75],"rotation":0,"texture":"#0","tintindex":0},"up":{"uv":[11.0,14.75,13.0,16.0],"rotation":0,"texture":"#0","tintindex":0},"down":{"uv":[9.0,14.75,11.0,16.0],"rotation":0,"texture":"#0","tintindex":0}}}],"display":{"head":{"translation":[0.0,-6.4,0.0],"scale":[4.0,4.0,4.0]}}}