{"textures":{"0":"modelengine:entity/ghoul"},"elements":[{"from":[6.857143,4.5714283,6.857143],"to":[9.142858,8.571428,9.142858],"rotation":{"angle":0.0,"axis":"y","origin":[9.714286,1.7142854,5.714286]},"faces":{"east":{"uv":[3.0,12.0,4.0,13.75],"rotation":0,"texture":"#0","tintindex":0},"south":{"uv":[5.0,12.0,6.0,13.75],"rotation":0,"texture":"#0","tintindex":0},"north":{"uv":[4.0,12.0,5.0,13.75],"rotation":0,"texture":"#0","tintindex":0},"west":{"uv":[2.0,12.0,3.0,13.75],"rotation":0,"texture":"#0","tintindex":0},"up":{"uv":[6.0,11.5,7.0,12.5],"rotation":0,"texture":"#0","tintindex":0},"down":{"uv":[6.0,10.5,7.0,11.5],"rotation":0,"texture":"#0","tintindex":0}}}],"display":{"head":{"translation":[0.0,-6.4,0.0],"scale":[4.0,4.0,4.0]}}}