{"sources":[{"type":"single","resource":"lzfurniture:furniture/medieval_market/medieval_market_hangingpot"},{"type":"single","resource":"spirit_pack:spirit_pack/staff_spirit"},{"type":"single","resource":"lzfurniture:furniture/medieval_market/medieval_market_haybales"},{"type":"single","resource":"lzfurniture:furniture/medieval_market/medieval_market_stalltable"},{"type":"single","resource":"lzfurniture:furniture/medieval_market/medieval_market_campfire"},{"type":"single","resource":"lzfurniture:furniture/medieval_market/medieval_market_stool"},{"type":"single","resource":"_iainternal:icons/icon_left_blue"},{"type":"single","resource":"lzfurniture:furniture/medieval_market/medieval_market_direction_sign"},{"type":"single","resource":"_iainternal:icons/icon_cancel"},{"type":"single","resource":"lzfurniture:furniture/medieval_market/medieval_market_chair"},{"type":"single","resource":"spirit_pack:spirit_pack/bow_spirit"},{"type":"single","resource":"spirit_pack:spirit_pack/staff_spirit_fx"},{"type":"single","resource":"lzfurniture:furniture/medieval_market/medieval_market_marketstall_red"},{"type":"single","resource":"lzfurniture:furniture/medieval_market/medieval_market_barrel"},{"type":"single","resource":"lzfurniture:furniture/medieval_market/medieval_market_open_chest"},{"type":"single","resource":"lzfurniture:furniture/medieval_market/medieval_market_well"},{"type":"single","resource":"lzfurniture:furniture/medieval_market/medieval_market_table"},{"type":"single","resource":"_iainternal:icons/icon_back_orange"},{"type":"single","resource":"lzfurniture:furniture/medieval_market/medieval_market_wall_lantern"},{"type":"single","resource":"lzfurniture:furniture/medieval_market/medieval_market_wagon_red"},{"type":"single","resource":"_iainternal:icons/icon_arrow_chest"},{"type":"single","resource":"lzfurniture:furniture/medieval_market/medieval_market_box_bread"},{"type":"single","resource":"lzfurniture:furniture/medieval_market/medieval_market_chest"},{"type":"single","resource":"lzfurniture:furniture/medieval_market/medieval_market_bath"},{"type":"single","resource":"lzfurniture:furniture/medieval_market/medieval_market_bed"},{"type":"single","resource":"spirit_pack:spirit_pack/axe_spirit"},{"type":"single","resource":"lzfurniture:furniture/medieval_market/medieval_market_marketstall_purple"},{"type":"single","resource":"_iainternal:icons/icon_search"},{"type":"single","resource":"_iainternal:icons/icon_next_orange"},{"type":"single","resource":"_iainternal:icons/icon_right_blue"},{"type":"single","resource":"lzfurniture:furniture/medieval_market/medieval_market_scarecrow"},{"type":"single","resource":"spirit_pack:spirit_pack/sword_spirit"},{"type":"single","resource":"lzfurniture:furniture/medieval_market/medieval_market_bag"},{"type":"single","resource":"lzfurniture:furniture/medieval_market/medieval_market_wagon_purple"},{"type":"single","resource":"lzfurniture:furniture/medieval_market/medieval_market_box"},{"type":"single","resource":"lzfurniture:furniture/medieval_market/medieval_market_lantern"},{"type":"single","resource":"lzfurniture:furniture/medieval_market/medieval_market_wagon2"},{"type":"single","resource":"lzfurniture:furniture/medieval_market/medieval_market_box_apples"},{"type":"single","resource":"lzfurniture:furniture/medieval_market/medieval_market_pot"},{"type":"single","resource":"lzfurniture:furniture/medieval_market/medieval_market_bench"},{"type":"single","resource":"lzfurniture:furniture/medieval_market/medieval_market_wood_pile"},{"type":"single","resource":"spirit_pack:spirit_pack/spear_spirit"}]}