{"textures":{"0":"modelengine:entity/fisherman"},"elements":[{"from":[4.0,5.714286,5.714286],"to":[12.0,10.285714,10.285714],"rotation":{"angle":0.0,"axis":"y","origin":[8.0,8.0,8.0]},"faces":{"east":{"uv":[4.3875,0.0125,5.3625,0.9875],"rotation":0,"texture":"#0","tintindex":0},"south":{"uv":[1.6375,1.0125,3.3625,1.9875],"rotation":0,"texture":"#0","tintindex":0},"north":{"uv":[1.6375,0.0125,3.3625,0.9875],"rotation":0,"texture":"#0","tintindex":0},"west":{"uv":[4.3875,1.0125,5.3625,1.9875],"rotation":0,"texture":"#0","tintindex":0},"up":{"uv":[3.3625,2.9875,1.6375,2.0125],"rotation":0,"texture":"#0","tintindex":0},"down":{"uv":[1.7375,3.0125,0.0125,3.9875],"rotation":0,"texture":"#0","tintindex":0}}},{"from":[3.628488,9.296288,4.5714283],"to":[4.771345,11.582002,9.714286],"rotation":{"angle":22.5,"axis":"z","origin":[4.199917,11.296288,8.0]},"faces":{"east":{"uv":[1.1375,5.8875,2.2375,6.3625],"rotation":0,"texture":"#0","tintindex":0},"south":{"uv":[2.7625,7.7625,2.9875,8.2375],"rotation":0,"texture":"#0","tintindex":0},"north":{"uv":[2.5125,7.7625,2.7375,8.2375],"rotation":0,"texture":"#0","tintindex":0},"west":{"uv":[5.8875,3.3875,6.9875,3.8625],"rotation":0,"texture":"#0","tintindex":0},"up":{"uv":[5.6125,8.2375,5.3875,7.1375],"rotation":0,"texture":"#0","tintindex":0},"down":{"uv":[5.8625,7.1375,5.6375,8.2375],"rotation":0,"texture":"#0","tintindex":0}}},{"from":[11.228655,9.296288,4.5714283],"to":[12.371511,11.582002,9.714286],"rotation":{"angle":-22.5,"axis":"z","origin":[11.800083,11.296288,8.0]},"faces":{"east":{"uv":[6.9875,3.3875,5.8875,3.8625],"rotation":0,"texture":"#0","tintindex":0},"south":{"uv":[2.9875,7.7625,2.7625,8.2375],"rotation":0,"texture":"#0","tintindex":0},"north":{"uv":[2.7375,7.7625,2.5125,8.2375],"rotation":0,"texture":"#0","tintindex":0},"west":{"uv":[2.2375,5.8875,1.1375,6.3625],"rotation":0,"texture":"#0","tintindex":0},"up":{"uv":[5.3875,8.2375,5.6125,7.1375],"rotation":0,"texture":"#0","tintindex":0},"down":{"uv":[5.6375,7.1375,5.8625,8.2375],"rotation":0,"texture":"#0","tintindex":0}}},{"from":[4.5714283,10.285714,9.142858],"to":[11.428572,12.0,10.285714],"rotation":{"angle":0.0,"axis":"y","origin":[4.5714283,11.142858,8.0]},"faces":{"east":{"uv":[1.2625,7.8875,1.4875,8.2375],"rotation":0,"texture":"#0","tintindex":0},"south":{"uv":[5.8875,4.2625,7.3625,4.6125],"rotation":0,"texture":"#0","tintindex":0},"north":{"uv":[5.8875,3.8875,7.3625,4.2375],"rotation":0,"texture":"#0","tintindex":0},"west":{"uv":[1.5125,7.8875,1.7375,8.2375],"rotation":0,"texture":"#0","tintindex":0},"up":{"uv":[7.8625,3.3625,6.3875,3.1375],"rotation":0,"texture":"#0","tintindex":0},"down":{"uv":[8.4875,0.0125,7.0125,0.2375],"rotation":0,"texture":"#0","tintindex":0}}},{"from":[4.5714283,0.0,9.714286],"to":[11.428572,5.714286,10.285714],"rotation":{"angle":0.0,"axis":"y","origin":[8.0,8.0,8.0]},"faces":{"east":{"uv":[6.7625,7.3875,6.8625,8.6125],"rotation":0,"texture":"#0","tintindex":0},"south":{"uv":[0.0125,1.2625,1.5125,2.5125],"rotation":0,"texture":"#0","tintindex":0},"north":{"uv":[0.0125,0.0125,1.5125,1.2625],"rotation":0,"texture":"#0","tintindex":0},"west":{"uv":[7.5125,5.7625,7.6125,6.9875],"rotation":0,"texture":"#0","tintindex":0},"up":{"uv":[8.2625,2.8875,6.7625,2.7625],"rotation":0,"texture":"#0","tintindex":0},"down":{"uv":[8.7625,2.0125,7.2625,2.1375],"rotation":0,"texture":"#0","tintindex":0}}},{"from":[4.0,0.0,5.714286],"to":[4.5714283,5.714286,10.285714],"rotation":{"angle":0.0,"axis":"y","origin":[8.0,8.0,8.0]},"faces":{"east":{"uv":[3.3875,0.0125,4.3625,1.2375],"rotation":0,"texture":"#0","tintindex":0},"south":{"uv":[6.6375,7.3875,6.7375,8.6125],"rotation":0,"texture":"#0","tintindex":0},"north":{"uv":[4.0125,7.1375,4.1125,8.3625],"rotation":0,"texture":"#0","tintindex":0},"west":{"uv":[3.3875,1.2625,4.3625,2.4875],"rotation":0,"texture":"#0","tintindex":0},"up":{"uv":[7.7375,6.7375,7.6375,5.7625],"rotation":0,"texture":"#0","tintindex":0},"down":{"uv":[5.9875,7.6375,5.8875,8.6125],"rotation":0,"texture":"#0","tintindex":0}}},{"from":[11.428572,0.0,5.714286],"to":[12.0,5.714286,10.285714],"rotation":{"angle":0.0,"axis":"y","origin":[8.0,8.0,8.0]},"faces":{"east":{"uv":[4.3625,1.2625,3.3875,2.4875],"rotation":0,"texture":"#0","tintindex":0},"south":{"uv":[6.7375,7.3875,6.6375,8.6125],"rotation":0,"texture":"#0","tintindex":0},"north":{"uv":[4.1125,7.1375,4.0125,8.3625],"rotation":0,"texture":"#0","tintindex":0},"west":{"uv":[4.3625,0.0125,3.3875,1.2375],"rotation":0,"texture":"#0","tintindex":0},"up":{"uv":[7.6375,6.7375,7.7375,5.7625],"rotation":0,"texture":"#0","tintindex":0},"down":{"uv":[5.8875,7.6375,5.9875,8.6125],"rotation":0,"texture":"#0","tintindex":0}}},{"from":[5.142857,3.3344088,5.01357],"to":[10.857143,6.7629805,9.584999],"rotation":{"angle":22.5,"axis":"x","origin":[8.0,4.477266,7.2992845]},"faces":{"east":{"uv":[5.3875,0.0125,6.3625,0.7375],"rotation":0,"texture":"#0","tintindex":0},"south":{"uv":[3.5125,5.0125,4.7375,5.7375],"rotation":0,"texture":"#0","tintindex":0},"north":{"uv":[2.2625,5.0125,3.4875,5.7375],"rotation":0,"texture":"#0","tintindex":0},"west":{"uv":[5.3875,0.7625,6.3625,1.4875],"rotation":0,"texture":"#0","tintindex":0},"up":{"uv":[2.9875,3.9875,1.7625,3.0125],"rotation":0,"texture":"#0","tintindex":0},"down":{"uv":[4.2375,3.0125,3.0125,3.9875],"rotation":0,"texture":"#0","tintindex":0}}},{"from":[6.857143,3.1532516,4.7502074],"to":[9.142858,4.2961087,9.321636],"rotation":{"angle":0.0,"axis":"y","origin":[9.714286,2.010394,7.0359216]},"faces":{"east":{"uv":[5.8875,7.1375,6.8625,7.3625],"rotation":0,"texture":"#0","tintindex":0},"south":{"uv":[7.6375,1.1375,8.1125,1.3625],"rotation":0,"texture":"#0","tintindex":0},"north":{"uv":[7.6375,0.8875,8.1125,1.1125],"rotation":0,"texture":"#0","tintindex":0},"west":{"uv":[0.0125,7.2625,0.9875,7.4875],"rotation":0,"texture":"#0","tintindex":0},"up":{"uv":[1.7375,7.3625,1.2625,6.3875],"rotation":0,"texture":"#0","tintindex":0},"down":{"uv":[2.2375,6.3875,1.7625,7.3625],"rotation":0,"texture":"#0","tintindex":0}}},{"from":[6.285714,9.142858,7.428571],"to":[9.714286,10.285714,10.285714],"rotation":{"angle":-22.5,"axis":"x","origin":[8.0,8.0,8.0]},"faces":{"east":{"uv":[7.5125,0.2625,8.1125,0.4875],"rotation":0,"texture":"#0","tintindex":0},"south":{"uv":[5.8875,7.3875,6.6125,7.6125],"rotation":0,"texture":"#0","tintindex":0},"north":{"uv":[7.2625,2.1375,7.9875,2.3625],"rotation":0,"texture":"#0","tintindex":0},"west":{"uv":[0.3875,7.5125,0.9875,7.7375],"rotation":0,"texture":"#0","tintindex":0},"up":{"uv":[6.6125,5.2375,5.8875,4.6375],"rotation":0,"texture":"#0","tintindex":0},"down":{"uv":[7.1125,0.8875,6.3875,1.4875],"rotation":0,"texture":"#0","tintindex":0}}}],"display":{"head":{"translation":[0.0,-6.4,0.0],"scale":[4.0,4.0,4.0]}}}