{"textures":{"0":"modelengine:entity/fisherman"},"elements":[{"from":[5.998937,6.8552065,5.2097616],"to":[10.570366,11.426636,9.781191],"rotation":{"angle":0.0,"axis":"y","origin":[7.998937,-6.8590794,7.4954762]},"faces":{"east":{"uv":[1.0125,4.0125,1.9875,4.9875],"rotation":0,"texture":"#0","tintindex":0},"south":{"uv":[2.0125,4.0125,2.9875,4.9875],"rotation":0,"texture":"#0","tintindex":0},"north":{"uv":[0.0125,4.0125,0.9875,4.9875],"rotation":0,"texture":"#0","tintindex":0},"west":{"uv":[3.0125,4.0125,3.9875,4.9875],"rotation":0,"texture":"#0","tintindex":0},"up":{"uv":[4.9875,4.9875,4.0125,4.0125],"rotation":0,"texture":"#0","tintindex":0},"down":{"uv":[5.2375,2.5125,4.2625,3.4875],"rotation":0,"texture":"#0","tintindex":0}}},{"from":[7.713223,7.9980636,4.066905],"to":[8.85608,9.71235,5.781191],"rotation":{"angle":-22.5,"axis":"x","origin":[8.284652,8.8552065,4.6383333]},"faces":{"east":{"uv":[7.5125,0.5125,7.8625,0.8625],"rotation":0,"texture":"#0","tintindex":0},"south":{"uv":[7.7625,4.6375,7.9875,4.9875],"rotation":0,"texture":"#0","tintindex":0},"north":{"uv":[4.5125,5.7625,4.7375,6.1125],"rotation":0,"texture":"#0","tintindex":0},"west":{"uv":[7.3875,7.5125,7.7375,7.8625],"rotation":0,"texture":"#0","tintindex":0},"up":{"uv":[7.9875,6.6125,7.7625,6.2625],"rotation":0,"texture":"#0","tintindex":0},"down":{"uv":[7.9875,7.0125,7.7625,7.3625],"rotation":0,"texture":"#0","tintindex":0}}},{"from":[9.141794,6.7123494,2.6383333],"to":[9.713223,7.283778,4.9240475],"rotation":{"angle":-22.5,"axis":"x","origin":[9.427509,7.9980636,2.9240475]},"faces":{"east":{"uv":[7.7625,1.8875,8.2375,1.9875],"rotation":0,"texture":"#0","tintindex":0},"south":{"uv":[7.5125,7.8875,7.6125,7.9875],"rotation":0,"texture":"#0","tintindex":0},"north":{"uv":[7.3875,7.8875,7.4875,7.9875],"rotation":0,"texture":"#0","tintindex":0},"west":{"uv":[7.7625,6.6375,8.2375,6.7375],"rotation":0,"texture":"#0","tintindex":0},"up":{"uv":[4.4875,6.7375,4.3875,6.2625],"rotation":0,"texture":"#0","tintindex":0},"down":{"uv":[6.8625,5.7625,6.7625,6.2375],"rotation":0,"texture":"#0","tintindex":0}}},{"from":[8.85608,6.7123494,1.4954762],"to":[9.998938,8.426635,2.6383333],"rotation":{"angle":-22.5,"axis":"x","origin":[9.427509,7.9980636,2.9240475]},"faces":{"east":{"uv":[2.0125,7.8875,2.2375,8.2375],"rotation":0,"texture":"#0","tintindex":0},"south":{"uv":[7.8875,2.3875,8.1125,2.7375],"rotation":0,"texture":"#0","tintindex":0},"north":{"uv":[1.7625,7.8875,1.9875,8.2375],"rotation":0,"texture":"#0","tintindex":0},"west":{"uv":[7.8875,3.8875,8.1125,4.2375],"rotation":0,"texture":"#0","tintindex":0},"up":{"uv":[8.1125,5.7375,7.8875,5.5125],"rotation":0,"texture":"#0","tintindex":0},"down":{"uv":[6.2375,7.8875,6.0125,8.1125],"rotation":0,"texture":"#0","tintindex":0}}},{"from":[5.713223,6.283778,4.9240475],"to":[10.85608,8.569492,6.6383333],"rotation":{"angle":0.0,"axis":"y","origin":[8.284652,-6.8590794,7.209762]},"faces":{"east":{"uv":[1.5125,7.3875,1.8625,7.8625],"rotation":0,"texture":"#0","tintindex":0},"south":{"uv":[5.6375,5.2625,6.7375,5.7375],"rotation":0,"texture":"#0","tintindex":0},"north":{"uv":[5.3875,1.5125,6.4875,1.9875],"rotation":0,"texture":"#0","tintindex":0},"west":{"uv":[1.8875,7.3875,2.2375,7.8625],"rotation":0,"texture":"#0","tintindex":0},"up":{"uv":[7.7375,4.9875,6.6375,4.6375],"rotation":0,"texture":"#0","tintindex":0},"down":{"uv":[7.8625,2.3875,6.7625,2.7375],"rotation":0,"texture":"#0","tintindex":0}}},{"from":[5.713223,4.085058,4.4866953],"to":[10.85608,6.370773,4.4866953],"rotation":{"angle":22.5,"axis":"x","origin":[9.141794,5.227916,4.4866953]},"faces":{"east":{"uv":[0.0125,0.0125,0.0125,0.4875],"rotation":0,"texture":"#0","tintindex":0},"south":{"uv":[0.0125,2.5125,1.1,2.9875],"rotation":0,"texture":"#0","tintindex":0},"north":{"uv":[0.0125,2.5125,1.1125,2.9875],"rotation":0,"texture":"#0","tintindex":0},"west":{"uv":[0.0125,0.0125,0.0125,0.4875],"rotation":0,"texture":"#0","tintindex":0},"up":{"uv":[1.1125,0.0125,0.0125,0.0125],"rotation":0,"texture":"#0","tintindex":0},"down":{"uv":[1.1125,0.0125,0.0125,0.0125],"rotation":0,"texture":"#0","tintindex":0}}},{"from":[4.5357027,6.283778,6.9587107],"to":[6.2499886,10.283778,6.9587107],"rotation":{"angle":45.0,"axis":"y","origin":[5.392846,8.283778,6.9587107]},"faces":{"east":{"uv":[0.0125,0.0125,0.0125,0.8625],"rotation":0,"texture":"#0","tintindex":0},"south":{"uv":[4.7375,7.0125,4.3875,7.8625],"rotation":0,"texture":"#0","tintindex":0},"north":{"uv":[4.3875,7.0125,4.7375,7.8625],"rotation":0,"texture":"#0","tintindex":0},"west":{"uv":[0.0125,0.0125,0.0125,0.8625],"rotation":0,"texture":"#0","tintindex":0},"up":{"uv":[0.3625,0.0125,0.0125,0.0125],"rotation":0,"texture":"#0","tintindex":0},"down":{"uv":[0.3625,0.0125,0.0125,0.0125],"rotation":0,"texture":"#0","tintindex":0}}},{"from":[10.319315,6.283778,6.9587107],"to":[12.033601,10.283778,6.9587107],"rotation":{"angle":-45.0,"axis":"y","origin":[11.176457,8.283778,6.9587107]},"faces":{"east":{"uv":[0.0125,0.0125,0.0125,0.8625],"rotation":0,"texture":"#0","tintindex":0},"south":{"uv":[4.3875,7.0125,4.7375,7.8625],"rotation":0,"texture":"#0","tintindex":0},"north":{"uv":[4.7375,7.0125,4.3875,7.8625],"rotation":0,"texture":"#0","tintindex":0},"west":{"uv":[0.0125,0.0125,0.0125,0.8625],"rotation":0,"texture":"#0","tintindex":0},"up":{"uv":[0.0125,0.0125,0.3625,0.0125],"rotation":0,"texture":"#0","tintindex":0},"down":{"uv":[0.0125,0.0125,0.3625,0.0125],"rotation":0,"texture":"#0","tintindex":0}}},{"from":[5.7585125,8.569492,6.989888],"to":[6.329941,10.283778,8.132746],"rotation":{"angle":-22.5,"axis":"y","origin":[6.0442266,9.426636,7.561317]},"faces":{"east":{"uv":[7.7625,7.3875,7.9875,7.7375],"rotation":0,"texture":"#0","tintindex":0},"south":{"uv":[6.2625,7.8875,6.3625,8.2375],"rotation":0,"texture":"#0","tintindex":0},"north":{"uv":[6.5125,7.6375,6.6125,7.9875],"rotation":0,"texture":"#0","tintindex":0},"west":{"uv":[7.7625,7.7625,7.9875,8.1125],"rotation":0,"texture":"#0","tintindex":0},"up":{"uv":[6.7375,5.2375,6.6375,5.0125],"rotation":0,"texture":"#0","tintindex":0},"down":{"uv":[4.4875,6.7625,4.3875,6.9875],"rotation":0,"texture":"#0","tintindex":0}}},{"from":[10.239363,8.569492,6.989888],"to":[10.810791,10.283778,8.132746],"rotation":{"angle":22.5,"axis":"y","origin":[9.953648,9.426636,7.561317]},"faces":{"east":{"uv":[7.9875,7.7625,7.7625,8.1125],"rotation":0,"texture":"#0","tintindex":0},"south":{"uv":[6.3625,7.8875,6.2625,8.2375],"rotation":0,"texture":"#0","tintindex":0},"north":{"uv":[6.6125,7.6375,6.5125,7.9875],"rotation":0,"texture":"#0","tintindex":0},"west":{"uv":[7.9875,7.3875,7.7625,7.7375],"rotation":0,"texture":"#0","tintindex":0},"up":{"uv":[6.6375,5.2375,6.7375,5.0125],"rotation":0,"texture":"#0","tintindex":0},"down":{"uv":[4.3875,6.7625,4.4875,6.9875],"rotation":0,"texture":"#0","tintindex":0}}},{"from":[5.713223,10.283778,6.352619],"to":[10.85608,12.569492,10.352619],"rotation":{"angle":0.0,"axis":"y","origin":[7.713223,-3.4305077,7.4954762]},"faces":{"east":{"uv":[3.3875,2.5125,4.2375,2.9875],"rotation":0,"texture":"#0","tintindex":0},"south":{"uv":[3.3875,5.7625,4.4875,6.2375],"rotation":0,"texture":"#0","tintindex":0},"north":{"uv":[2.2625,5.7625,3.3625,6.2375],"rotation":0,"texture":"#0","tintindex":0},"west":{"uv":[4.3875,2.0125,5.2375,2.4875],"rotation":0,"texture":"#0","tintindex":0},"up":{"uv":[1.1125,5.8625,0.0125,5.0125],"rotation":0,"texture":"#0","tintindex":0},"down":{"uv":[2.2375,5.0125,1.1375,5.8625],"rotation":0,"texture":"#0","tintindex":0}}},{"from":[5.713223,10.283778,4.066905],"to":[10.85608,11.998064,6.352619],"rotation":{"angle":0.0,"axis":"y","origin":[7.713223,-3.4305077,4.066905]},"faces":{"east":{"uv":[7.3875,3.8875,7.8625,4.2375],"rotation":0,"texture":"#0","tintindex":0},"south":{"uv":[6.7625,5.3875,7.8625,5.7375],"rotation":0,"texture":"#0","tintindex":0},"north":{"uv":[6.7625,5.0125,7.8625,5.3625],"rotation":0,"texture":"#0","tintindex":0},"west":{"uv":[7.3875,4.2625,7.8625,4.6125],"rotation":0,"texture":"#0","tintindex":0},"up":{"uv":[6.7375,6.2375,5.6375,5.7625],"rotation":0,"texture":"#0","tintindex":0},"down":{"uv":[1.1125,5.8875,0.0125,6.3625],"rotation":0,"texture":"#0","tintindex":0}}}],"display":{"head":{"translation":[0.0,-6.4,0.0],"scale":[4.0,4.0,4.0]}}}