{"textures":{"0":"modelengine:entity/fisherman"},"elements":[{"from":[6.857143,5.714286,6.857143],"to":[8.0,8.0,9.142858],"rotation":{"angle":0.0,"axis":"y","origin":[13.142858,13.714286,8.571428]},"faces":{"east":{"uv":[1.1375,2.5125,1.6125,2.9875],"rotation":0,"texture":"#0","tintindex":0},"south":{"uv":[6.5125,1.5125,6.7375,1.9875],"rotation":0,"texture":"#0","tintindex":0},"north":{"uv":[4.7625,3.5125,4.9875,3.9875],"rotation":0,"texture":"#0","tintindex":0},"west":{"uv":[4.2625,3.5125,4.7375,3.9875],"rotation":0,"texture":"#0","tintindex":0},"up":{"uv":[7.9875,1.8625,7.7625,1.3875],"rotation":0,"texture":"#0","tintindex":0},"down":{"uv":[2.4875,7.7625,2.2625,8.2375],"rotation":0,"texture":"#0","tintindex":0}}},{"from":[8.0,6.857143,6.857143],"to":[9.142858,8.0,8.0],"rotation":{"angle":0.0,"axis":"y","origin":[13.142858,13.714286,8.571428]},"faces":{"east":{"uv":[7.8875,3.1375,8.1125,3.3625],"rotation":0,"texture":"#0","tintindex":0},"south":{"uv":[7.8875,4.2625,8.1125,4.4875],"rotation":0,"texture":"#0","tintindex":0},"north":{"uv":[4.7625,5.0125,4.9875,5.2375],"rotation":0,"texture":"#0","tintindex":0},"west":{"uv":[4.3875,7.8875,4.6125,8.1125],"rotation":0,"texture":"#0","tintindex":0},"up":{"uv":[4.8625,8.1125,4.6375,7.8875],"rotation":0,"texture":"#0","tintindex":0},"down":{"uv":[5.1125,7.8875,4.8875,8.1125],"rotation":0,"texture":"#0","tintindex":0}}}],"display":{"head":{"translation":[0.0,-6.4,0.0],"scale":[4.0,4.0,4.0]}}}