{"textures":{"0":"modelengine:entity/fisherman"},"elements":[{"from":[7.142857,6.857143,8.0],"to":[8.857143,8.0,10.285714],"rotation":{"angle":0.0,"axis":"y","origin":[10.285714,9.714286,9.428572]},"faces":{"east":{"uv":[6.0125,7.6375,6.4875,7.8625],"rotation":0,"texture":"#0","tintindex":0},"south":{"uv":[0.8875,7.8875,1.2375,8.1125],"rotation":0,"texture":"#0","tintindex":0},"north":{"uv":[7.8875,0.5125,8.2375,0.7375],"rotation":0,"texture":"#0","tintindex":0},"west":{"uv":[7.6375,6.7625,8.1125,6.9875],"rotation":0,"texture":"#0","tintindex":0},"up":{"uv":[7.7375,7.4875,7.3875,7.0125],"rotation":0,"texture":"#0","tintindex":0},"down":{"uv":[0.3625,7.5125,0.0125,7.9875],"rotation":0,"texture":"#0","tintindex":0}}},{"from":[6.857143,4.0,7.714286],"to":[9.142858,6.857143,10.571428],"rotation":{"angle":0.0,"axis":"y","origin":[10.285714,9.714286,9.428572]},"faces":{"east":{"uv":[6.8875,5.7625,7.4875,6.3625],"rotation":0,"texture":"#0","tintindex":0},"south":{"uv":[2.2625,7.1375,2.7375,7.7375],"rotation":0,"texture":"#0","tintindex":0},"north":{"uv":[7.1375,0.8875,7.6125,1.4875],"rotation":0,"texture":"#0","tintindex":0},"west":{"uv":[6.8875,6.3875,7.4875,6.9875],"rotation":0,"texture":"#0","tintindex":0},"up":{"uv":[3.2375,7.7375,2.7625,7.1375],"rotation":0,"texture":"#0","tintindex":0},"down":{"uv":[3.7375,7.1375,3.2625,7.7375],"rotation":0,"texture":"#0","tintindex":0}}},{"from":[6.857143,4.0,7.142857],"to":[9.142858,5.142857,7.714286],"rotation":{"angle":0.0,"axis":"y","origin":[10.285714,9.714286,9.428572]},"faces":{"east":{"uv":[6.3875,7.8875,6.4875,8.1125],"rotation":0,"texture":"#0","tintindex":0},"south":{"uv":[0.3875,7.7625,0.8625,7.9875],"rotation":0,"texture":"#0","tintindex":0},"north":{"uv":[6.8875,7.6375,7.3625,7.8625],"rotation":0,"texture":"#0","tintindex":0},"west":{"uv":[6.8875,7.8875,6.9875,8.1125],"rotation":0,"texture":"#0","tintindex":0},"up":{"uv":[5.7375,3.4875,5.2625,3.3875],"rotation":0,"texture":"#0","tintindex":0},"down":{"uv":[5.6125,6.1375,5.1375,6.2375],"rotation":0,"texture":"#0","tintindex":0}}}],"display":{"head":{"translation":[0.0,-6.4,0.0],"scale":[4.0,4.0,4.0]}}}