{"textures":{"0":"modelengine:entity/fisherman"},"elements":[{"from":[6.257143,4.0,4.0],"to":[9.114285,8.0,8.0],"rotation":{"angle":0.0,"axis":"y","origin":[13.142858,9.714286,6.285714]},"faces":{"east":{"uv":[5.2625,2.0125,6.1125,2.8625],"rotation":0,"texture":"#0","tintindex":0},"south":{"uv":[0.0125,6.3875,0.6125,7.2375],"rotation":0,"texture":"#0","tintindex":0},"north":{"uv":[5.7625,6.2625,6.3625,7.1125],"rotation":0,"texture":"#0","tintindex":0},"west":{"uv":[4.7625,5.2625,5.6125,6.1125],"rotation":0,"texture":"#0","tintindex":0},"up":{"uv":[6.9875,0.8625,6.3875,0.0125],"rotation":0,"texture":"#0","tintindex":0},"down":{"uv":[1.2375,6.3875,0.6375,7.2375],"rotation":0,"texture":"#0","tintindex":0}}}],"display":{"head":{"translation":[0.0,-6.4,0.0],"scale":[4.0,4.0,4.0]}}}