{"textures":{"0":"modelengine:entity/fisherman"},"elements":[{"from":[5.142857,5.142857,6.285714],"to":[8.0,9.142858,10.285714],"rotation":{"angle":0.0,"axis":"y","origin":[12.0,6.857143,8.571428]},"faces":{"east":{"uv":[5.0125,3.5125,5.8625,4.3625],"rotation":0,"texture":"#0","tintindex":0},"south":{"uv":[2.8875,6.2625,3.4875,7.1125],"rotation":0,"texture":"#0","tintindex":0},"north":{"uv":[2.2625,6.2625,2.8625,7.1125],"rotation":0,"texture":"#0","tintindex":0},"west":{"uv":[5.0125,4.3875,5.8625,5.2375],"rotation":0,"texture":"#0","tintindex":0},"up":{"uv":[4.1125,7.1125,3.5125,6.2625],"rotation":0,"texture":"#0","tintindex":0},"down":{"uv":[5.7375,6.2625,5.1375,7.1125],"rotation":0,"texture":"#0","tintindex":0}}}],"display":{"head":{"translation":[0.0,-6.4,0.0],"scale":[4.0,4.0,4.0]}}}