{"textures":{"0":"modelengine:entity/fisherman"},"elements":[{"from":[5.714286,5.142857,6.857143],"to":[8.0,9.142858,9.714286],"rotation":{"angle":0.0,"axis":"y","origin":[9.142858,6.857143,8.571428]},"faces":{"east":{"uv":[6.1375,2.0125,6.7375,2.8625],"rotation":0,"texture":"#0","tintindex":0},"south":{"uv":[6.7625,1.5125,7.2375,2.3625],"rotation":0,"texture":"#0","tintindex":0},"north":{"uv":[6.3875,6.2625,6.8625,7.1125],"rotation":0,"texture":"#0","tintindex":0},"west":{"uv":[4.5125,6.1375,5.1125,6.9875],"rotation":0,"texture":"#0","tintindex":0},"up":{"uv":[7.4875,0.8625,7.0125,0.2625],"rotation":0,"texture":"#0","tintindex":0},"down":{"uv":[7.3625,7.0125,6.8875,7.6125],"rotation":0,"texture":"#0","tintindex":0}}}],"display":{"head":{"translation":[0.0,-6.4,0.0],"scale":[4.0,4.0,4.0]}}}