{"textures":{"0":"modelengine:entity/fisherman"},"elements":[{"from":[6.885714,4.0,4.0],"to":[9.742857,8.0,8.0],"rotation":{"angle":0.0,"axis":"y","origin":[2.8571424,9.714286,6.285714]},"faces":{"east":{"uv":[5.6125,5.2625,4.7625,6.1125],"rotation":0,"texture":"#0","tintindex":0},"south":{"uv":[0.6125,6.3875,0.0125,7.2375],"rotation":0,"texture":"#0","tintindex":0},"north":{"uv":[6.3625,6.2625,5.7625,7.1125],"rotation":0,"texture":"#0","tintindex":0},"west":{"uv":[6.1125,2.0125,5.2625,2.8625],"rotation":0,"texture":"#0","tintindex":0},"up":{"uv":[6.3875,0.8625,6.9875,0.0125],"rotation":0,"texture":"#0","tintindex":0},"down":{"uv":[0.6375,6.3875,1.2375,7.2375],"rotation":0,"texture":"#0","tintindex":0}}}],"display":{"head":{"translation":[0.0,-6.4,0.0],"scale":[4.0,4.0,4.0]}}}