{"textures":{"0":"modelengine:entity/fisherman"},"elements":[{"from":[8.0,5.142857,6.285714],"to":[10.857143,9.142858,10.285714],"rotation":{"angle":0.0,"axis":"y","origin":[4.0,6.857143,8.571428]},"faces":{"east":{"uv":[5.8625,4.3875,5.0125,5.2375],"rotation":0,"texture":"#0","tintindex":0},"south":{"uv":[3.4875,6.2625,2.8875,7.1125],"rotation":0,"texture":"#0","tintindex":0},"north":{"uv":[2.8625,6.2625,2.2625,7.1125],"rotation":0,"texture":"#0","tintindex":0},"west":{"uv":[5.8625,3.5125,5.0125,4.3625],"rotation":0,"texture":"#0","tintindex":0},"up":{"uv":[3.5125,7.1125,4.1125,6.2625],"rotation":0,"texture":"#0","tintindex":0},"down":{"uv":[5.1375,6.2625,5.7375,7.1125],"rotation":0,"texture":"#0","tintindex":0}}}],"display":{"head":{"translation":[0.0,-6.4,0.0],"scale":[4.0,4.0,4.0]}}}