{"textures":{"0":"modelengine:entity/fisherman"},"elements":[{"from":[8.0,5.142857,6.857143],"to":[10.285714,9.142858,9.714286],"rotation":{"angle":0.0,"axis":"y","origin":[6.857143,6.857143,8.571428]},"faces":{"east":{"uv":[5.1125,6.1375,4.5125,6.9875],"rotation":0,"texture":"#0","tintindex":0},"south":{"uv":[7.2375,1.5125,6.7625,2.3625],"rotation":0,"texture":"#0","tintindex":0},"north":{"uv":[6.8625,6.2625,6.3875,7.1125],"rotation":0,"texture":"#0","tintindex":0},"west":{"uv":[6.7375,2.0125,6.1375,2.8625],"rotation":0,"texture":"#0","tintindex":0},"up":{"uv":[7.0125,0.8625,7.4875,0.2625],"rotation":0,"texture":"#0","tintindex":0},"down":{"uv":[6.8875,7.0125,7.3625,7.6125],"rotation":0,"texture":"#0","tintindex":0}}}],"display":{"head":{"translation":[0.0,-6.4,0.0],"scale":[4.0,4.0,4.0]}}}