{"textures":{"0":"modelengine:entity/nocsy_skeleton_brute_skin"},"elements":[{"from":[6.6078696,6.1110125,8.190286],"to":[9.39213,8.805458,9.088434],"rotation":{"angle":0.0,"axis":"y","origin":[5.3504615,14.733239,6.3939886]},"faces":{"east":{"uv":[2.5,12.375,2.75,13.0],"rotation":0,"texture":"#0","tintindex":0},"south":{"uv":[10.25,2.875,10.875,3.5],"rotation":0,"texture":"#0","tintindex":0},"north":{"uv":[10.25,2.25,10.875,2.875],"rotation":0,"texture":"#0","tintindex":0},"west":{"uv":[2.75,12.375,3.0,13.0],"rotation":0,"texture":"#0","tintindex":0},"up":{"uv":[13.125,8.125,12.5,7.875],"rotation":0,"texture":"#0","tintindex":0},"down":{"uv":[13.125,8.125,12.5,8.375],"rotation":0,"texture":"#0","tintindex":0}}},{"from":[6.6078696,0.9681549,9.145577],"to":[9.39213,8.805458,9.145577],"rotation":{"angle":0.0,"axis":"y","origin":[5.3504615,14.733239,6.3939886]},"faces":{"east":{"uv":[0.0,0.0,0.0,1.75],"rotation":0,"texture":"#0","tintindex":0},"south":{"uv":[0.0,7.125,0.625,8.875],"rotation":0,"texture":"#0","tintindex":0},"north":{"uv":[3.0,6.125,3.625,7.875],"rotation":0,"texture":"#0","tintindex":0},"west":{"uv":[0.0,0.0,0.0,1.75],"rotation":0,"texture":"#0","tintindex":0},"up":{"uv":[0.625,0.0,0.0,0.0],"rotation":0,"texture":"#0","tintindex":0},"down":{"uv":[0.625,0.0,0.0,0.0],"rotation":0,"texture":"#0","tintindex":0}}},{"from":[4.802591,6.1020308,8.540564],"to":[7.0659256,8.81444,9.54649],"rotation":{"angle":-22.5,"axis":"y","origin":[8.0,8.356384,8.190286]},"faces":{"east":{"uv":[7.0,12.375,7.25,13.0],"rotation":0,"texture":"#0","tintindex":0},"south":{"uv":[3.0,10.875,3.5,11.5],"rotation":0,"texture":"#0","tintindex":0},"north":{"uv":[5.375,4.25,5.875,4.875],"rotation":0,"texture":"#0","tintindex":0},"west":{"uv":[8.375,12.375,8.625,13.0],"rotation":0,"texture":"#0","tintindex":0},"up":{"uv":[13.25,6.875,12.75,6.625],"rotation":0,"texture":"#0","tintindex":0},"down":{"uv":[13.25,6.875,12.75,7.125],"rotation":0,"texture":"#0","tintindex":0}}},{"from":[4.802591,2.6734595,9.592204],"to":[7.0659256,8.81444,9.603633],"rotation":{"angle":-22.5,"axis":"y","origin":[8.0,8.356384,8.190286]},"faces":{"east":{"uv":[0.0,0.0,0.0,1.375],"rotation":0,"texture":"#0","tintindex":0},"south":{"uv":[1.875,8.25,2.375,9.625],"rotation":0,"texture":"#0","tintindex":0},"north":{"uv":[3.625,6.125,4.125,7.5],"rotation":0,"texture":"#0","tintindex":0},"west":{"uv":[0.0,0.0,0.0,1.375],"rotation":0,"texture":"#0","tintindex":0},"up":{"uv":[0.5,0.0,0.0,0.0],"rotation":0,"texture":"#0","tintindex":0},"down":{"uv":[0.5,0.0,0.0,0.0],"rotation":0,"texture":"#0","tintindex":0}}},{"from":[4.820554,6.119994,6.7622294],"to":[5.790554,8.796476,9.438712],"rotation":{"angle":-22.5,"axis":"y","origin":[8.0,8.356384,8.190286]},"faces":{"east":{"uv":[4.125,10.25,4.75,10.875],"rotation":0,"texture":"#0","tintindex":0},"south":{"uv":[9.375,12.375,9.625,13.0],"rotation":0,"texture":"#0","tintindex":0},"north":{"uv":[8.625,12.375,8.875,13.0],"rotation":0,"texture":"#0","tintindex":0},"west":{"uv":[10.25,4.375,10.875,5.0],"rotation":0,"texture":"#0","tintindex":0},"up":{"uv":[11.0,13.0,10.75,12.375],"rotation":0,"texture":"#0","tintindex":0},"down":{"uv":[11.25,12.375,11.0,13.0],"rotation":0,"texture":"#0","tintindex":0}}},{"from":[8.934074,6.1020308,8.540564],"to":[11.197409,8.81444,9.54649],"rotation":{"angle":22.5,"axis":"y","origin":[8.0,8.356384,8.190286]},"faces":{"east":{"uv":[4.5,12.5,4.75,13.125],"rotation":0,"texture":"#0","tintindex":0},"south":{"uv":[10.875,4.375,11.375,5.0],"rotation":0,"texture":"#0","tintindex":0},"north":{"uv":[4.125,10.875,4.625,11.5],"rotation":0,"texture":"#0","tintindex":0},"west":{"uv":[4.75,12.5,5.0,13.125],"rotation":0,"texture":"#0","tintindex":0},"up":{"uv":[13.25,8.75,12.75,8.5],"rotation":0,"texture":"#0","tintindex":0},"down":{"uv":[13.25,8.75,12.75,9.0],"rotation":0,"texture":"#0","tintindex":0}}},{"from":[8.934074,3.8163166,9.592204],"to":[11.197409,8.81444,9.603633],"rotation":{"angle":22.5,"axis":"y","origin":[8.0,8.356384,8.190286]},"faces":{"east":{"uv":[0.0,0.0,0.0,1.125],"rotation":0,"texture":"#0","tintindex":0},"south":{"uv":[0.5,9.375,1.0,10.5],"rotation":0,"texture":"#0","tintindex":0},"north":{"uv":[0.0,9.375,0.5,10.5],"rotation":0,"texture":"#0","tintindex":0},"west":{"uv":[0.0,0.0,0.0,1.125],"rotation":0,"texture":"#0","tintindex":0},"up":{"uv":[0.5,0.0,0.0,0.0],"rotation":0,"texture":"#0","tintindex":0},"down":{"uv":[0.5,0.0,0.0,0.0],"rotation":0,"texture":"#0","tintindex":0}}},{"from":[10.209446,6.119994,6.7622294],"to":[11.179446,8.796476,9.438712],"rotation":{"angle":22.5,"axis":"y","origin":[8.0,8.356384,8.190286]},"faces":{"east":{"uv":[5.75,10.25,6.375,10.875],"rotation":0,"texture":"#0","tintindex":0},"south":{"uv":[11.375,12.5,11.625,13.125],"rotation":0,"texture":"#0","tintindex":0},"north":{"uv":[5.5,12.5,5.75,13.125],"rotation":0,"texture":"#0","tintindex":0},"west":{"uv":[6.375,10.25,7.0,10.875],"rotation":0,"texture":"#0","tintindex":0},"up":{"uv":[11.875,13.125,11.625,12.5],"rotation":0,"texture":"#0","tintindex":0},"down":{"uv":[12.125,12.5,11.875,13.125],"rotation":0,"texture":"#0","tintindex":0}}},{"from":[9.095906,6.838513,4.9861298],"to":[10.065907,8.257587,6.9440937],"rotation":{"angle":45.0,"axis":"y","origin":[9.401277,7.098976,5.47113]},"faces":{"east":{"uv":[7.625,12.625,8.0,13.0],"rotation":0,"texture":"#0","tintindex":0},"south":{"uv":[7.75,13.0,8.0,13.375],"rotation":0,"texture":"#0","tintindex":0},"north":{"uv":[7.5,13.0,7.75,13.375],"rotation":0,"texture":"#0","tintindex":0},"west":{"uv":[8.0,12.625,8.375,13.0],"rotation":0,"texture":"#0","tintindex":0},"up":{"uv":[8.25,13.375,8.0,13.0],"rotation":0,"texture":"#0","tintindex":0},"down":{"uv":[8.5,13.0,8.25,13.375],"rotation":0,"texture":"#0","tintindex":0}}},{"from":[9.455166,6.4792533,4.537056],"to":[10.065907,7.1798096,6.225575],"rotation":{"angle":22.5,"axis":"y","origin":[9.401277,7.098976,5.47113]},"faces":{"east":{"uv":[12.25,6.5,12.625,6.625],"rotation":0,"texture":"#0","tintindex":0},"south":{"uv":[11.375,3.875,11.5,4.0],"rotation":0,"texture":"#0","tintindex":0},"north":{"uv":[11.0,10.375,11.125,10.5],"rotation":0,"texture":"#0","tintindex":0},"west":{"uv":[13.625,5.375,14.0,5.5],"rotation":0,"texture":"#0","tintindex":0},"up":{"uv":[3.75,7.875,3.625,7.5],"rotation":0,"texture":"#0","tintindex":0},"down":{"uv":[9.125,1.125,9.0,1.5],"rotation":0,"texture":"#0","tintindex":0}}},{"from":[5.9340935,6.838513,4.9861298],"to":[6.904094,8.257587,6.9440937],"rotation":{"angle":-45.0,"axis":"y","origin":[6.5987234,7.098976,5.47113]},"faces":{"east":{"uv":[12.625,9.25,13.0,9.625],"rotation":0,"texture":"#0","tintindex":0},"south":{"uv":[9.25,13.0,9.5,13.375],"rotation":0,"texture":"#0","tintindex":0},"north":{"uv":[8.5,13.0,8.75,13.375],"rotation":0,"texture":"#0","tintindex":0},"west":{"uv":[12.625,9.625,13.0,10.0],"rotation":0,"texture":"#0","tintindex":0},"up":{"uv":[13.25,9.625,13.0,9.25],"rotation":0,"texture":"#0","tintindex":0},"down":{"uv":[9.75,13.0,9.5,13.375],"rotation":0,"texture":"#0","tintindex":0}}},{"from":[5.9340935,6.4792533,4.537056],"to":[6.5448346,7.1798096,6.225575],"rotation":{"angle":-22.5,"axis":"y","origin":[6.5987234,7.098976,5.47113]},"faces":{"east":{"uv":[13.625,7.75,14.0,7.875],"rotation":0,"texture":"#0","tintindex":0},"south":{"uv":[11.5,1.25,11.625,1.375],"rotation":0,"texture":"#0","tintindex":0},"north":{"uv":[11.375,8.5,11.5,8.625],"rotation":0,"texture":"#0","tintindex":0},"west":{"uv":[13.625,8.375,14.0,8.5],"rotation":0,"texture":"#0","tintindex":0},"up":{"uv":[9.75,8.0,9.625,7.625],"rotation":0,"texture":"#0","tintindex":0},"down":{"uv":[7.5,10.0,7.375,10.375],"rotation":0,"texture":"#0","tintindex":0}}}],"display":{"head":{"translation":[0.0,-6.4,0.0],"scale":[4.0,4.0,4.0]}}}