{"textures":{"0":"modelengine:entity/nocsy_skeleton_brute_skin"},"elements":[{"from":[7.48,7.1371427,-7.148572],"to":[8.634286,8.862857,23.148571],"rotation":{"angle":0.0,"axis":"y","origin":[4.247291,25.152855,15.444544]},"faces":{"east":{"uv":[4.125,0.0,10.75,0.375],"rotation":0,"texture":"#0","tintindex":0},"south":{"uv":[13.125,11.625,13.375,12.0],"rotation":0,"texture":"#0","tintindex":0},"north":{"uv":[11.625,13.125,11.875,13.5],"rotation":0,"texture":"#0","tintindex":0},"west":{"uv":[4.125,0.375,10.75,0.75],"rotation":0,"texture":"#0","tintindex":0},"up":{"uv":[4.375,7.375,4.125,0.75],"rotation":0,"texture":"#0","tintindex":0},"down":{"uv":[4.625,0.75,4.375,7.375],"rotation":0,"texture":"#0","tintindex":0}}},{"from":[7.2,6.857143,-13.1428585],"to":[8.914286,9.142858,-2.285715],"rotation":{"angle":0.0,"axis":"y","origin":[4.247291,25.152855,15.444544]},"faces":{"east":{"uv":[8.0,3.375,10.25,3.75],"rotation":0,"texture":"#0","tintindex":0},"south":{"uv":[13.125,12.625,13.375,13.0],"rotation":0,"texture":"#0","tintindex":0},"north":{"uv":[11.875,13.125,12.125,13.5],"rotation":0,"texture":"#0","tintindex":0},"west":{"uv":[8.125,0.75,10.375,1.125],"rotation":0,"texture":"#0","tintindex":0},"up":{"uv":[1.25,11.625,1.0,9.375],"rotation":0,"texture":"#0","tintindex":0},"down":{"uv":[4.125,9.375,3.875,11.625],"rotation":0,"texture":"#0","tintindex":0}}},{"from":[7.8285713,-2.5714293,-13.428572],"to":[7.8285713,8.857143,5.428571],"rotation":{"angle":0.0,"axis":"y","origin":[4.247291,25.152855,15.444544]},"faces":{"east":{"uv":[0.0,0.0,4.125,2.5],"rotation":0,"texture":"#0","tintindex":0},"south":{"uv":[0.0,0.0,0.0,2.5],"rotation":0,"texture":"#0","tintindex":0},"north":{"uv":[0.0,0.0,0.0,2.5],"rotation":0,"texture":"#0","tintindex":0},"west":{"uv":[0.0,2.5,4.125,5.0],"rotation":0,"texture":"#0","tintindex":0},"up":{"uv":[0.0,4.125,0.0,0.0],"rotation":0,"texture":"#0","tintindex":0},"down":{"uv":[0.0,0.0,0.0,4.125],"rotation":0,"texture":"#0","tintindex":0}}},{"from":[6.9142857,6.5714283,-13.428572],"to":[9.2,9.428572,-11.714287],"rotation":{"angle":0.0,"axis":"y","origin":[4.247291,25.152855,15.444544]},"faces":{"east":{"uv":[11.875,6.0,12.25,6.625],"rotation":0,"texture":"#0","tintindex":0},"south":{"uv":[11.125,10.375,11.625,11.0],"rotation":0,"texture":"#0","tintindex":0},"north":{"uv":[0.0,11.125,0.5,11.75],"rotation":0,"texture":"#0","tintindex":0},"west":{"uv":[11.75,11.875,12.125,12.5],"rotation":0,"texture":"#0","tintindex":0},"up":{"uv":[10.25,12.625,9.75,12.25],"rotation":0,"texture":"#0","tintindex":0},"down":{"uv":[10.75,12.25,10.25,12.625],"rotation":0,"texture":"#0","tintindex":0}}},{"from":[7.3714285,7.9428573,-12.857143],"to":[8.742857,11.6,-10.914286],"rotation":{"angle":0.0,"axis":"y","origin":[8.057143,8.0,-9.085714]},"faces":{"east":{"uv":[5.875,11.375,6.25,12.125],"rotation":0,"texture":"#0","tintindex":0},"south":{"uv":[1.75,11.75,2.0,12.5],"rotation":0,"texture":"#0","tintindex":0},"north":{"uv":[8.125,9.5,8.375,10.25],"rotation":0,"texture":"#0","tintindex":0},"west":{"uv":[11.375,11.25,11.75,12.0],"rotation":0,"texture":"#0","tintindex":0},"up":{"uv":[13.375,13.375,13.125,13.0],"rotation":0,"texture":"#0","tintindex":0},"down":{"uv":[13.5,0.0,13.25,0.375],"rotation":0,"texture":"#0","tintindex":0}}},{"from":[7.428571,8.0,-11.485714],"to":[8.685715,11.542857,-9.657143],"rotation":{"angle":-22.5,"axis":"x","origin":[8.057143,8.0,-9.085714]},"faces":{"east":{"uv":[3.0,11.5,3.375,12.25],"rotation":0,"texture":"#0","tintindex":0},"south":{"uv":[6.75,12.125,7.0,12.875],"rotation":0,"texture":"#0","tintindex":0},"north":{"uv":[0.625,12.0,0.875,12.75],"rotation":0,"texture":"#0","tintindex":0},"west":{"uv":[4.125,11.5,4.5,12.25],"rotation":0,"texture":"#0","tintindex":0},"up":{"uv":[0.75,13.625,0.5,13.25],"rotation":0,"texture":"#0","tintindex":0},"down":{"uv":[1.0,13.25,0.75,13.625],"rotation":0,"texture":"#0","tintindex":0}}},{"from":[7.4857144,9.885715,-13.828573],"to":[8.6285715,13.314286,-12.114286],"rotation":{"angle":22.5,"axis":"x","origin":[8.057143,7.885714,-9.085714]},"faces":{"east":{"uv":[6.25,11.5,6.625,12.25],"rotation":0,"texture":"#0","tintindex":0},"south":{"uv":[7.375,12.25,7.625,13.0],"rotation":0,"texture":"#0","tintindex":0},"north":{"uv":[8.875,12.125,9.125,12.875],"rotation":0,"texture":"#0","tintindex":0},"west":{"uv":[11.5,6.375,11.875,7.125],"rotation":0,"texture":"#0","tintindex":0},"up":{"uv":[13.5,1.125,13.25,0.75],"rotation":0,"texture":"#0","tintindex":0},"down":{"uv":[2.5,13.25,2.25,13.625],"rotation":0,"texture":"#0","tintindex":0}}},{"from":[7.6,11.028571,-15.1428585],"to":[8.514286,13.085714,-14.228573],"rotation":{"angle":45.0,"axis":"x","origin":[8.057143,7.885714,-9.085714]},"faces":{"east":{"uv":[12.875,3.25,13.125,3.75],"rotation":0,"texture":"#0","tintindex":0},"south":{"uv":[12.875,3.875,13.125,4.375],"rotation":0,"texture":"#0","tintindex":0},"north":{"uv":[12.875,2.75,13.125,3.25],"rotation":0,"texture":"#0","tintindex":0},"west":{"uv":[12.875,5.5,13.125,6.0],"rotation":0,"texture":"#0","tintindex":0},"up":{"uv":[8.0,13.75,7.75,13.5],"rotation":0,"texture":"#0","tintindex":0},"down":{"uv":[8.25,13.5,8.0,13.75],"rotation":0,"texture":"#0","tintindex":0}}},{"from":[7.3142858,6.4,18.97143],"to":[8.8,9.6,25.028572],"rotation":{"angle":0.0,"axis":"y","origin":[4.247291,25.152855,15.444544]},"faces":{"east":{"uv":[0.625,8.25,1.875,8.875],"rotation":0,"texture":"#0","tintindex":0},"south":{"uv":[12.625,6.0,12.875,6.625],"rotation":0,"texture":"#0","tintindex":0},"north":{"uv":[5.875,12.625,6.125,13.25],"rotation":0,"texture":"#0","tintindex":0},"west":{"uv":[6.25,8.25,7.5,8.875],"rotation":0,"texture":"#0","tintindex":0},"up":{"uv":[7.25,12.375,7.0,11.125],"rotation":0,"texture":"#0","tintindex":0},"down":{"uv":[11.5,6.375,11.25,7.625],"rotation":0,"texture":"#0","tintindex":0}}},{"from":[7.3142858,6.9714284,24.97143],"to":[8.8,9.028571,25.885715],"rotation":{"angle":0.0,"axis":"y","origin":[4.247291,25.152855,15.444544]},"faces":{"east":{"uv":[12.0,13.625,12.125,14.0],"rotation":0,"texture":"#0","tintindex":0},"south":{"uv":[3.0,13.25,3.25,13.625],"rotation":0,"texture":"#0","tintindex":0},"north":{"uv":[13.25,2.25,13.5,2.625],"rotation":0,"texture":"#0","tintindex":0},"west":{"uv":[12.125,13.625,12.25,14.0],"rotation":0,"texture":"#0","tintindex":0},"up":{"uv":[14.25,11.875,14.0,11.75],"rotation":0,"texture":"#0","tintindex":0},"down":{"uv":[12.125,14.0,11.875,14.125],"rotation":0,"texture":"#0","tintindex":0}}}],"display":{"head":{"translation":[0.0,-6.4,0.0],"scale":[4.0,4.0,4.0]}}}