{"textures":{"0":"modelengine:entity/viking_rune_stone","1":"modelengine:entity/viking_rune_symbols"},"elements":[{"from":[5.142857,8.0,9.142858],"to":[12.0,12.571428,13.142858],"rotation":{"angle":0.0,"axis":"y","origin":[8.0,8.0,8.0]},"faces":{"east":{"uv":[2.0,7.5,3.75,9.5],"rotation":0,"texture":"#0","tintindex":0},"south":{"uv":[4.0,2.0,7.0,4.0],"rotation":0,"texture":"#0","tintindex":0},"north":{"uv":[4.0,0.0,7.0,2.0],"rotation":0,"texture":"#0","tintindex":0},"west":{"uv":[3.75,7.5,5.5,9.5],"rotation":0,"texture":"#0","tintindex":0},"up":{"uv":[7.0,5.75,4.0,4.0],"rotation":0,"texture":"#0","tintindex":0},"down":{"uv":[7.0,5.75,4.0,7.5],"rotation":0,"texture":"#0","tintindex":0}}},{"from":[2.2857141,8.0,9.142858],"to":[5.142857,10.285714,12.0],"rotation":{"angle":0.0,"axis":"y","origin":[8.0,8.0,8.0]},"faces":{"east":{"uv":[9.75,8.5,11.0,9.5],"rotation":0,"texture":"#0","tintindex":0},"south":{"uv":[9.75,9.5,11.0,10.5],"rotation":0,"texture":"#0","tintindex":0},"north":{"uv":[7.0,9.5,8.25,10.5],"rotation":0,"texture":"#0","tintindex":0},"west":{"uv":[5.25,10.25,6.5,11.25],"rotation":0,"texture":"#0","tintindex":0},"up":{"uv":[4.0,10.75,2.75,9.5],"rotation":0,"texture":"#0","tintindex":0},"down":{"uv":[5.25,9.5,4.0,10.75],"rotation":0,"texture":"#0","tintindex":0}}},{"from":[4.5714283,8.0,6.285714],"to":[6.285714,9.142858,8.0],"rotation":{"angle":0.0,"axis":"y","origin":[10.285714,8.0,5.142857]},"faces":{"east":{"uv":[11.0,5.5,11.75,6.0],"rotation":0,"texture":"#0","tintindex":0},"south":{"uv":[11.0,6.0,11.75,6.5],"rotation":0,"texture":"#0","tintindex":0},"north":{"uv":[4.25,10.75,5.0,11.25],"rotation":0,"texture":"#0","tintindex":0},"west":{"uv":[11.0,6.5,11.75,7.0],"rotation":0,"texture":"#0","tintindex":0},"up":{"uv":[9.0,10.25,8.25,9.5],"rotation":0,"texture":"#0","tintindex":0},"down":{"uv":[7.75,10.5,7.0,11.25],"rotation":0,"texture":"#0","tintindex":0}}},{"from":[10.285714,12.571428,12.0],"to":[12.0,13.714286,13.714286],"rotation":{"angle":0.0,"axis":"y","origin":[16.0,12.571428,10.857143]},"faces":{"east":{"uv":[11.0,8.5,11.75,9.0],"rotation":0,"texture":"#0","tintindex":0},"south":{"uv":[11.0,9.0,11.75,9.5],"rotation":0,"texture":"#0","tintindex":0},"north":{"uv":[11.0,7.0,11.75,7.5],"rotation":0,"texture":"#0","tintindex":0},"west":{"uv":[11.0,9.5,11.75,10.0],"rotation":0,"texture":"#0","tintindex":0},"up":{"uv":[10.5,11.25,9.75,10.5],"rotation":0,"texture":"#0","tintindex":0},"down":{"uv":[11.25,10.5,10.5,11.25],"rotation":0,"texture":"#0","tintindex":0}}},{"from":[3.4285712,9.142858,10.228572],"to":[12.571428,18.285715,10.228572],"rotation":{"angle":22.5,"axis":"x","origin":[8.857143,16.0,11.142858]},"faces":{"east":{"uv":[0.0,0.0,0.0,8.0],"rotation":0,"texture":"#1","tintindex":0},"south":{"uv":[8.0,8.0,16.0,16.0],"rotation":0,"texture":"#1","tintindex":0},"north":{"uv":[0.0,8.0,8.0,16.0],"rotation":0,"texture":"#1","tintindex":0},"west":{"uv":[0.0,0.0,0.0,8.0],"rotation":0,"texture":"#1","tintindex":0},"up":{"uv":[8.0,0.0,0.0,0.0],"rotation":0,"texture":"#1","tintindex":0},"down":{"uv":[8.0,0.0,0.0,0.0],"rotation":0,"texture":"#1","tintindex":0}}},{"from":[3.4285712,9.428572,10.285714],"to":[12.571428,18.0,12.571428],"rotation":{"angle":22.5,"axis":"x","origin":[8.857143,16.0,11.142858]},"faces":{"east":{"uv":[0.0,7.5,1.0,11.25],"rotation":0,"texture":"#0","tintindex":0},"south":{"uv":[0.0,3.75,4.0,7.5],"rotation":0,"texture":"#0","tintindex":0},"north":{"uv":[0.0,0.0,4.0,3.75],"rotation":0,"texture":"#0","tintindex":0},"west":{"uv":[1.0,7.5,2.0,11.25],"rotation":0,"texture":"#0","tintindex":0},"up":{"uv":[11.0,6.5,7.0,5.5],"rotation":0,"texture":"#0","tintindex":0},"down":{"uv":[11.0,6.5,7.0,7.5],"rotation":0,"texture":"#0","tintindex":0}}},{"from":[6.857143,18.0,10.285714],"to":[12.571428,20.857143,11.428572],"rotation":{"angle":22.5,"axis":"x","origin":[8.857143,16.0,11.142858]},"faces":{"east":{"uv":[6.5,10.25,7.0,11.5],"rotation":0,"texture":"#0","tintindex":0},"south":{"uv":[8.75,3.25,11.25,4.5],"rotation":0,"texture":"#0","tintindex":0},"north":{"uv":[8.75,2.0,11.25,3.25],"rotation":0,"texture":"#0","tintindex":0},"west":{"uv":[9.25,10.25,9.75,11.5],"rotation":0,"texture":"#0","tintindex":0},"up":{"uv":[12.25,8.0,9.75,7.5],"rotation":0,"texture":"#0","tintindex":0},"down":{"uv":[12.25,8.0,9.75,8.5],"rotation":0,"texture":"#0","tintindex":0}}},{"from":[3.4285712,7.142857,10.285714],"to":[11.428572,9.428572,12.571428],"rotation":{"angle":22.5,"axis":"x","origin":[8.857143,16.0,11.142858]},"faces":{"east":{"uv":[8.25,10.25,9.25,11.25],"rotation":0,"texture":"#0","tintindex":0},"south":{"uv":[5.5,8.5,9.0,9.5],"rotation":0,"texture":"#0","tintindex":0},"north":{"uv":[5.5,7.5,9.0,8.5],"rotation":0,"texture":"#0","tintindex":0},"west":{"uv":[10.5,4.5,11.5,5.5],"rotation":0,"texture":"#0","tintindex":0},"up":{"uv":[12.25,1.0,8.75,0.0],"rotation":0,"texture":"#0","tintindex":0},"down":{"uv":[12.25,1.0,8.75,2.0],"rotation":0,"texture":"#0","tintindex":0}}},{"from":[3.4285712,8.0,13.714286],"to":[5.142857,9.142858,15.428572],"rotation":{"angle":0.0,"axis":"y","origin":[9.142858,8.0,12.571428]},"faces":{"east":{"uv":[0.0,11.25,0.75,11.75],"rotation":0,"texture":"#0","tintindex":0},"south":{"uv":[0.75,11.25,1.5,11.75],"rotation":0,"texture":"#0","tintindex":0},"north":{"uv":[11.0,10.0,11.75,10.5],"rotation":0,"texture":"#0","tintindex":0},"west":{"uv":[11.25,2.0,12.0,2.5],"rotation":0,"texture":"#0","tintindex":0},"up":{"uv":[3.5,11.5,2.75,10.75],"rotation":0,"texture":"#0","tintindex":0},"down":{"uv":[4.25,10.75,3.5,11.5],"rotation":0,"texture":"#0","tintindex":0}}},{"from":[6.285714,8.0,12.571428],"to":[10.285714,14.285715,14.285715],"rotation":{"angle":0.0,"axis":"y","origin":[8.0,8.0,8.0]},"faces":{"east":{"uv":[9.0,7.5,9.75,10.25],"rotation":0,"texture":"#0","tintindex":0},"south":{"uv":[7.0,2.75,8.75,5.5],"rotation":0,"texture":"#0","tintindex":0},"north":{"uv":[7.0,0.0,8.75,2.75],"rotation":0,"texture":"#0","tintindex":0},"west":{"uv":[2.0,9.5,2.75,12.25],"rotation":0,"texture":"#0","tintindex":0},"up":{"uv":[10.5,5.25,8.75,4.5],"rotation":0,"texture":"#0","tintindex":0},"down":{"uv":[7.0,9.5,5.25,10.25],"rotation":0,"texture":"#0","tintindex":0}}}],"display":{"head":{"translation":[0.0,-6.4,0.0],"scale":[4.0,4.0,4.0]}}}