{"textures":{"0":"modelengine:entity/goblintreasure"},"elements":[{"from":[3.7142854,7.589286,2.3964286],"to":[12.285715,8.017858,7.9678574],"rotation":{"angle":0.0,"axis":"y","origin":[8.0,6.232143,5.1821427]},"faces":{"east":{"uv":[7.5,11.5,10.0,11.75],"rotation":0,"texture":"#0","tintindex":0},"south":{"uv":[0.0,11.0,3.75,11.25],"rotation":0,"texture":"#0","tintindex":0},"north":{"uv":[7.5,11.0,11.25,11.25],"rotation":0,"texture":"#0","tintindex":0},"west":{"uv":[10.0,11.5,12.5,11.75],"rotation":0,"texture":"#0","tintindex":0},"up":{"uv":[7.5,3.75,5.0,0.0],"rotation":90,"texture":"#0","tintindex":0},"down":{"uv":[5.0,6.25,2.5,10.0],"rotation":270,"texture":"#0","tintindex":0}}},{"from":[3.7142854,4.160714,2.3964286],"to":[12.285715,5.017857,7.9678574],"rotation":{"angle":0.0,"axis":"y","origin":[8.0,6.232143,5.1821427]},"faces":{"east":{"uv":[5.0,3.75,7.5,4.25],"rotation":0,"texture":"#0","tintindex":0},"south":{"uv":[7.5,7.0,11.25,7.5],"rotation":0,"texture":"#0","tintindex":0},"north":{"uv":[9.5,1.25,13.25,1.75],"rotation":0,"texture":"#0","tintindex":0},"west":{"uv":[5.0,4.25,7.5,4.75],"rotation":0,"texture":"#0","tintindex":0},"up":{"uv":[2.5,7.5,0.0,3.75],"rotation":90,"texture":"#0","tintindex":0},"down":{"uv":[7.5,5.0,5.0,8.75],"rotation":270,"texture":"#0","tintindex":0}}},{"from":[3.9285712,5.017857,2.8249998],"to":[12.071428,7.589286,7.5392857],"rotation":{"angle":0.0,"axis":"y","origin":[8.0,6.232143,5.1821427]},"faces":{"east":{"uv":[2.5,0.0,4.5,1.25],"rotation":0,"texture":"#0","tintindex":0},"south":{"uv":[9.5,9.5,13.0,10.75],"rotation":0,"texture":"#0","tintindex":0},"north":{"uv":[9.5,0.0,13.0,1.25],"rotation":0,"texture":"#0","tintindex":0},"west":{"uv":[2.5,1.25,4.5,2.5],"rotation":0,"texture":"#0","tintindex":0},"up":{"uv":[2.0,11.0,0.0,7.5],"rotation":90,"texture":"#0","tintindex":0},"down":{"uv":[9.5,7.5,7.5,11.0],"rotation":270,"texture":"#0","tintindex":0}}}],"display":{"head":{"translation":[0.0,-6.4,0.0],"scale":[4.0,4.0,4.0]}}}