{"textures":{"0":"modelengine:entity/goblintreasure"},"elements":[{"from":[6.356534,8.386717,7.5094056],"to":[7.213677,9.458146,7.9379773],"rotation":{"angle":0.0,"axis":"y","origin":[8.07082,7.9581456,8.009406]},"faces":{"east":{"uv":[10.0,13.75,10.25,14.25],"rotation":0,"texture":"#0","tintindex":0},"south":{"uv":[6.5,13.0,7.0,13.5],"rotation":0,"texture":"#0","tintindex":0},"north":{"uv":[7.0,13.0,7.5,13.5],"rotation":0,"texture":"#0","tintindex":0},"west":{"uv":[10.25,13.75,10.5,14.25],"rotation":0,"texture":"#0","tintindex":0},"up":{"uv":[10.75,14.25,10.5,13.75],"rotation":90,"texture":"#0","tintindex":0},"down":{"uv":[11.25,13.75,11.0,14.25],"rotation":270,"texture":"#0","tintindex":0}}},{"from":[8.927963,8.386717,7.5094056],"to":[9.785106,9.458146,7.9379773],"rotation":{"angle":0.0,"axis":"y","origin":[8.07082,7.9581456,8.009406]},"faces":{"east":{"uv":[13.25,13.5,13.5,14.0],"rotation":0,"texture":"#0","tintindex":0},"south":{"uv":[12.5,6.25,13.0,6.75],"rotation":0,"texture":"#0","tintindex":0},"north":{"uv":[12.5,11.5,13.0,12.0],"rotation":0,"texture":"#0","tintindex":0},"west":{"uv":[13.5,13.5,13.75,14.0],"rotation":0,"texture":"#0","tintindex":0},"up":{"uv":[13.75,0.5,13.5,0.0],"rotation":90,"texture":"#0","tintindex":0},"down":{"uv":[13.75,0.5,13.5,1.0],"rotation":270,"texture":"#0","tintindex":0}}},{"from":[3.7851057,8.386717,2.5515456],"to":[4.6422486,9.458146,2.9801168],"rotation":{"angle":0.0,"axis":"y","origin":[8.07082,7.9581456,8.009406]},"faces":{"east":{"uv":[5.75,14.0,6.0,14.5],"rotation":0,"texture":"#0","tintindex":0},"south":{"uv":[13.0,4.75,13.5,5.25],"rotation":0,"texture":"#0","tintindex":0},"north":{"uv":[13.0,5.25,13.5,5.75],"rotation":0,"texture":"#0","tintindex":0},"west":{"uv":[6.0,14.0,6.25,14.5],"rotation":0,"texture":"#0","tintindex":0},"up":{"uv":[6.5,14.5,6.25,14.0],"rotation":90,"texture":"#0","tintindex":0},"down":{"uv":[6.75,14.0,6.5,14.5],"rotation":270,"texture":"#0","tintindex":0}}},{"from":[6.356534,8.386717,2.5515456],"to":[7.213677,9.458146,2.9801168],"rotation":{"angle":0.0,"axis":"y","origin":[8.07082,7.9581456,8.009406]},"faces":{"east":{"uv":[13.5,3.75,13.75,4.25],"rotation":0,"texture":"#0","tintindex":0},"south":{"uv":[11.5,12.75,12.0,13.25],"rotation":0,"texture":"#0","tintindex":0},"north":{"uv":[12.0,12.75,12.5,13.25],"rotation":0,"texture":"#0","tintindex":0},"west":{"uv":[13.5,4.25,13.75,4.75],"rotation":0,"texture":"#0","tintindex":0},"up":{"uv":[13.75,5.25,13.5,4.75],"rotation":90,"texture":"#0","tintindex":0},"down":{"uv":[13.75,5.25,13.5,5.75],"rotation":270,"texture":"#0","tintindex":0}}},{"from":[8.927963,8.386717,2.5515456],"to":[9.785106,9.458146,2.9801168],"rotation":{"angle":0.0,"axis":"y","origin":[8.07082,7.9581456,8.009406]},"faces":{"east":{"uv":[13.5,1.75,13.75,2.25],"rotation":0,"texture":"#0","tintindex":0},"south":{"uv":[2.5,12.75,3.0,13.25],"rotation":0,"texture":"#0","tintindex":0},"north":{"uv":[11.0,12.75,11.5,13.25],"rotation":0,"texture":"#0","tintindex":0},"west":{"uv":[13.5,2.25,13.75,2.75],"rotation":0,"texture":"#0","tintindex":0},"up":{"uv":[13.75,3.25,13.5,2.75],"rotation":90,"texture":"#0","tintindex":0},"down":{"uv":[13.75,3.25,13.5,3.75],"rotation":270,"texture":"#0","tintindex":0}}},{"from":[11.499392,8.386717,2.5515456],"to":[12.356535,9.458146,2.9801168],"rotation":{"angle":0.0,"axis":"y","origin":[8.07082,7.9581456,8.009406]},"faces":{"east":{"uv":[0.25,13.5,0.5,14.0],"rotation":0,"texture":"#0","tintindex":0},"south":{"uv":[6.5,12.5,7.0,13.0],"rotation":0,"texture":"#0","tintindex":0},"north":{"uv":[7.0,12.5,7.5,13.0],"rotation":0,"texture":"#0","tintindex":0},"west":{"uv":[0.5,13.5,0.75,14.0],"rotation":0,"texture":"#0","tintindex":0},"up":{"uv":[1.0,14.0,0.75,13.5],"rotation":90,"texture":"#0","tintindex":0},"down":{"uv":[1.25,13.5,1.0,14.0],"rotation":270,"texture":"#0","tintindex":0}}},{"from":[11.499392,7.2553325,2.392973],"to":[12.356535,8.326761,2.8215446],"rotation":{"angle":22.5,"axis":"x","origin":[8.07082,7.9581456,8.009406]},"faces":{"east":{"uv":[13.25,7.5,13.5,8.0],"rotation":0,"texture":"#0","tintindex":0},"south":{"uv":[2.0,12.5,2.5,13.0],"rotation":0,"texture":"#0","tintindex":0},"north":{"uv":[5.0,12.5,5.5,13.0],"rotation":0,"texture":"#0","tintindex":0},"west":{"uv":[13.25,8.0,13.5,8.5],"rotation":0,"texture":"#0","tintindex":0},"up":{"uv":[13.5,9.0,13.25,8.5],"rotation":90,"texture":"#0","tintindex":0},"down":{"uv":[13.5,9.5,13.25,10.0],"rotation":270,"texture":"#0","tintindex":0}}},{"from":[11.499392,6.149389,2.6794386],"to":[12.356535,7.2208176,3.1080103],"rotation":{"angle":45.0,"axis":"x","origin":[8.07082,7.9581456,8.009406]},"faces":{"east":{"uv":[2.5,13.25,2.75,13.75],"rotation":0,"texture":"#0","tintindex":0},"south":{"uv":[12.25,12.25,12.75,12.75],"rotation":0,"texture":"#0","tintindex":0},"north":{"uv":[12.25,7.5,12.75,8.0],"rotation":0,"texture":"#0","tintindex":0},"west":{"uv":[2.75,13.25,3.0,13.75],"rotation":0,"texture":"#0","tintindex":0},"up":{"uv":[11.25,13.75,11.0,13.25],"rotation":90,"texture":"#0","tintindex":0},"down":{"uv":[11.5,13.25,11.25,13.75],"rotation":270,"texture":"#0","tintindex":0}}},{"from":[11.499392,11.18708,4.709051],"to":[12.356535,11.615652,5.78048],"rotation":{"angle":0.0,"axis":"y","origin":[8.07082,7.9581456,8.009406]},"faces":{"east":{"uv":[4.5,2.25,5.0,2.5],"rotation":0,"texture":"#0","tintindex":0},"south":{"uv":[13.0,1.0,13.5,1.25],"rotation":0,"texture":"#0","tintindex":0},"north":{"uv":[13.0,6.0,13.5,6.25],"rotation":0,"texture":"#0","tintindex":0},"west":{"uv":[13.0,5.75,13.5,6.0],"rotation":0,"texture":"#0","tintindex":0},"up":{"uv":[2.5,12.25,2.0,11.75],"rotation":90,"texture":"#0","tintindex":0},"down":{"uv":[3.0,12.25,2.5,12.75],"rotation":270,"texture":"#0","tintindex":0}}},{"from":[11.499392,12.171656,5.288511],"to":[12.356535,12.600226,6.3599396],"rotation":{"angle":-22.5,"axis":"x","origin":[8.07082,7.9581456,8.009406]},"faces":{"east":{"uv":[13.0,10.5,13.5,10.75],"rotation":0,"texture":"#0","tintindex":0},"south":{"uv":[13.0,12.75,13.5,13.0],"rotation":0,"texture":"#0","tintindex":0},"north":{"uv":[13.25,1.25,13.75,1.5],"rotation":0,"texture":"#0","tintindex":0},"west":{"uv":[12.5,13.25,13.0,13.5],"rotation":0,"texture":"#0","tintindex":0},"up":{"uv":[0.5,13.0,0.0,12.5],"rotation":90,"texture":"#0","tintindex":0},"down":{"uv":[1.0,12.5,0.5,13.0],"rotation":270,"texture":"#0","tintindex":0}}},{"from":[11.499392,10.055691,4.5504827],"to":[12.356535,10.484262,5.6219115],"rotation":{"angle":22.5,"axis":"x","origin":[8.07082,7.9581456,8.009406]},"faces":{"east":{"uv":[13.25,1.5,13.75,1.75],"rotation":0,"texture":"#0","tintindex":0},"south":{"uv":[13.25,6.25,13.75,6.5],"rotation":0,"texture":"#0","tintindex":0},"north":{"uv":[13.25,6.75,13.75,7.0],"rotation":0,"texture":"#0","tintindex":0},"west":{"uv":[13.25,6.5,13.75,6.75],"rotation":0,"texture":"#0","tintindex":0},"up":{"uv":[1.5,13.0,1.0,12.5],"rotation":90,"texture":"#0","tintindex":0},"down":{"uv":[2.0,12.5,1.5,13.0],"rotation":270,"texture":"#0","tintindex":0}}},{"from":[11.499392,10.05918,9.00101],"to":[12.356535,11.130609,9.429582],"rotation":{"angle":-45.0,"axis":"x","origin":[8.07082,7.9581456,8.009406]},"faces":{"east":{"uv":[11.5,13.25,11.75,13.75],"rotation":0,"texture":"#0","tintindex":0},"south":{"uv":[12.25,8.0,12.75,8.5],"rotation":0,"texture":"#0","tintindex":0},"north":{"uv":[12.25,8.5,12.75,9.0],"rotation":0,"texture":"#0","tintindex":0},"west":{"uv":[11.75,13.25,12.0,13.75],"rotation":0,"texture":"#0","tintindex":0},"up":{"uv":[12.25,13.75,12.0,13.25],"rotation":90,"texture":"#0","tintindex":0},"down":{"uv":[12.5,13.25,12.25,13.75],"rotation":270,"texture":"#0","tintindex":0}}},{"from":[11.499392,9.3713,8.08887],"to":[12.356535,10.442728,8.517442],"rotation":{"angle":-22.5,"axis":"x","origin":[8.07082,7.9581456,8.009406]},"faces":{"east":{"uv":[13.0,6.25,13.25,6.75],"rotation":0,"texture":"#0","tintindex":0},"south":{"uv":[11.25,12.25,11.75,12.75],"rotation":0,"texture":"#0","tintindex":0},"north":{"uv":[11.75,12.25,12.25,12.75],"rotation":0,"texture":"#0","tintindex":0},"west":{"uv":[13.0,9.5,13.25,10.0],"rotation":0,"texture":"#0","tintindex":0},"up":{"uv":[13.25,10.5,13.0,10.0],"rotation":90,"texture":"#0","tintindex":0},"down":{"uv":[13.25,11.5,13.0,12.0],"rotation":270,"texture":"#0","tintindex":0}}},{"from":[11.499392,8.386717,7.5094056],"to":[12.356535,9.458146,7.9379773],"rotation":{"angle":0.0,"axis":"y","origin":[8.07082,7.9581456,8.009406]},"faces":{"east":{"uv":[13.25,10.0,13.5,10.5],"rotation":0,"texture":"#0","tintindex":0},"south":{"uv":[5.5,12.5,6.0,13.0],"rotation":0,"texture":"#0","tintindex":0},"north":{"uv":[6.0,12.5,6.5,13.0],"rotation":0,"texture":"#0","tintindex":0},"west":{"uv":[13.25,11.5,13.5,12.0],"rotation":0,"texture":"#0","tintindex":0},"up":{"uv":[13.5,12.5,13.25,12.0],"rotation":90,"texture":"#0","tintindex":0},"down":{"uv":[0.25,13.5,0.0,14.0],"rotation":270,"texture":"#0","tintindex":0}}},{"from":[8.927963,9.3713,8.08887],"to":[9.785106,10.442728,8.517442],"rotation":{"angle":-22.5,"axis":"x","origin":[8.07082,7.9581456,8.009406]},"faces":{"east":{"uv":[2.25,13.5,2.5,14.0],"rotation":0,"texture":"#0","tintindex":0},"south":{"uv":[8.5,12.5,9.0,13.0],"rotation":0,"texture":"#0","tintindex":0},"north":{"uv":[9.0,12.5,9.5,13.0],"rotation":0,"texture":"#0","tintindex":0},"west":{"uv":[4.0,13.5,4.25,14.0],"rotation":0,"texture":"#0","tintindex":0},"up":{"uv":[4.5,14.0,4.25,13.5],"rotation":90,"texture":"#0","tintindex":0},"down":{"uv":[4.75,13.5,4.5,14.0],"rotation":270,"texture":"#0","tintindex":0}}},{"from":[6.356534,9.3713,8.08887],"to":[7.213677,10.442728,8.517442],"rotation":{"angle":-22.5,"axis":"x","origin":[8.07082,7.9581456,8.009406]},"faces":{"east":{"uv":[13.5,7.75,13.75,8.25],"rotation":0,"texture":"#0","tintindex":0},"south":{"uv":[12.75,8.0,13.25,8.5],"rotation":0,"texture":"#0","tintindex":0},"north":{"uv":[12.75,8.5,13.25,9.0],"rotation":0,"texture":"#0","tintindex":0},"west":{"uv":[13.5,8.25,13.75,8.75],"rotation":0,"texture":"#0","tintindex":0},"up":{"uv":[13.75,9.25,13.5,8.75],"rotation":90,"texture":"#0","tintindex":0},"down":{"uv":[13.75,9.25,13.5,9.75],"rotation":270,"texture":"#0","tintindex":0}}},{"from":[3.7851057,9.3713,8.08887],"to":[4.6422486,10.442728,8.517442],"rotation":{"angle":-22.5,"axis":"x","origin":[8.07082,7.9581456,8.009406]},"faces":{"east":{"uv":[12.25,13.75,12.5,14.25],"rotation":0,"texture":"#0","tintindex":0},"south":{"uv":[8.5,13.0,9.0,13.5],"rotation":0,"texture":"#0","tintindex":0},"north":{"uv":[9.0,13.0,9.5,13.5],"rotation":0,"texture":"#0","tintindex":0},"west":{"uv":[13.75,1.25,14.0,1.75],"rotation":0,"texture":"#0","tintindex":0},"up":{"uv":[14.0,2.25,13.75,1.75],"rotation":90,"texture":"#0","tintindex":0},"down":{"uv":[14.0,2.25,13.75,2.75],"rotation":270,"texture":"#0","tintindex":0}}},{"from":[3.7851057,8.386717,7.5094056],"to":[4.6422486,9.458146,7.9379773],"rotation":{"angle":0.0,"axis":"y","origin":[8.07082,7.9581456,8.009406]},"faces":{"east":{"uv":[4.75,14.0,5.0,14.5],"rotation":0,"texture":"#0","tintindex":0},"south":{"uv":[13.0,3.75,13.5,4.25],"rotation":0,"texture":"#0","tintindex":0},"north":{"uv":[13.0,4.25,13.5,4.75],"rotation":0,"texture":"#0","tintindex":0},"west":{"uv":[5.0,14.0,5.25,14.5],"rotation":0,"texture":"#0","tintindex":0},"up":{"uv":[5.5,14.5,5.25,14.0],"rotation":90,"texture":"#0","tintindex":0},"down":{"uv":[5.75,14.0,5.5,14.5],"rotation":270,"texture":"#0","tintindex":0}}},{"from":[3.7851057,7.2553325,2.392973],"to":[4.6422486,8.326761,2.8215446],"rotation":{"angle":22.5,"axis":"x","origin":[8.07082,7.9581456,8.009406]},"faces":{"east":{"uv":[1.0,14.0,1.25,14.5],"rotation":0,"texture":"#0","tintindex":0},"south":{"uv":[13.0,2.75,13.5,3.25],"rotation":0,"texture":"#0","tintindex":0},"north":{"uv":[13.0,3.25,13.5,3.75],"rotation":0,"texture":"#0","tintindex":0},"west":{"uv":[2.75,14.0,3.0,14.5],"rotation":0,"texture":"#0","tintindex":0},"up":{"uv":[4.0,14.5,3.75,14.0],"rotation":90,"texture":"#0","tintindex":0},"down":{"uv":[4.25,14.0,4.0,14.5],"rotation":270,"texture":"#0","tintindex":0}}},{"from":[3.7851057,6.149389,2.6794386],"to":[4.6422486,7.2208176,3.1080103],"rotation":{"angle":45.0,"axis":"x","origin":[8.07082,7.9581456,8.009406]},"faces":{"east":{"uv":[13.75,3.75,14.0,4.25],"rotation":0,"texture":"#0","tintindex":0},"south":{"uv":[9.5,13.0,10.0,13.5],"rotation":0,"texture":"#0","tintindex":0},"north":{"uv":[10.0,13.0,10.5,13.5],"rotation":0,"texture":"#0","tintindex":0},"west":{"uv":[13.75,4.25,14.0,4.75],"rotation":0,"texture":"#0","tintindex":0},"up":{"uv":[14.0,5.25,13.75,4.75],"rotation":90,"texture":"#0","tintindex":0},"down":{"uv":[14.0,5.25,13.75,5.75],"rotation":270,"texture":"#0","tintindex":0}}},{"from":[3.7851057,12.171656,5.288511],"to":[4.6422486,12.600226,6.3599396],"rotation":{"angle":-22.5,"axis":"x","origin":[8.07082,7.9581456,8.009406]},"faces":{"east":{"uv":[13.75,0.75,14.25,1.0],"rotation":0,"texture":"#0","tintindex":0},"south":{"uv":[13.75,6.75,14.25,7.0],"rotation":0,"texture":"#0","tintindex":0},"north":{"uv":[13.75,11.75,14.25,12.0],"rotation":0,"texture":"#0","tintindex":0},"west":{"uv":[13.75,10.75,14.25,11.0],"rotation":0,"texture":"#0","tintindex":0},"up":{"uv":[13.5,0.5,13.0,0.0],"rotation":90,"texture":"#0","tintindex":0},"down":{"uv":[13.5,0.5,13.0,1.0],"rotation":270,"texture":"#0","tintindex":0}}},{"from":[3.7851057,10.055691,4.5504827],"to":[4.6422486,10.484262,5.6219115],"rotation":{"angle":22.5,"axis":"x","origin":[8.07082,7.9581456,8.009406]},"faces":{"east":{"uv":[13.75,12.75,14.25,13.0],"rotation":0,"texture":"#0","tintindex":0},"south":{"uv":[13.75,13.0,14.25,13.25],"rotation":0,"texture":"#0","tintindex":0},"north":{"uv":[0.0,14.0,0.5,14.25],"rotation":0,"texture":"#0","tintindex":0},"west":{"uv":[13.75,13.5,14.25,13.75],"rotation":0,"texture":"#0","tintindex":0},"up":{"uv":[13.5,2.25,13.0,1.75],"rotation":90,"texture":"#0","tintindex":0},"down":{"uv":[13.5,2.25,13.0,2.75],"rotation":270,"texture":"#0","tintindex":0}}},{"from":[3.7851057,11.18708,4.709051],"to":[4.6422486,11.615652,5.78048],"rotation":{"angle":0.0,"axis":"y","origin":[8.07082,7.9581456,8.009406]},"faces":{"east":{"uv":[11.25,13.75,11.75,14.0],"rotation":0,"texture":"#0","tintindex":0},"south":{"uv":[11.75,13.75,12.25,14.0],"rotation":0,"texture":"#0","tintindex":0},"north":{"uv":[13.75,0.0,14.25,0.25],"rotation":0,"texture":"#0","tintindex":0},"west":{"uv":[13.75,13.75,14.25,14.0],"rotation":0,"texture":"#0","tintindex":0},"up":{"uv":[8.0,13.5,7.5,13.0],"rotation":90,"texture":"#0","tintindex":0},"down":{"uv":[8.5,13.0,8.0,13.5],"rotation":270,"texture":"#0","tintindex":0}}},{"from":[3.7851057,10.05918,9.00101],"to":[4.6422486,11.130609,9.429582],"rotation":{"angle":-45.0,"axis":"x","origin":[8.07082,7.9581456,8.009406]},"faces":{"east":{"uv":[13.75,8.25,14.0,8.75],"rotation":0,"texture":"#0","tintindex":0},"south":{"uv":[10.5,13.0,11.0,13.5],"rotation":0,"texture":"#0","tintindex":0},"north":{"uv":[13.0,13.0,13.5,13.5],"rotation":0,"texture":"#0","tintindex":0},"west":{"uv":[13.75,8.75,14.0,9.25],"rotation":0,"texture":"#0","tintindex":0},"up":{"uv":[14.0,9.75,13.75,9.25],"rotation":90,"texture":"#0","tintindex":0},"down":{"uv":[14.0,9.75,13.75,10.25],"rotation":270,"texture":"#0","tintindex":0}}},{"from":[6.356534,7.2553325,2.392973],"to":[7.213677,8.326761,2.8215446],"rotation":{"angle":22.5,"axis":"x","origin":[8.07082,7.9581456,8.009406]},"faces":{"east":{"uv":[2.0,13.75,2.25,14.25],"rotation":0,"texture":"#0","tintindex":0},"south":{"uv":[5.5,13.0,6.0,13.5],"rotation":0,"texture":"#0","tintindex":0},"north":{"uv":[6.0,13.0,6.5,13.5],"rotation":0,"texture":"#0","tintindex":0},"west":{"uv":[9.25,13.75,9.5,14.25],"rotation":0,"texture":"#0","tintindex":0},"up":{"uv":[9.75,14.25,9.5,13.75],"rotation":90,"texture":"#0","tintindex":0},"down":{"uv":[10.0,13.75,9.75,14.25],"rotation":270,"texture":"#0","tintindex":0}}},{"from":[6.356534,6.149389,2.6794386],"to":[7.213677,7.2208176,3.1080103],"rotation":{"angle":45.0,"axis":"x","origin":[8.07082,7.9581456,8.009406]},"faces":{"east":{"uv":[13.5,9.75,13.75,10.25],"rotation":0,"texture":"#0","tintindex":0},"south":{"uv":[12.75,12.25,13.25,12.75],"rotation":0,"texture":"#0","tintindex":0},"north":{"uv":[0.0,13.0,0.5,13.5],"rotation":0,"texture":"#0","tintindex":0},"west":{"uv":[13.5,10.25,13.75,10.75],"rotation":0,"texture":"#0","tintindex":0},"up":{"uv":[13.75,11.75,13.5,11.25],"rotation":90,"texture":"#0","tintindex":0},"down":{"uv":[13.75,11.75,13.5,12.25],"rotation":270,"texture":"#0","tintindex":0}}},{"from":[8.927963,6.149389,2.6794386],"to":[9.785106,7.2208176,3.1080103],"rotation":{"angle":45.0,"axis":"x","origin":[8.07082,7.9581456,8.009406]},"faces":{"east":{"uv":[4.75,13.5,5.0,14.0],"rotation":0,"texture":"#0","tintindex":0},"south":{"uv":[9.5,12.5,10.0,13.0],"rotation":0,"texture":"#0","tintindex":0},"north":{"uv":[10.0,12.5,10.5,13.0],"rotation":0,"texture":"#0","tintindex":0},"west":{"uv":[5.0,13.5,5.25,14.0],"rotation":0,"texture":"#0","tintindex":0},"up":{"uv":[5.5,14.0,5.25,13.5],"rotation":90,"texture":"#0","tintindex":0},"down":{"uv":[5.75,13.5,5.5,14.0],"rotation":270,"texture":"#0","tintindex":0}}},{"from":[8.927963,7.2553325,2.392973],"to":[9.785106,8.326761,2.8215446],"rotation":{"angle":22.5,"axis":"x","origin":[8.07082,7.9581456,8.009406]},"faces":{"east":{"uv":[10.75,13.5,11.0,14.0],"rotation":0,"texture":"#0","tintindex":0},"south":{"uv":[12.5,5.25,13.0,5.75],"rotation":0,"texture":"#0","tintindex":0},"north":{"uv":[12.5,5.75,13.0,6.25],"rotation":0,"texture":"#0","tintindex":0},"west":{"uv":[12.5,13.5,12.75,14.0],"rotation":0,"texture":"#0","tintindex":0},"up":{"uv":[13.0,14.0,12.75,13.5],"rotation":90,"texture":"#0","tintindex":0},"down":{"uv":[13.25,13.5,13.0,14.0],"rotation":270,"texture":"#0","tintindex":0}}},{"from":[8.927963,12.171656,5.288511],"to":[9.785106,12.600226,6.3599396],"rotation":{"angle":-22.5,"axis":"x","origin":[8.07082,7.9581456,8.009406]},"faces":{"east":{"uv":[6.75,13.5,7.25,13.75],"rotation":0,"texture":"#0","tintindex":0},"south":{"uv":[7.25,13.5,7.75,13.75],"rotation":0,"texture":"#0","tintindex":0},"north":{"uv":[8.25,13.5,8.75,13.75],"rotation":0,"texture":"#0","tintindex":0},"west":{"uv":[7.75,13.5,8.25,13.75],"rotation":0,"texture":"#0","tintindex":0},"up":{"uv":[13.0,3.75,12.5,3.25],"rotation":90,"texture":"#0","tintindex":0},"down":{"uv":[13.0,3.75,12.5,4.25],"rotation":270,"texture":"#0","tintindex":0}}},{"from":[8.927963,11.18708,4.709051],"to":[9.785106,11.615652,5.78048],"rotation":{"angle":0.0,"axis":"y","origin":[8.07082,7.9581456,8.009406]},"faces":{"east":{"uv":[13.25,10.75,13.75,11.0],"rotation":0,"texture":"#0","tintindex":0},"south":{"uv":[13.25,12.5,13.75,12.75],"rotation":0,"texture":"#0","tintindex":0},"north":{"uv":[1.75,13.5,2.25,13.75],"rotation":0,"texture":"#0","tintindex":0},"west":{"uv":[1.25,13.5,1.75,13.75],"rotation":0,"texture":"#0","tintindex":0},"up":{"uv":[8.0,13.0,7.5,12.5],"rotation":90,"texture":"#0","tintindex":0},"down":{"uv":[8.5,12.5,8.0,13.0],"rotation":270,"texture":"#0","tintindex":0}}},{"from":[6.356534,12.171656,5.288511],"to":[7.213677,12.600226,6.3599396],"rotation":{"angle":-22.5,"axis":"x","origin":[8.07082,7.9581456,8.009406]},"faces":{"east":{"uv":[13.5,12.25,14.0,12.5],"rotation":0,"texture":"#0","tintindex":0},"south":{"uv":[13.5,13.25,14.0,13.5],"rotation":0,"texture":"#0","tintindex":0},"north":{"uv":[6.75,13.75,7.25,14.0],"rotation":0,"texture":"#0","tintindex":0},"west":{"uv":[2.5,13.75,3.0,14.0],"rotation":0,"texture":"#0","tintindex":0},"up":{"uv":[2.0,13.5,1.5,13.0],"rotation":90,"texture":"#0","tintindex":0},"down":{"uv":[2.5,13.0,2.0,13.5],"rotation":270,"texture":"#0","tintindex":0}}},{"from":[6.356534,11.18708,4.709051],"to":[7.213677,11.615652,5.78048],"rotation":{"angle":0.0,"axis":"y","origin":[8.07082,7.9581456,8.009406]},"faces":{"east":{"uv":[13.5,1.0,14.0,1.25],"rotation":0,"texture":"#0","tintindex":0},"south":{"uv":[13.5,5.75,14.0,6.0],"rotation":0,"texture":"#0","tintindex":0},"north":{"uv":[13.5,7.5,14.0,7.75],"rotation":0,"texture":"#0","tintindex":0},"west":{"uv":[13.5,6.0,14.0,6.25],"rotation":0,"texture":"#0","tintindex":0},"up":{"uv":[13.0,13.25,12.5,12.75],"rotation":90,"texture":"#0","tintindex":0},"down":{"uv":[13.25,7.5,12.75,8.0],"rotation":270,"texture":"#0","tintindex":0}}},{"from":[6.356534,10.055691,4.5504827],"to":[7.213677,10.484262,5.6219115],"rotation":{"angle":22.5,"axis":"x","origin":[8.07082,7.9581456,8.009406]},"faces":{"east":{"uv":[7.25,13.75,7.75,14.0],"rotation":0,"texture":"#0","tintindex":0},"south":{"uv":[7.75,13.75,8.25,14.0],"rotation":0,"texture":"#0","tintindex":0},"north":{"uv":[8.75,13.75,9.25,14.0],"rotation":0,"texture":"#0","tintindex":0},"west":{"uv":[8.25,13.75,8.75,14.0],"rotation":0,"texture":"#0","tintindex":0},"up":{"uv":[5.0,13.5,4.5,13.0],"rotation":90,"texture":"#0","tintindex":0},"down":{"uv":[5.5,13.0,5.0,13.5],"rotation":270,"texture":"#0","tintindex":0}}},{"from":[6.356534,10.05918,9.00101],"to":[7.213677,11.130609,9.429582],"rotation":{"angle":-45.0,"axis":"x","origin":[8.07082,7.9581456,8.009406]},"faces":{"east":{"uv":[13.5,12.75,13.75,13.25],"rotation":0,"texture":"#0","tintindex":0},"south":{"uv":[0.5,13.0,1.0,13.5],"rotation":0,"texture":"#0","tintindex":0},"north":{"uv":[1.0,13.0,1.5,13.5],"rotation":0,"texture":"#0","tintindex":0},"west":{"uv":[1.25,13.75,1.5,14.25],"rotation":0,"texture":"#0","tintindex":0},"up":{"uv":[1.75,14.25,1.5,13.75],"rotation":90,"texture":"#0","tintindex":0},"down":{"uv":[2.0,13.75,1.75,14.25],"rotation":270,"texture":"#0","tintindex":0}}},{"from":[8.927963,10.05918,9.00101],"to":[9.785106,11.130609,9.429582],"rotation":{"angle":-45.0,"axis":"x","origin":[8.07082,7.9581456,8.009406]},"faces":{"east":{"uv":[5.75,13.5,6.0,14.0],"rotation":0,"texture":"#0","tintindex":0},"south":{"uv":[10.5,12.5,11.0,13.0],"rotation":0,"texture":"#0","tintindex":0},"north":{"uv":[12.5,2.75,13.0,3.25],"rotation":0,"texture":"#0","tintindex":0},"west":{"uv":[6.0,13.5,6.25,14.0],"rotation":0,"texture":"#0","tintindex":0},"up":{"uv":[6.5,14.0,6.25,13.5],"rotation":90,"texture":"#0","tintindex":0},"down":{"uv":[6.75,13.5,6.5,14.0],"rotation":270,"texture":"#0","tintindex":0}}},{"from":[8.927963,10.055691,4.5504827],"to":[9.785106,10.484262,5.6219115],"rotation":{"angle":22.5,"axis":"x","origin":[8.07082,7.9581456,8.009406]},"faces":{"east":{"uv":[8.75,13.5,9.25,13.75],"rotation":0,"texture":"#0","tintindex":0},"south":{"uv":[9.25,13.5,9.75,13.75],"rotation":0,"texture":"#0","tintindex":0},"north":{"uv":[10.25,13.5,10.75,13.75],"rotation":0,"texture":"#0","tintindex":0},"west":{"uv":[9.75,13.5,10.25,13.75],"rotation":0,"texture":"#0","tintindex":0},"up":{"uv":[13.0,4.75,12.5,4.25],"rotation":90,"texture":"#0","tintindex":0},"down":{"uv":[13.0,4.75,12.5,5.25],"rotation":270,"texture":"#0","tintindex":0}}},{"from":[4.025937,10.697669,3.8014398],"to":[4.454509,11.216618,6.715726],"rotation":{"angle":0.0,"axis":"y","origin":[8.07082,7.9581456,8.009406]},"faces":{"east":{"uv":[6.25,12.25,7.5,12.5],"rotation":0,"texture":"#0","tintindex":0},"south":{"uv":[8.5,14.0,8.75,14.25],"rotation":0,"texture":"#0","tintindex":0},"north":{"uv":[8.75,14.0,9.0,14.25],"rotation":0,"texture":"#0","tintindex":0},"west":{"uv":[7.5,12.25,8.75,12.5],"rotation":0,"texture":"#0","tintindex":0},"up":{"uv":[10.0,12.5,8.75,12.25],"rotation":90,"texture":"#0","tintindex":0},"down":{"uv":[11.25,12.25,10.0,12.5],"rotation":270,"texture":"#0","tintindex":0}}},{"from":[4.025937,10.269097,3.2871537],"to":[4.454509,10.702332,7.144297],"rotation":{"angle":0.0,"axis":"y","origin":[8.07082,7.9581456,8.009406]},"faces":{"east":{"uv":[5.0,12.0,6.75,12.25],"rotation":0,"texture":"#0","tintindex":0},"south":{"uv":[11.0,12.5,11.25,12.75],"rotation":0,"texture":"#0","tintindex":0},"north":{"uv":[7.75,14.0,8.0,14.25],"rotation":0,"texture":"#0","tintindex":0},"west":{"uv":[6.75,12.0,8.5,12.25],"rotation":0,"texture":"#0","tintindex":0},"up":{"uv":[10.25,12.25,8.5,12.0],"rotation":90,"texture":"#0","tintindex":0},"down":{"uv":[12.0,12.0,10.25,12.25],"rotation":270,"texture":"#0","tintindex":0}}},{"from":[4.025937,9.326241,2.9442968],"to":[4.454509,10.27376,7.5728683],"rotation":{"angle":0.0,"axis":"y","origin":[8.07082,7.9581456,8.009406]},"faces":{"east":{"uv":[2.5,10.0,4.5,10.5],"rotation":0,"texture":"#0","tintindex":0},"south":{"uv":[7.25,14.0,7.5,14.5],"rotation":0,"texture":"#0","tintindex":0},"north":{"uv":[7.5,14.0,7.75,14.5],"rotation":0,"texture":"#0","tintindex":0},"west":{"uv":[2.0,10.5,4.0,11.0],"rotation":0,"texture":"#0","tintindex":0},"up":{"uv":[2.0,12.0,0.0,11.75],"rotation":90,"texture":"#0","tintindex":0},"down":{"uv":[7.0,11.75,5.0,12.0],"rotation":270,"texture":"#0","tintindex":0}}},{"from":[4.025937,8.383383,2.8585825],"to":[12.168795,9.330903,7.624297],"rotation":{"angle":0.0,"axis":"y","origin":[8.07082,7.9581456,8.009406]},"faces":{"east":{"uv":[9.5,7.5,11.5,8.0],"rotation":0,"texture":"#0","tintindex":0},"south":{"uv":[9.5,1.75,13.0,2.25],"rotation":0,"texture":"#0","tintindex":0},"north":{"uv":[9.5,2.25,13.0,2.75],"rotation":0,"texture":"#0","tintindex":0},"west":{"uv":[9.5,8.0,11.5,8.5],"rotation":0,"texture":"#0","tintindex":0},"up":{"uv":[9.5,3.5,7.5,0.0],"rotation":90,"texture":"#0","tintindex":0},"down":{"uv":[9.5,3.5,7.5,7.0],"rotation":270,"texture":"#0","tintindex":0}}},{"from":[4.625937,9.374628,7.797896],"to":[11.48308,10.322147,8.176899],"rotation":{"angle":-22.5,"axis":"x","origin":[8.07082,7.9581456,8.009406]},"faces":{"east":{"uv":[13.75,2.75,14.0,3.25],"rotation":0,"texture":"#0","tintindex":0},"south":{"uv":[9.5,2.75,12.5,3.25],"rotation":0,"texture":"#0","tintindex":0},"north":{"uv":[9.5,3.25,12.5,3.75],"rotation":0,"texture":"#0","tintindex":0},"west":{"uv":[13.75,3.25,14.0,3.75],"rotation":0,"texture":"#0","tintindex":0},"up":{"uv":[4.75,13.0,4.5,10.0],"rotation":90,"texture":"#0","tintindex":0},"down":{"uv":[5.0,10.0,4.75,13.0],"rotation":270,"texture":"#0","tintindex":0}}},{"from":[4.625937,10.078104,8.689805],"to":[11.48308,11.025624,9.068817],"rotation":{"angle":-45.0,"axis":"x","origin":[8.07082,7.9581456,8.009406]},"faces":{"east":{"uv":[13.75,10.25,14.0,10.75],"rotation":0,"texture":"#0","tintindex":0},"south":{"uv":[9.5,4.75,12.5,5.25],"rotation":0,"texture":"#0","tintindex":0},"north":{"uv":[9.5,5.25,12.5,5.75],"rotation":0,"texture":"#0","tintindex":0},"west":{"uv":[13.75,11.25,14.0,11.75],"rotation":0,"texture":"#0","tintindex":0},"up":{"uv":[4.0,14.0,3.75,11.0],"rotation":90,"texture":"#0","tintindex":0},"down":{"uv":[3.25,11.25,3.0,14.25],"rotation":270,"texture":"#0","tintindex":0}}},{"from":[4.625937,9.731781,4.6333275],"to":[11.48308,10.110784,5.5808473],"rotation":{"angle":22.5,"axis":"x","origin":[8.07082,7.9581456,8.009406]},"faces":{"east":{"uv":[0.5,14.0,1.0,14.25],"rotation":0,"texture":"#0","tintindex":0},"south":{"uv":[11.25,7.25,14.25,7.5],"rotation":0,"texture":"#0","tintindex":0},"north":{"uv":[11.25,11.0,14.25,11.25],"rotation":0,"texture":"#0","tintindex":0},"west":{"uv":[2.25,14.0,2.75,14.25],"rotation":0,"texture":"#0","tintindex":0},"up":{"uv":[7.0,11.75,6.5,8.75],"rotation":90,"texture":"#0","tintindex":0},"down":{"uv":[7.5,8.75,7.0,11.75],"rotation":270,"texture":"#0","tintindex":0}}},{"from":[4.625937,10.859892,4.766574],"to":[11.48308,11.238894,5.714094],"rotation":{"angle":0.0,"axis":"y","origin":[8.07082,7.9581456,8.009406]},"faces":{"east":{"uv":[13.75,0.25,14.25,0.5],"rotation":0,"texture":"#0","tintindex":0},"south":{"uv":[0.0,11.25,3.0,11.5],"rotation":0,"texture":"#0","tintindex":0},"north":{"uv":[7.5,11.25,10.5,11.5],"rotation":0,"texture":"#0","tintindex":0},"west":{"uv":[13.75,0.5,14.25,0.75],"rotation":0,"texture":"#0","tintindex":0},"up":{"uv":[2.5,10.5,2.0,7.5],"rotation":90,"texture":"#0","tintindex":0},"down":{"uv":[5.5,8.75,5.0,11.75],"rotation":270,"texture":"#0","tintindex":0}}},{"from":[4.625937,6.1620455,3.033936],"to":[11.48308,7.1095653,3.4129472],"rotation":{"angle":45.0,"axis":"x","origin":[8.07082,7.9581456,8.009406]},"faces":{"east":{"uv":[13.75,6.25,14.0,6.75],"rotation":0,"texture":"#0","tintindex":0},"south":{"uv":[9.5,3.75,12.5,4.25],"rotation":0,"texture":"#0","tintindex":0},"north":{"uv":[9.5,4.25,12.5,4.75],"rotation":0,"texture":"#0","tintindex":0},"west":{"uv":[13.75,7.75,14.0,8.25],"rotation":0,"texture":"#0","tintindex":0},"up":{"uv":[4.25,13.5,4.0,10.5],"rotation":90,"texture":"#0","tintindex":0},"down":{"uv":[4.5,10.5,4.25,13.5],"rotation":270,"texture":"#0","tintindex":0}}},{"from":[4.625937,11.851136,5.3213873],"to":[11.48308,12.230139,6.268907],"rotation":{"angle":-22.5,"axis":"x","origin":[8.07082,7.9581456,8.009406]},"faces":{"east":{"uv":[13.75,12.0,14.25,12.25],"rotation":0,"texture":"#0","tintindex":0},"south":{"uv":[10.5,11.25,13.5,11.5],"rotation":0,"texture":"#0","tintindex":0},"north":{"uv":[11.25,7.0,14.25,7.25],"rotation":0,"texture":"#0","tintindex":0},"west":{"uv":[13.75,12.5,14.25,12.75],"rotation":0,"texture":"#0","tintindex":0},"up":{"uv":[6.0,11.75,5.5,8.75],"rotation":90,"texture":"#0","tintindex":0},"down":{"uv":[6.5,8.75,6.0,11.75],"rotation":270,"texture":"#0","tintindex":0}}},{"from":[4.625937,7.255272,2.7253356],"to":[11.48308,8.202792,3.1043386],"rotation":{"angle":22.5,"axis":"x","origin":[8.07082,7.9581456,8.009406]},"faces":{"east":{"uv":[4.25,14.0,4.5,14.5],"rotation":0,"texture":"#0","tintindex":0},"south":{"uv":[9.5,5.75,12.5,6.25],"rotation":0,"texture":"#0","tintindex":0},"north":{"uv":[9.5,6.25,12.5,6.75],"rotation":0,"texture":"#0","tintindex":0},"west":{"uv":[4.5,14.0,4.75,14.5],"rotation":0,"texture":"#0","tintindex":0},"up":{"uv":[3.5,14.25,3.25,11.25],"rotation":90,"texture":"#0","tintindex":0},"down":{"uv":[3.75,11.25,3.5,14.25],"rotation":270,"texture":"#0","tintindex":0}}},{"from":[7.213677,7.229574,2.0801172],"to":[8.927963,8.94386,2.9372602],"rotation":{"angle":0.0,"axis":"y","origin":[8.07082,7.9581456,8.009406]},"faces":{"east":{"uv":[4.5,0.0,5.0,0.75],"rotation":0,"texture":"#0","tintindex":0},"south":{"uv":[11.5,7.5,12.25,8.25],"rotation":0,"texture":"#0","tintindex":0},"north":{"uv":[11.5,8.25,12.25,9.0],"rotation":0,"texture":"#0","tintindex":0},"west":{"uv":[4.5,0.75,5.0,1.5],"rotation":0,"texture":"#0","tintindex":0},"up":{"uv":[5.0,2.25,4.5,1.5],"rotation":90,"texture":"#0","tintindex":0},"down":{"uv":[3.0,11.5,2.5,12.25],"rotation":270,"texture":"#0","tintindex":0}}},{"from":[3.7851057,7.9581456,2.422974],"to":[12.356535,8.386717,7.994403],"rotation":{"angle":0.0,"axis":"y","origin":[8.07082,7.9581456,8.009406]},"faces":{"east":{"uv":[5.0,4.75,7.5,5.0],"rotation":0,"texture":"#0","tintindex":0},"south":{"uv":[9.5,6.75,13.25,7.0],"rotation":0,"texture":"#0","tintindex":0},"north":{"uv":[9.5,10.75,13.25,11.0],"rotation":0,"texture":"#0","tintindex":0},"west":{"uv":[0.0,11.5,2.5,11.75],"rotation":0,"texture":"#0","tintindex":0},"up":{"uv":[2.5,3.75,0.0,0.0],"rotation":90,"texture":"#0","tintindex":0},"down":{"uv":[5.0,2.5,2.5,6.25],"rotation":270,"texture":"#0","tintindex":0}}},{"from":[11.740223,9.326241,2.9442968],"to":[12.168795,10.27376,7.5728683],"rotation":{"angle":0.0,"axis":"y","origin":[8.07082,7.9581456,8.009406]},"faces":{"east":{"uv":[9.5,8.5,11.5,9.0],"rotation":0,"texture":"#0","tintindex":0},"south":{"uv":[6.75,14.0,7.0,14.5],"rotation":0,"texture":"#0","tintindex":0},"north":{"uv":[7.0,14.0,7.25,14.5],"rotation":0,"texture":"#0","tintindex":0},"west":{"uv":[9.5,9.0,11.5,9.5],"rotation":0,"texture":"#0","tintindex":0},"up":{"uv":[13.5,9.25,11.5,9.0],"rotation":90,"texture":"#0","tintindex":0},"down":{"uv":[13.5,9.25,11.5,9.5],"rotation":270,"texture":"#0","tintindex":0}}},{"from":[11.740223,10.269097,3.2871537],"to":[12.168795,10.702332,7.144297],"rotation":{"angle":0.0,"axis":"y","origin":[8.07082,7.9581456,8.009406]},"faces":{"east":{"uv":[7.0,11.75,8.75,12.0],"rotation":0,"texture":"#0","tintindex":0},"south":{"uv":[1.75,12.0,2.0,12.25],"rotation":0,"texture":"#0","tintindex":0},"north":{"uv":[12.25,11.75,12.5,12.0],"rotation":0,"texture":"#0","tintindex":0},"west":{"uv":[8.75,11.75,10.5,12.0],"rotation":0,"texture":"#0","tintindex":0},"up":{"uv":[12.25,12.0,10.5,11.75],"rotation":90,"texture":"#0","tintindex":0},"down":{"uv":[1.75,12.0,0.0,12.25],"rotation":270,"texture":"#0","tintindex":0}}},{"from":[11.740223,10.697669,3.8014398],"to":[12.168795,11.216618,6.715726],"rotation":{"angle":0.0,"axis":"y","origin":[8.07082,7.9581456,8.009406]},"faces":{"east":{"uv":[12.0,12.0,13.25,12.25],"rotation":0,"texture":"#0","tintindex":0},"south":{"uv":[8.0,14.0,8.25,14.25],"rotation":0,"texture":"#0","tintindex":0},"north":{"uv":[8.25,14.0,8.5,14.25],"rotation":0,"texture":"#0","tintindex":0},"west":{"uv":[0.0,12.25,1.25,12.5],"rotation":0,"texture":"#0","tintindex":0},"up":{"uv":[2.5,12.5,1.25,12.25],"rotation":90,"texture":"#0","tintindex":0},"down":{"uv":[6.25,12.25,5.0,12.5],"rotation":270,"texture":"#0","tintindex":0}}}],"display":{"head":{"translation":[0.0,-6.4,0.0],"scale":[4.0,4.0,4.0]}}}