{"textures":{"0":"modelengine:entity/rpg_stone_golem"},"elements":[{"from":[6.285714,2.8571424,5.142857],"to":[9.714286,8.0,8.571428],"rotation":{"angle":0.0,"axis":"y","origin":[13.142858,-2.285715,3.4285712]},"faces":{"east":{"uv":[6.5,5.75,8.0,8.0],"rotation":0,"texture":"#0","tintindex":0},"south":{"uv":[0.0,7.0,1.5,9.25],"rotation":0,"texture":"#0","tintindex":0},"north":{"uv":[6.5,3.5,8.0,5.75],"rotation":0,"texture":"#0","tintindex":0},"west":{"uv":[1.5,7.0,3.0,9.25],"rotation":0,"texture":"#0","tintindex":0},"up":{"uv":[11.0,3.25,9.5,1.75],"rotation":0,"texture":"#0","tintindex":0},"down":{"uv":[11.0,6.25,9.5,7.75],"rotation":0,"texture":"#0","tintindex":0}}}],"display":{"head":{"translation":[0.0,-6.4,0.0],"scale":[4.0,4.0,4.0]}}}