{"textures":{"0":"modelengine:entity/rpg_stone_golem"},"elements":[{"from":[6.285714,2.8571424,7.428571],"to":[9.714286,8.0,10.857143],"rotation":{"angle":0.0,"axis":"y","origin":[10.857143,2.8571424,7.428571]},"faces":{"east":{"uv":[4.5,7.75,6.0,10.0],"rotation":0,"texture":"#0","tintindex":0},"south":{"uv":[8.0,0.0,9.5,2.25],"rotation":0,"texture":"#0","tintindex":0},"north":{"uv":[3.0,7.75,4.5,10.0],"rotation":0,"texture":"#0","tintindex":0},"west":{"uv":[8.0,2.25,9.5,4.5],"rotation":0,"texture":"#0","tintindex":0},"up":{"uv":[11.25,4.75,9.75,3.25],"rotation":0,"texture":"#0","tintindex":0},"down":{"uv":[11.25,4.75,9.75,6.25],"rotation":0,"texture":"#0","tintindex":0}}}],"display":{"head":{"translation":[0.0,-6.4,0.0],"scale":[4.0,4.0,4.0]}}}