{"textures":{"0":"modelengine:entity/rpg_stone_golem"},"elements":[{"from":[7.428571,5.714286,6.857143],"to":[9.714286,9.142858,9.142858],"rotation":{"angle":0.0,"axis":"y","origin":[5.714286,0.5714283,6.285714]},"faces":{"east":{"uv":[12.0,1.5,11.0,3.0],"rotation":0,"texture":"#0","tintindex":0},"south":{"uv":[12.0,0.0,11.0,1.5],"rotation":0,"texture":"#0","tintindex":0},"north":{"uv":[6.5,3.5,5.5,5.0],"rotation":0,"texture":"#0","tintindex":0},"west":{"uv":[11.75,7.75,10.75,9.25],"rotation":0,"texture":"#0","tintindex":0},"up":{"uv":[1.5,12.25,2.5,11.25],"rotation":0,"texture":"#0","tintindex":0},"down":{"uv":[11.25,3.0,12.25,4.0],"rotation":0,"texture":"#0","tintindex":0}}}],"display":{"head":{"translation":[0.0,-6.4,0.0],"scale":[4.0,4.0,4.0]}}}