{"textures":{"0":"modelengine:entity/viking_miniboss"},"elements":[{"from":[4.8571424,2.8571424,5.714286],"to":[8.857143,7.428571,10.285714],"rotation":{"angle":0.0,"axis":"y","origin":[9.428572,14.0,11.142858]},"faces":{"east":{"uv":[0.6875,5.25,1.1875,5.75],"rotation":0,"texture":"#0","tintindex":0},"south":{"uv":[5.6875,5.4375,6.125,5.9375],"rotation":0,"texture":"#0","tintindex":0},"north":{"uv":[1.375,5.6875,1.8125,6.1875],"rotation":0,"texture":"#0","tintindex":0},"west":{"uv":[2.0625,5.25,2.5625,5.75],"rotation":0,"texture":"#0","tintindex":0},"up":{"uv":[1.125,6.25,0.6875,5.75],"rotation":0,"texture":"#0","tintindex":0},"down":{"uv":[2.5,5.75,2.0625,6.25],"rotation":0,"texture":"#0","tintindex":0}}}],"display":{"head":{"translation":[0.0,-6.4,0.0],"scale":[4.0,4.0,4.0]}}}