{"textures":{"0":"modelengine:entity/viking_miniboss"},"elements":[{"from":[7.142857,2.8571424,5.714286],"to":[11.142858,7.428571,10.285714],"rotation":{"angle":0.0,"axis":"y","origin":[6.5714283,14.0,11.142858]},"faces":{"east":{"uv":[2.5625,5.25,2.0625,5.75],"rotation":0,"texture":"#0","tintindex":0},"south":{"uv":[6.125,5.4375,5.6875,5.9375],"rotation":0,"texture":"#0","tintindex":0},"north":{"uv":[1.8125,5.6875,1.375,6.1875],"rotation":0,"texture":"#0","tintindex":0},"west":{"uv":[1.1875,5.25,0.6875,5.75],"rotation":0,"texture":"#0","tintindex":0},"up":{"uv":[0.6875,6.25,1.125,5.75],"rotation":0,"texture":"#0","tintindex":0},"down":{"uv":[2.0625,5.75,2.5,6.25],"rotation":0,"texture":"#0","tintindex":0}}}],"display":{"head":{"translation":[0.0,-6.4,0.0],"scale":[4.0,4.0,4.0]}}}