{"textures":{"0":"modelengine:entity/roman_soldier"},"elements":[{"from":[5.428472,10.4289255,5.140027],"to":[10.571329,12.71464,10.854313],"rotation":{"angle":0.0,"axis":"y","origin":[7.7141867,11.571783,7.425741]},"faces":{"east":{"uv":[2.875,6.5,4.125,7.0],"rotation":0,"texture":"#0","tintindex":0},"south":{"uv":[6.5,6.625,7.625,7.125],"rotation":0,"texture":"#0","tintindex":0},"north":{"uv":[5.375,6.625,6.5,7.125],"rotation":0,"texture":"#0","tintindex":0},"west":{"uv":[4.125,6.5,5.375,7.0],"rotation":0,"texture":"#0","tintindex":0},"up":{"uv":[4.5,3.25,3.375,2.0],"rotation":0,"texture":"#0","tintindex":0},"down":{"uv":[4.5,3.25,3.375,4.5],"rotation":0,"texture":"#0","tintindex":0}}},{"from":[7.428472,8.71464,5.140027],"to":[8.571329,9.857497,5.7114553],"rotation":{"angle":0.0,"axis":"y","origin":[7.999901,9.286069,7.99717]},"faces":{"east":{"uv":[8.5,5.25,8.625,5.5],"rotation":0,"texture":"#0","tintindex":0},"south":{"uv":[6.25,8.5,6.5,8.75],"rotation":0,"texture":"#0","tintindex":0},"north":{"uv":[8.5,5.0,8.75,5.25],"rotation":0,"texture":"#0","tintindex":0},"west":{"uv":[6.5,8.5,6.625,8.75],"rotation":0,"texture":"#0","tintindex":0},"up":{"uv":[8.0,8.625,7.75,8.5],"rotation":0,"texture":"#0","tintindex":0},"down":{"uv":[0.25,8.625,0.0,8.75],"rotation":0,"texture":"#0","tintindex":0}}},{"from":[10.919895,7.240185,5.140027],"to":[11.491323,10.6687565,7.99717],"rotation":{"angle":22.5,"axis":"z","origin":[11.205609,8.954471,6.5685983]},"faces":{"east":{"uv":[4.375,7.0,5.0,7.75],"rotation":0,"texture":"#0","tintindex":0},"south":{"uv":[3.5,8.5,3.625,9.25],"rotation":0,"texture":"#0","tintindex":0},"north":{"uv":[1.125,8.5,1.25,9.25],"rotation":0,"texture":"#0","tintindex":0},"west":{"uv":[7.125,4.75,7.75,5.5],"rotation":0,"texture":"#0","tintindex":0},"up":{"uv":[4.0,9.125,3.875,8.5],"rotation":0,"texture":"#0","tintindex":0},"down":{"uv":[4.125,8.5,4.0,9.125],"rotation":0,"texture":"#0","tintindex":0}}},{"from":[5.7141867,7.0003543,5.7114553],"to":[10.285615,11.571783,10.282885],"rotation":{"angle":0.0,"axis":"y","origin":[7.999901,9.286069,7.99717]},"faces":{"east":{"uv":[4.875,0.0,5.875,1.0],"rotation":0,"texture":"#0","tintindex":0},"south":{"uv":[4.875,1.0,5.875,2.0],"rotation":0,"texture":"#0","tintindex":0},"north":{"uv":[4.25,4.75,5.25,5.75],"rotation":0,"texture":"#0","tintindex":0},"west":{"uv":[5.25,4.75,6.25,5.75],"rotation":0,"texture":"#0","tintindex":0},"up":{"uv":[1.0,6.5,0.0,5.5],"rotation":0,"texture":"#0","tintindex":0},"down":{"uv":[2.0,5.5,1.0,6.5],"rotation":0,"texture":"#0","tintindex":0}}},{"from":[4.5314155,6.212644,5.140027],"to":[5.102844,9.641215,7.99717],"rotation":{"angle":-22.5,"axis":"z","origin":[7.3885584,8.498359,7.425741]},"faces":{"east":{"uv":[7.75,4.75,7.125,5.5],"rotation":0,"texture":"#0","tintindex":0},"south":{"uv":[3.625,8.5,3.5,9.25],"rotation":0,"texture":"#0","tintindex":0},"north":{"uv":[1.25,8.5,1.125,9.25],"rotation":0,"texture":"#0","tintindex":0},"west":{"uv":[5.0,7.0,4.375,7.75],"rotation":0,"texture":"#0","tintindex":0},"up":{"uv":[3.875,9.125,4.0,8.5],"rotation":0,"texture":"#0","tintindex":0},"down":{"uv":[4.0,8.5,4.125,9.125],"rotation":0,"texture":"#0","tintindex":0}}},{"from":[10.06395,8.143211,7.4698334],"to":[10.635378,10.4289255,9.184119],"rotation":{"angle":22.5,"axis":"y","origin":[10.349664,9.286069,8.326976]},"faces":{"east":{"uv":[3.0,3.75,3.375,4.25],"rotation":0,"texture":"#0","tintindex":0},"south":{"uv":[4.625,8.5,4.75,9.0],"rotation":0,"texture":"#0","tintindex":0},"north":{"uv":[4.5,8.5,4.625,9.0],"rotation":0,"texture":"#0","tintindex":0},"west":{"uv":[0.875,8.0,1.25,8.5],"rotation":0,"texture":"#0","tintindex":0},"up":{"uv":[7.75,4.75,7.625,4.375],"rotation":0,"texture":"#0","tintindex":0},"down":{"uv":[7.875,5.125,7.75,5.5],"rotation":0,"texture":"#0","tintindex":0}}},{"from":[5.428472,8.143211,9.140027],"to":[10.571329,10.4289255,10.854313],"rotation":{"angle":0.0,"axis":"y","origin":[7.7141867,11.571783,7.425741]},"faces":{"east":{"uv":[7.75,8.0,8.125,8.5],"rotation":0,"texture":"#0","tintindex":0},"south":{"uv":[6.75,6.0,7.875,6.5],"rotation":0,"texture":"#0","tintindex":0},"north":{"uv":[6.75,5.5,7.875,6.0],"rotation":0,"texture":"#0","tintindex":0},"west":{"uv":[1.25,8.125,1.625,8.625],"rotation":0,"texture":"#0","tintindex":0},"up":{"uv":[8.375,1.75,7.25,1.375],"rotation":0,"texture":"#0","tintindex":0},"down":{"uv":[8.375,3.375,7.25,3.75],"rotation":0,"texture":"#0","tintindex":0}}},{"from":[4.8570433,7.356096,9.097124],"to":[11.142758,7.9275246,13.097124],"rotation":{"angle":22.5,"axis":"x","origin":[7.999901,7.64181,11.097124]},"faces":{"east":{"uv":[5.875,1.875,6.75,2.0],"rotation":0,"texture":"#0","tintindex":0},"south":{"uv":[8.25,0.5,9.625,0.625],"rotation":0,"texture":"#0","tintindex":0},"north":{"uv":[8.25,0.375,9.625,0.5],"rotation":0,"texture":"#0","tintindex":0},"west":{"uv":[6.75,6.5,7.625,6.625],"rotation":0,"texture":"#0","tintindex":0},"up":{"uv":[5.875,3.875,4.5,3.0],"rotation":0,"texture":"#0","tintindex":0},"down":{"uv":[5.875,3.875,4.5,4.75],"rotation":0,"texture":"#0","tintindex":0}}},{"from":[7.428472,12.71464,7.425741],"to":[8.571329,15.000355,8.568599],"rotation":{"angle":0.0,"axis":"y","origin":[7.428472,13.857497,7.425741]},"faces":{"east":{"uv":[8.375,8.375,8.625,8.875],"rotation":0,"texture":"#0","tintindex":0},"south":{"uv":[0.875,8.5,1.125,9.0],"rotation":0,"texture":"#0","tintindex":0},"north":{"uv":[1.75,6.5,2.0,7.0],"rotation":0,"texture":"#0","tintindex":0},"west":{"uv":[1.75,8.5,2.0,9.0],"rotation":0,"texture":"#0","tintindex":0},"up":{"uv":[8.25,4.375,8.0,4.125],"rotation":0,"texture":"#0","tintindex":0},"down":{"uv":[8.75,4.75,8.5,5.0],"rotation":0,"texture":"#0","tintindex":0}}},{"from":[9.302761,14.059214,7.140027],"to":[12.1599045,14.630643,8.854313],"rotation":{"angle":-22.5,"axis":"z","origin":[11.588475,16.059216,8.282885]},"faces":{"east":{"uv":[5.0,7.0,5.375,7.125],"rotation":0,"texture":"#0","tintindex":0},"south":{"uv":[8.5,4.625,9.125,4.75],"rotation":0,"texture":"#0","tintindex":0},"north":{"uv":[8.5,4.5,9.125,4.625],"rotation":0,"texture":"#0","tintindex":0},"west":{"uv":[7.25,1.75,7.625,1.875],"rotation":0,"texture":"#0","tintindex":0},"up":{"uv":[8.625,3.125,8.0,2.75],"rotation":0,"texture":"#0","tintindex":0},"down":{"uv":[8.625,3.75,8.0,4.125],"rotation":0,"texture":"#0","tintindex":0}}},{"from":[7.072917,15.042663,7.140027],"to":[8.93006,15.614092,8.854313],"rotation":{"angle":0.0,"axis":"y","origin":[6.6443458,16.18552,7.711456]},"faces":{"east":{"uv":[5.375,6.5,5.75,6.625],"rotation":0,"texture":"#0","tintindex":0},"south":{"uv":[8.375,3.625,8.78125,3.75],"rotation":0,"texture":"#0","tintindex":0},"north":{"uv":[8.25,7.875,8.65625,8.0],"rotation":0,"texture":"#0","tintindex":0},"west":{"uv":[6.875,0.75,7.25,0.875],"rotation":0,"texture":"#0","tintindex":0},"up":{"uv":[8.28125,6.0,7.875,5.625],"rotation":0,"texture":"#0","tintindex":0},"down":{"uv":[8.28125,6.0,7.875,6.375],"rotation":0,"texture":"#0","tintindex":0}}},{"from":[3.8398972,14.059214,7.140027],"to":[6.6970406,14.630643,8.854313],"rotation":{"angle":22.5,"axis":"z","origin":[4.411326,16.059216,8.282885]},"faces":{"east":{"uv":[7.625,1.75,7.25,1.875],"rotation":0,"texture":"#0","tintindex":0},"south":{"uv":[9.125,4.625,8.5,4.75],"rotation":0,"texture":"#0","tintindex":0},"north":{"uv":[9.125,4.5,8.5,4.625],"rotation":0,"texture":"#0","tintindex":0},"west":{"uv":[5.375,7.0,5.0,7.125],"rotation":0,"texture":"#0","tintindex":0},"up":{"uv":[8.0,3.125,8.625,2.75],"rotation":0,"texture":"#0","tintindex":0},"down":{"uv":[8.0,3.75,8.625,4.125],"rotation":0,"texture":"#0","tintindex":0}}},{"from":[4.19265,14.130003,7.425741],"to":[7.049793,17.558575,8.568599],"rotation":{"angle":22.5,"axis":"z","origin":[4.19265,16.130003,7.99717]},"faces":{"east":{"uv":[6.25,8.125,6.0,8.875],"rotation":0,"texture":"#0","tintindex":0},"south":{"uv":[6.25,7.125,5.625,7.875],"rotation":0,"texture":"#0","tintindex":0},"north":{"uv":[5.625,7.125,5.0,7.875],"rotation":0,"texture":"#0","tintindex":0},"west":{"uv":[6.0,8.125,5.75,8.875],"rotation":0,"texture":"#0","tintindex":0},"up":{"uv":[0.0,8.625,0.625,8.375],"rotation":0,"texture":"#0","tintindex":0},"down":{"uv":[8.375,1.375,9.0,1.625],"rotation":0,"texture":"#0","tintindex":0}}},{"from":[5.3644233,8.143211,7.4698334],"to":[5.935852,10.4289255,9.184119],"rotation":{"angle":-22.5,"axis":"y","origin":[5.650138,9.286069,8.326976]},"faces":{"east":{"uv":[1.25,8.0,0.875,8.5],"rotation":0,"texture":"#0","tintindex":0},"south":{"uv":[4.75,8.5,4.625,9.0],"rotation":0,"texture":"#0","tintindex":0},"north":{"uv":[4.625,8.5,4.5,9.0],"rotation":0,"texture":"#0","tintindex":0},"west":{"uv":[3.375,3.75,3.0,4.25],"rotation":0,"texture":"#0","tintindex":0},"up":{"uv":[7.625,4.75,7.75,4.375],"rotation":0,"texture":"#0","tintindex":0},"down":{"uv":[7.75,5.125,7.875,5.5],"rotation":0,"texture":"#0","tintindex":0}}},{"from":[6.285615,15.11464,7.43717],"to":[9.714187,18.543213,8.580027],"rotation":{"angle":0.0,"axis":"y","origin":[7.428472,16.257498,7.425741]},"faces":{"east":{"uv":[8.125,1.75,8.375,2.5],"rotation":0,"texture":"#0","tintindex":0},"south":{"uv":[1.75,7.0,2.5,7.75],"rotation":0,"texture":"#0","tintindex":0},"north":{"uv":[6.875,0.0,7.625,0.75],"rotation":0,"texture":"#0","tintindex":0},"west":{"uv":[5.5,8.125,5.75,8.875],"rotation":0,"texture":"#0","tintindex":0},"up":{"uv":[4.0,5.75,3.25,5.5],"rotation":0,"texture":"#0","tintindex":0},"down":{"uv":[8.75,3.125,8.0,3.375],"rotation":0,"texture":"#0","tintindex":0}}},{"from":[8.950008,14.130003,7.425741],"to":[11.807152,17.558575,8.568599],"rotation":{"angle":-22.5,"axis":"z","origin":[11.807152,16.130003,7.99717]},"faces":{"east":{"uv":[5.75,8.125,6.0,8.875],"rotation":0,"texture":"#0","tintindex":0},"south":{"uv":[5.625,7.125,6.25,7.875],"rotation":0,"texture":"#0","tintindex":0},"north":{"uv":[5.0,7.125,5.625,7.875],"rotation":0,"texture":"#0","tintindex":0},"west":{"uv":[6.0,8.125,6.25,8.875],"rotation":0,"texture":"#0","tintindex":0},"up":{"uv":[0.625,8.625,0.0,8.375],"rotation":0,"texture":"#0","tintindex":0},"down":{"uv":[9.0,1.375,8.375,1.625],"rotation":0,"texture":"#0","tintindex":0}}}],"display":{"head":{"translation":[0.0,-6.4,0.0],"scale":[4.0,4.0,4.0]}}}