{"textures":{"0":"modelengine:entity/roman_soldier"},"elements":[{"from":[6.857143,5.142857,5.142857],"to":[9.142858,8.0,8.0],"rotation":{"angle":0.0,"axis":"y","origin":[12.571428,9.714286,4.8571424]},"faces":{"east":{"uv":[7.25,0.75,7.875,1.375],"rotation":0,"texture":"#0","tintindex":0},"south":{"uv":[3.75,7.875,4.25,8.5],"rotation":0,"texture":"#0","tintindex":0},"north":{"uv":[3.25,7.875,3.75,8.5],"rotation":0,"texture":"#0","tintindex":0},"west":{"uv":[7.25,2.75,7.875,3.375],"rotation":0,"texture":"#0","tintindex":0},"up":{"uv":[8.25,7.125,7.75,6.5],"rotation":0,"texture":"#0","tintindex":0},"down":{"uv":[8.25,7.25,7.75,7.875],"rotation":0,"texture":"#0","tintindex":0}}},{"from":[6.285714,1.1428566,-1.7142859],"to":[6.857143,9.714286,13.714286],"rotation":{"angle":0.0,"axis":"y","origin":[12.571428,9.714286,4.8571424]},"faces":{"east":{"uv":[0.0,0.0,3.375,1.875],"rotation":0,"texture":"#0","tintindex":0},"south":{"uv":[0.75,8.0,0.875,9.875],"rotation":0,"texture":"#0","tintindex":0},"north":{"uv":[4.25,7.875,4.375,9.75],"rotation":0,"texture":"#0","tintindex":0},"west":{"uv":[0.0,1.875,3.375,3.75],"rotation":0,"texture":"#0","tintindex":0},"up":{"uv":[7.625,10.5,7.5,7.125],"rotation":0,"texture":"#0","tintindex":0},"down":{"uv":[7.75,6.5,7.625,9.875],"rotation":0,"texture":"#0","tintindex":0}}},{"from":[5.142857,4.0,4.5714283],"to":[6.285714,6.857143,7.428571],"rotation":{"angle":0.0,"axis":"y","origin":[12.0,9.714286,4.8571424]},"faces":{"east":{"uv":[7.375,3.75,8.0,4.375],"rotation":0,"texture":"#0","tintindex":0},"south":{"uv":[8.375,6.375,8.625,7.0],"rotation":0,"texture":"#0","tintindex":0},"north":{"uv":[5.125,8.375,5.375,9.0],"rotation":0,"texture":"#0","tintindex":0},"west":{"uv":[7.625,0.0,8.25,0.625],"rotation":0,"texture":"#0","tintindex":0},"up":{"uv":[8.625,7.625,8.375,7.0],"rotation":0,"texture":"#0","tintindex":0},"down":{"uv":[8.375,8.375,8.125,9.0],"rotation":0,"texture":"#0","tintindex":0}}}],"display":{"head":{"translation":[0.0,-6.4,0.0],"scale":[4.0,4.0,4.0]}}}