{"textures":{"0":"modelengine:entity/roman_soldier"},"elements":[{"from":[6.857143,4.0,8.0],"to":[9.142858,8.0,10.857143],"rotation":{"angle":0.0,"axis":"y","origin":[10.571428,13.142858,8.571428]},"faces":{"east":{"uv":[7.0,1.875,7.625,2.75],"rotation":0,"texture":"#0","tintindex":0},"south":{"uv":[1.25,7.25,1.75,8.125],"rotation":0,"texture":"#0","tintindex":0},"north":{"uv":[2.5,4.625,3.0,5.5],"rotation":0,"texture":"#0","tintindex":0},"west":{"uv":[2.5,7.0,3.125,7.875],"rotation":0,"texture":"#0","tintindex":0},"up":{"uv":[2.75,8.5,2.25,7.875],"rotation":0,"texture":"#0","tintindex":0},"down":{"uv":[3.25,7.875,2.75,8.5],"rotation":0,"texture":"#0","tintindex":0}}},{"from":[6.857143,4.0,6.857143],"to":[9.142858,5.142857,8.0],"rotation":{"angle":0.0,"axis":"y","origin":[10.571428,13.142858,8.571428]},"faces":{"east":{"uv":[0.25,8.625,0.5,8.875],"rotation":0,"texture":"#0","tintindex":0},"south":{"uv":[8.375,7.625,8.875,7.875],"rotation":0,"texture":"#0","tintindex":0},"north":{"uv":[6.25,5.5,6.75,5.75],"rotation":0,"texture":"#0","tintindex":0},"west":{"uv":[1.25,8.625,1.5,8.875],"rotation":0,"texture":"#0","tintindex":0},"up":{"uv":[2.5,8.75,2.0,8.5],"rotation":0,"texture":"#0","tintindex":0},"down":{"uv":[3.0,8.5,2.5,8.75],"rotation":0,"texture":"#0","tintindex":0}}}],"display":{"head":{"translation":[0.0,-6.4,0.0],"scale":[4.0,4.0,4.0]}}}