{"textures":{"0":"modelengine:entity/roman_soldier"},"elements":[{"from":[8.857143,5.714286,7.142857],"to":[9.428572,6.857143,10.0],"rotation":{"angle":0.0,"axis":"y","origin":[13.428572,12.571428,7.428571]},"faces":{"east":{"uv":[8.375,2.25,9.0,2.5],"rotation":0,"texture":"#0","tintindex":0},"south":{"uv":[0.5,8.625,0.625,8.875],"rotation":0,"texture":"#0","tintindex":0},"north":{"uv":[5.75,2.75,5.875,3.0],"rotation":0,"texture":"#0","tintindex":0},"west":{"uv":[8.375,3.375,9.0,3.625],"rotation":0,"texture":"#0","tintindex":0},"up":{"uv":[4.25,9.125,4.125,8.5],"rotation":0,"texture":"#0","tintindex":0},"down":{"uv":[4.5,8.5,4.375,9.125],"rotation":0,"texture":"#0","tintindex":0}}},{"from":[7.714286,5.714286,7.142857],"to":[8.857143,8.0,10.0],"rotation":{"angle":0.0,"axis":"y","origin":[13.428572,12.571428,7.428571]},"faces":{"east":{"uv":[4.875,7.875,5.5,8.375],"rotation":0,"texture":"#0","tintindex":0},"south":{"uv":[3.25,8.5,3.5,9.0],"rotation":0,"texture":"#0","tintindex":0},"north":{"uv":[3.0,8.5,3.25,9.0],"rotation":0,"texture":"#0","tintindex":0},"west":{"uv":[7.875,5.125,8.5,5.625],"rotation":0,"texture":"#0","tintindex":0},"up":{"uv":[8.625,2.25,8.375,1.625],"rotation":0,"texture":"#0","tintindex":0},"down":{"uv":[5.125,8.375,4.875,9.0],"rotation":0,"texture":"#0","tintindex":0}}},{"from":[8.857143,6.857143,7.142857],"to":[10.0,8.0,8.857143],"rotation":{"angle":0.0,"axis":"y","origin":[13.428572,12.571428,7.428571]},"faces":{"east":{"uv":[3.0,4.25,3.375,4.5],"rotation":0,"texture":"#0","tintindex":0},"south":{"uv":[8.625,1.875,8.875,2.125],"rotation":0,"texture":"#0","tintindex":0},"north":{"uv":[8.625,1.625,8.875,1.875],"rotation":0,"texture":"#0","tintindex":0},"west":{"uv":[2.875,6.25,3.25,6.5],"rotation":0,"texture":"#0","tintindex":0},"up":{"uv":[7.625,4.75,7.375,4.375],"rotation":0,"texture":"#0","tintindex":0},"down":{"uv":[3.875,8.5,3.625,8.875],"rotation":0,"texture":"#0","tintindex":0}}}],"display":{"head":{"translation":[0.0,-6.4,0.0],"scale":[4.0,4.0,4.0]}}}