{"textures":{"0":"modelengine:entity/roman_soldier"},"elements":[{"from":[6.5714283,5.714286,7.142857],"to":[7.142857,6.857143,10.0],"rotation":{"angle":0.0,"axis":"y","origin":[2.5714283,12.571428,7.428571]},"faces":{"east":{"uv":[9.0,3.375,8.375,3.625],"rotation":0,"texture":"#0","tintindex":0},"south":{"uv":[0.625,8.625,0.5,8.875],"rotation":0,"texture":"#0","tintindex":0},"north":{"uv":[5.875,2.75,5.75,3.0],"rotation":0,"texture":"#0","tintindex":0},"west":{"uv":[9.0,2.25,8.375,2.5],"rotation":0,"texture":"#0","tintindex":0},"up":{"uv":[4.125,9.125,4.25,8.5],"rotation":0,"texture":"#0","tintindex":0},"down":{"uv":[4.375,8.5,4.5,9.125],"rotation":0,"texture":"#0","tintindex":0}}},{"from":[7.142857,5.714286,7.142857],"to":[8.285714,8.0,10.0],"rotation":{"angle":0.0,"axis":"y","origin":[2.5714283,12.571428,7.428571]},"faces":{"east":{"uv":[8.5,5.125,7.875,5.625],"rotation":0,"texture":"#0","tintindex":0},"south":{"uv":[3.5,8.5,3.25,9.0],"rotation":0,"texture":"#0","tintindex":0},"north":{"uv":[3.25,8.5,3.0,9.0],"rotation":0,"texture":"#0","tintindex":0},"west":{"uv":[5.5,7.875,4.875,8.375],"rotation":0,"texture":"#0","tintindex":0},"up":{"uv":[8.375,2.25,8.625,1.625],"rotation":0,"texture":"#0","tintindex":0},"down":{"uv":[4.875,8.375,5.125,9.0],"rotation":0,"texture":"#0","tintindex":0}}},{"from":[6.857143,5.714286,-0.8571434],"to":[7.428571,8.0,6.0],"rotation":{"angle":0.0,"axis":"y","origin":[2.8571424,13.142858,9.714286]},"faces":{"east":{"uv":[7.375,4.25,5.875,4.75],"rotation":0,"texture":"#0","tintindex":0},"south":{"uv":[8.125,8.5,8.0,9.0],"rotation":0,"texture":"#0","tintindex":0},"north":{"uv":[4.875,8.5,4.75,9.0],"rotation":0,"texture":"#0","tintindex":0},"west":{"uv":[7.375,3.75,5.875,4.25],"rotation":0,"texture":"#0","tintindex":0},"up":{"uv":[1.625,9.625,1.75,8.125],"rotation":0,"texture":"#0","tintindex":0},"down":{"uv":[8.25,6.375,8.375,7.875],"rotation":0,"texture":"#0","tintindex":0}}},{"from":[6.5714283,5.428571,5.428571],"to":[7.714286,8.285714,6.5714283],"rotation":{"angle":0.0,"axis":"y","origin":[3.142857,13.428572,9.714286]},"faces":{"east":{"uv":[7.5,8.25,7.25,8.875],"rotation":0,"texture":"#0","tintindex":0},"south":{"uv":[7.25,8.25,7.0,8.875],"rotation":0,"texture":"#0","tintindex":0},"north":{"uv":[8.5,4.5,8.25,5.125],"rotation":0,"texture":"#0","tintindex":0},"west":{"uv":[7.0,8.25,6.75,8.875],"rotation":0,"texture":"#0","tintindex":0},"up":{"uv":[4.25,4.75,4.5,4.5],"rotation":0,"texture":"#0","tintindex":0},"down":{"uv":[4.0,5.5,4.25,5.75],"rotation":0,"texture":"#0","tintindex":0}}},{"from":[6.0,6.857143,7.142857],"to":[7.142857,8.0,8.857143],"rotation":{"angle":0.0,"axis":"y","origin":[2.5714283,12.571428,7.428571]},"faces":{"east":{"uv":[3.25,6.25,2.875,6.5],"rotation":0,"texture":"#0","tintindex":0},"south":{"uv":[8.875,1.875,8.625,2.125],"rotation":0,"texture":"#0","tintindex":0},"north":{"uv":[8.875,1.625,8.625,1.875],"rotation":0,"texture":"#0","tintindex":0},"west":{"uv":[3.375,4.25,3.0,4.5],"rotation":0,"texture":"#0","tintindex":0},"up":{"uv":[7.375,4.75,7.625,4.375],"rotation":0,"texture":"#0","tintindex":0},"down":{"uv":[3.625,8.5,3.875,8.875],"rotation":0,"texture":"#0","tintindex":0}}},{"from":[6.857143,6.285714,-1.4285717],"to":[7.428571,7.428571,-0.8571434],"rotation":{"angle":0.0,"axis":"y","origin":[2.8571424,13.142858,9.714286]},"faces":{"east":{"uv":[8.75,6.0,8.625,6.25],"rotation":0,"texture":"#0","tintindex":0},"south":{"uv":[8.75,5.75,8.625,6.0],"rotation":0,"texture":"#0","tintindex":0},"north":{"uv":[8.75,3.75,8.625,4.0],"rotation":0,"texture":"#0","tintindex":0},"west":{"uv":[8.75,5.5,8.625,5.75],"rotation":0,"texture":"#0","tintindex":0},"up":{"uv":[6.75,2.0,6.875,1.875],"rotation":0,"texture":"#0","tintindex":0},"down":{"uv":[6.875,1.875,7.0,2.0],"rotation":0,"texture":"#0","tintindex":0}}},{"from":[6.857143,6.285714,6.5714283],"to":[7.428571,7.428571,12.285715],"rotation":{"angle":0.0,"axis":"y","origin":[2.8571424,13.142858,9.714286]},"faces":{"east":{"uv":[6.75,7.875,5.5,8.125],"rotation":0,"texture":"#0","tintindex":0},"south":{"uv":[8.75,2.75,8.625,3.0],"rotation":0,"texture":"#0","tintindex":0},"north":{"uv":[1.625,8.625,1.5,8.875],"rotation":0,"texture":"#0","tintindex":0},"west":{"uv":[8.875,2.5,7.625,2.75],"rotation":0,"texture":"#0","tintindex":0},"up":{"uv":[0.625,9.625,0.75,8.375],"rotation":0,"texture":"#0","tintindex":0},"down":{"uv":[5.375,8.375,5.5,9.625],"rotation":0,"texture":"#0","tintindex":0}}}],"display":{"head":{"translation":[0.0,-6.4,0.0],"scale":[4.0,4.0,4.0]}}}