{"textures":{"0":"modelengine:entity/roman_soldier"},"elements":[{"from":[6.857143,4.5714283,7.428571],"to":[9.714286,9.142858,10.857143],"rotation":{"angle":0.0,"axis":"y","origin":[5.714286,9.714286,8.0]},"faces":{"east":{"uv":[6.625,2.75,5.875,3.75],"rotation":0,"texture":"#0","tintindex":0},"south":{"uv":[7.25,2.75,6.625,3.75],"rotation":0,"texture":"#0","tintindex":0},"north":{"uv":[7.25,0.875,6.625,1.875],"rotation":0,"texture":"#0","tintindex":0},"west":{"uv":[6.625,0.875,5.875,1.875],"rotation":0,"texture":"#0","tintindex":0},"up":{"uv":[6.25,7.875,6.875,7.125],"rotation":0,"texture":"#0","tintindex":0},"down":{"uv":[6.875,7.125,7.5,7.875],"rotation":0,"texture":"#0","tintindex":0}}}],"display":{"head":{"translation":[0.0,-6.4,0.0],"scale":[4.0,4.0,4.0]}}}