{"textures":{"0":"modelengine:entity/roman_soldier"},"elements":[{"from":[4.5714283,9.969054,4.639077],"to":[11.428572,13.969054,9.210506],"rotation":{"angle":-22.5,"axis":"x","origin":[8.0,12.254768,5.7819347]},"faces":{"east":{"uv":[5.75,5.75,6.75,6.625],"rotation":0,"texture":"#0","tintindex":0},"south":{"uv":[1.5,3.75,3.0,4.625],"rotation":0,"texture":"#0","tintindex":0},"north":{"uv":[0.0,3.75,1.5,4.625],"rotation":0,"texture":"#0","tintindex":0},"west":{"uv":[5.875,0.0,6.875,0.875],"rotation":0,"texture":"#0","tintindex":0},"up":{"uv":[4.875,1.0,3.375,0.0],"rotation":0,"texture":"#0","tintindex":0},"down":{"uv":[4.875,1.0,3.375,2.0],"rotation":0,"texture":"#0","tintindex":0}}},{"from":[5.142857,13.397626,4.639077],"to":[10.857143,15.111912,8.067649],"rotation":{"angle":0.0,"axis":"y","origin":[8.0,12.254768,5.7819347]},"faces":{"east":{"uv":[1.25,10.5,2.0,10.875],"rotation":0,"texture":"#0","tintindex":0},"south":{"uv":[0.0,10.875,1.25,11.25],"rotation":0,"texture":"#0","tintindex":0},"north":{"uv":[0.0,10.5,1.25,10.875],"rotation":0,"texture":"#0","tintindex":0},"west":{"uv":[1.25,10.875,2.0,11.25],"rotation":0,"texture":"#0","tintindex":0},"up":{"uv":[1.25,12.75,0.0,12.0],"rotation":0,"texture":"#0","tintindex":0},"down":{"uv":[1.25,11.25,0.0,12.0],"rotation":0,"texture":"#0","tintindex":0}}},{"from":[5.142857,8.02653,5.8242264],"to":[10.857143,11.455101,9.824226],"rotation":{"angle":0.0,"axis":"y","origin":[8.571428,9.740816,6.395655]},"faces":{"east":{"uv":[2.0,6.25,2.875,7.0],"rotation":0,"texture":"#0","tintindex":0},"south":{"uv":[5.75,2.0,7.0,2.75],"rotation":0,"texture":"#0","tintindex":0},"north":{"uv":[2.0,5.5,3.25,6.25],"rotation":0,"texture":"#0","tintindex":0},"west":{"uv":[6.25,4.75,7.125,5.5],"rotation":0,"texture":"#0","tintindex":0},"up":{"uv":[1.25,5.5,0.0,4.625],"rotation":0,"texture":"#0","tintindex":0},"down":{"uv":[2.5,4.625,1.25,5.5],"rotation":0,"texture":"#0","tintindex":0}}},{"from":[5.142857,3.455101,5.8242264],"to":[10.857143,8.02653,5.8242264],"rotation":{"angle":0.0,"axis":"y","origin":[8.571428,9.67126,6.3997326]},"faces":{"east":{"uv":[0.0,0.0,0.0,1.0],"rotation":0,"texture":"#0","tintindex":0},"south":{"uv":[4.5,2.0,5.75,3.0],"rotation":0,"texture":"#0","tintindex":0},"north":{"uv":[4.5,2.0,5.75,3.0],"rotation":0,"texture":"#0","tintindex":0},"west":{"uv":[0.0,0.0,0.0,1.0],"rotation":0,"texture":"#0","tintindex":0},"up":{"uv":[1.25,0.0,0.0,0.0],"rotation":0,"texture":"#0","tintindex":0},"down":{"uv":[1.25,0.0,0.0,0.0],"rotation":0,"texture":"#0","tintindex":0}}},{"from":[5.142857,4.510745,9.386346],"to":[10.857143,7.9393163,9.386346],"rotation":{"angle":-22.5,"axis":"x","origin":[8.571428,9.082173,9.386346]},"faces":{"east":{"uv":[0.0,0.0,0.0,0.75],"rotation":0,"texture":"#0","tintindex":0},"south":{"uv":[4.5,2.25,5.75,3.0],"rotation":0,"texture":"#0","tintindex":0},"north":{"uv":[4.5,2.25,5.75,3.0],"rotation":0,"texture":"#0","tintindex":0},"west":{"uv":[0.0,0.0,0.0,0.75],"rotation":0,"texture":"#0","tintindex":0},"up":{"uv":[1.25,0.0,0.0,0.0],"rotation":0,"texture":"#0","tintindex":0},"down":{"uv":[1.25,0.0,0.0,0.0],"rotation":0,"texture":"#0","tintindex":0}}},{"from":[6.857143,7.142857,6.0],"to":[9.142858,8.857143,9.428572],"rotation":{"angle":-22.5,"axis":"x","origin":[9.714286,8.0,8.0]},"faces":{"east":{"uv":[6.75,7.875,7.5,8.25],"rotation":0,"texture":"#0","tintindex":0},"south":{"uv":[8.125,8.0,8.625,8.375],"rotation":0,"texture":"#0","tintindex":0},"north":{"uv":[6.25,8.125,6.75,8.5],"rotation":0,"texture":"#0","tintindex":0},"west":{"uv":[0.0,8.0,0.75,8.375],"rotation":0,"texture":"#0","tintindex":0},"up":{"uv":[8.125,2.5,7.625,1.75],"rotation":0,"texture":"#0","tintindex":0},"down":{"uv":[2.25,7.75,1.75,8.5],"rotation":0,"texture":"#0","tintindex":0}}}],"display":{"head":{"translation":[0.0,-6.4,0.0],"scale":[4.0,4.0,4.0]}}}