{"textures":{"1":"modelengine:entity/viking_1"},"elements":[{"from":[4.0486975,4.1448865,8.912155],"to":[11.911555,12.007744,9.895012],"rotation":{"angle":0.0,"axis":"y","origin":[7.9801264,8.199172,9.772155]},"faces":{"east":{"uv":[3.625,4.75,3.875,6.5],"rotation":0,"texture":"#1","tintindex":0},"south":{"uv":[0.0,1.75,1.75,3.5],"rotation":0,"texture":"#1","tintindex":0},"north":{"uv":[0.0,0.0,1.75,1.75],"rotation":0,"texture":"#1","tintindex":0},"west":{"uv":[3.875,5.75,4.125,7.5],"rotation":0,"texture":"#1","tintindex":0},"up":{"uv":[7.5,3.75,5.75,3.5],"rotation":0,"texture":"#1","tintindex":0},"down":{"uv":[7.5,3.75,5.75,4.0],"rotation":0,"texture":"#1","tintindex":0}}},{"from":[6.505841,6.8477435,9.895012],"to":[9.454412,9.796315,10.386441],"rotation":{"angle":0.0,"axis":"y","origin":[7.9801264,8.199172,9.772155]},"faces":{"east":{"uv":[2.75,3.25,2.875,3.875],"rotation":0,"texture":"#1","tintindex":0},"south":{"uv":[4.125,6.125,4.75,6.75],"rotation":0,"texture":"#1","tintindex":0},"north":{"uv":[6.125,1.125,6.75,1.75],"rotation":0,"texture":"#1","tintindex":0},"west":{"uv":[3.5,5.875,3.625,6.5],"rotation":0,"texture":"#1","tintindex":0},"up":{"uv":[0.625,4.625,0.0,4.5],"rotation":0,"texture":"#1","tintindex":0},"down":{"uv":[6.375,4.375,5.75,4.5],"rotation":0,"texture":"#1","tintindex":0}}}],"display":{"head":{"translation":[0.0,-6.4,0.0],"scale":[4.0,4.0,4.0]}}}