{"textures":{"0":"modelengine:entity/viking_axe"},"elements":[{"from":[7.714286,7.357143,3.5],"to":[8.285714,8.5,14.928572],"rotation":{"angle":0.0,"axis":"y","origin":[7.714286,7.357143,10.928572]},"faces":{"east":{"uv":[0.0,0.0,10.0,1.0],"rotation":0,"texture":"#0","tintindex":0},"south":{"uv":[5.5,7.0,6.0,8.0],"rotation":0,"texture":"#0","tintindex":0},"north":{"uv":[5.0,7.0,5.5,8.0],"rotation":0,"texture":"#0","tintindex":0},"west":{"uv":[0.0,1.0,10.0,2.0],"rotation":0,"texture":"#0","tintindex":0},"up":{"uv":[0.5,12.0,0.0,2.0],"rotation":0,"texture":"#0","tintindex":0},"down":{"uv":[1.0,2.0,0.5,12.0],"rotation":0,"texture":"#0","tintindex":0}}},{"from":[7.428571,7.0714283,4.0714283],"to":[8.571428,8.785714,6.357143],"rotation":{"angle":0.0,"axis":"y","origin":[8.0,7.0714283,10.928572]},"faces":{"east":{"uv":[5.0,2.0,7.0,3.5],"rotation":0,"texture":"#0","tintindex":0},"south":{"uv":[6.0,3.5,7.0,5.0],"rotation":0,"texture":"#0","tintindex":0},"north":{"uv":[5.0,5.5,6.0,7.0],"rotation":0,"texture":"#0","tintindex":0},"west":{"uv":[7.0,2.0,5.0,3.5],"rotation":0,"texture":"#0","tintindex":0},"up":{"uv":[4.0,7.5,3.0,5.5],"rotation":0,"texture":"#0","tintindex":0},"down":{"uv":[5.0,5.5,4.0,7.5],"rotation":0,"texture":"#0","tintindex":0}}},{"from":[7.714286,4.785714,4.0714283],"to":[8.285714,7.0714283,6.357143],"rotation":{"angle":0.0,"axis":"y","origin":[8.285714,7.0714283,10.928572]},"faces":{"east":{"uv":[1.0,2.0,3.0,4.0],"rotation":0,"texture":"#0","tintindex":0},"south":{"uv":[1.5,7.0,2.0,9.0],"rotation":0,"texture":"#0","tintindex":0},"north":{"uv":[1.0,7.0,1.5,9.0],"rotation":0,"texture":"#0","tintindex":0},"west":{"uv":[3.0,2.0,1.0,4.0],"rotation":0,"texture":"#0","tintindex":0},"up":{"uv":[2.5,9.0,2.0,7.0],"rotation":0,"texture":"#0","tintindex":0},"down":{"uv":[7.5,2.0,7.0,4.0],"rotation":0,"texture":"#0","tintindex":0}}},{"from":[7.714286,4.785714,6.357143],"to":[8.285714,6.5,9.214286],"rotation":{"angle":0.0,"axis":"y","origin":[8.285714,7.0714283,10.928572]},"faces":{"east":{"uv":[1.0,4.0,3.5,5.5],"rotation":0,"texture":"#0","tintindex":0},"south":{"uv":[7.0,4.0,7.5,5.5],"rotation":0,"texture":"#0","tintindex":0},"north":{"uv":[2.5,7.0,3.0,8.5],"rotation":0,"texture":"#0","tintindex":0},"west":{"uv":[3.5,4.0,6.0,5.5],"rotation":0,"texture":"#0","tintindex":0},"up":{"uv":[6.5,7.5,6.0,5.0],"rotation":0,"texture":"#0","tintindex":0},"down":{"uv":[7.0,5.0,6.5,7.5],"rotation":0,"texture":"#0","tintindex":0}}}],"display":{"head":{"translation":[0.0,-6.4,0.0],"scale":[4.0,4.0,4.0]}}}