{"textures":{"1":"modelengine:entity/viking_1"},"elements":[{"from":[7.207264,5.074774,5.5350122],"to":[8.68155,8.023345,7.992155],"rotation":{"angle":0.0,"axis":"y","origin":[6.2244067,13.183346,6.0264406]},"faces":{"east":{"uv":[5.625,6.375,6.125,7.0],"rotation":0,"texture":"#1","tintindex":0},"south":{"uv":[5.5,7.0,5.875,7.625],"rotation":0,"texture":"#1","tintindex":0},"north":{"uv":[5.125,7.0,5.5,7.625],"rotation":0,"texture":"#1","tintindex":0},"west":{"uv":[6.125,6.375,6.625,7.0],"rotation":0,"texture":"#1","tintindex":0},"up":{"uv":[1.5,7.875,1.125,7.375],"rotation":0,"texture":"#1","tintindex":0},"down":{"uv":[7.75,3.0,7.375,3.5],"rotation":0,"texture":"#1","tintindex":0}}},{"from":[7.5085716,3.559998,5.289298],"to":[9.474286,5.525712,8.237869],"rotation":{"angle":22.5,"axis":"z","origin":[8.491428,4.5428553,6.7635837]},"faces":{"east":{"uv":[7.0,5.5,7.625,5.875],"rotation":0,"texture":"#1","tintindex":0},"south":{"uv":[7.75,3.125,8.125,3.5],"rotation":0,"texture":"#1","tintindex":0},"north":{"uv":[7.75,2.75,8.125,3.125],"rotation":0,"texture":"#1","tintindex":0},"west":{"uv":[5.875,7.0,6.5,7.375],"rotation":0,"texture":"#1","tintindex":0},"up":{"uv":[0.75,7.75,0.375,7.125],"rotation":0,"texture":"#1","tintindex":0},"down":{"uv":[2.75,7.125,2.375,7.75],"rotation":0,"texture":"#1","tintindex":0}}}],"display":{"head":{"translation":[0.0,-6.4,0.0],"scale":[4.0,4.0,4.0]}}}