{"textures":{"1":"modelengine:entity/viking_1"},"elements":[{"from":[5.560978,5.971916,6.1292977],"to":[8.018121,8.920488,9.569298],"rotation":{"angle":0.0,"axis":"y","origin":[5.0695496,9.166203,7.112155]},"faces":{"east":{"uv":[5.625,1.75,6.375,2.375],"rotation":0,"texture":"#1","tintindex":0},"south":{"uv":[5.125,6.375,5.625,7.0],"rotation":0,"texture":"#1","tintindex":0},"north":{"uv":[6.375,5.0,6.875,5.625],"rotation":0,"texture":"#1","tintindex":0},"west":{"uv":[5.625,2.375,6.375,3.0],"rotation":0,"texture":"#1","tintindex":0},"up":{"uv":[1.5,7.0,1.0,6.25],"rotation":0,"texture":"#1","tintindex":0},"down":{"uv":[2.0,6.25,1.5,7.0],"rotation":0,"texture":"#1","tintindex":0}}},{"from":[6.052407,4.0062017,6.375012],"to":[8.018121,5.971916,9.323584],"rotation":{"angle":0.0,"axis":"y","origin":[5.0695496,9.166203,7.112155]},"faces":{"east":{"uv":[6.625,6.875,7.25,7.25],"rotation":0,"texture":"#1","tintindex":0},"south":{"uv":[2.25,7.75,2.625,8.125],"rotation":0,"texture":"#1","tintindex":0},"north":{"uv":[0.375,7.75,0.75,8.125],"rotation":0,"texture":"#1","tintindex":0},"west":{"uv":[0.875,7.0,1.5,7.375],"rotation":0,"texture":"#1","tintindex":0},"up":{"uv":[3.875,7.125,3.5,6.5],"rotation":0,"texture":"#1","tintindex":0},"down":{"uv":[1.875,7.0,1.5,7.625],"rotation":0,"texture":"#1","tintindex":0}}}],"display":{"head":{"translation":[0.0,-6.4,0.0],"scale":[4.0,4.0,4.0]}}}