{"textures":{"1":"modelengine:entity/viking_1"},"elements":[{"from":[6.3199997,3.719998,6.517869],"to":[8.777143,9.125712,9.466441],"rotation":{"angle":0.0,"axis":"y","origin":[6.3199997,9.371427,7.992155]},"faces":{"east":{"uv":[4.625,3.5,5.25,4.625],"rotation":0,"texture":"#1","tintindex":0},"south":{"uv":[5.125,4.625,5.625,5.75],"rotation":0,"texture":"#1","tintindex":0},"north":{"uv":[5.125,1.875,5.625,3.0],"rotation":0,"texture":"#1","tintindex":0},"west":{"uv":[3.875,4.625,4.5,5.75],"rotation":0,"texture":"#1","tintindex":0},"up":{"uv":[6.875,3.125,6.375,2.5],"rotation":0,"texture":"#1","tintindex":0},"down":{"uv":[6.875,4.375,6.375,5.0],"rotation":0,"texture":"#1","tintindex":0}}}],"display":{"head":{"translation":[0.0,-6.4,0.0],"scale":[4.0,4.0,4.0]}}}