{"textures":{"1":"modelengine:entity/viking_1"},"elements":[{"from":[7.3184505,5.074774,5.5350122],"to":[8.792736,8.023345,7.992155],"rotation":{"angle":0.0,"axis":"y","origin":[9.775594,13.183346,6.0264406]},"faces":{"east":{"uv":[6.75,1.0,7.25,1.625],"rotation":0,"texture":"#1","tintindex":0},"south":{"uv":[7.25,0.625,7.625,1.25],"rotation":0,"texture":"#1","tintindex":0},"north":{"uv":[7.25,0.0,7.625,0.625],"rotation":0,"texture":"#1","tintindex":0},"west":{"uv":[4.125,6.75,4.625,7.375],"rotation":0,"texture":"#1","tintindex":0},"up":{"uv":[7.75,7.5,7.375,7.0],"rotation":0,"texture":"#1","tintindex":0},"down":{"uv":[7.875,1.875,7.5,2.375],"rotation":0,"texture":"#1","tintindex":0}}},{"from":[6.5257144,3.559998,5.289298],"to":[8.491428,5.525712,8.237869],"rotation":{"angle":-22.5,"axis":"z","origin":[7.5085716,4.5428553,6.7635837]},"faces":{"east":{"uv":[7.25,1.25,7.875,1.625],"rotation":0,"texture":"#1","tintindex":0},"south":{"uv":[0.0,7.875,0.375,8.25],"rotation":0,"texture":"#1","tintindex":0},"north":{"uv":[7.75,7.625,8.125,8.0],"rotation":0,"texture":"#1","tintindex":0},"west":{"uv":[2.75,7.25,3.375,7.625],"rotation":0,"texture":"#1","tintindex":0},"up":{"uv":[2.25,7.875,1.875,7.25],"rotation":0,"texture":"#1","tintindex":0},"down":{"uv":[6.875,7.25,6.5,7.875],"rotation":0,"texture":"#1","tintindex":0}}}],"display":{"head":{"translation":[0.0,-6.4,0.0],"scale":[4.0,4.0,4.0]}}}