{"textures":{"1":"modelengine:entity/viking_1"},"elements":[{"from":[7.981879,5.971916,6.1292977],"to":[10.439022,8.920488,9.569298],"rotation":{"angle":0.0,"axis":"y","origin":[10.93045,9.166203,7.112155]},"faces":{"east":{"uv":[5.625,4.5,6.375,5.125],"rotation":0,"texture":"#1","tintindex":0},"south":{"uv":[6.75,0.375,7.25,1.0],"rotation":0,"texture":"#1","tintindex":0},"north":{"uv":[6.625,6.25,7.125,6.875],"rotation":0,"texture":"#1","tintindex":0},"west":{"uv":[5.625,5.125,6.375,5.75],"rotation":0,"texture":"#1","tintindex":0},"up":{"uv":[0.875,7.125,0.375,6.375],"rotation":0,"texture":"#1","tintindex":0},"down":{"uv":[6.875,1.75,6.375,2.5],"rotation":0,"texture":"#1","tintindex":0}}},{"from":[7.981879,4.0062017,6.375012],"to":[9.947594,5.971916,9.323584],"rotation":{"angle":0.0,"axis":"y","origin":[10.93045,9.166203,7.112155]},"faces":{"east":{"uv":[7.0,5.875,7.625,6.25],"rotation":0,"texture":"#1","tintindex":0},"south":{"uv":[7.75,7.25,8.125,7.625],"rotation":0,"texture":"#1","tintindex":0},"north":{"uv":[7.75,6.875,8.125,7.25],"rotation":0,"texture":"#1","tintindex":0},"west":{"uv":[7.125,6.25,7.75,6.625],"rotation":0,"texture":"#1","tintindex":0},"up":{"uv":[3.875,7.75,3.5,7.125],"rotation":0,"texture":"#1","tintindex":0},"down":{"uv":[5.0,7.125,4.625,7.75],"rotation":0,"texture":"#1","tintindex":0}}}],"display":{"head":{"translation":[0.0,-6.4,0.0],"scale":[4.0,4.0,4.0]}}}