{"textures":{"1":"modelengine:entity/viking_1"},"elements":[{"from":[7.017143,3.5787616,8.020726],"to":[8.982857,8.001619,10.477869],"rotation":{"angle":0.0,"axis":"y","origin":[8.982857,8.738762,9.495012]},"faces":{"east":{"uv":[2.0,5.25,2.5,6.25],"rotation":0,"texture":"#1","tintindex":0},"south":{"uv":[0.0,6.375,0.375,7.375],"rotation":0,"texture":"#1","tintindex":0},"north":{"uv":[2.0,6.25,2.375,7.25],"rotation":0,"texture":"#1","tintindex":0},"west":{"uv":[5.25,3.5,5.75,4.5],"rotation":0,"texture":"#1","tintindex":0},"up":{"uv":[4.5,7.875,4.125,7.375],"rotation":0,"texture":"#1","tintindex":0},"down":{"uv":[6.25,7.375,5.875,7.875],"rotation":0,"texture":"#1","tintindex":0}}},{"from":[7.017143,3.5787616,7.529298],"to":[8.982857,5.0530477,8.020726],"rotation":{"angle":0.0,"axis":"y","origin":[8.982857,8.738762,9.495012]},"faces":{"east":{"uv":[5.0,7.125,5.125,7.5],"rotation":0,"texture":"#1","tintindex":0},"south":{"uv":[7.75,6.5,8.125,6.875],"rotation":0,"texture":"#1","tintindex":0},"north":{"uv":[7.75,6.125,8.125,6.5],"rotation":0,"texture":"#1","tintindex":0},"west":{"uv":[2.25,7.25,2.375,7.625],"rotation":0,"texture":"#1","tintindex":0},"up":{"uv":[7.0,3.5,6.625,3.375],"rotation":0,"texture":"#1","tintindex":0},"down":{"uv":[7.25,3.0,6.875,3.125],"rotation":0,"texture":"#1","tintindex":0}}}],"display":{"head":{"translation":[0.0,-6.4,0.0],"scale":[4.0,4.0,4.0]}}}