{"textures":{"0":"modelengine:entity/goblinshaman"},"elements":[{"from":[6.742857,5.5892153,5.798237],"to":[8.114285,9.246358,8.083951],"rotation":{"angle":22.5,"axis":"x","origin":[6.9714284,5.5892153,5.798237]},"faces":{"east":{"uv":[7.125,3.875,6.625,4.625],"rotation":0,"texture":"#0","tintindex":0},"south":{"uv":[1.5,6.75,1.25,7.5],"rotation":0,"texture":"#0","tintindex":0},"north":{"uv":[1.0,2.5,0.75,3.25],"rotation":0,"texture":"#0","tintindex":0},"west":{"uv":[7.125,2.0,6.625,2.75],"rotation":0,"texture":"#0","tintindex":0},"up":{"uv":[5.875,7.625,6.125,7.125],"rotation":0,"texture":"#0","tintindex":0},"down":{"uv":[7.25,0.0,7.5,0.5],"rotation":0,"texture":"#0","tintindex":0}}},{"from":[6.742857,2.6675987,7.197765],"to":[8.114285,5.8675985,8.797765],"rotation":{"angle":-22.5,"axis":"x","origin":[7.2,2.2104554,7.197765]},"faces":{"east":{"uv":[5.0,6.75,4.625,7.5],"rotation":0,"texture":"#0","tintindex":0},"south":{"uv":[3.0,7.125,2.75,7.875],"rotation":0,"texture":"#0","tintindex":0},"north":{"uv":[2.75,7.125,2.5,7.875],"rotation":0,"texture":"#0","tintindex":0},"west":{"uv":[4.625,6.75,4.25,7.5],"rotation":0,"texture":"#0","tintindex":0},"up":{"uv":[7.25,5.0,7.5,4.625],"rotation":0,"texture":"#0","tintindex":0},"down":{"uv":[6.875,7.375,7.125,7.75],"rotation":0,"texture":"#0","tintindex":0}}},{"from":[6.5142856,1.4382281,5.8423014],"to":[8.342857,2.3525143,6.528016],"rotation":{"angle":0.0,"axis":"y","origin":[7.2,-0.8474865,4.9280157]},"faces":{"east":{"uv":[5.0,4.0,4.875,4.25],"rotation":0,"texture":"#0","tintindex":0},"south":{"uv":[7.75,6.125,7.375,6.375],"rotation":0,"texture":"#0","tintindex":0},"north":{"uv":[7.5,7.375,7.125,7.625],"rotation":0,"texture":"#0","tintindex":0},"west":{"uv":[3.5,4.0,3.375,4.25],"rotation":0,"texture":"#0","tintindex":0},"up":{"uv":[7.375,6.5,7.75,6.375],"rotation":0,"texture":"#0","tintindex":0},"down":{"uv":[7.375,6.5,7.75,6.625],"rotation":0,"texture":"#0","tintindex":0}}},{"from":[6.5142856,1.9621,7.333125],"to":[8.342857,2.8763862,9.847411],"rotation":{"angle":-22.5,"axis":"x","origin":[7.2,-0.32361412,8.247411]},"faces":{"east":{"uv":[7.5,2.5,7.125,2.75],"rotation":0,"texture":"#0","tintindex":0},"south":{"uv":[7.625,5.25,7.25,5.5],"rotation":0,"texture":"#0","tintindex":0},"north":{"uv":[7.5,6.75,7.125,7.0],"rotation":0,"texture":"#0","tintindex":0},"west":{"uv":[6.125,3.25,5.625,3.5],"rotation":0,"texture":"#0","tintindex":0},"up":{"uv":[3.0,7.625,3.375,7.125],"rotation":0,"texture":"#0","tintindex":0},"down":{"uv":[5.0,7.125,5.375,7.625],"rotation":0,"texture":"#0","tintindex":0}}}],"display":{"head":{"translation":[0.0,-6.4,0.0],"scale":[4.0,4.0,4.0]}}}