{"textures":{"0":"modelengine:entity/rpg_skeleton","2":"modelengine:entity/rpg_skeleton_crossbow"},"elements":[{"from":[6.857143,13.099142,8.924225],"to":[8.571428,14.813427,8.924225],"rotation":{"angle":-22.5,"axis":"x","origin":[7.714286,13.67057,8.924225]},"faces":{"east":{"uv":[0.0,0.0,0.0,0.75],"rotation":0,"texture":"#0","tintindex":0},"south":{"uv":[8.25,2.75,7.5,3.5],"rotation":0,"texture":"#0","tintindex":0},"north":{"uv":[7.5,2.75,8.25,3.5],"rotation":0,"texture":"#0","tintindex":0},"west":{"uv":[0.0,0.0,0.0,0.75],"rotation":0,"texture":"#0","tintindex":0},"up":{"uv":[0.75,0.0,0.0,0.0],"rotation":0,"texture":"#0","tintindex":0},"down":{"uv":[0.75,0.0,0.0,0.0],"rotation":0,"texture":"#0","tintindex":0}}},{"from":[6.857143,8.571428,9.142858],"to":[8.571428,9.142858,9.142858],"rotation":{"angle":0.0,"axis":"y","origin":[7.714286,8.0,9.142858]},"faces":{"east":{"uv":[0.0,0.0,0.0,0.5],"rotation":0,"texture":"#0","tintindex":0},"south":{"uv":[12.0,2.25,12.75,2.5],"rotation":0,"texture":"#0","tintindex":0},"north":{"uv":[12.75,2.25,12.0,2.5],"rotation":0,"texture":"#0","tintindex":0},"west":{"uv":[0.0,0.0,0.0,0.5],"rotation":0,"texture":"#0","tintindex":0},"up":{"uv":[0.75,0.0,0.0,0.0],"rotation":0,"texture":"#0","tintindex":0},"down":{"uv":[0.75,0.0,0.0,0.0],"rotation":0,"texture":"#0","tintindex":0}}},{"from":[5.142857,9.142858,9.143429],"to":[10.285714,13.142858,9.143429],"rotation":{"angle":0.0,"axis":"y","origin":[8.0,12.0,8.5720005]},"faces":{"east":{"uv":[0.0,6.25,1.25,8.0],"rotation":0,"texture":"#0","tintindex":0},"south":{"uv":[4.5,0.0,6.75,1.75],"rotation":0,"texture":"#0","tintindex":0},"north":{"uv":[6.75,0.0,4.5,1.75],"rotation":0,"texture":"#0","tintindex":0},"west":{"uv":[6.25,1.75,7.5,3.5],"rotation":0,"texture":"#0","tintindex":0},"up":{"uv":[2.25,6.25,0.0,5.0],"rotation":0,"texture":"#0","tintindex":0},"down":{"uv":[7.0,5.25,4.75,6.5],"rotation":0,"texture":"#0","tintindex":0}}},{"from":[10.285714,9.142858,6.2862854],"to":[10.285714,13.142858,9.143429],"rotation":{"angle":0.0,"axis":"y","origin":[8.0,12.0,8.5720005]},"faces":{"east":{"uv":[0.0,6.25,1.25,8.0],"rotation":0,"texture":"#0","tintindex":0},"south":{"uv":[4.5,0.0,6.75,1.75],"rotation":0,"texture":"#0","tintindex":0},"north":{"uv":[2.5,4.0,4.75,5.75],"rotation":0,"texture":"#0","tintindex":0},"west":{"uv":[1.25,6.25,0.0,8.0],"rotation":0,"texture":"#0","tintindex":0},"up":{"uv":[2.25,6.25,0.0,5.0],"rotation":0,"texture":"#0","tintindex":0},"down":{"uv":[7.0,5.25,4.75,6.5],"rotation":0,"texture":"#0","tintindex":0}}},{"from":[5.142857,9.142858,6.2862854],"to":[5.142857,13.142858,9.143429],"rotation":{"angle":0.0,"axis":"y","origin":[8.0,12.0,8.5720005]},"faces":{"east":{"uv":[7.5,1.75,6.25,3.5],"rotation":0,"texture":"#0","tintindex":0},"south":{"uv":[4.5,0.0,6.75,1.75],"rotation":0,"texture":"#0","tintindex":0},"north":{"uv":[2.5,4.0,4.75,5.75],"rotation":0,"texture":"#0","tintindex":0},"west":{"uv":[6.25,1.75,7.5,3.5],"rotation":0,"texture":"#0","tintindex":0},"up":{"uv":[2.25,6.25,0.0,5.0],"rotation":0,"texture":"#0","tintindex":0},"down":{"uv":[7.0,5.25,4.75,6.5],"rotation":0,"texture":"#0","tintindex":0}}},{"from":[5.142857,9.142858,6.2862854],"to":[10.285714,13.142858,6.2862854],"rotation":{"angle":0.0,"axis":"y","origin":[8.0,12.0,8.5720005]},"faces":{"east":{"uv":[0.0,6.25,1.25,8.0],"rotation":0,"texture":"#0","tintindex":0},"south":{"uv":[2.5,4.0,4.75,5.75],"rotation":0,"texture":"#0","tintindex":0},"north":{"uv":[2.5,4.0,4.75,5.75],"rotation":0,"texture":"#0","tintindex":0},"west":{"uv":[6.25,1.75,7.5,3.5],"rotation":0,"texture":"#0","tintindex":0},"up":{"uv":[2.25,6.25,0.0,5.0],"rotation":0,"texture":"#0","tintindex":0},"down":{"uv":[7.0,5.25,4.75,6.5],"rotation":0,"texture":"#0","tintindex":0}}},{"from":[5.714286,6.285714,6.285714],"to":[9.714286,8.571428,9.142858],"rotation":{"angle":0.0,"axis":"y","origin":[8.0,1.7142854,10.285714]},"faces":{"east":{"uv":[10.0,10.0,11.25,11.0],"rotation":0,"texture":"#0","tintindex":0},"south":{"uv":[8.25,4.75,10.0,5.75],"rotation":0,"texture":"#0","tintindex":0},"north":{"uv":[8.25,3.75,10.0,4.75],"rotation":0,"texture":"#0","tintindex":0},"west":{"uv":[0.0,10.25,1.25,11.25],"rotation":0,"texture":"#0","tintindex":0},"up":{"uv":[8.25,4.75,6.5,3.5],"rotation":0,"texture":"#0","tintindex":0},"down":{"uv":[6.0,6.5,4.25,7.75],"rotation":0,"texture":"#0","tintindex":0}}},{"from":[4.179428,10.645563,5.9343233],"to":[11.0365715,13.502707,9.934323],"rotation":{"angle":0.0,"axis":"y","origin":[8.0,8.0,8.0]},"faces":{"east":{"uv":[8.0,4.5,9.75,5.75],"rotation":0,"texture":"#2","tintindex":0},"south":{"uv":[6.5,3.25,9.5,4.5],"rotation":0,"texture":"#2","tintindex":0},"north":{"uv":[6.5,2.0,9.5,3.25],"rotation":0,"texture":"#2","tintindex":0},"west":{"uv":[8.0,5.75,9.75,7.0],"rotation":0,"texture":"#2","tintindex":0},"up":{"uv":[6.0,6.75,3.0,5.0],"rotation":0,"texture":"#2","tintindex":0},"down":{"uv":[16.0,0.0,13.0,1.75],"rotation":0,"texture":"#2","tintindex":0}}},{"from":[5.142857,8.0,10.0],"to":[7.428571,14.857143,11.142858],"rotation":{"angle":22.5,"axis":"z","origin":[6.285714,11.428572,10.571428]},"faces":{"east":{"uv":[9.0,7.0,9.5,10.0],"rotation":0,"texture":"#2","tintindex":0},"south":{"uv":[4.0,6.75,5.0,9.75],"rotation":0,"texture":"#2","tintindex":0},"north":{"uv":[3.0,6.75,4.0,9.75],"rotation":0,"texture":"#2","tintindex":0},"west":{"uv":[1.5,9.25,2.0,12.25],"rotation":0,"texture":"#2","tintindex":0},"up":{"uv":[3.0,9.75,2.0,9.25],"rotation":0,"texture":"#2","tintindex":0},"down":{"uv":[3.0,9.75,2.0,10.25],"rotation":0,"texture":"#2","tintindex":0}}}],"display":{"head":{"translation":[0.0,-6.4,0.0],"scale":[4.0,4.0,4.0]}}}