{"textures":{"0":"modelengine:entity/rpg_skeleton","2":"modelengine:entity/rpg_skeleton_crossbow"},"elements":[{"from":[6.487356,7.584012,4.8571424],"to":[9.3445,8.72687,7.142857],"rotation":{"angle":0.0,"axis":"y","origin":[8.201642,-7.2731323,10.571428]},"faces":{"east":{"uv":[11.5,6.25,12.5,6.75],"rotation":0,"texture":"#0","tintindex":0},"south":{"uv":[11.25,7.5,12.5,8.0],"rotation":0,"texture":"#0","tintindex":0},"north":{"uv":[10.25,6.25,11.5,6.75],"rotation":0,"texture":"#0","tintindex":0},"west":{"uv":[11.75,0.75,12.75,1.25],"rotation":0,"texture":"#0","tintindex":0},"up":{"uv":[11.25,5.75,10.0,4.75],"rotation":0,"texture":"#0","tintindex":0},"down":{"uv":[8.75,10.0,7.5,11.0],"rotation":0,"texture":"#0","tintindex":0}}},{"from":[5.915928,8.72687,4.8571424],"to":[9.915928,11.012584,8.857143],"rotation":{"angle":0.0,"axis":"y","origin":[8.201642,-7.2731323,10.571428]},"faces":{"east":{"uv":[8.0,0.0,9.75,1.0],"rotation":0,"texture":"#0","tintindex":0},"south":{"uv":[2.0,8.0,3.75,9.0],"rotation":0,"texture":"#0","tintindex":0},"north":{"uv":[4.25,7.75,6.0,8.75],"rotation":0,"texture":"#0","tintindex":0},"west":{"uv":[8.25,2.75,10.0,3.75],"rotation":0,"texture":"#0","tintindex":0},"up":{"uv":[6.25,3.5,4.5,1.75],"rotation":0,"texture":"#0","tintindex":0},"down":{"uv":[6.5,3.5,4.75,5.25],"rotation":0,"texture":"#0","tintindex":0}}},{"from":[6.201642,8.72687,5.142857],"to":[9.630214,9.869726,5.142857],"rotation":{"angle":0.0,"axis":"y","origin":[8.201642,-7.2731323,10.571428]},"faces":{"east":{"uv":[8.0,0.0,8.0,0.25],"rotation":0,"texture":"#0","tintindex":0},"south":{"uv":[13.25,9.75,14.75,10.5],"rotation":0,"texture":"#0","tintindex":0},"north":{"uv":[14.75,9.75,13.25,10.5],"rotation":0,"texture":"#0","tintindex":0},"west":{"uv":[8.25,2.75,8.25,3.0],"rotation":0,"texture":"#0","tintindex":0},"up":{"uv":[5.75,1.75,4.5,1.75],"rotation":0,"texture":"#0","tintindex":0},"down":{"uv":[6.0,3.5,4.75,3.5],"rotation":0,"texture":"#0","tintindex":0}}},{"from":[5.6395826,10.159903,5.2119193],"to":[10.211011,11.874188,9.783348],"rotation":{"angle":22.5,"axis":"x","origin":[7.857143,11.714286,6.857143]},"faces":{"east":{"uv":[9.5,2.0,11.5,2.75],"rotation":0,"texture":"#2","tintindex":0},"south":{"uv":[9.5,2.75,11.5,3.5],"rotation":0,"texture":"#2","tintindex":0},"north":{"uv":[8.5,1.25,10.5,2.0],"rotation":0,"texture":"#2","tintindex":0},"west":{"uv":[9.5,3.5,11.5,4.25],"rotation":0,"texture":"#2","tintindex":0},"up":{"uv":[8.0,7.0,6.0,5.0],"rotation":0,"texture":"#2","tintindex":0},"down":{"uv":[8.5,0.0,6.5,2.0],"rotation":0,"texture":"#2","tintindex":0}}},{"from":[4.496725,9.588474,4.069062],"to":[11.3538685,10.159903,10.926206],"rotation":{"angle":22.5,"axis":"x","origin":[7.857143,11.714286,6.857143]},"faces":{"east":{"uv":[9.5,8.5,12.5,8.75],"rotation":0,"texture":"#2","tintindex":0},"south":{"uv":[9.5,8.75,12.5,9.0],"rotation":0,"texture":"#2","tintindex":0},"north":{"uv":[9.5,4.25,12.5,4.5],"rotation":0,"texture":"#2","tintindex":0},"west":{"uv":[9.5,9.0,12.5,9.25],"rotation":0,"texture":"#2","tintindex":0},"up":{"uv":[3.0,3.0,0.0,0.0],"rotation":0,"texture":"#2","tintindex":0},"down":{"uv":[3.0,3.0,0.0,6.0],"rotation":0,"texture":"#2","tintindex":0}}},{"from":[5.8385534,6.346749,6.09109],"to":[9.95284,9.77532,8.948233],"rotation":{"angle":0.0,"axis":"y","origin":[8.0,8.0,8.0]},"faces":{"east":{"uv":[1.5,7.75,2.75,9.25],"rotation":0,"texture":"#2","tintindex":0},"south":{"uv":[6.75,7.0,8.5,8.5],"rotation":0,"texture":"#2","tintindex":0},"north":{"uv":[5.0,7.0,6.75,8.5],"rotation":0,"texture":"#2","tintindex":0},"west":{"uv":[6.75,8.5,8.0,10.0],"rotation":0,"texture":"#2","tintindex":0},"up":{"uv":[10.25,1.25,8.5,0.0],"rotation":0,"texture":"#2","tintindex":0},"down":{"uv":[6.75,8.5,5.0,9.75],"rotation":0,"texture":"#2","tintindex":0}}}],"display":{"head":{"translation":[0.0,-6.4,0.0],"scale":[4.0,4.0,4.0]}}}