{"textures":{"0":"modelengine:entity/rpg_skeleton"},"elements":[{"from":[6.857143,3.142857,6.857143],"to":[6.857143,8.285714,9.142858],"rotation":{"angle":0.0,"axis":"y","origin":[6.285714,4.8571424,7.428571]},"faces":{"east":{"uv":[2.25,5.75,3.25,8.0],"rotation":0,"texture":"#0","tintindex":0},"south":{"uv":[0.0,0.0,0.0,2.25],"rotation":0,"texture":"#0","tintindex":0},"north":{"uv":[0.0,0.0,0.0,2.25],"rotation":0,"texture":"#0","tintindex":0},"west":{"uv":[3.25,5.75,2.25,8.0],"rotation":0,"texture":"#0","tintindex":0},"up":{"uv":[0.0,1.0,0.0,0.0],"rotation":0,"texture":"#0","tintindex":0},"down":{"uv":[0.0,0.0,0.0,1.0],"rotation":0,"texture":"#0","tintindex":0}}}],"display":{"head":{"translation":[0.0,-6.4,0.0],"scale":[4.0,4.0,4.0]}}}