{"textures":{"0":"modelengine:entity/rpg_skeleton","2":"modelengine:entity/rpg_skeleton_crossbow"},"elements":[{"from":[7.428571,4.6326914,6.6269636],"to":[9.142858,8.061263,8.912679],"rotation":{"angle":0.0,"axis":"y","origin":[8.571428,6.346977,7.1983924]},"faces":{"east":{"uv":[10.0,3.25,11.0,4.75],"rotation":0,"texture":"#0","tintindex":0},"south":{"uv":[11.0,0.0,11.75,1.5],"rotation":0,"texture":"#0","tintindex":0},"north":{"uv":[4.75,10.25,5.5,11.75],"rotation":0,"texture":"#0","tintindex":0},"west":{"uv":[3.75,10.0,4.75,11.5],"rotation":0,"texture":"#0","tintindex":0},"up":{"uv":[8.25,12.0,7.5,11.0],"rotation":0,"texture":"#0","tintindex":0},"down":{"uv":[9.0,11.0,8.25,12.0],"rotation":0,"texture":"#0","tintindex":0}}},{"from":[6.81604,3.2675743,6.6269636],"to":[8.530326,4.98186,8.912679],"rotation":{"angle":-22.5,"axis":"z","origin":[7.958897,3.2675743,7.1983924]},"faces":{"east":{"uv":[9.0,11.0,10.0,11.75],"rotation":0,"texture":"#0","tintindex":0},"south":{"uv":[1.75,11.5,2.5,12.25],"rotation":0,"texture":"#0","tintindex":0},"north":{"uv":[11.5,1.5,12.25,2.25],"rotation":0,"texture":"#0","tintindex":0},"west":{"uv":[11.0,9.0,12.0,9.75],"rotation":0,"texture":"#0","tintindex":0},"up":{"uv":[10.75,12.0,10.0,11.0],"rotation":0,"texture":"#0","tintindex":0},"down":{"uv":[11.5,11.0,10.75,12.0],"rotation":0,"texture":"#0","tintindex":0}}},{"from":[6.2446113,3.8390026,6.0555353],"to":[7.387469,4.98186,8.341249],"rotation":{"angle":-22.5,"axis":"z","origin":[7.958897,3.2675743,7.1983924]},"faces":{"east":{"uv":[4.5,11.75,5.5,12.25],"rotation":0,"texture":"#0","tintindex":0},"south":{"uv":[12.0,9.0,12.5,9.5],"rotation":0,"texture":"#0","tintindex":0},"north":{"uv":[8.25,12.0,8.75,12.5],"rotation":0,"texture":"#0","tintindex":0},"west":{"uv":[5.5,11.75,6.5,12.25],"rotation":0,"texture":"#0","tintindex":0},"up":{"uv":[3.75,12.75,3.25,11.75],"rotation":0,"texture":"#0","tintindex":0},"down":{"uv":[7.0,11.75,6.5,12.75],"rotation":0,"texture":"#0","tintindex":0}}},{"from":[7.428571,0.5714283,5.485714],"to":[9.142858,8.0,6.6285715],"rotation":{"angle":0.0,"axis":"y","origin":[8.0,8.0,8.0]},"faces":{"east":{"uv":[8.5,7.0,9.0,10.25],"rotation":0,"texture":"#2","tintindex":0},"south":{"uv":[0.75,7.75,1.5,11.0],"rotation":0,"texture":"#2","tintindex":0},"north":{"uv":[0.0,7.75,0.75,11.0],"rotation":0,"texture":"#2","tintindex":0},"west":{"uv":[8.0,8.5,8.5,11.75],"rotation":0,"texture":"#2","tintindex":0},"up":{"uv":[3.75,10.25,3.0,9.75],"rotation":0,"texture":"#2","tintindex":0},"down":{"uv":[4.5,9.75,3.75,10.25],"rotation":0,"texture":"#2","tintindex":0}}},{"from":[9.142858,0.5714283,4.9142857],"to":[12.0,1.7142854,6.6285715],"rotation":{"angle":0.0,"axis":"y","origin":[8.0,8.0,8.0]},"faces":{"east":{"uv":[9.75,5.0,10.5,5.5],"rotation":0,"texture":"#2","tintindex":0},"south":{"uv":[9.5,9.25,10.75,9.75],"rotation":0,"texture":"#2","tintindex":0},"north":{"uv":[6.5,4.5,7.75,5.0],"rotation":0,"texture":"#2","tintindex":0},"west":{"uv":[5.25,9.75,6.0,10.25],"rotation":0,"texture":"#2","tintindex":0},"up":{"uv":[10.75,7.75,9.5,7.0],"rotation":0,"texture":"#2","tintindex":0},"down":{"uv":[10.75,7.75,9.5,8.5],"rotation":0,"texture":"#2","tintindex":0}}},{"from":[10.857143,1.7142854,5.2],"to":[12.0,2.8571424,6.342857],"rotation":{"angle":0.0,"axis":"y","origin":[8.0,8.0,8.0]},"faces":{"east":{"uv":[6.0,9.75,6.5,10.25],"rotation":0,"texture":"#2","tintindex":0},"south":{"uv":[9.75,6.0,10.25,6.5],"rotation":0,"texture":"#2","tintindex":0},"north":{"uv":[9.75,5.5,10.25,6.0],"rotation":0,"texture":"#2","tintindex":0},"west":{"uv":[9.75,6.5,10.25,7.0],"rotation":0,"texture":"#2","tintindex":0},"up":{"uv":[10.0,10.25,9.5,9.75],"rotation":0,"texture":"#2","tintindex":0},"down":{"uv":[7.0,10.0,6.5,10.5],"rotation":0,"texture":"#2","tintindex":0}}},{"from":[4.5714283,0.5714283,4.9142857],"to":[7.428571,1.7142854,6.6285715],"rotation":{"angle":0.0,"axis":"y","origin":[1.7142854,8.0,8.0]},"faces":{"east":{"uv":[6.0,9.75,5.25,10.25],"rotation":0,"texture":"#2","tintindex":0},"south":{"uv":[10.75,9.25,9.5,9.75],"rotation":0,"texture":"#2","tintindex":0},"north":{"uv":[7.75,4.5,6.5,5.0],"rotation":0,"texture":"#2","tintindex":0},"west":{"uv":[10.5,5.0,9.75,5.5],"rotation":0,"texture":"#2","tintindex":0},"up":{"uv":[9.5,7.75,10.75,7.0],"rotation":0,"texture":"#2","tintindex":0},"down":{"uv":[9.5,7.75,10.75,8.5],"rotation":0,"texture":"#2","tintindex":0}}},{"from":[4.5714283,1.7142854,5.2],"to":[5.714286,2.8571424,6.342857],"rotation":{"angle":0.0,"axis":"y","origin":[1.7142854,8.0,8.0]},"faces":{"east":{"uv":[10.25,6.5,9.75,7.0],"rotation":0,"texture":"#2","tintindex":0},"south":{"uv":[10.25,6.0,9.75,6.5],"rotation":0,"texture":"#2","tintindex":0},"north":{"uv":[10.25,5.5,9.75,6.0],"rotation":0,"texture":"#2","tintindex":0},"west":{"uv":[6.5,9.75,6.0,10.25],"rotation":0,"texture":"#2","tintindex":0},"up":{"uv":[9.5,10.25,10.0,9.75],"rotation":0,"texture":"#2","tintindex":0},"down":{"uv":[6.5,10.0,7.0,10.5],"rotation":0,"texture":"#2","tintindex":0}}},{"from":[4.0,1.7142854,5.2],"to":[12.0,7.428571,5.2],"rotation":{"angle":0.0,"axis":"y","origin":[8.0,8.0,8.0]},"faces":{"east":{"uv":[0.0,0.0,0.0,2.5],"rotation":0,"texture":"#2","tintindex":0},"south":{"uv":[6.5,0.0,3.0,2.5],"rotation":0,"texture":"#2","tintindex":0},"north":{"uv":[3.0,0.0,6.5,2.5],"rotation":0,"texture":"#2","tintindex":0},"west":{"uv":[0.0,0.0,0.0,2.5],"rotation":0,"texture":"#2","tintindex":0},"up":{"uv":[3.5,0.0,0.0,0.0],"rotation":0,"texture":"#2","tintindex":0},"down":{"uv":[3.5,0.0,0.0,0.0],"rotation":0,"texture":"#2","tintindex":0}}},{"from":[7.428571,0.5714283,4.342857],"to":[9.142858,1.1428566,5.485714],"rotation":{"angle":0.0,"axis":"y","origin":[8.0,8.0,8.0]},"faces":{"east":{"uv":[9.0,10.0,9.5,10.25],"rotation":0,"texture":"#2","tintindex":0},"south":{"uv":[7.0,10.0,7.75,10.25],"rotation":0,"texture":"#2","tintindex":0},"north":{"uv":[5.0,6.75,5.75,7.0],"rotation":0,"texture":"#2","tintindex":0},"west":{"uv":[10.0,9.75,10.5,10.0],"rotation":0,"texture":"#2","tintindex":0},"up":{"uv":[5.25,10.25,4.5,9.75],"rotation":0,"texture":"#2","tintindex":0},"down":{"uv":[10.5,4.5,9.75,5.0],"rotation":0,"texture":"#2","tintindex":0}}}],"display":{"head":{"translation":[0.0,-6.4,0.0],"scale":[4.0,4.0,4.0]}}}