{"textures":{"0":"modelengine:entity/miner"},"elements":[{"from":[6.285714,6.0,6.857143],"to":[8.0,8.857143,9.142858],"rotation":{"angle":0.0,"axis":"y","origin":[7.142857,7.428571,8.0]},"faces":{"east":{"uv":[6.2625,0.6375,6.7375,1.2375],"rotation":0,"texture":"#0","tintindex":0},"south":{"uv":[6.6375,2.8875,6.9875,3.4875],"rotation":0,"texture":"#0","tintindex":0},"north":{"uv":[6.5125,2.2625,6.8625,2.8625],"rotation":0,"texture":"#0","tintindex":0},"west":{"uv":[3.1375,6.3875,3.6125,6.9875],"rotation":0,"texture":"#0","tintindex":0},"up":{"uv":[2.3625,7.3625,2.0125,6.8875],"rotation":0,"texture":"#0","tintindex":0},"down":{"uv":[7.2375,2.2625,6.8875,2.7375],"rotation":0,"texture":"#0","tintindex":0}}},{"from":[6.5714283,3.7142854,7.142857],"to":[7.714286,6.0,8.857143],"rotation":{"angle":0.0,"axis":"y","origin":[7.428571,4.5714283,8.285714]},"faces":{"east":{"uv":[4.1375,6.8875,4.4875,7.3625],"rotation":0,"texture":"#0","tintindex":0},"south":{"uv":[1.2625,7.2625,1.4875,7.7375],"rotation":0,"texture":"#0","tintindex":0},"north":{"uv":[7.2625,0.5125,7.4875,0.9875],"rotation":0,"texture":"#0","tintindex":0},"west":{"uv":[6.8875,4.2625,7.2375,4.7375],"rotation":0,"texture":"#0","tintindex":0},"up":{"uv":[6.3625,7.6125,6.1375,7.2625],"rotation":0,"texture":"#0","tintindex":0},"down":{"uv":[6.6125,7.2625,6.3875,7.6125],"rotation":0,"texture":"#0","tintindex":0}}}],"display":{"head":{"translation":[0.0,-6.4,0.0],"scale":[4.0,4.0,4.0]}}}