{"textures":{"0":"modelengine:entity/miner"},"elements":[{"from":[7.142857,5.714286,6.0],"to":[8.857143,8.0,8.285714],"rotation":{"angle":0.0,"axis":"y","origin":[8.0,6.5714283,7.142857]},"faces":{"east":{"uv":[6.3875,4.2625,6.8625,4.7375],"rotation":0,"texture":"#0","tintindex":0},"south":{"uv":[4.8875,6.8875,5.2375,7.3625],"rotation":0,"texture":"#0","tintindex":0},"north":{"uv":[4.5125,6.8875,4.8625,7.3625],"rotation":0,"texture":"#0","tintindex":0},"west":{"uv":[5.1375,6.3875,5.6125,6.8625],"rotation":0,"texture":"#0","tintindex":0},"up":{"uv":[5.6125,7.3625,5.2625,6.8875],"rotation":0,"texture":"#0","tintindex":0},"down":{"uv":[7.2375,5.7625,6.8875,6.2375],"rotation":0,"texture":"#0","tintindex":0}}},{"from":[7.142857,4.0,6.0],"to":[8.285714,5.714286,8.285714],"rotation":{"angle":0.0,"axis":"y","origin":[8.0,3.7142854,7.142857]},"faces":{"east":{"uv":[6.7625,0.8875,7.2375,1.2375],"rotation":0,"texture":"#0","tintindex":0},"south":{"uv":[7.2625,7.0125,7.4875,7.3625],"rotation":0,"texture":"#0","tintindex":0},"north":{"uv":[6.6375,7.2625,6.8625,7.6125],"rotation":0,"texture":"#0","tintindex":0},"west":{"uv":[6.8875,6.2625,7.3625,6.6125],"rotation":0,"texture":"#0","tintindex":0},"up":{"uv":[7.4875,2.7375,7.2625,2.2625],"rotation":0,"texture":"#0","tintindex":0},"down":{"uv":[2.6125,7.2625,2.3875,7.7375],"rotation":0,"texture":"#0","tintindex":0}}},{"from":[8.285714,4.5714283,6.0],"to":[8.857143,5.714286,7.142857],"rotation":{"angle":0.0,"axis":"y","origin":[8.571428,3.7142854,7.142857]},"faces":{"east":{"uv":[7.3875,1.2625,7.6125,1.4875],"rotation":0,"texture":"#0","tintindex":0},"south":{"uv":[3.2625,7.3875,3.3625,7.6125],"rotation":0,"texture":"#0","tintindex":0},"north":{"uv":[3.1375,7.3875,3.2375,7.6125],"rotation":0,"texture":"#0","tintindex":0},"west":{"uv":[7.3875,1.5125,7.6125,1.7375],"rotation":0,"texture":"#0","tintindex":0},"up":{"uv":[7.4875,3.4875,7.3875,3.2625],"rotation":0,"texture":"#0","tintindex":0},"down":{"uv":[3.4875,7.3875,3.3875,7.6125],"rotation":0,"texture":"#0","tintindex":0}}}],"display":{"head":{"translation":[0.0,-6.4,0.0],"scale":[4.0,4.0,4.0]}}}