{"textures":{"0":"modelengine:entity/miner"},"elements":[{"from":[6.857143,4.0,7.714286],"to":[9.142858,8.0,10.0],"rotation":{"angle":0.0,"axis":"y","origin":[6.857143,7.428571,10.571428]},"faces":{"east":{"uv":[6.0125,1.2625,6.4875,2.1125],"rotation":0,"texture":"#0","tintindex":0},"south":{"uv":[6.0125,2.1375,6.4875,2.9875],"rotation":0,"texture":"#0","tintindex":0},"north":{"uv":[5.8875,5.7625,6.3625,6.6125],"rotation":0,"texture":"#0","tintindex":0},"west":{"uv":[0.7625,6.1375,1.2375,6.9875],"rotation":0,"texture":"#0","tintindex":0},"up":{"uv":[6.8625,6.2375,6.3875,5.7625],"rotation":0,"texture":"#0","tintindex":0},"down":{"uv":[6.8625,6.2625,6.3875,6.7375],"rotation":0,"texture":"#0","tintindex":0}}},{"from":[6.857143,4.0,7.142857],"to":[9.142858,5.142857,7.714286],"rotation":{"angle":0.0,"axis":"y","origin":[6.857143,7.428571,8.285714]},"faces":{"east":{"uv":[7.3875,3.7625,7.4875,3.9875],"rotation":0,"texture":"#0","tintindex":0},"south":{"uv":[2.6375,7.2625,3.1125,7.4875],"rotation":0,"texture":"#0","tintindex":0},"north":{"uv":[7.2625,1.0125,7.7375,1.2375],"rotation":0,"texture":"#0","tintindex":0},"west":{"uv":[4.1375,7.3875,4.2375,7.6125],"rotation":0,"texture":"#0","tintindex":0},"up":{"uv":[1.6125,2.8625,1.1375,2.7625],"rotation":0,"texture":"#0","tintindex":0},"down":{"uv":[2.4875,3.6375,2.0125,3.7375],"rotation":0,"texture":"#0","tintindex":0}}}],"display":{"head":{"translation":[0.0,-6.4,0.0],"scale":[4.0,4.0,4.0]}}}