{"textures":{"0":"modelengine:entity/miner"},"elements":[{"from":[4.5714283,9.2841015,6.76593],"to":[10.285714,12.141244,9.623074],"rotation":{"angle":0.0,"axis":"y","origin":[7.428571,11.569816,8.480216]},"faces":{"east":{"uv":[6.1375,0.0125,6.7375,0.6125],"rotation":0,"texture":"#0","tintindex":0},"south":{"uv":[4.1375,0.6375,5.3625,1.2375],"rotation":0,"texture":"#0","tintindex":0},"north":{"uv":[4.1375,0.0125,5.3625,0.6125],"rotation":0,"texture":"#0","tintindex":0},"west":{"uv":[1.2625,6.1375,1.8625,6.7375],"rotation":0,"texture":"#0","tintindex":0},"up":{"uv":[5.2375,4.9875,4.0125,4.3875],"rotation":0,"texture":"#0","tintindex":0},"down":{"uv":[2.2375,4.7625,1.0125,5.3625],"rotation":0,"texture":"#0","tintindex":0}}},{"from":[3.7142854,6.903696,9.940904],"to":[11.142858,13.189411,13.940904],"rotation":{"angle":22.5,"axis":"x","origin":[7.142857,10.903696,12.226618]},"faces":{"east":{"uv":[1.1375,2.8875,1.9875,4.2375],"rotation":0,"texture":"#0","tintindex":0},"south":{"uv":[0.0125,1.3875,1.6125,2.7375],"rotation":0,"texture":"#0","tintindex":0},"north":{"uv":[0.0125,0.0125,1.6125,1.3625],"rotation":0,"texture":"#0","tintindex":0},"west":{"uv":[3.2625,0.0125,4.1125,1.3625],"rotation":0,"texture":"#0","tintindex":0},"up":{"uv":[3.2375,0.8625,1.6375,0.0125],"rotation":0,"texture":"#0","tintindex":0},"down":{"uv":[3.2375,0.8875,1.6375,1.7375],"rotation":0,"texture":"#0","tintindex":0}}},{"from":[4.5714283,13.189411,10.512332],"to":[8.571428,14.332268,13.369474],"rotation":{"angle":22.5,"axis":"x","origin":[6.857143,10.903696,12.226618]},"faces":{"east":{"uv":[3.2625,4.7625,3.8625,4.9875],"rotation":0,"texture":"#0","tintindex":0},"south":{"uv":[6.7625,0.2625,7.6125,0.4875],"rotation":0,"texture":"#0","tintindex":0},"north":{"uv":[6.7625,0.0125,7.6125,0.2375],"rotation":0,"texture":"#0","tintindex":0},"west":{"uv":[2.6375,5.5125,3.2375,5.7375],"rotation":0,"texture":"#0","tintindex":0},"up":{"uv":[2.6125,6.1125,1.7625,5.5125],"rotation":0,"texture":"#0","tintindex":0},"down":{"uv":[5.1125,5.5125,4.2625,6.1125],"rotation":0,"texture":"#0","tintindex":0}}},{"from":[8.571428,13.189411,11.6551895],"to":[9.714286,13.760839,13.369474],"rotation":{"angle":22.5,"axis":"x","origin":[10.285714,10.903696,12.226618]},"faces":{"east":{"uv":[7.3875,2.7625,7.7375,2.8625],"rotation":0,"texture":"#0","tintindex":0},"south":{"uv":[5.1375,7.3875,5.3625,7.4875],"rotation":0,"texture":"#0","tintindex":0},"north":{"uv":[1.6375,6.7625,1.8625,6.8625],"rotation":0,"texture":"#0","tintindex":0},"west":{"uv":[7.3875,2.8875,7.7375,2.9875],"rotation":0,"texture":"#0","tintindex":0},"up":{"uv":[0.9875,7.7375,0.7625,7.3875],"rotation":0,"texture":"#0","tintindex":0},"down":{"uv":[1.2375,7.3875,1.0125,7.7375],"rotation":0,"texture":"#0","tintindex":0}}},{"from":[4.5714283,12.906083,6.613908],"to":[10.285714,12.906083,11.185337],"rotation":{"angle":-22.5,"axis":"x","origin":[6.857143,12.906083,8.613908]},"faces":{"east":{"uv":[0.0125,0.0125,0.9875,0.0125],"rotation":0,"texture":"#0","tintindex":0},"south":{"uv":[0.0125,0.0125,1.2375,0.0125],"rotation":0,"texture":"#0","tintindex":0},"north":{"uv":[0.0125,0.0125,1.2375,0.0125],"rotation":0,"texture":"#0","tintindex":0},"west":{"uv":[0.0125,0.0125,0.9875,0.0125],"rotation":0,"texture":"#0","tintindex":0},"up":{"uv":[3.9875,2.7375,2.7625,1.7625],"rotation":0,"texture":"#0","tintindex":0},"down":{"uv":[3.9875,1.7625,2.7625,2.7375],"rotation":0,"texture":"#0","tintindex":0}}},{"from":[5.142857,6.336379,6.06282],"to":[9.714286,9.764951,9.491392],"rotation":{"angle":22.5,"axis":"x","origin":[7.428571,9.193522,8.348535]},"faces":{"east":{"uv":[2.0125,2.8875,2.7375,3.6125],"rotation":0,"texture":"#0","tintindex":0},"south":{"uv":[0.0125,4.8875,0.9875,5.6125],"rotation":0,"texture":"#0","tintindex":0},"north":{"uv":[2.2625,4.7625,3.2375,5.4875],"rotation":0,"texture":"#0","tintindex":0},"west":{"uv":[5.3875,0.0125,6.1125,0.7375],"rotation":0,"texture":"#0","tintindex":0},"up":{"uv":[5.9875,1.9875,5.0125,1.2625],"rotation":0,"texture":"#0","tintindex":0},"down":{"uv":[5.9875,2.0125,5.0125,2.7375],"rotation":0,"texture":"#0","tintindex":0}}},{"from":[5.714286,5.7649508,5.491391],"to":[9.142858,8.050665,8.919963],"rotation":{"angle":0.0,"axis":"y","origin":[7.428571,7.4792366,7.777106]},"faces":{"east":{"uv":[2.6375,5.7625,3.3875,6.2625],"rotation":0,"texture":"#0","tintindex":0},"south":{"uv":[3.375,5.75,4.125,6.25],"rotation":0,"texture":"#0","tintindex":0},"north":{"uv":[0.0,5.625,0.75,6.125],"rotation":0,"texture":"#0","tintindex":0},"west":{"uv":[5.1375,5.7625,5.8875,6.2625],"rotation":0,"texture":"#0","tintindex":0},"up":{"uv":[1.7375,6.1125,1.0125,5.3875],"rotation":0,"texture":"#0","tintindex":0},"down":{"uv":[6.1125,5.0125,5.3875,5.7375],"rotation":0,"texture":"#0","tintindex":0}}}],"display":{"head":{"translation":[0.0,-6.4,0.0],"scale":[4.0,4.0,4.0]}}}