{"textures":{"0":"modelengine:entity/miner"},"elements":[{"from":[7.142857,5.714286,6.0],"to":[8.857143,8.0,8.285714],"rotation":{"angle":0.0,"axis":"y","origin":[8.0,6.5714283,7.142857]},"faces":{"east":{"uv":[5.6125,6.3875,5.1375,6.8625],"rotation":0,"texture":"#0","tintindex":0},"south":{"uv":[5.2375,6.8875,4.8875,7.3625],"rotation":0,"texture":"#0","tintindex":0},"north":{"uv":[4.8625,6.8875,4.5125,7.3625],"rotation":0,"texture":"#0","tintindex":0},"west":{"uv":[6.8625,4.2625,6.3875,4.7375],"rotation":0,"texture":"#0","tintindex":0},"up":{"uv":[5.2625,7.3625,5.6125,6.8875],"rotation":0,"texture":"#0","tintindex":0},"down":{"uv":[6.8875,5.7625,7.2375,6.2375],"rotation":0,"texture":"#0","tintindex":0}}},{"from":[7.142857,4.142857,1.9999995],"to":[8.857143,5.8571424,4.285714],"rotation":{"angle":0.0,"axis":"y","origin":[8.0,5.0,3.142857]},"faces":{"east":{"uv":[1.2375,7.0125,0.7625,7.3625],"rotation":0,"texture":"#0","tintindex":0},"south":{"uv":[7.2375,7.0125,6.8875,7.3625],"rotation":0,"texture":"#0","tintindex":0},"north":{"uv":[7.3625,5.3875,7.0125,5.7375],"rotation":0,"texture":"#0","tintindex":0},"west":{"uv":[7.3625,6.6375,6.8875,6.9875],"rotation":0,"texture":"#0","tintindex":0},"up":{"uv":[7.0125,1.7375,7.3625,1.2625],"rotation":0,"texture":"#0","tintindex":0},"down":{"uv":[7.0125,1.7625,7.3625,2.2375],"rotation":0,"texture":"#0","tintindex":0}}},{"from":[7.5714283,3.0,2.2857141],"to":[8.142858,7.0,3.4285712],"rotation":{"angle":0.0,"axis":"y","origin":[8.428572,1.5714283,2.8571424]},"faces":{"east":{"uv":[6.1125,6.6375,5.8875,7.4875],"rotation":0,"texture":"#0","tintindex":0},"south":{"uv":[1.6125,7.2625,1.5125,8.1125],"rotation":0,"texture":"#0","tintindex":0},"north":{"uv":[3.6125,7.0125,3.5125,7.8625],"rotation":0,"texture":"#0","tintindex":0},"west":{"uv":[5.8625,6.3875,5.6375,7.2375],"rotation":0,"texture":"#0","tintindex":0},"up":{"uv":[4.2625,7.6125,4.3625,7.3875],"rotation":0,"texture":"#0","tintindex":0},"down":{"uv":[4.3875,7.3875,4.4875,7.6125],"rotation":0,"texture":"#0","tintindex":0}}},{"from":[7.5714283,6.519745,2.9858346],"to":[8.142858,8.805459,4.1286917],"rotation":{"angle":22.5,"axis":"x","origin":[8.714286,8.519745,3.8429775]},"faces":{"east":{"uv":[5.8625,7.7375,5.6375,7.2625],"rotation":0,"texture":"#0","tintindex":0},"south":{"uv":[6.1125,3.4875,6.0125,3.0125],"rotation":0,"texture":"#0","tintindex":0},"north":{"uv":[1.9875,4.7375,1.8875,4.2625],"rotation":0,"texture":"#0","tintindex":0},"west":{"uv":[7.4875,4.7375,7.2625,4.2625],"rotation":0,"texture":"#0","tintindex":0},"up":{"uv":[4.6375,7.6125,4.7375,7.3875],"rotation":0,"texture":"#0","tintindex":0},"down":{"uv":[4.5125,7.3875,4.6125,7.6125],"rotation":0,"texture":"#0","tintindex":0}}},{"from":[7.5714283,8.087214,3.9195204],"to":[8.142858,9.230071,5.0623775],"rotation":{"angle":45.0,"axis":"x","origin":[8.714286,9.515785,4.7766633]},"faces":{"east":{"uv":[7.6125,2.2375,7.3875,2.0125],"rotation":0,"texture":"#0","tintindex":0},"south":{"uv":[4.9875,7.6125,4.8875,7.3875],"rotation":0,"texture":"#0","tintindex":0},"north":{"uv":[4.8625,7.6125,4.7625,7.3875],"rotation":0,"texture":"#0","tintindex":0},"west":{"uv":[2.1125,7.6125,1.8875,7.3875],"rotation":0,"texture":"#0","tintindex":0},"up":{"uv":[7.3875,5.2375,7.4875,5.0125],"rotation":0,"texture":"#0","tintindex":0},"down":{"uv":[5.0125,7.3875,5.1125,7.6125],"rotation":0,"texture":"#0","tintindex":0}}},{"from":[7.5714283,1.1945405,2.9858346],"to":[8.142858,3.4802551,4.1286917],"rotation":{"angle":-22.5,"axis":"x","origin":[8.714286,1.4802547,3.8429775]},"faces":{"east":{"uv":[5.8625,7.2625,5.6375,7.7375],"rotation":0,"texture":"#0","tintindex":0},"south":{"uv":[6.1125,3.0125,6.0125,3.4875],"rotation":0,"texture":"#0","tintindex":0},"north":{"uv":[1.9875,4.2625,1.8875,4.7375],"rotation":0,"texture":"#0","tintindex":0},"west":{"uv":[7.4875,4.2625,7.2625,4.7375],"rotation":0,"texture":"#0","tintindex":0},"up":{"uv":[4.5125,7.6125,4.6125,7.3875],"rotation":0,"texture":"#0","tintindex":0},"down":{"uv":[4.6375,7.3875,4.7375,7.6125],"rotation":0,"texture":"#0","tintindex":0}}},{"from":[7.5714283,0.769928,3.9195204],"to":[8.142858,1.9127855,5.0623775],"rotation":{"angle":-45.0,"axis":"x","origin":[8.714286,0.48421383,4.7766633]},"faces":{"east":{"uv":[7.6125,2.0125,7.3875,2.2375],"rotation":0,"texture":"#0","tintindex":0},"south":{"uv":[4.9875,7.3875,4.8875,7.6125],"rotation":0,"texture":"#0","tintindex":0},"north":{"uv":[4.8625,7.3875,4.7625,7.6125],"rotation":0,"texture":"#0","tintindex":0},"west":{"uv":[2.1125,7.3875,1.8875,7.6125],"rotation":0,"texture":"#0","tintindex":0},"up":{"uv":[5.0125,7.6125,5.1125,7.3875],"rotation":0,"texture":"#0","tintindex":0},"down":{"uv":[7.3875,5.0125,7.4875,5.2375],"rotation":0,"texture":"#0","tintindex":0}}},{"from":[7.428571,4.428571,4.285714],"to":[8.571428,5.5714283,10.0],"rotation":{"angle":0.0,"axis":"y","origin":[7.714286,3.5714283,8.857143]},"faces":{"east":{"uv":[7.6125,4.0125,6.3875,4.2375],"rotation":0,"texture":"#0","tintindex":0},"south":{"uv":[7.6125,1.7625,7.3875,1.9875],"rotation":0,"texture":"#0","tintindex":0},"north":{"uv":[1.8625,7.3875,1.6375,7.6125],"rotation":0,"texture":"#0","tintindex":0},"west":{"uv":[7.3625,3.7625,6.1375,3.9875],"rotation":0,"texture":"#0","tintindex":0},"up":{"uv":[3.6375,7.6125,3.8625,6.3875],"rotation":0,"texture":"#0","tintindex":0},"down":{"uv":[3.8875,6.3875,4.1125,7.6125],"rotation":0,"texture":"#0","tintindex":0}}},{"from":[7.714286,4.0,6.0],"to":[8.857143,5.714286,8.285714],"rotation":{"angle":0.0,"axis":"y","origin":[8.0,3.7142854,7.142857]},"faces":{"east":{"uv":[7.3625,6.2625,6.8875,6.6125],"rotation":0,"texture":"#0","tintindex":0},"south":{"uv":[7.4875,7.0125,7.2625,7.3625],"rotation":0,"texture":"#0","tintindex":0},"north":{"uv":[6.8625,7.2625,6.6375,7.6125],"rotation":0,"texture":"#0","tintindex":0},"west":{"uv":[7.2375,0.8875,6.7625,1.2375],"rotation":0,"texture":"#0","tintindex":0},"up":{"uv":[7.2625,2.7375,7.4875,2.2625],"rotation":0,"texture":"#0","tintindex":0},"down":{"uv":[2.3875,7.2625,2.6125,7.7375],"rotation":0,"texture":"#0","tintindex":0}}},{"from":[7.142857,4.5714283,6.0],"to":[7.714286,5.714286,7.142857],"rotation":{"angle":0.0,"axis":"y","origin":[7.428571,3.7142854,7.142857]},"faces":{"east":{"uv":[7.6125,1.5125,7.3875,1.7375],"rotation":0,"texture":"#0","tintindex":0},"south":{"uv":[3.3625,7.3875,3.2625,7.6125],"rotation":0,"texture":"#0","tintindex":0},"north":{"uv":[3.2375,7.3875,3.1375,7.6125],"rotation":0,"texture":"#0","tintindex":0},"west":{"uv":[7.6125,1.2625,7.3875,1.4875],"rotation":0,"texture":"#0","tintindex":0},"up":{"uv":[7.3875,3.4875,7.4875,3.2625],"rotation":0,"texture":"#0","tintindex":0},"down":{"uv":[3.3875,7.3875,3.4875,7.6125],"rotation":0,"texture":"#0","tintindex":0}}}],"display":{"head":{"translation":[0.0,-6.4,0.0],"scale":[4.0,4.0,4.0]}}}