{"textures":{"0":"modelengine:entity/miner"},"elements":[{"from":[7.714286,5.142857,7.142857],"to":[9.428572,9.142858,8.857143],"rotation":{"angle":0.0,"axis":"y","origin":[9.428572,8.571428,9.428572]},"faces":{"east":{"uv":[3.1125,6.3875,2.7625,7.2375],"rotation":0,"texture":"#0","tintindex":0},"south":{"uv":[2.7375,6.3875,2.3875,7.2375],"rotation":0,"texture":"#0","tintindex":0},"north":{"uv":[0.3625,6.2625,0.0125,7.1125],"rotation":0,"texture":"#0","tintindex":0},"west":{"uv":[0.7375,6.2625,0.3875,7.1125],"rotation":0,"texture":"#0","tintindex":0},"up":{"uv":[7.0125,3.4875,7.3625,3.1375],"rotation":0,"texture":"#0","tintindex":0},"down":{"uv":[7.0125,5.0125,7.3625,5.3625],"rotation":0,"texture":"#0","tintindex":0}}}],"display":{"head":{"translation":[0.0,-6.4,0.0],"scale":[4.0,4.0,4.0]}}}