{"textures":{"0":"modelengine:entity/dungeon_spawn_crystal_on"},"elements":[{"from":[6.857143,0.97465324,-0.09758186],"to":[9.142858,0.97465324,3.9024181],"rotation":{"angle":-22.5,"axis":"x","origin":[8.0,0.97465324,1.9024181]},"faces":{"east":{"uv":[0.875,0.0,0.0,0.0],"rotation":0,"texture":"#0","tintindex":0},"south":{"uv":[0.5,0.0,0.0,0.0],"rotation":0,"texture":"#0","tintindex":0},"north":{"uv":[0.5,0.0,0.0,0.0],"rotation":0,"texture":"#0","tintindex":0},"west":{"uv":[0.875,0.0,0.0,0.0],"rotation":0,"texture":"#0","tintindex":0},"up":{"uv":[6.875,3.75,7.75,3.25],"rotation":90,"texture":"#0","tintindex":0},"down":{"uv":[6.875,3.25,7.75,3.75],"rotation":270,"texture":"#0","tintindex":0}}},{"from":[10.857143,-0.43795586,12.7653675],"to":[12.571428,0.7049017,14.479652],"rotation":{"angle":0.0,"axis":"y","origin":[8.0,-0.43795586,13.336796]},"faces":{"east":{"uv":[7.0,0.5,7.375,0.75],"rotation":0,"texture":"#0","tintindex":0},"south":{"uv":[7.25,3.75,7.625,4.0],"rotation":0,"texture":"#0","tintindex":0},"north":{"uv":[6.875,3.75,7.25,4.0],"rotation":0,"texture":"#0","tintindex":0},"west":{"uv":[7.375,0.5,7.75,0.75],"rotation":0,"texture":"#0","tintindex":0},"up":{"uv":[6.0,7.5,5.625,7.125],"rotation":0,"texture":"#0","tintindex":0},"down":{"uv":[7.5,7.0,7.125,7.375],"rotation":0,"texture":"#0","tintindex":0}}},{"from":[9.142858,-0.43795586,10.479652],"to":[10.857143,1.2763305,16.19394],"rotation":{"angle":0.0,"axis":"y","origin":[8.0,-0.43795586,13.336796]},"faces":{"east":{"uv":[6.25,0.75,7.5,1.125],"rotation":0,"texture":"#0","tintindex":0},"south":{"uv":[7.375,1.5,7.75,1.875],"rotation":0,"texture":"#0","tintindex":0},"north":{"uv":[6.75,7.25,7.125,7.625],"rotation":0,"texture":"#0","tintindex":0},"west":{"uv":[6.25,1.125,7.5,1.5],"rotation":0,"texture":"#0","tintindex":0},"up":{"uv":[6.875,2.75,6.5,1.5],"rotation":0,"texture":"#0","tintindex":0},"down":{"uv":[6.875,2.75,6.5,4.0],"rotation":0,"texture":"#0","tintindex":0}}},{"from":[5.142857,-0.43795586,10.479652],"to":[6.857143,1.2763305,16.19394],"rotation":{"angle":0.0,"axis":"y","origin":[8.0,-0.43795586,13.336796]},"faces":{"east":{"uv":[6.5,4.0,7.75,4.375],"rotation":0,"texture":"#0","tintindex":0},"south":{"uv":[7.375,2.25,7.75,2.625],"rotation":0,"texture":"#0","tintindex":0},"north":{"uv":[7.375,1.875,7.75,2.25],"rotation":0,"texture":"#0","tintindex":0},"west":{"uv":[6.5,4.375,7.75,4.75],"rotation":0,"texture":"#0","tintindex":0},"up":{"uv":[7.125,6.0,6.75,4.75],"rotation":0,"texture":"#0","tintindex":0},"down":{"uv":[7.125,6.0,6.75,7.25],"rotation":0,"texture":"#0","tintindex":0}}},{"from":[6.857143,-0.43795586,10.479652],"to":[9.142858,1.2763305,12.193939],"rotation":{"angle":0.0,"axis":"y","origin":[8.0,-0.43795586,13.336796]},"faces":{"east":{"uv":[7.375,2.625,7.75,3.0],"rotation":0,"texture":"#0","tintindex":0},"south":{"uv":[4.25,2.375,4.75,2.75],"rotation":0,"texture":"#0","tintindex":0},"north":{"uv":[2.25,4.25,2.75,4.625],"rotation":0,"texture":"#0","tintindex":0},"west":{"uv":[3.125,7.375,3.5,7.75],"rotation":0,"texture":"#0","tintindex":0},"up":{"uv":[3.875,7.375,3.375,7.0],"rotation":0,"texture":"#0","tintindex":0},"down":{"uv":[3.125,7.125,2.625,7.5],"rotation":0,"texture":"#0","tintindex":0}}},{"from":[6.857143,-0.43795586,14.479652],"to":[9.142858,1.2763305,16.19394],"rotation":{"angle":0.0,"axis":"y","origin":[8.0,-0.43795586,13.336796]},"faces":{"east":{"uv":[3.5,7.375,3.875,7.75],"rotation":0,"texture":"#0","tintindex":0},"south":{"uv":[7.125,5.125,7.625,5.5],"rotation":0,"texture":"#0","tintindex":0},"north":{"uv":[7.125,4.75,7.625,5.125],"rotation":0,"texture":"#0","tintindex":0},"west":{"uv":[4.125,7.375,4.5,7.75],"rotation":0,"texture":"#0","tintindex":0},"up":{"uv":[7.625,5.875,7.125,5.5],"rotation":0,"texture":"#0","tintindex":0},"down":{"uv":[7.625,5.875,7.125,6.25],"rotation":0,"texture":"#0","tintindex":0}}},{"from":[6.285714,11.562045,13.908224],"to":[7.428571,24.704903,15.62251],"rotation":{"angle":0.0,"axis":"y","origin":[9.428572,16.41919,13.908224]},"faces":{"east":{"uv":[5.25,3.125,5.625,6.0],"rotation":0,"texture":"#0","tintindex":0},"south":{"uv":[5.125,6.0,5.375,8.875],"rotation":0,"texture":"#0","tintindex":0},"north":{"uv":[1.875,5.875,2.125,8.75],"rotation":0,"texture":"#0","tintindex":0},"west":{"uv":[2.25,5.375,2.625,8.25],"rotation":0,"texture":"#0","tintindex":0},"up":{"uv":[6.75,5.125,6.5,4.75],"rotation":0,"texture":"#0","tintindex":0},"down":{"uv":[7.375,7.375,7.125,7.75],"rotation":0,"texture":"#0","tintindex":0}}},{"from":[4.0,10.904902,10.479652],"to":[5.142857,18.333473,13.908224],"rotation":{"angle":22.5,"axis":"z","origin":[9.428572,16.41919,13.908224]},"faces":{"east":{"uv":[0.0,4.25,0.75,5.875],"rotation":0,"texture":"#0","tintindex":0},"south":{"uv":[1.625,6.875,1.875,8.5],"rotation":0,"texture":"#0","tintindex":0},"north":{"uv":[4.875,6.125,5.125,7.75],"rotation":0,"texture":"#0","tintindex":0},"west":{"uv":[4.25,0.0,5.0,1.625],"rotation":0,"texture":"#0","tintindex":0},"up":{"uv":[6.5,3.125,6.25,2.375],"rotation":0,"texture":"#0","tintindex":0},"down":{"uv":[4.125,7.0,3.875,7.75],"rotation":0,"texture":"#0","tintindex":0}}},{"from":[4.5714283,8.133473,9.908224],"to":[11.428572,11.562045,16.765368],"rotation":{"angle":0.0,"axis":"y","origin":[8.0,3.5620446,13.336796]},"faces":{"east":{"uv":[2.25,4.625,3.75,5.375],"rotation":0,"texture":"#0","tintindex":0},"south":{"uv":[3.75,4.625,5.25,5.375],"rotation":0,"texture":"#0","tintindex":0},"north":{"uv":[4.25,1.625,5.75,2.375],"rotation":0,"texture":"#0","tintindex":0},"west":{"uv":[4.75,2.375,6.25,3.125],"rotation":0,"texture":"#0","tintindex":0},"up":{"uv":[4.25,1.5,2.75,0.0],"rotation":0,"texture":"#0","tintindex":0},"down":{"uv":[4.25,1.5,2.75,3.0],"rotation":0,"texture":"#0","tintindex":0}}},{"from":[7.428571,5.27633,12.193939],"to":[10.285714,24.704903,15.62251],"rotation":{"angle":0.0,"axis":"y","origin":[9.428572,16.41919,13.908224]},"faces":{"east":{"uv":[0.0,0.0,0.75,4.25],"rotation":0,"texture":"#0","tintindex":0},"south":{"uv":[2.125,0.0,2.75,4.25],"rotation":0,"texture":"#0","tintindex":0},"north":{"uv":[1.5,0.0,2.125,4.25],"rotation":0,"texture":"#0","tintindex":0},"west":{"uv":[0.75,0.0,1.5,4.25],"rotation":0,"texture":"#0","tintindex":0},"up":{"uv":[1.0,7.625,0.375,6.875],"rotation":0,"texture":"#0","tintindex":0},"down":{"uv":[1.625,6.875,1.0,7.625],"rotation":0,"texture":"#0","tintindex":0}}},{"from":[6.285714,11.562045,12.193939],"to":[7.428571,20.704903,13.908224],"rotation":{"angle":0.0,"axis":"y","origin":[9.428572,16.41919,13.908224]},"faces":{"east":{"uv":[5.625,5.125,6.0,7.125],"rotation":0,"texture":"#0","tintindex":0},"south":{"uv":[4.625,6.125,4.875,8.125],"rotation":0,"texture":"#0","tintindex":0},"north":{"uv":[5.375,6.0,5.625,8.0],"rotation":0,"texture":"#0","tintindex":0},"west":{"uv":[0.0,5.875,0.375,7.875],"rotation":0,"texture":"#0","tintindex":0},"up":{"uv":[7.625,7.75,7.375,7.375],"rotation":0,"texture":"#0","tintindex":0},"down":{"uv":[7.75,0.75,7.5,1.125],"rotation":0,"texture":"#0","tintindex":0}}},{"from":[5.142857,10.904902,10.479652],"to":[8.571428,18.333473,15.051081],"rotation":{"angle":22.5,"axis":"z","origin":[9.428572,16.41919,13.908224]},"faces":{"east":{"uv":[2.75,3.0,3.75,4.625],"rotation":0,"texture":"#0","tintindex":0},"south":{"uv":[1.5,4.25,2.25,5.875],"rotation":0,"texture":"#0","tintindex":0},"north":{"uv":[0.75,4.25,1.5,5.875],"rotation":0,"texture":"#0","tintindex":0},"west":{"uv":[3.75,3.0,4.75,4.625],"rotation":0,"texture":"#0","tintindex":0},"up":{"uv":[1.125,6.875,0.375,5.875],"rotation":0,"texture":"#0","tintindex":0},"down":{"uv":[1.875,5.875,1.125,6.875],"rotation":0,"texture":"#0","tintindex":0}}},{"from":[5.142857,11.562045,12.7653675],"to":[10.857143,14.990617,16.19394],"rotation":{"angle":0.0,"axis":"y","origin":[9.428572,16.41919,13.908224]},"faces":{"east":{"uv":[6.0,6.125,6.75,6.875],"rotation":0,"texture":"#0","tintindex":0},"south":{"uv":[5.0,0.75,6.25,1.5],"rotation":0,"texture":"#0","tintindex":0},"north":{"uv":[5.0,0.0,6.25,0.75],"rotation":0,"texture":"#0","tintindex":0},"west":{"uv":[6.25,0.0,7.0,0.75],"rotation":0,"texture":"#0","tintindex":0},"up":{"uv":[3.875,6.125,2.625,5.375],"rotation":0,"texture":"#0","tintindex":0},"down":{"uv":[5.125,5.375,3.875,6.125],"rotation":0,"texture":"#0","tintindex":0}}},{"from":[5.714286,3.5620446,11.051082],"to":[9.142858,8.133473,15.051081],"rotation":{"angle":0.0,"axis":"y","origin":[9.428572,16.41919,13.908224]},"faces":{"east":{"uv":[5.625,3.125,6.5,4.125],"rotation":0,"texture":"#0","tintindex":0},"south":{"uv":[2.625,6.125,3.375,7.125],"rotation":0,"texture":"#0","tintindex":0},"north":{"uv":[6.0,5.125,6.75,6.125],"rotation":0,"texture":"#0","tintindex":0},"west":{"uv":[5.625,4.125,6.5,5.125],"rotation":0,"texture":"#0","tintindex":0},"up":{"uv":[6.5,2.375,5.75,1.5],"rotation":0,"texture":"#0","tintindex":0},"down":{"uv":[4.125,6.125,3.375,7.0],"rotation":0,"texture":"#0","tintindex":0}}},{"from":[11.428572,9.847759,11.62251],"to":[13.142858,10.419188,15.051081],"rotation":{"angle":0.0,"axis":"y","origin":[8.0,3.5620446,13.336796]},"faces":{"east":{"uv":[5.0,1.5,5.75,1.625],"rotation":0,"texture":"#0","tintindex":0},"south":{"uv":[5.625,7.5,6.0,7.625],"rotation":0,"texture":"#0","tintindex":0},"north":{"uv":[7.375,3.125,7.75,3.25],"rotation":0,"texture":"#0","tintindex":0},"west":{"uv":[7.375,3.0,8.125,3.125],"rotation":0,"texture":"#0","tintindex":0},"up":{"uv":[6.375,7.625,6.0,6.875],"rotation":0,"texture":"#0","tintindex":0},"down":{"uv":[6.75,6.875,6.375,7.625],"rotation":0,"texture":"#0","tintindex":0}}},{"from":[13.336796,4.285714,12.193939],"to":[13.336796,10.0,14.479652],"rotation":{"angle":22.5,"axis":"z","origin":[13.336796,8.0,13.336796]},"faces":{"east":{"uv":[4.75,3.125,5.25,4.375],"rotation":0,"texture":"#0","tintindex":0},"south":{"uv":[0.0,0.0,0.0,1.25],"rotation":0,"texture":"#0","tintindex":0},"north":{"uv":[0.0,0.0,0.0,1.25],"rotation":0,"texture":"#0","tintindex":0},"west":{"uv":[4.75,3.125,5.25,4.375],"rotation":0,"texture":"#0","tintindex":0},"up":{"uv":[0.0,0.5,0.0,0.0],"rotation":0,"texture":"#0","tintindex":0},"down":{"uv":[0.0,0.0,0.0,0.5],"rotation":0,"texture":"#0","tintindex":0}}},{"from":[16.172405,1.1542335,12.193939],"to":[16.172405,5.154234,14.479652],"rotation":{"angle":45.0,"axis":"z","origin":[16.172405,3.1542335,13.336796]},"faces":{"east":{"uv":[6.875,1.5,7.375,2.375],"rotation":0,"texture":"#0","tintindex":0},"south":{"uv":[0.0,0.0,0.0,0.875],"rotation":0,"texture":"#0","tintindex":0},"north":{"uv":[0.0,0.0,0.0,0.875],"rotation":0,"texture":"#0","tintindex":0},"west":{"uv":[6.875,1.5,7.375,2.375],"rotation":0,"texture":"#0","tintindex":0},"up":{"uv":[0.0,0.5,0.0,0.0],"rotation":0,"texture":"#0","tintindex":0},"down":{"uv":[0.0,0.0,0.0,0.5],"rotation":0,"texture":"#0","tintindex":0}}},{"from":[17.434378,0.97465324,12.193939],"to":[21.434378,0.97465324,14.479652],"rotation":{"angle":-22.5,"axis":"z","origin":[19.434378,0.97465324,13.336796]},"faces":{"east":{"uv":[0.0,0.0,0.5,0.0],"rotation":0,"texture":"#0","tintindex":0},"south":{"uv":[0.0,0.0,0.875,0.0],"rotation":0,"texture":"#0","tintindex":0},"north":{"uv":[0.0,0.0,0.875,0.0],"rotation":0,"texture":"#0","tintindex":0},"west":{"uv":[0.0,0.0,0.5,0.0],"rotation":0,"texture":"#0","tintindex":0},"up":{"uv":[7.75,3.75,6.875,3.25],"rotation":0,"texture":"#0","tintindex":0},"down":{"uv":[7.75,3.25,6.875,3.75],"rotation":0,"texture":"#0","tintindex":0}}},{"from":[19.720093,-0.43795586,12.7653675],"to":[22.005806,1.2763305,13.908224],"rotation":{"angle":0.0,"axis":"y","origin":[19.434378,0.97465324,13.336796]},"faces":{"east":{"uv":[7.5,1.125,7.75,1.5],"rotation":0,"texture":"#0","tintindex":0},"south":{"uv":[7.125,6.625,7.625,7.0],"rotation":0,"texture":"#0","tintindex":0},"north":{"uv":[7.125,6.25,7.625,6.625],"rotation":0,"texture":"#0","tintindex":0},"west":{"uv":[2.625,7.5,2.875,7.875],"rotation":0,"texture":"#0","tintindex":0},"up":{"uv":[4.75,3.0,4.25,2.75],"rotation":0,"texture":"#0","tintindex":0},"down":{"uv":[5.25,4.375,4.75,4.625],"rotation":0,"texture":"#0","tintindex":0}}},{"from":[7.428571,-0.43795586,25.056889],"to":[8.571428,1.2763305,27.342602],"rotation":{"angle":0.0,"axis":"y","origin":[8.0,0.97465324,24.771173]},"faces":{"east":{"uv":[7.125,6.25,7.625,6.625],"rotation":0,"texture":"#0","tintindex":0},"south":{"uv":[7.5,1.125,7.75,1.5],"rotation":0,"texture":"#0","tintindex":0},"north":{"uv":[2.625,7.5,2.875,7.875],"rotation":0,"texture":"#0","tintindex":0},"west":{"uv":[7.125,6.625,7.625,7.0],"rotation":0,"texture":"#0","tintindex":0},"up":{"uv":[4.75,3.0,4.25,2.75],"rotation":90,"texture":"#0","tintindex":0},"down":{"uv":[5.25,4.375,4.75,4.625],"rotation":270,"texture":"#0","tintindex":0}}},{"from":[6.857143,-0.43795586,16.19394],"to":[8.571428,0.7049017,17.908224],"rotation":{"angle":0.0,"axis":"y","origin":[8.0,-0.43795586,13.336796]},"faces":{"east":{"uv":[6.875,3.75,7.25,4.0],"rotation":0,"texture":"#0","tintindex":0},"south":{"uv":[7.0,0.5,7.375,0.75],"rotation":0,"texture":"#0","tintindex":0},"north":{"uv":[7.375,0.5,7.75,0.75],"rotation":0,"texture":"#0","tintindex":0},"west":{"uv":[7.25,3.75,7.625,4.0],"rotation":0,"texture":"#0","tintindex":0},"up":{"uv":[6.0,7.5,5.625,7.125],"rotation":90,"texture":"#0","tintindex":0},"down":{"uv":[7.5,7.0,7.125,7.375],"rotation":270,"texture":"#0","tintindex":0}}},{"from":[6.285714,9.847759,16.765368],"to":[9.714286,10.419188,18.479652],"rotation":{"angle":0.0,"axis":"y","origin":[8.0,3.5620446,13.336796]},"faces":{"east":{"uv":[7.375,3.125,7.75,3.25],"rotation":0,"texture":"#0","tintindex":0},"south":{"uv":[5.0,1.5,5.75,1.625],"rotation":0,"texture":"#0","tintindex":0},"north":{"uv":[7.375,3.0,8.125,3.125],"rotation":0,"texture":"#0","tintindex":0},"west":{"uv":[5.625,7.5,6.0,7.625],"rotation":0,"texture":"#0","tintindex":0},"up":{"uv":[6.375,7.625,6.0,6.875],"rotation":90,"texture":"#0","tintindex":0},"down":{"uv":[6.75,6.875,6.375,7.625],"rotation":270,"texture":"#0","tintindex":0}}},{"from":[-6.005807,-0.43795586,12.7653675],"to":[-3.7200918,1.2763305,13.908224],"rotation":{"angle":0.0,"axis":"y","origin":[-3.4343777,0.97465324,13.336796]},"faces":{"east":{"uv":[2.625,7.5,2.875,7.875],"rotation":0,"texture":"#0","tintindex":0},"south":{"uv":[7.125,6.25,7.625,6.625],"rotation":0,"texture":"#0","tintindex":0},"north":{"uv":[7.125,6.625,7.625,7.0],"rotation":0,"texture":"#0","tintindex":0},"west":{"uv":[7.5,1.125,7.75,1.5],"rotation":0,"texture":"#0","tintindex":0},"up":{"uv":[4.75,3.0,4.25,2.75],"rotation":180,"texture":"#0","tintindex":0},"down":{"uv":[5.25,4.375,4.75,4.625],"rotation":180,"texture":"#0","tintindex":0}}},{"from":[3.4285712,-0.43795586,12.193939],"to":[5.142857,0.7049017,13.908224],"rotation":{"angle":0.0,"axis":"y","origin":[8.0,-0.43795586,13.336796]},"faces":{"east":{"uv":[7.375,0.5,7.75,0.75],"rotation":0,"texture":"#0","tintindex":0},"south":{"uv":[6.875,3.75,7.25,4.0],"rotation":0,"texture":"#0","tintindex":0},"north":{"uv":[7.25,3.75,7.625,4.0],"rotation":0,"texture":"#0","tintindex":0},"west":{"uv":[7.0,0.5,7.375,0.75],"rotation":0,"texture":"#0","tintindex":0},"up":{"uv":[6.0,7.5,5.625,7.125],"rotation":180,"texture":"#0","tintindex":0},"down":{"uv":[7.5,7.0,7.125,7.375],"rotation":180,"texture":"#0","tintindex":0}}},{"from":[2.8571424,9.847759,11.62251],"to":[4.5714283,10.419188,15.051081],"rotation":{"angle":0.0,"axis":"y","origin":[8.0,3.5620446,13.336796]},"faces":{"east":{"uv":[7.375,3.0,8.125,3.125],"rotation":0,"texture":"#0","tintindex":0},"south":{"uv":[7.375,3.125,7.75,3.25],"rotation":0,"texture":"#0","tintindex":0},"north":{"uv":[5.625,7.5,6.0,7.625],"rotation":0,"texture":"#0","tintindex":0},"west":{"uv":[5.0,1.5,5.75,1.625],"rotation":0,"texture":"#0","tintindex":0},"up":{"uv":[6.375,7.625,6.0,6.875],"rotation":180,"texture":"#0","tintindex":0},"down":{"uv":[6.75,6.875,6.375,7.625],"rotation":180,"texture":"#0","tintindex":0}}},{"from":[7.428571,-0.43795586,-0.66901016],"to":[8.571428,1.2763305,1.616704],"rotation":{"angle":0.0,"axis":"y","origin":[8.0,0.97465324,1.9024181]},"faces":{"east":{"uv":[7.125,6.625,7.625,7.0],"rotation":0,"texture":"#0","tintindex":0},"south":{"uv":[2.625,7.5,2.875,7.875],"rotation":0,"texture":"#0","tintindex":0},"north":{"uv":[7.5,1.125,7.75,1.5],"rotation":0,"texture":"#0","tintindex":0},"west":{"uv":[7.125,6.25,7.625,6.625],"rotation":0,"texture":"#0","tintindex":0},"up":{"uv":[4.75,3.0,4.25,2.75],"rotation":270,"texture":"#0","tintindex":0},"down":{"uv":[5.25,4.375,4.75,4.625],"rotation":90,"texture":"#0","tintindex":0}}},{"from":[7.428571,-0.43795586,8.765367],"to":[9.142858,0.7049017,10.479652],"rotation":{"angle":0.0,"axis":"y","origin":[8.0,-0.43795586,13.336796]},"faces":{"east":{"uv":[7.25,3.75,7.625,4.0],"rotation":0,"texture":"#0","tintindex":0},"south":{"uv":[7.375,0.5,7.75,0.75],"rotation":0,"texture":"#0","tintindex":0},"north":{"uv":[7.0,0.5,7.375,0.75],"rotation":0,"texture":"#0","tintindex":0},"west":{"uv":[6.875,3.75,7.25,4.0],"rotation":0,"texture":"#0","tintindex":0},"up":{"uv":[6.0,7.5,5.625,7.125],"rotation":270,"texture":"#0","tintindex":0},"down":{"uv":[7.5,7.0,7.125,7.375],"rotation":90,"texture":"#0","tintindex":0}}},{"from":[6.285714,9.847759,8.193938],"to":[9.714286,10.419188,9.908224],"rotation":{"angle":0.0,"axis":"y","origin":[8.0,3.5620446,13.336796]},"faces":{"east":{"uv":[5.625,7.5,6.0,7.625],"rotation":0,"texture":"#0","tintindex":0},"south":{"uv":[7.375,3.0,8.125,3.125],"rotation":0,"texture":"#0","tintindex":0},"north":{"uv":[5.0,1.5,5.75,1.625],"rotation":0,"texture":"#0","tintindex":0},"west":{"uv":[7.375,3.125,7.75,3.25],"rotation":0,"texture":"#0","tintindex":0},"up":{"uv":[6.375,7.625,6.0,6.875],"rotation":270,"texture":"#0","tintindex":0},"down":{"uv":[6.75,6.875,6.375,7.625],"rotation":90,"texture":"#0","tintindex":0}}},{"from":[-0.17240524,1.1542335,12.193939],"to":[-0.17240524,5.154234,14.479652],"rotation":{"angle":-45.0,"axis":"z","origin":[-0.17240524,3.1542335,13.336796]},"faces":{"east":{"uv":[7.375,1.5,6.875,2.375],"rotation":0,"texture":"#0","tintindex":0},"south":{"uv":[0.0,0.0,0.0,0.875],"rotation":0,"texture":"#0","tintindex":0},"north":{"uv":[0.0,0.0,0.0,0.875],"rotation":0,"texture":"#0","tintindex":0},"west":{"uv":[7.375,1.5,6.875,2.375],"rotation":0,"texture":"#0","tintindex":0},"up":{"uv":[0.0,0.5,0.0,0.0],"rotation":0,"texture":"#0","tintindex":0},"down":{"uv":[0.0,0.0,0.0,0.5],"rotation":0,"texture":"#0","tintindex":0}}},{"from":[2.6632047,4.285714,12.193939],"to":[2.6632047,10.0,14.479652],"rotation":{"angle":-22.5,"axis":"z","origin":[2.6632047,8.0,13.336796]},"faces":{"east":{"uv":[5.25,3.125,4.75,4.375],"rotation":0,"texture":"#0","tintindex":0},"south":{"uv":[0.0,0.0,0.0,1.25],"rotation":0,"texture":"#0","tintindex":0},"north":{"uv":[0.0,0.0,0.0,1.25],"rotation":0,"texture":"#0","tintindex":0},"west":{"uv":[5.25,3.125,4.75,4.375],"rotation":0,"texture":"#0","tintindex":0},"up":{"uv":[0.0,0.5,0.0,0.0],"rotation":0,"texture":"#0","tintindex":0},"down":{"uv":[0.0,0.0,0.0,0.5],"rotation":0,"texture":"#0","tintindex":0}}},{"from":[-5.4343777,0.97465324,12.193939],"to":[-1.4343777,0.97465324,14.479652],"rotation":{"angle":22.5,"axis":"z","origin":[-3.4343777,0.97465324,13.336796]},"faces":{"east":{"uv":[0.5,0.0,0.0,0.0],"rotation":0,"texture":"#0","tintindex":0},"south":{"uv":[0.875,0.0,0.0,0.0],"rotation":0,"texture":"#0","tintindex":0},"north":{"uv":[0.875,0.0,0.0,0.0],"rotation":0,"texture":"#0","tintindex":0},"west":{"uv":[0.5,0.0,0.0,0.0],"rotation":0,"texture":"#0","tintindex":0},"up":{"uv":[6.875,3.75,7.75,3.25],"rotation":0,"texture":"#0","tintindex":0},"down":{"uv":[6.875,3.25,7.75,3.75],"rotation":0,"texture":"#0","tintindex":0}}},{"from":[6.857143,0.97465324,22.771173],"to":[9.142858,0.97465324,26.771173],"rotation":{"angle":22.5,"axis":"x","origin":[8.0,0.97465324,24.771173]},"faces":{"east":{"uv":[0.0,0.0,0.875,0.0],"rotation":0,"texture":"#0","tintindex":0},"south":{"uv":[0.0,0.0,0.5,0.0],"rotation":0,"texture":"#0","tintindex":0},"north":{"uv":[0.0,0.0,0.5,0.0],"rotation":0,"texture":"#0","tintindex":0},"west":{"uv":[0.0,0.0,0.875,0.0],"rotation":0,"texture":"#0","tintindex":0},"up":{"uv":[7.75,3.75,6.875,3.25],"rotation":90,"texture":"#0","tintindex":0},"down":{"uv":[7.75,3.25,6.875,3.75],"rotation":270,"texture":"#0","tintindex":0}}},{"from":[6.857143,1.1542335,21.509201],"to":[9.142858,5.154234,21.509201],"rotation":{"angle":-45.0,"axis":"x","origin":[8.0,3.1542335,21.509201]},"faces":{"east":{"uv":[0.0,0.0,0.0,0.875],"rotation":0,"texture":"#0","tintindex":0},"south":{"uv":[6.875,1.5,7.375,2.375],"rotation":0,"texture":"#0","tintindex":0},"north":{"uv":[6.875,1.5,7.375,2.375],"rotation":0,"texture":"#0","tintindex":0},"west":{"uv":[0.0,0.0,0.0,0.875],"rotation":0,"texture":"#0","tintindex":0},"up":{"uv":[0.0,0.5,0.0,0.0],"rotation":90,"texture":"#0","tintindex":0},"down":{"uv":[0.0,0.0,0.0,0.5],"rotation":270,"texture":"#0","tintindex":0}}},{"from":[6.857143,4.285714,18.673592],"to":[9.142858,10.0,18.673592],"rotation":{"angle":-22.5,"axis":"x","origin":[8.0,8.0,18.673592]},"faces":{"east":{"uv":[0.0,0.0,0.0,1.25],"rotation":0,"texture":"#0","tintindex":0},"south":{"uv":[4.75,3.125,5.25,4.375],"rotation":0,"texture":"#0","tintindex":0},"north":{"uv":[4.75,3.125,5.25,4.375],"rotation":0,"texture":"#0","tintindex":0},"west":{"uv":[0.0,0.0,0.0,1.25],"rotation":0,"texture":"#0","tintindex":0},"up":{"uv":[0.0,0.5,0.0,0.0],"rotation":90,"texture":"#0","tintindex":0},"down":{"uv":[0.0,0.0,0.0,0.5],"rotation":270,"texture":"#0","tintindex":0}}},{"from":[6.857143,1.1542335,5.1643906],"to":[9.142858,5.154234,5.1643906],"rotation":{"angle":45.0,"axis":"x","origin":[8.0,3.1542335,5.1643906]},"faces":{"east":{"uv":[0.0,0.0,0.0,0.875],"rotation":0,"texture":"#0","tintindex":0},"south":{"uv":[7.375,1.5,6.875,2.375],"rotation":0,"texture":"#0","tintindex":0},"north":{"uv":[7.375,1.5,6.875,2.375],"rotation":0,"texture":"#0","tintindex":0},"west":{"uv":[0.0,0.0,0.0,0.875],"rotation":0,"texture":"#0","tintindex":0},"up":{"uv":[0.0,0.5,0.0,0.0],"rotation":90,"texture":"#0","tintindex":0},"down":{"uv":[0.0,0.0,0.0,0.5],"rotation":270,"texture":"#0","tintindex":0}}},{"from":[6.857143,4.285714,8.0],"to":[9.142858,10.0,8.0],"rotation":{"angle":22.5,"axis":"x","origin":[8.0,8.0,8.0]},"faces":{"east":{"uv":[0.0,0.0,0.0,1.25],"rotation":0,"texture":"#0","tintindex":0},"south":{"uv":[5.25,3.125,4.75,4.375],"rotation":0,"texture":"#0","tintindex":0},"north":{"uv":[5.25,3.125,4.75,4.375],"rotation":0,"texture":"#0","tintindex":0},"west":{"uv":[0.0,0.0,0.0,1.25],"rotation":0,"texture":"#0","tintindex":0},"up":{"uv":[0.0,0.5,0.0,0.0],"rotation":90,"texture":"#0","tintindex":0},"down":{"uv":[0.0,0.0,0.0,0.5],"rotation":270,"texture":"#0","tintindex":0}}}],"display":{"head":{"translation":[0.0,-6.4,0.0],"scale":[4.0,4.0,4.0]}}}