{"textures":{"0":"modelengine:entity/lumberjack"},"elements":[{"from":[5.4521117,7.084444,5.411368],"to":[10.0235405,11.655873,9.982797],"rotation":{"angle":0.0,"axis":"y","origin":[7.452112,-6.629842,7.1256537]},"faces":{"east":{"uv":[0.0125,3.1375,0.9875,4.1125],"rotation":0,"texture":"#0","tintindex":0},"south":{"uv":[3.1375,1.8875,4.1125,2.8625],"rotation":0,"texture":"#0","tintindex":0},"north":{"uv":[2.7625,0.8875,3.7375,1.8625],"rotation":0,"texture":"#0","tintindex":0},"west":{"uv":[3.1375,2.8875,4.1125,3.8625],"rotation":0,"texture":"#0","tintindex":0},"up":{"uv":[1.9875,4.4875,1.0125,3.5125],"rotation":0,"texture":"#0","tintindex":0},"down":{"uv":[2.9875,3.5125,2.0125,4.4875],"rotation":0,"texture":"#0","tintindex":0}}},{"from":[7.1663976,8.79873,4.839939],"to":[8.309255,9.941587,5.411368],"rotation":{"angle":0.0,"axis":"y","origin":[7.452112,-6.629842,7.1256537]},"faces":{"east":{"uv":[7.7625,0.0125,7.8625,0.2375],"rotation":0,"texture":"#0","tintindex":0},"south":{"uv":[6.7625,7.6375,6.9875,7.8625],"rotation":0,"texture":"#0","tintindex":0},"north":{"uv":[6.5125,7.6375,6.7375,7.8625],"rotation":0,"texture":"#0","tintindex":0},"west":{"uv":[7.7625,0.2625,7.8625,0.4875],"rotation":0,"texture":"#0","tintindex":0},"up":{"uv":[5.2375,2.8625,5.0125,2.7625],"rotation":0,"texture":"#0","tintindex":0},"down":{"uv":[0.7375,5.1375,0.5125,5.2375],"rotation":0,"texture":"#0","tintindex":0}}},{"from":[10.0235405,6.5130157,6.554225],"to":[10.594969,10.513016,7.6970825],"rotation":{"angle":0.0,"axis":"y","origin":[8.0235405,-6.629842,7.1256537]},"faces":{"east":{"uv":[4.2625,7.2625,4.4875,8.1125],"rotation":0,"texture":"#0","tintindex":0},"south":{"uv":[7.5125,7.5125,7.6125,8.3625],"rotation":0,"texture":"#0","tintindex":0},"north":{"uv":[3.7625,7.5125,3.8625,8.3625],"rotation":0,"texture":"#0","tintindex":0},"west":{"uv":[4.5125,7.2625,4.7375,8.1125],"rotation":0,"texture":"#0","tintindex":0},"up":{"uv":[1.3625,7.9875,1.2625,7.7625],"rotation":0,"texture":"#0","tintindex":0},"down":{"uv":[7.8625,1.2625,7.7625,1.4875],"rotation":0,"texture":"#0","tintindex":0}}},{"from":[6.0235405,5.941587,4.268511],"to":[9.452112,7.655873,5.9827967],"rotation":{"angle":0.0,"axis":"y","origin":[7.452112,-6.629842,7.1256537]},"faces":{"east":{"uv":[7.3875,5.7625,7.7375,6.1125],"rotation":0,"texture":"#0","tintindex":0},"south":{"uv":[6.8875,5.3875,7.6125,5.7375],"rotation":0,"texture":"#0","tintindex":0},"north":{"uv":[6.8875,5.0125,7.6125,5.3625],"rotation":0,"texture":"#0","tintindex":0},"west":{"uv":[6.1375,7.3875,6.4875,7.7375],"rotation":0,"texture":"#0","tintindex":0},"up":{"uv":[7.7375,1.6125,7.0125,1.2625],"rotation":0,"texture":"#0","tintindex":0},"down":{"uv":[7.7375,1.6375,7.0125,1.9875],"rotation":0,"texture":"#0","tintindex":0}}},{"from":[4.880683,6.5130157,4.839939],"to":[10.594969,8.79873,6.554225],"rotation":{"angle":0.0,"axis":"y","origin":[7.452112,-6.629842,7.1256537]},"faces":{"east":{"uv":[7.3875,3.2625,7.7375,3.7375],"rotation":0,"texture":"#0","tintindex":0},"south":{"uv":[5.1375,4.1375,6.3625,4.6125],"rotation":0,"texture":"#0","tintindex":0},"north":{"uv":[5.1375,3.6375,6.3625,4.1125],"rotation":0,"texture":"#0","tintindex":0},"west":{"uv":[5.1375,7.3875,5.4875,7.8625],"rotation":0,"texture":"#0","tintindex":0},"up":{"uv":[6.4875,3.6125,5.2625,3.2625],"rotation":0,"texture":"#0","tintindex":0},"down":{"uv":[7.4875,2.0125,6.2625,2.3625],"rotation":0,"texture":"#0","tintindex":0}}},{"from":[4.880683,6.5130157,6.554225],"to":[5.4521117,10.513016,7.6970825],"rotation":{"angle":0.0,"axis":"y","origin":[2.880683,-6.629842,7.1256537]},"faces":{"east":{"uv":[5.8875,7.0125,6.1125,7.8625],"rotation":0,"texture":"#0","tintindex":0},"south":{"uv":[2.6375,7.5125,2.7375,8.3625],"rotation":0,"texture":"#0","tintindex":0},"north":{"uv":[3.6375,0.0125,3.7375,0.8625],"rotation":0,"texture":"#0","tintindex":0},"west":{"uv":[4.0125,7.2625,4.2375,8.1125],"rotation":0,"texture":"#0","tintindex":0},"up":{"uv":[1.1125,7.9875,1.0125,7.7625],"rotation":0,"texture":"#0","tintindex":0},"down":{"uv":[1.2375,7.7625,1.1375,7.9875],"rotation":0,"texture":"#0","tintindex":0}}},{"from":[5.1663976,10.370159,5.1256533],"to":[10.309255,12.655873,10.839939],"rotation":{"angle":22.5,"axis":"x","origin":[7.7378263,10.79873,7.411368]},"faces":{"east":{"uv":[5.0125,1.7625,6.2375,2.2375],"rotation":0,"texture":"#0","tintindex":0},"south":{"uv":[5.3875,4.6375,6.4875,5.1125],"rotation":0,"texture":"#0","tintindex":0},"north":{"uv":[0.0125,5.2625,1.1125,5.7375],"rotation":0,"texture":"#0","tintindex":0},"west":{"uv":[5.0125,2.2625,6.2375,2.7375],"rotation":0,"texture":"#0","tintindex":0},"up":{"uv":[1.1125,1.2375,0.0125,0.0125],"rotation":0,"texture":"#0","tintindex":0},"down":{"uv":[2.2375,0.0125,1.1375,1.2375],"rotation":0,"texture":"#0","tintindex":0}}},{"from":[5.1899385,8.79873,7.872261],"to":[6.3327956,10.513016,9.015119],"rotation":{"angle":-22.5,"axis":"y","origin":[5.761367,9.655873,8.443689]},"faces":{"east":{"uv":[2.8875,7.6375,3.1125,7.9875],"rotation":0,"texture":"#0","tintindex":0},"south":{"uv":[7.6375,4.6375,7.8625,4.9875],"rotation":0,"texture":"#0","tintindex":0},"north":{"uv":[7.6375,2.7625,7.8625,3.1125],"rotation":0,"texture":"#0","tintindex":0},"west":{"uv":[7.6375,5.0125,7.8625,5.3625],"rotation":0,"texture":"#0","tintindex":0},"up":{"uv":[7.8625,6.9875,7.6375,6.7625],"rotation":0,"texture":"#0","tintindex":0},"down":{"uv":[7.8625,7.0125,7.6375,7.2375],"rotation":0,"texture":"#0","tintindex":0}}},{"from":[5.4521117,10.941587,6.268511],"to":[10.0235405,13.227302,10.839939],"rotation":{"angle":0.0,"axis":"y","origin":[7.7378263,10.79873,7.411368]},"faces":{"east":{"uv":[4.6375,5.7625,5.6125,6.2375],"rotation":0,"texture":"#0","tintindex":0},"south":{"uv":[5.6375,5.7625,6.6125,6.2375],"rotation":0,"texture":"#0","tintindex":0},"north":{"uv":[5.7625,0.8875,6.7375,1.3625],"rotation":0,"texture":"#0","tintindex":0},"west":{"uv":[1.0125,5.8875,1.9875,6.3625],"rotation":0,"texture":"#0","tintindex":0},"up":{"uv":[4.7375,0.9875,3.7625,0.0125],"rotation":0,"texture":"#0","tintindex":0},"down":{"uv":[3.9875,3.8875,3.0125,4.8625],"rotation":0,"texture":"#0","tintindex":0}}},{"from":[6.5949693,10.79873,10.268511],"to":[9.452112,12.513016,11.982797],"rotation":{"angle":22.5,"axis":"x","origin":[8.0235405,12.227302,10.268511]},"faces":{"east":{"uv":[2.6375,4.5125,2.9875,4.8625],"rotation":0,"texture":"#0","tintindex":0},"south":{"uv":[0.0125,7.2625,0.6125,7.6125],"rotation":0,"texture":"#0","tintindex":0},"north":{"uv":[7.0125,6.1375,7.6125,6.4875],"rotation":0,"texture":"#0","tintindex":0},"west":{"uv":[5.5125,7.3875,5.8625,7.7375],"rotation":0,"texture":"#0","tintindex":0},"up":{"uv":[7.8625,0.9875,7.2625,0.6375],"rotation":0,"texture":"#0","tintindex":0},"down":{"uv":[7.8625,2.3875,7.2625,2.7375],"rotation":0,"texture":"#0","tintindex":0}}},{"from":[9.142858,8.79873,7.872261],"to":[10.285714,10.513016,9.015119],"rotation":{"angle":22.5,"axis":"y","origin":[9.714286,9.655873,8.443689]},"faces":{"east":{"uv":[7.8625,5.0125,7.6375,5.3625],"rotation":0,"texture":"#0","tintindex":0},"south":{"uv":[7.8625,4.6375,7.6375,4.9875],"rotation":0,"texture":"#0","tintindex":0},"north":{"uv":[7.8625,2.7625,7.6375,3.1125],"rotation":0,"texture":"#0","tintindex":0},"west":{"uv":[3.1125,7.6375,2.8875,7.9875],"rotation":0,"texture":"#0","tintindex":0},"up":{"uv":[7.6375,6.9875,7.8625,6.7625],"rotation":0,"texture":"#0","tintindex":0},"down":{"uv":[7.6375,7.0125,7.8625,7.2375],"rotation":0,"texture":"#0","tintindex":0}}}],"display":{"head":{"translation":[0.0,-6.4,0.0],"scale":[4.0,4.0,4.0]}}}