{"textures":{"0":"modelengine:entity/lumberjack"},"elements":[{"from":[7.142857,6.285714,8.0],"to":[8.857143,8.0,10.285714],"rotation":{"angle":0.0,"axis":"y","origin":[9.428572,11.714286,8.571428]},"faces":{"east":{"uv":[2.2625,0.8875,2.7375,1.2375],"rotation":0,"texture":"#0","tintindex":0},"south":{"uv":[1.0125,3.1375,1.3625,3.4875],"rotation":0,"texture":"#0","tintindex":0},"north":{"uv":[2.7625,1.8875,3.1125,2.2375],"rotation":0,"texture":"#0","tintindex":0},"west":{"uv":[5.7625,1.3875,6.2375,1.7375],"rotation":0,"texture":"#0","tintindex":0},"up":{"uv":[5.1125,7.7375,4.7625,7.2625],"rotation":0,"texture":"#0","tintindex":0},"down":{"uv":[7.6125,6.7625,7.2625,7.2375],"rotation":0,"texture":"#0","tintindex":0}}},{"from":[6.857143,3.4804335,7.714286],"to":[9.142858,6.337577,10.571428],"rotation":{"angle":0.0,"axis":"y","origin":[9.428572,11.714286,8.571428]},"faces":{"east":{"uv":[4.6375,6.2625,5.2375,6.8625],"rotation":0,"texture":"#0","tintindex":0},"south":{"uv":[6.2625,6.7625,6.7375,7.3625],"rotation":0,"texture":"#0","tintindex":0},"north":{"uv":[1.7625,6.7625,2.2375,7.3625],"rotation":0,"texture":"#0","tintindex":0},"west":{"uv":[6.2625,5.1375,6.8625,5.7375],"rotation":0,"texture":"#0","tintindex":0},"up":{"uv":[7.2375,7.3625,6.7625,6.7625],"rotation":0,"texture":"#0","tintindex":0},"down":{"uv":[7.3625,0.0125,6.8875,0.6125],"rotation":0,"texture":"#0","tintindex":0}}},{"from":[6.857143,3.4804335,7.142857],"to":[9.142858,4.623291,7.714286],"rotation":{"angle":0.0,"axis":"y","origin":[9.428572,11.714286,8.571428]},"faces":{"east":{"uv":[6.3875,4.3875,6.4875,4.6125],"rotation":0,"texture":"#0","tintindex":0},"south":{"uv":[1.0125,7.5125,1.4875,7.7375],"rotation":0,"texture":"#0","tintindex":0},"north":{"uv":[6.5125,7.3875,6.9875,7.6125],"rotation":0,"texture":"#0","tintindex":0},"west":{"uv":[4.5125,6.6375,4.6125,6.8625],"rotation":0,"texture":"#0","tintindex":0},"up":{"uv":[0.4875,5.2375,0.0125,5.1375],"rotation":0,"texture":"#0","tintindex":0},"down":{"uv":[7.7375,4.2625,7.2625,4.3625],"rotation":0,"texture":"#0","tintindex":0}}}],"display":{"head":{"translation":[0.0,-6.4,0.0],"scale":[4.0,4.0,4.0]}}}