{"textures":{"0":"modelengine:entity/lumberjack"},"elements":[{"from":[7.428571,5.714286,6.285714],"to":[9.142858,8.0,9.714286],"rotation":{"angle":0.0,"axis":"y","origin":[13.142858,13.142858,6.857143]},"faces":{"east":{"uv":[6.2625,6.2625,6.9875,6.7375],"rotation":0,"texture":"#0","tintindex":0},"south":{"uv":[1.7625,7.3875,2.1125,7.8625],"rotation":0,"texture":"#0","tintindex":0},"north":{"uv":[7.3875,0.0125,7.7375,0.4875],"rotation":0,"texture":"#0","tintindex":0},"west":{"uv":[1.0125,6.3875,1.7375,6.8625],"rotation":0,"texture":"#0","tintindex":0},"up":{"uv":[3.8625,5.6125,3.5125,4.8875],"rotation":0,"texture":"#0","tintindex":0},"down":{"uv":[3.1125,6.8875,2.7625,7.6125],"rotation":0,"texture":"#0","tintindex":0}}},{"from":[9.142858,6.857143,6.285714],"to":[10.285714,8.0,8.571428],"rotation":{"angle":0.0,"axis":"y","origin":[13.142858,13.142858,6.857143]},"faces":{"east":{"uv":[7.5125,2.0125,7.9875,2.2375],"rotation":0,"texture":"#0","tintindex":0},"south":{"uv":[7.6375,6.1375,7.8625,6.3625],"rotation":0,"texture":"#0","tintindex":0},"north":{"uv":[7.6375,5.3875,7.8625,5.6125],"rotation":0,"texture":"#0","tintindex":0},"west":{"uv":[2.1375,7.5125,2.6125,7.7375],"rotation":0,"texture":"#0","tintindex":0},"up":{"uv":[7.2375,7.8625,7.0125,7.3875],"rotation":0,"texture":"#0","tintindex":0},"down":{"uv":[7.4875,7.5125,7.2625,7.9875],"rotation":0,"texture":"#0","tintindex":0}}}],"display":{"head":{"translation":[0.0,-6.4,0.0],"scale":[4.0,4.0,4.0]}}}