{"textures":{"0":"modelengine:entity/lumberjack"},"elements":[{"from":[5.142857,4.0,6.0],"to":[8.0,9.714286,10.0],"rotation":{"angle":0.0,"axis":"y","origin":[11.142858,6.285714,6.857143]},"faces":{"east":{"uv":[1.3875,2.2625,2.2375,3.4875],"rotation":0,"texture":"#0","tintindex":0},"south":{"uv":[4.0125,4.7625,4.6125,5.9875],"rotation":0,"texture":"#0","tintindex":0},"north":{"uv":[2.0125,4.5125,2.6125,5.7375],"rotation":0,"texture":"#0","tintindex":0},"west":{"uv":[2.2625,2.2625,3.1125,3.4875],"rotation":0,"texture":"#0","tintindex":0},"up":{"uv":[3.8625,6.4875,3.2625,5.6375],"rotation":0,"texture":"#0","tintindex":0},"down":{"uv":[0.6125,5.7625,0.0125,6.6125],"rotation":0,"texture":"#0","tintindex":0}}},{"from":[4.8571424,6.285714,5.714286],"to":[8.285714,7.428571,10.285714],"rotation":{"angle":0.0,"axis":"y","origin":[11.142858,6.285714,6.857143]},"faces":{"east":{"uv":[4.1375,3.6375,5.1125,3.8625],"rotation":0,"texture":"#0","tintindex":0},"south":{"uv":[7.2625,7.2625,7.9875,7.4875],"rotation":0,"texture":"#0","tintindex":0},"north":{"uv":[7.2625,4.0125,7.9875,4.2375],"rotation":0,"texture":"#0","tintindex":0},"west":{"uv":[7.0125,4.3875,7.9875,4.6125],"rotation":0,"texture":"#0","tintindex":0},"up":{"uv":[5.4875,0.9875,4.7625,0.0125],"rotation":0,"texture":"#0","tintindex":0},"down":{"uv":[5.3625,4.7625,4.6375,5.7375],"rotation":0,"texture":"#0","tintindex":0}}}],"display":{"head":{"translation":[0.0,-6.4,0.0],"scale":[4.0,4.0,4.0]}}}