{"textures":{"0":"modelengine:entity/lumberjack"},"elements":[{"from":[6.857143,5.142857,4.5714283],"to":[9.142858,8.0,8.0],"rotation":{"angle":0.0,"axis":"y","origin":[3.4285712,10.285714,5.142857]},"faces":{"east":{"uv":[6.9875,1.3875,6.2625,1.9875],"rotation":0,"texture":"#0","tintindex":0},"south":{"uv":[2.7375,6.8875,2.2625,7.4875],"rotation":0,"texture":"#0","tintindex":0},"north":{"uv":[1.4875,6.8875,1.0125,7.4875],"rotation":0,"texture":"#0","tintindex":0},"west":{"uv":[6.8625,0.0125,6.1375,0.6125],"rotation":0,"texture":"#0","tintindex":0},"up":{"uv":[5.2625,6.9875,5.7375,6.2625],"rotation":0,"texture":"#0","tintindex":0},"down":{"uv":[5.7625,6.2625,6.2375,6.9875],"rotation":0,"texture":"#0","tintindex":0}}}],"display":{"head":{"translation":[0.0,-6.4,0.0],"scale":[4.0,4.0,4.0]}}}