{"textures":{"0":"modelengine:entity/lumberjack"},"elements":[{"from":[6.857143,5.714286,6.285714],"to":[8.571428,8.0,9.714286],"rotation":{"angle":0.0,"axis":"y","origin":[2.8571424,13.142858,6.857143]},"faces":{"east":{"uv":[1.7375,6.3875,1.0125,6.8625],"rotation":0,"texture":"#0","tintindex":0},"south":{"uv":[2.1125,7.3875,1.7625,7.8625],"rotation":0,"texture":"#0","tintindex":0},"north":{"uv":[7.7375,0.0125,7.3875,0.4875],"rotation":0,"texture":"#0","tintindex":0},"west":{"uv":[6.9875,6.2625,6.2625,6.7375],"rotation":0,"texture":"#0","tintindex":0},"up":{"uv":[3.5125,5.6125,3.8625,4.8875],"rotation":0,"texture":"#0","tintindex":0},"down":{"uv":[2.7625,6.8875,3.1125,7.6125],"rotation":0,"texture":"#0","tintindex":0}}},{"from":[5.714286,6.857143,6.285714],"to":[6.857143,8.0,8.571428],"rotation":{"angle":0.0,"axis":"y","origin":[2.8571424,13.142858,6.857143]},"faces":{"east":{"uv":[2.6125,7.5125,2.1375,7.7375],"rotation":0,"texture":"#0","tintindex":0},"south":{"uv":[7.8625,6.1375,7.6375,6.3625],"rotation":0,"texture":"#0","tintindex":0},"north":{"uv":[7.8625,5.3875,7.6375,5.6125],"rotation":0,"texture":"#0","tintindex":0},"west":{"uv":[7.9875,2.0125,7.5125,2.2375],"rotation":0,"texture":"#0","tintindex":0},"up":{"uv":[7.0125,7.8625,7.2375,7.3875],"rotation":0,"texture":"#0","tintindex":0},"down":{"uv":[7.2625,7.5125,7.4875,7.9875],"rotation":0,"texture":"#0","tintindex":0}}},{"from":[7.142857,6.5714283,4.0],"to":[7.714286,7.714286,14.857143],"rotation":{"angle":0.0,"axis":"y","origin":[2.8571424,13.142858,6.857143]},"faces":{"east":{"uv":[7.6125,3.0125,5.2625,3.2375],"rotation":0,"texture":"#0","tintindex":0},"south":{"uv":[7.7375,7.5125,7.6375,7.7375],"rotation":0,"texture":"#0","tintindex":0},"north":{"uv":[0.6125,7.0125,0.5125,7.2375],"rotation":0,"texture":"#0","tintindex":0},"west":{"uv":[7.6125,2.7625,5.2625,2.9875],"rotation":0,"texture":"#0","tintindex":0},"up":{"uv":[3.5125,8.8625,3.6125,6.5125],"rotation":0,"texture":"#0","tintindex":0},"down":{"uv":[3.6375,6.5125,3.7375,8.8625],"rotation":0,"texture":"#0","tintindex":0}}},{"from":[6.857143,6.285714,0.0],"to":[8.0,8.0,4.0],"rotation":{"angle":0.0,"axis":"y","origin":[2.8571424,13.142858,6.857143]},"faces":{"east":{"uv":[7.3625,3.2625,6.5125,3.6125],"rotation":0,"texture":"#0","tintindex":0},"south":{"uv":[0.4875,7.6375,0.2625,7.9875],"rotation":0,"texture":"#0","tintindex":0},"north":{"uv":[0.2375,7.6375,0.0125,7.9875],"rotation":0,"texture":"#0","tintindex":0},"west":{"uv":[3.4875,6.5125,2.6375,6.8625],"rotation":0,"texture":"#0","tintindex":0},"up":{"uv":[1.5125,7.7375,1.7375,6.8875],"rotation":0,"texture":"#0","tintindex":0},"down":{"uv":[3.1375,6.8875,3.3625,7.7375],"rotation":0,"texture":"#0","tintindex":0}}},{"from":[7.142857,4.5714283,0.28571415],"to":[7.714286,6.285714,3.7142854],"rotation":{"angle":0.0,"axis":"y","origin":[2.8571424,13.142858,6.857143]},"faces":{"east":{"uv":[5.2375,6.8875,4.5125,7.2375],"rotation":0,"texture":"#0","tintindex":0},"south":{"uv":[0.9875,4.1375,0.8875,4.4875],"rotation":0,"texture":"#0","tintindex":0},"north":{"uv":[3.1125,3.5125,3.0125,3.8625],"rotation":0,"texture":"#0","tintindex":0},"west":{"uv":[7.3625,5.7625,6.6375,6.1125],"rotation":0,"texture":"#0","tintindex":0},"up":{"uv":[0.5125,8.3625,0.6125,7.6375],"rotation":0,"texture":"#0","tintindex":0},"down":{"uv":[2.7625,7.6375,2.8625,8.3625],"rotation":0,"texture":"#0","tintindex":0}}},{"from":[7.142857,2.8571424,-0.2857151],"to":[7.714286,4.5714283,4.285714],"rotation":{"angle":0.0,"axis":"y","origin":[2.8571424,13.142858,6.857143]},"faces":{"east":{"uv":[7.3625,3.6375,6.3875,3.9875],"rotation":0,"texture":"#0","tintindex":0},"south":{"uv":[6.2375,7.0125,6.1375,7.3625],"rotation":0,"texture":"#0","tintindex":0},"north":{"uv":[0.6125,6.6375,0.5125,6.9875],"rotation":0,"texture":"#0","tintindex":0},"west":{"uv":[7.2375,2.3875,6.2625,2.7375],"rotation":0,"texture":"#0","tintindex":0},"up":{"uv":[3.7625,7.4875,3.8625,6.5125],"rotation":0,"texture":"#0","tintindex":0},"down":{"uv":[3.3875,6.8875,3.4875,7.8625],"rotation":0,"texture":"#0","tintindex":0}}}],"display":{"head":{"translation":[0.0,-6.4,0.0],"scale":[4.0,4.0,4.0]}}}