{"textures":{"0":"minecraft:item/iron_sword","1":"minecraft:item/iron_axe","2":"modelengine:entity/dungeon_weapon_rack"},"elements":[{"from":[14.857143,14.857143,8.571428],"to":[16.57143,16.57143,9.142858],"rotation":{"angle":-45.0,"axis":"z","origin":[11.93985,19.6391,8.857143]},"faces":{"east":{"uv":[15.0,3.0,16.0,0.0],"rotation":0,"texture":"#0","tintindex":0},"south":{"uv":[13.0,3.0,16.0,0.0],"rotation":0,"texture":"#0","tintindex":0},"north":{"uv":[13.0,0.0,16.0,3.0],"rotation":180,"texture":"#0","tintindex":0},"west":{"uv":[13.0,3.0,14.0,0.0],"rotation":0,"texture":"#0","tintindex":0},"up":{"uv":[13.0,3.0,16.0,2.0],"rotation":0,"texture":"#0","tintindex":0},"down":{"uv":[16.0,1.0,13.0,0.0],"rotation":180,"texture":"#0","tintindex":0}}},{"from":[14.285715,15.428572,8.571428],"to":[14.857143,18.285715,9.142858],"rotation":{"angle":-45.0,"axis":"z","origin":[11.93985,19.6391,8.857143]},"faces":{"east":{"uv":[12.0,6.0,13.0,1.0],"rotation":0,"texture":"#0","tintindex":0},"south":{"uv":[12.0,6.0,13.0,1.0],"rotation":0,"texture":"#0","tintindex":0},"north":{"uv":[12.0,1.0,13.0,6.0],"rotation":180,"texture":"#0","tintindex":0},"west":{"uv":[12.0,6.0,13.0,1.0],"rotation":0,"texture":"#0","tintindex":0},"up":{"uv":[12.0,6.0,13.0,5.0],"rotation":0,"texture":"#0","tintindex":0},"down":{"uv":[13.0,2.0,12.0,1.0],"rotation":180,"texture":"#0","tintindex":0}}},{"from":[13.714286,16.0,8.571428],"to":[14.285715,18.857143,9.142858],"rotation":{"angle":-45.0,"axis":"z","origin":[11.93985,19.6391,8.857143]},"faces":{"east":{"uv":[11.0,7.0,12.0,2.0],"rotation":0,"texture":"#0","tintindex":0},"south":{"uv":[11.0,7.0,12.0,2.0],"rotation":0,"texture":"#0","tintindex":0},"north":{"uv":[11.0,2.0,12.0,7.0],"rotation":180,"texture":"#0","tintindex":0},"west":{"uv":[11.0,7.0,12.0,2.0],"rotation":0,"texture":"#0","tintindex":0},"up":{"uv":[11.0,7.0,12.0,6.0],"rotation":0,"texture":"#0","tintindex":0},"down":{"uv":[12.0,3.0,11.0,2.0],"rotation":180,"texture":"#0","tintindex":0}}},{"from":[2.2857141,8.571428,9.714286],"to":[4.0,22.857143,10.285714],"rotation":{"angle":0.0,"axis":"y","origin":[8.0,8.0,8.0]},"faces":{"east":{"uv":[1.75,6.25,1.5,12.5],"rotation":0,"texture":"#2","tintindex":0},"south":{"uv":[3.5,4.0,2.75,10.25],"rotation":0,"texture":"#2","tintindex":0},"north":{"uv":[2.75,4.0,2.0,10.25],"rotation":0,"texture":"#2","tintindex":0},"west":{"uv":[1.5,6.25,1.25,12.5],"rotation":0,"texture":"#2","tintindex":0},"up":{"uv":[8.25,3.0,9.0,2.75],"rotation":0,"texture":"#2","tintindex":0},"down":{"uv":[8.25,3.0,9.0,3.25],"rotation":0,"texture":"#2","tintindex":0}}},{"from":[12.0,8.0,5.714286],"to":[13.714286,8.571428,12.0],"rotation":{"angle":0.0,"axis":"y","origin":[8.0,8.0,8.0]},"faces":{"east":{"uv":[7.5,0.0,10.25,0.25],"rotation":0,"texture":"#2","tintindex":0},"south":{"uv":[8.25,3.5,9.0,3.75],"rotation":0,"texture":"#2","tintindex":0},"north":{"uv":[8.25,3.25,9.0,3.5],"rotation":0,"texture":"#2","tintindex":0},"west":{"uv":[7.5,0.25,10.25,0.5],"rotation":0,"texture":"#2","tintindex":0},"up":{"uv":[6.25,7.75,5.5,5.0],"rotation":0,"texture":"#2","tintindex":0},"down":{"uv":[0.75,6.25,0.0,9.0],"rotation":0,"texture":"#2","tintindex":0}}},{"from":[12.0,8.571428,9.714286],"to":[13.714286,22.857143,10.285714],"rotation":{"angle":0.0,"axis":"y","origin":[8.0,8.0,8.0]},"faces":{"east":{"uv":[1.25,6.25,1.5,12.5],"rotation":0,"texture":"#2","tintindex":0},"south":{"uv":[2.75,4.0,3.5,10.25],"rotation":0,"texture":"#2","tintindex":0},"north":{"uv":[2.0,4.0,2.75,10.25],"rotation":0,"texture":"#2","tintindex":0},"west":{"uv":[1.5,6.25,1.75,12.5],"rotation":0,"texture":"#2","tintindex":0},"up":{"uv":[9.0,3.0,8.25,2.75],"rotation":0,"texture":"#2","tintindex":0},"down":{"uv":[9.0,3.0,8.25,3.25],"rotation":0,"texture":"#2","tintindex":0}}},{"from":[2.2857141,8.571428,8.571428],"to":[13.714286,10.857143,9.714286],"rotation":{"angle":0.0,"axis":"y","origin":[8.0,8.0,8.0]},"faces":{"east":{"uv":[4.0,7.75,4.5,8.75],"rotation":0,"texture":"#2","tintindex":0},"south":{"uv":[2.0,3.0,7.0,4.0],"rotation":0,"texture":"#2","tintindex":0},"north":{"uv":[2.0,2.0,7.0,3.0],"rotation":0,"texture":"#2","tintindex":0},"west":{"uv":[4.5,7.75,5.0,8.75],"rotation":0,"texture":"#2","tintindex":0},"up":{"uv":[10.5,4.5,5.5,4.0],"rotation":0,"texture":"#2","tintindex":0},"down":{"uv":[10.5,4.5,5.5,5.0],"rotation":0,"texture":"#2","tintindex":0}}},{"from":[5.142857,18.285715,8.0],"to":[6.857143,20.57143,9.142858],"rotation":{"angle":0.0,"axis":"y","origin":[8.0,8.0,8.0]},"faces":{"east":{"uv":[7.75,3.0,8.25,4.0],"rotation":0,"texture":"#2","tintindex":0},"south":{"uv":[7.0,6.5,7.75,7.5],"rotation":0,"texture":"#2","tintindex":0},"north":{"uv":[7.0,5.5,7.75,6.5],"rotation":0,"texture":"#2","tintindex":0},"west":{"uv":[3.5,7.75,4.0,8.75],"rotation":0,"texture":"#2","tintindex":0},"up":{"uv":[8.75,1.5,8.0,1.0],"rotation":0,"texture":"#2","tintindex":0},"down":{"uv":[8.75,1.5,8.0,2.0],"rotation":0,"texture":"#2","tintindex":0}}},{"from":[1.7142854,18.285715,8.0],"to":[3.4285712,20.57143,9.142858],"rotation":{"angle":0.0,"axis":"y","origin":[8.0,8.0,8.0]},"faces":{"east":{"uv":[7.25,7.5,7.75,8.5],"rotation":0,"texture":"#2","tintindex":0},"south":{"uv":[7.0,3.0,7.75,4.0],"rotation":0,"texture":"#2","tintindex":0},"north":{"uv":[7.0,2.0,7.75,3.0],"rotation":0,"texture":"#2","tintindex":0},"west":{"uv":[7.75,2.0,8.25,3.0],"rotation":0,"texture":"#2","tintindex":0},"up":{"uv":[8.5,7.5,7.75,7.0],"rotation":0,"texture":"#2","tintindex":0},"down":{"uv":[8.5,7.5,7.75,8.0],"rotation":0,"texture":"#2","tintindex":0}}},{"from":[9.142858,18.285715,8.0],"to":[10.857143,20.57143,9.142858],"rotation":{"angle":0.0,"axis":"y","origin":[8.0,8.0,8.0]},"faces":{"east":{"uv":[6.25,7.5,6.75,8.5],"rotation":0,"texture":"#2","tintindex":0},"south":{"uv":[4.25,6.75,5.0,7.75],"rotation":0,"texture":"#2","tintindex":0},"north":{"uv":[3.5,6.75,4.25,7.75],"rotation":0,"texture":"#2","tintindex":0},"west":{"uv":[6.75,7.5,7.25,8.5],"rotation":0,"texture":"#2","tintindex":0},"up":{"uv":[8.5,6.5,7.75,6.0],"rotation":0,"texture":"#2","tintindex":0},"down":{"uv":[8.5,6.5,7.75,7.0],"rotation":0,"texture":"#2","tintindex":0}}},{"from":[12.571428,18.285715,8.0],"to":[14.285715,20.57143,9.142858],"rotation":{"angle":0.0,"axis":"y","origin":[8.0,8.0,8.0]},"faces":{"east":{"uv":[5.0,6.75,5.5,7.75],"rotation":0,"texture":"#2","tintindex":0},"south":{"uv":[6.25,6.5,7.0,7.5],"rotation":0,"texture":"#2","tintindex":0},"north":{"uv":[6.25,5.5,7.0,6.5],"rotation":0,"texture":"#2","tintindex":0},"west":{"uv":[7.5,1.0,8.0,2.0],"rotation":0,"texture":"#2","tintindex":0},"up":{"uv":[5.75,8.25,5.0,7.75],"rotation":0,"texture":"#2","tintindex":0},"down":{"uv":[8.5,5.5,7.75,6.0],"rotation":0,"texture":"#2","tintindex":0}}},{"from":[1.7142854,18.285715,9.142858],"to":[14.285715,20.57143,9.714286],"rotation":{"angle":0.0,"axis":"y","origin":[8.0,8.0,8.0]},"faces":{"east":{"uv":[1.75,6.25,2.0,7.25],"rotation":0,"texture":"#2","tintindex":0},"south":{"uv":[2.0,1.0,7.5,2.0],"rotation":0,"texture":"#2","tintindex":0},"north":{"uv":[2.0,0.0,7.5,1.0],"rotation":0,"texture":"#2","tintindex":0},"west":{"uv":[1.75,7.25,2.0,8.25],"rotation":0,"texture":"#2","tintindex":0},"up":{"uv":[11.75,5.25,6.25,5.0],"rotation":0,"texture":"#2","tintindex":0},"down":{"uv":[11.75,5.25,6.25,5.5],"rotation":0,"texture":"#2","tintindex":0}}},{"from":[2.2857141,8.0,5.714286],"to":[4.0,8.571428,12.0],"rotation":{"angle":0.0,"axis":"y","origin":[8.0,8.0,8.0]},"faces":{"east":{"uv":[10.25,0.25,7.5,0.5],"rotation":0,"texture":"#2","tintindex":0},"south":{"uv":[9.0,3.5,8.25,3.75],"rotation":0,"texture":"#2","tintindex":0},"north":{"uv":[9.0,3.25,8.25,3.5],"rotation":0,"texture":"#2","tintindex":0},"west":{"uv":[10.25,0.0,7.5,0.25],"rotation":0,"texture":"#2","tintindex":0},"up":{"uv":[5.5,7.75,6.25,5.0],"rotation":0,"texture":"#2","tintindex":0},"down":{"uv":[0.0,6.25,0.75,9.0],"rotation":0,"texture":"#2","tintindex":0}}},{"from":[13.142858,16.57143,8.571428],"to":[13.714286,19.428572,9.142858],"rotation":{"angle":-45.0,"axis":"z","origin":[11.93985,19.6391,8.857143]},"faces":{"east":{"uv":[10.0,8.0,11.0,3.0],"rotation":0,"texture":"#0","tintindex":0},"south":{"uv":[10.0,8.0,11.0,3.0],"rotation":0,"texture":"#0","tintindex":0},"north":{"uv":[10.0,3.0,11.0,8.0],"rotation":180,"texture":"#0","tintindex":0},"west":{"uv":[10.0,8.0,11.0,3.0],"rotation":0,"texture":"#0","tintindex":0},"up":{"uv":[10.0,8.0,11.0,7.0],"rotation":0,"texture":"#0","tintindex":0},"down":{"uv":[11.0,4.0,10.0,3.0],"rotation":180,"texture":"#0","tintindex":0}}},{"from":[14.857143,16.57143,8.571428],"to":[16.0,17.142857,9.142858],"rotation":{"angle":-45.0,"axis":"z","origin":[11.93985,19.6391,8.857143]},"faces":{"east":{"uv":[14.0,4.0,15.0,3.0],"rotation":0,"texture":"#0","tintindex":0},"south":{"uv":[13.0,4.0,15.0,3.0],"rotation":0,"texture":"#0","tintindex":0},"north":{"uv":[13.0,3.0,15.0,4.0],"rotation":180,"texture":"#0","tintindex":0},"west":{"uv":[13.0,4.0,14.0,3.0],"rotation":0,"texture":"#0","tintindex":0},"up":{"uv":[13.0,4.0,15.0,3.0],"rotation":0,"texture":"#0","tintindex":0},"down":{"uv":[15.0,4.0,13.0,3.0],"rotation":180,"texture":"#0","tintindex":0}}},{"from":[12.571428,17.142857,8.571428],"to":[13.142858,20.0,9.142858],"rotation":{"angle":-45.0,"axis":"z","origin":[11.93985,19.6391,8.857143]},"faces":{"east":{"uv":[9.0,9.0,10.0,4.0],"rotation":0,"texture":"#0","tintindex":0},"south":{"uv":[9.0,9.0,10.0,4.0],"rotation":0,"texture":"#0","tintindex":0},"north":{"uv":[9.0,4.0,10.0,9.0],"rotation":180,"texture":"#0","tintindex":0},"west":{"uv":[9.0,9.0,10.0,4.0],"rotation":0,"texture":"#0","tintindex":0},"up":{"uv":[9.0,9.0,10.0,8.0],"rotation":0,"texture":"#0","tintindex":0},"down":{"uv":[10.0,5.0,9.0,4.0],"rotation":180,"texture":"#0","tintindex":0}}},{"from":[14.857143,17.142857,8.571428],"to":[15.428572,17.714287,9.142858],"rotation":{"angle":-45.0,"axis":"z","origin":[11.93985,19.6391,8.857143]},"faces":{"east":{"uv":[13.0,5.0,14.0,4.0],"rotation":0,"texture":"#0","tintindex":0},"south":{"uv":[13.0,5.0,14.0,4.0],"rotation":0,"texture":"#0","tintindex":0},"north":{"uv":[13.0,4.0,14.0,5.0],"rotation":180,"texture":"#0","tintindex":0},"west":{"uv":[13.0,5.0,14.0,4.0],"rotation":0,"texture":"#0","tintindex":0},"up":{"uv":[13.0,5.0,14.0,4.0],"rotation":0,"texture":"#0","tintindex":0},"down":{"uv":[14.0,5.0,13.0,4.0],"rotation":180,"texture":"#0","tintindex":0}}},{"from":[12.0,17.714287,8.571428],"to":[12.571428,20.57143,9.142858],"rotation":{"angle":-45.0,"axis":"z","origin":[11.93985,19.6391,8.857143]},"faces":{"east":{"uv":[8.0,10.0,9.0,5.0],"rotation":0,"texture":"#0","tintindex":0},"south":{"uv":[8.0,10.0,9.0,5.0],"rotation":0,"texture":"#0","tintindex":0},"north":{"uv":[8.0,5.0,9.0,10.0],"rotation":180,"texture":"#0","tintindex":0},"west":{"uv":[8.0,10.0,9.0,5.0],"rotation":0,"texture":"#0","tintindex":0},"up":{"uv":[8.0,10.0,9.0,9.0],"rotation":0,"texture":"#0","tintindex":0},"down":{"uv":[9.0,6.0,8.0,5.0],"rotation":180,"texture":"#0","tintindex":0}}},{"from":[8.571428,18.285715,8.571428],"to":[9.714286,19.428572,9.142858],"rotation":{"angle":-45.0,"axis":"z","origin":[11.93985,19.6391,8.857143]},"faces":{"east":{"uv":[3.0,8.0,4.0,6.0],"rotation":0,"texture":"#0","tintindex":0},"south":{"uv":[2.0,8.0,4.0,6.0],"rotation":0,"texture":"#0","tintindex":0},"north":{"uv":[2.0,6.0,4.0,8.0],"rotation":180,"texture":"#0","tintindex":0},"west":{"uv":[2.0,8.0,3.0,6.0],"rotation":0,"texture":"#0","tintindex":0},"up":{"uv":[2.0,8.0,4.0,7.0],"rotation":0,"texture":"#0","tintindex":0},"down":{"uv":[4.0,7.0,2.0,6.0],"rotation":180,"texture":"#0","tintindex":0}}},{"from":[11.428572,18.285715,8.571428],"to":[12.0,22.285715,9.142858],"rotation":{"angle":-45.0,"axis":"z","origin":[11.93985,19.6391,8.857143]},"faces":{"east":{"uv":[7.0,13.0,8.0,6.0],"rotation":0,"texture":"#0","tintindex":0},"south":{"uv":[7.0,13.0,8.0,6.0],"rotation":0,"texture":"#0","tintindex":0},"north":{"uv":[7.0,6.0,8.0,13.0],"rotation":180,"texture":"#0","tintindex":0},"west":{"uv":[7.0,13.0,8.0,6.0],"rotation":0,"texture":"#0","tintindex":0},"up":{"uv":[7.0,13.0,8.0,12.0],"rotation":0,"texture":"#0","tintindex":0},"down":{"uv":[8.0,7.0,7.0,6.0],"rotation":180,"texture":"#0","tintindex":0}}},{"from":[9.714286,18.857143,8.571428],"to":[10.285714,22.285715,9.142858],"rotation":{"angle":-45.0,"axis":"z","origin":[11.93985,19.6391,8.857143]},"faces":{"east":{"uv":[4.0,13.0,5.0,7.0],"rotation":0,"texture":"#0","tintindex":0},"south":{"uv":[4.0,13.0,5.0,7.0],"rotation":0,"texture":"#0","tintindex":0},"north":{"uv":[4.0,7.0,5.0,13.0],"rotation":180,"texture":"#0","tintindex":0},"west":{"uv":[4.0,13.0,5.0,7.0],"rotation":0,"texture":"#0","tintindex":0},"up":{"uv":[4.0,13.0,5.0,12.0],"rotation":0,"texture":"#0","tintindex":0},"down":{"uv":[5.0,8.0,4.0,7.0],"rotation":180,"texture":"#0","tintindex":0}}},{"from":[10.857143,18.857143,8.571428],"to":[11.428572,22.285715,9.142858],"rotation":{"angle":-45.0,"axis":"z","origin":[11.93985,19.6391,8.857143]},"faces":{"east":{"uv":[6.0,13.0,7.0,7.0],"rotation":0,"texture":"#0","tintindex":0},"south":{"uv":[6.0,13.0,7.0,7.0],"rotation":0,"texture":"#0","tintindex":0},"north":{"uv":[6.0,7.0,7.0,13.0],"rotation":180,"texture":"#0","tintindex":0},"west":{"uv":[6.0,13.0,7.0,7.0],"rotation":0,"texture":"#0","tintindex":0},"up":{"uv":[6.0,13.0,7.0,12.0],"rotation":0,"texture":"#0","tintindex":0},"down":{"uv":[7.0,8.0,6.0,7.0],"rotation":180,"texture":"#0","tintindex":0}}},{"from":[9.142858,19.428572,8.571428],"to":[9.714286,20.57143,9.142858],"rotation":{"angle":-45.0,"axis":"z","origin":[11.93985,19.6391,8.857143]},"faces":{"east":{"uv":[3.0,10.0,4.0,8.0],"rotation":0,"texture":"#0","tintindex":0},"south":{"uv":[3.0,10.0,4.0,8.0],"rotation":0,"texture":"#0","tintindex":0},"north":{"uv":[3.0,8.0,4.0,10.0],"rotation":180,"texture":"#0","tintindex":0},"west":{"uv":[3.0,10.0,4.0,8.0],"rotation":0,"texture":"#0","tintindex":0},"up":{"uv":[3.0,10.0,4.0,9.0],"rotation":0,"texture":"#0","tintindex":0},"down":{"uv":[4.0,9.0,3.0,8.0],"rotation":180,"texture":"#0","tintindex":0}}},{"from":[10.285714,19.428572,8.571428],"to":[10.857143,21.714287,9.142858],"rotation":{"angle":-45.0,"axis":"z","origin":[11.93985,19.6391,8.857143]},"faces":{"east":{"uv":[5.0,12.0,6.0,8.0],"rotation":0,"texture":"#0","tintindex":0},"south":{"uv":[5.0,12.0,6.0,8.0],"rotation":0,"texture":"#0","tintindex":0},"north":{"uv":[5.0,8.0,6.0,12.0],"rotation":180,"texture":"#0","tintindex":0},"west":{"uv":[5.0,12.0,6.0,8.0],"rotation":0,"texture":"#0","tintindex":0},"up":{"uv":[5.0,12.0,6.0,11.0],"rotation":0,"texture":"#0","tintindex":0},"down":{"uv":[6.0,9.0,5.0,8.0],"rotation":180,"texture":"#0","tintindex":0}}},{"from":[9.142858,21.142857,8.571428],"to":[9.714286,22.857143,9.142858],"rotation":{"angle":-45.0,"axis":"z","origin":[11.93985,19.6391,8.857143]},"faces":{"east":{"uv":[3.0,14.0,4.0,11.0],"rotation":0,"texture":"#0","tintindex":0},"south":{"uv":[3.0,14.0,4.0,11.0],"rotation":0,"texture":"#0","tintindex":0},"north":{"uv":[3.0,11.0,4.0,14.0],"rotation":180,"texture":"#0","tintindex":0},"west":{"uv":[3.0,14.0,4.0,11.0],"rotation":0,"texture":"#0","tintindex":0},"up":{"uv":[3.0,14.0,4.0,13.0],"rotation":0,"texture":"#0","tintindex":0},"down":{"uv":[4.0,12.0,3.0,11.0],"rotation":180,"texture":"#0","tintindex":0}}},{"from":[12.0,21.142857,8.571428],"to":[12.571428,22.857143,9.142858],"rotation":{"angle":-45.0,"axis":"z","origin":[11.93985,19.6391,8.857143]},"faces":{"east":{"uv":[8.0,14.0,9.0,11.0],"rotation":0,"texture":"#0","tintindex":0},"south":{"uv":[8.0,14.0,9.0,11.0],"rotation":0,"texture":"#0","tintindex":0},"north":{"uv":[8.0,11.0,9.0,14.0],"rotation":180,"texture":"#0","tintindex":0},"west":{"uv":[8.0,14.0,9.0,11.0],"rotation":0,"texture":"#0","tintindex":0},"up":{"uv":[8.0,14.0,9.0,13.0],"rotation":0,"texture":"#0","tintindex":0},"down":{"uv":[9.0,12.0,8.0,11.0],"rotation":180,"texture":"#0","tintindex":0}}},{"from":[8.571428,21.714287,8.571428],"to":[9.142858,24.0,9.142858],"rotation":{"angle":-45.0,"axis":"z","origin":[11.93985,19.6391,8.857143]},"faces":{"east":{"uv":[2.0,16.0,3.0,12.0],"rotation":0,"texture":"#0","tintindex":0},"south":{"uv":[2.0,16.0,3.0,12.0],"rotation":0,"texture":"#0","tintindex":0},"north":{"uv":[2.0,12.0,3.0,16.0],"rotation":180,"texture":"#0","tintindex":0},"west":{"uv":[2.0,16.0,3.0,12.0],"rotation":0,"texture":"#0","tintindex":0},"up":{"uv":[2.0,16.0,3.0,15.0],"rotation":0,"texture":"#0","tintindex":0},"down":{"uv":[3.0,13.0,2.0,12.0],"rotation":180,"texture":"#0","tintindex":0}}},{"from":[12.571428,21.714287,8.571428],"to":[13.142858,22.857143,9.142858],"rotation":{"angle":-45.0,"axis":"z","origin":[11.93985,19.6391,8.857143]},"faces":{"east":{"uv":[9.0,14.0,10.0,12.0],"rotation":0,"texture":"#0","tintindex":0},"south":{"uv":[9.0,14.0,10.0,12.0],"rotation":0,"texture":"#0","tintindex":0},"north":{"uv":[9.0,12.0,10.0,14.0],"rotation":180,"texture":"#0","tintindex":0},"west":{"uv":[9.0,14.0,10.0,12.0],"rotation":0,"texture":"#0","tintindex":0},"up":{"uv":[9.0,14.0,10.0,13.0],"rotation":0,"texture":"#0","tintindex":0},"down":{"uv":[10.0,13.0,9.0,12.0],"rotation":180,"texture":"#0","tintindex":0}}},{"from":[7.428571,22.285715,8.571428],"to":[8.571428,24.0,9.142858],"rotation":{"angle":-45.0,"axis":"z","origin":[11.93985,19.6391,8.857143]},"faces":{"east":{"uv":[1.0,16.0,2.0,13.0],"rotation":0,"texture":"#0","tintindex":0},"south":{"uv":[0.0,16.0,2.0,13.0],"rotation":0,"texture":"#0","tintindex":0},"north":{"uv":[0.0,13.0,2.0,16.0],"rotation":180,"texture":"#0","tintindex":0},"west":{"uv":[0.0,16.0,1.0,13.0],"rotation":0,"texture":"#0","tintindex":0},"up":{"uv":[0.0,16.0,2.0,15.0],"rotation":0,"texture":"#0","tintindex":0},"down":{"uv":[2.0,14.0,0.0,13.0],"rotation":180,"texture":"#0","tintindex":0}}},{"from":[-0.4285717,20.57143,8.571428],"to":[3.5714283,21.714287,9.142858],"rotation":{"angle":-45.0,"axis":"z","origin":[3.8775506,19.89796,8.857143]},"faces":{"east":{"uv":[9.0,8.0,11.0,7.0],"rotation":270,"texture":"#1","tintindex":0},"south":{"uv":[9.0,1.0,11.0,8.0],"rotation":270,"texture":"#1","tintindex":0},"north":{"uv":[9.0,8.0,11.0,1.0],"rotation":270,"texture":"#1","tintindex":0},"west":{"uv":[11.0,2.0,9.0,1.0],"rotation":90,"texture":"#1","tintindex":0},"up":{"uv":[10.0,8.0,11.0,1.0],"rotation":90,"texture":"#1","tintindex":0},"down":{"uv":[9.0,8.0,10.0,1.0],"rotation":90,"texture":"#1","tintindex":0}}},{"from":[0.1428566,20.0,8.571428],"to":[4.714286,20.57143,9.142858],"rotation":{"angle":-45.0,"axis":"z","origin":[3.8775506,19.89796,8.857143]},"faces":{"east":{"uv":[8.0,10.0,9.0,9.0],"rotation":270,"texture":"#1","tintindex":0},"south":{"uv":[8.0,2.0,9.0,10.0],"rotation":270,"texture":"#1","tintindex":0},"north":{"uv":[8.0,10.0,9.0,2.0],"rotation":270,"texture":"#1","tintindex":0},"west":{"uv":[9.0,3.0,8.0,2.0],"rotation":90,"texture":"#1","tintindex":0},"up":{"uv":[8.0,10.0,9.0,2.0],"rotation":90,"texture":"#1","tintindex":0},"down":{"uv":[8.0,10.0,9.0,2.0],"rotation":90,"texture":"#1","tintindex":0}}},{"from":[0.1428566,21.714287,8.571428],"to":[4.142857,22.285715,9.142858],"rotation":{"angle":-45.0,"axis":"z","origin":[3.8775506,19.89796,8.857143]},"faces":{"east":{"uv":[11.0,9.0,12.0,8.0],"rotation":270,"texture":"#1","tintindex":0},"south":{"uv":[11.0,2.0,12.0,9.0],"rotation":270,"texture":"#1","tintindex":0},"north":{"uv":[11.0,9.0,12.0,2.0],"rotation":270,"texture":"#1","tintindex":0},"west":{"uv":[12.0,3.0,11.0,2.0],"rotation":90,"texture":"#1","tintindex":0},"up":{"uv":[11.0,9.0,12.0,2.0],"rotation":90,"texture":"#1","tintindex":0},"down":{"uv":[11.0,9.0,12.0,2.0],"rotation":90,"texture":"#1","tintindex":0}}},{"from":[0.7142854,19.428572,8.571428],"to":[3.0,20.0,9.142858],"rotation":{"angle":-45.0,"axis":"z","origin":[3.8775506,19.89796,8.857143]},"faces":{"east":{"uv":[7.0,7.0,8.0,6.0],"rotation":270,"texture":"#1","tintindex":0},"south":{"uv":[7.0,3.0,8.0,7.0],"rotation":270,"texture":"#1","tintindex":0},"north":{"uv":[7.0,7.0,8.0,3.0],"rotation":270,"texture":"#1","tintindex":0},"west":{"uv":[8.0,4.0,7.0,3.0],"rotation":90,"texture":"#1","tintindex":0},"up":{"uv":[7.0,7.0,8.0,3.0],"rotation":90,"texture":"#1","tintindex":0},"down":{"uv":[7.0,7.0,8.0,3.0],"rotation":90,"texture":"#1","tintindex":0}}},{"from":[1.2857141,18.857143,8.571428],"to":[2.4285712,19.428572,9.142858],"rotation":{"angle":-45.0,"axis":"z","origin":[3.8775506,19.89796,8.857143]},"faces":{"east":{"uv":[6.0,6.0,7.0,5.0],"rotation":270,"texture":"#1","tintindex":0},"south":{"uv":[6.0,4.0,7.0,6.0],"rotation":270,"texture":"#1","tintindex":0},"north":{"uv":[6.0,6.0,7.0,4.0],"rotation":270,"texture":"#1","tintindex":0},"west":{"uv":[7.0,5.0,6.0,4.0],"rotation":90,"texture":"#1","tintindex":0},"up":{"uv":[6.0,6.0,7.0,4.0],"rotation":90,"texture":"#1","tintindex":0},"down":{"uv":[6.0,6.0,7.0,4.0],"rotation":90,"texture":"#1","tintindex":0}}},{"from":[1.2857141,22.285715,8.571428],"to":[4.142857,22.857143,9.142858],"rotation":{"angle":-45.0,"axis":"z","origin":[3.8775506,19.89796,8.857143]},"faces":{"east":{"uv":[12.0,9.0,13.0,8.0],"rotation":270,"texture":"#1","tintindex":0},"south":{"uv":[12.0,4.0,13.0,9.0],"rotation":270,"texture":"#1","tintindex":0},"north":{"uv":[12.0,9.0,13.0,4.0],"rotation":270,"texture":"#1","tintindex":0},"west":{"uv":[13.0,5.0,12.0,4.0],"rotation":90,"texture":"#1","tintindex":0},"up":{"uv":[12.0,9.0,13.0,4.0],"rotation":90,"texture":"#1","tintindex":0},"down":{"uv":[12.0,9.0,13.0,4.0],"rotation":90,"texture":"#1","tintindex":0}}},{"from":[2.4285712,22.857143,8.571428],"to":[3.5714283,23.428572,9.142858],"rotation":{"angle":-45.0,"axis":"z","origin":[3.8775506,19.89796,8.857143]},"faces":{"east":{"uv":[13.0,8.0,14.0,7.0],"rotation":270,"texture":"#1","tintindex":0},"south":{"uv":[13.0,6.0,14.0,8.0],"rotation":270,"texture":"#1","tintindex":0},"north":{"uv":[13.0,8.0,14.0,6.0],"rotation":270,"texture":"#1","tintindex":0},"west":{"uv":[14.0,7.0,13.0,6.0],"rotation":90,"texture":"#1","tintindex":0},"up":{"uv":[13.0,8.0,14.0,6.0],"rotation":90,"texture":"#1","tintindex":0},"down":{"uv":[13.0,8.0,14.0,6.0],"rotation":90,"texture":"#1","tintindex":0}}},{"from":[3.5714283,19.428572,8.571428],"to":[5.285714,20.0,9.142858],"rotation":{"angle":-45.0,"axis":"z","origin":[3.8775506,19.89796,8.857143]},"faces":{"east":{"uv":[7.0,11.0,8.0,10.0],"rotation":270,"texture":"#1","tintindex":0},"south":{"uv":[7.0,8.0,8.0,11.0],"rotation":270,"texture":"#1","tintindex":0},"north":{"uv":[7.0,11.0,8.0,8.0],"rotation":270,"texture":"#1","tintindex":0},"west":{"uv":[8.0,9.0,7.0,8.0],"rotation":90,"texture":"#1","tintindex":0},"up":{"uv":[7.0,11.0,8.0,8.0],"rotation":90,"texture":"#1","tintindex":0},"down":{"uv":[7.0,11.0,8.0,8.0],"rotation":90,"texture":"#1","tintindex":0}}},{"from":[3.5714283,20.57143,8.571428],"to":[4.142857,21.142857,9.142858],"rotation":{"angle":-45.0,"axis":"z","origin":[3.8775506,19.89796,8.857143]},"faces":{"east":{"uv":[9.0,9.0,10.0,8.0],"rotation":270,"texture":"#1","tintindex":0},"south":{"uv":[9.0,8.0,10.0,9.0],"rotation":270,"texture":"#1","tintindex":0},"north":{"uv":[9.0,9.0,10.0,8.0],"rotation":270,"texture":"#1","tintindex":0},"west":{"uv":[10.0,9.0,9.0,8.0],"rotation":90,"texture":"#1","tintindex":0},"up":{"uv":[9.0,9.0,10.0,8.0],"rotation":90,"texture":"#1","tintindex":0},"down":{"uv":[9.0,9.0,10.0,8.0],"rotation":90,"texture":"#1","tintindex":0}}},{"from":[4.142857,18.857143,8.571428],"to":[5.8571424,19.428572,9.142858],"rotation":{"angle":-45.0,"axis":"z","origin":[3.8775506,19.89796,8.857143]},"faces":{"east":{"uv":[6.0,12.0,7.0,11.0],"rotation":270,"texture":"#1","tintindex":0},"south":{"uv":[6.0,9.0,7.0,12.0],"rotation":270,"texture":"#1","tintindex":0},"north":{"uv":[6.0,12.0,7.0,9.0],"rotation":270,"texture":"#1","tintindex":0},"west":{"uv":[7.0,10.0,6.0,9.0],"rotation":90,"texture":"#1","tintindex":0},"up":{"uv":[6.0,12.0,7.0,9.0],"rotation":90,"texture":"#1","tintindex":0},"down":{"uv":[6.0,12.0,7.0,9.0],"rotation":90,"texture":"#1","tintindex":0}}},{"from":[4.714286,18.285715,8.571428],"to":[6.428571,18.857143,9.142858],"rotation":{"angle":-45.0,"axis":"z","origin":[3.8775506,19.89796,8.857143]},"faces":{"east":{"uv":[5.0,13.0,6.0,12.0],"rotation":270,"texture":"#1","tintindex":0},"south":{"uv":[5.0,10.0,6.0,13.0],"rotation":270,"texture":"#1","tintindex":0},"north":{"uv":[5.0,13.0,6.0,10.0],"rotation":270,"texture":"#1","tintindex":0},"west":{"uv":[6.0,11.0,5.0,10.0],"rotation":90,"texture":"#1","tintindex":0},"up":{"uv":[5.0,13.0,6.0,10.0],"rotation":90,"texture":"#1","tintindex":0},"down":{"uv":[5.0,13.0,6.0,10.0],"rotation":90,"texture":"#1","tintindex":0}}},{"from":[5.285714,17.714287,8.571428],"to":[7.0,18.285715,9.142858],"rotation":{"angle":-45.0,"axis":"z","origin":[3.8775506,19.89796,8.857143]},"faces":{"east":{"uv":[4.0,14.0,5.0,13.0],"rotation":270,"texture":"#1","tintindex":0},"south":{"uv":[4.0,11.0,5.0,14.0],"rotation":270,"texture":"#1","tintindex":0},"north":{"uv":[4.0,14.0,5.0,11.0],"rotation":270,"texture":"#1","tintindex":0},"west":{"uv":[5.0,12.0,4.0,11.0],"rotation":90,"texture":"#1","tintindex":0},"up":{"uv":[4.0,14.0,5.0,11.0],"rotation":90,"texture":"#1","tintindex":0},"down":{"uv":[4.0,14.0,5.0,11.0],"rotation":90,"texture":"#1","tintindex":0}}},{"from":[5.8571424,17.142857,8.571428],"to":[7.5714283,17.714287,9.142858],"rotation":{"angle":-45.0,"axis":"z","origin":[3.8775506,19.89796,8.857143]},"faces":{"east":{"uv":[3.0,15.0,4.0,14.0],"rotation":270,"texture":"#1","tintindex":0},"south":{"uv":[3.0,12.0,4.0,15.0],"rotation":270,"texture":"#1","tintindex":0},"north":{"uv":[3.0,15.0,4.0,12.0],"rotation":270,"texture":"#1","tintindex":0},"west":{"uv":[4.0,13.0,3.0,12.0],"rotation":90,"texture":"#1","tintindex":0},"up":{"uv":[3.0,15.0,4.0,12.0],"rotation":90,"texture":"#1","tintindex":0},"down":{"uv":[3.0,15.0,4.0,12.0],"rotation":90,"texture":"#1","tintindex":0}}},{"from":[6.428571,16.57143,8.571428],"to":[7.5714283,17.142857,9.142858],"rotation":{"angle":-45.0,"axis":"z","origin":[3.8775506,19.89796,8.857143]},"faces":{"east":{"uv":[2.0,15.0,3.0,14.0],"rotation":270,"texture":"#1","tintindex":0},"south":{"uv":[2.0,13.0,3.0,15.0],"rotation":270,"texture":"#1","tintindex":0},"north":{"uv":[2.0,15.0,3.0,13.0],"rotation":270,"texture":"#1","tintindex":0},"west":{"uv":[3.0,14.0,2.0,13.0],"rotation":90,"texture":"#1","tintindex":0},"up":{"uv":[2.0,15.0,3.0,13.0],"rotation":90,"texture":"#1","tintindex":0},"down":{"uv":[2.0,15.0,3.0,13.0],"rotation":90,"texture":"#1","tintindex":0}}}],"display":{"head":{"translation":[0.0,-6.4,0.0],"scale":[4.0,4.0,4.0]}}}