{"textures":{"0":"modelengine:entity/tavern"},"elements":[{"from":[5.142857,9.714286,6.5714283],"to":[10.857143,13.142858,9.428572],"rotation":{"angle":22.5,"axis":"x","origin":[8.0,13.142858,8.0]},"faces":{"east":{"uv":[8.525,2.775,9.725,4.225],"rotation":0,"texture":"#0","tintindex":0},"south":{"uv":[4.025,2.025,6.475,3.475],"rotation":0,"texture":"#0","tintindex":0},"north":{"uv":[2.025,4.025,4.475,5.475],"rotation":0,"texture":"#0","tintindex":0},"west":{"uv":[6.025,8.525,7.225,9.975],"rotation":0,"texture":"#0","tintindex":0},"up":{"uv":[8.975,2.725,6.525,1.525],"rotation":0,"texture":"#0","tintindex":0},"down":{"uv":[6.725,6.525,4.275,7.725],"rotation":0,"texture":"#0","tintindex":0}}},{"from":[6.5714283,12.0,6.0],"to":[9.428572,14.857143,8.857143],"rotation":{"angle":0.0,"axis":"y","origin":[8.285714,16.0,8.0]},"faces":{"east":{"uv":[3.525,7.775,4.725,8.975],"rotation":0,"texture":"#0","tintindex":0},"south":{"uv":[4.775,7.775,5.975,8.975],"rotation":0,"texture":"#0","tintindex":0},"north":{"uv":[0.025,7.525,1.225,8.725],"rotation":0,"texture":"#0","tintindex":0},"west":{"uv":[1.275,8.275,2.475,9.475],"rotation":0,"texture":"#0","tintindex":0},"up":{"uv":[10.225,9.475,9.025,8.275],"rotation":0,"texture":"#0","tintindex":0},"down":{"uv":[1.225,9.275,0.025,10.475],"rotation":0,"texture":"#0","tintindex":0}}},{"from":[5.428571,7.5838017,5.2352276],"to":[10.571428,11.012373,8.663799],"rotation":{"angle":0.0,"axis":"y","origin":[8.285714,9.298087,7.2352276]},"faces":{"east":{"uv":[6.775,4.275,8.225,5.725],"rotation":0,"texture":"#0","tintindex":0},"south":{"uv":[4.525,5.025,6.725,6.475],"rotation":0,"texture":"#0","tintindex":0},"north":{"uv":[4.525,3.525,6.725,4.975],"rotation":0,"texture":"#0","tintindex":0},"west":{"uv":[6.775,5.775,8.225,7.225],"rotation":0,"texture":"#0","tintindex":0},"up":{"uv":[4.225,6.975,2.025,5.525],"rotation":0,"texture":"#0","tintindex":0},"down":{"uv":[8.225,0.025,6.025,1.475],"rotation":0,"texture":"#0","tintindex":0}}},{"from":[6.0,4.15523,5.2352276],"to":[10.0,7.5838017,5.2352276],"rotation":{"angle":0.0,"axis":"y","origin":[8.285714,9.298087,7.2352276]},"faces":{"east":{"uv":[0.025,0.025,0.025,1.475],"rotation":0,"texture":"#0","tintindex":0},"south":{"uv":[6.775,2.775,8.475,4.225],"rotation":0,"texture":"#0","tintindex":0},"north":{"uv":[0.025,6.025,1.725,7.475],"rotation":0,"texture":"#0","tintindex":0},"west":{"uv":[0.025,0.025,0.025,1.475],"rotation":0,"texture":"#0","tintindex":0},"up":{"uv":[1.725,0.025,0.025,0.025],"rotation":0,"texture":"#0","tintindex":0},"down":{"uv":[1.725,0.025,0.025,0.025],"rotation":0,"texture":"#0","tintindex":0}}},{"from":[6.0,5.8224344,5.5855856],"to":[10.0,8.108149,8.442728],"rotation":{"angle":-22.5,"axis":"x","origin":[8.0,6.965292,6.7284427]},"faces":{"east":{"uv":[4.525,9.525,5.725,10.475],"rotation":0,"texture":"#0","tintindex":0},"south":{"uv":[8.525,7.275,10.225,8.225],"rotation":0,"texture":"#0","tintindex":0},"north":{"uv":[7.275,8.525,8.975,9.475],"rotation":0,"texture":"#0","tintindex":0},"west":{"uv":[7.275,9.525,8.475,10.475],"rotation":0,"texture":"#0","tintindex":0},"up":{"uv":[3.475,8.225,1.775,7.025],"rotation":0,"texture":"#0","tintindex":0},"down":{"uv":[8.475,7.275,6.775,8.475],"rotation":0,"texture":"#0","tintindex":0}}}],"display":{"head":{"translation":[0.0,-6.4,0.0],"scale":[4.0,4.0,4.0]}}}