{"textures":{"0":"modelengine:entity/herobrine_bobber"},"elements":[{"from":[8.0,5.142857,7.285714],"to":[8.0,8.0,9.571428],"rotation":{"angle":0.0,"axis":"y","origin":[8.571428,8.0,6.428571]},"faces":{"east":{"uv":[0.0,0.0,4.0,5.0],"rotation":0,"texture":"#0","tintindex":0},"south":{"uv":[0.0,0.0,0.0,5.0],"rotation":0,"texture":"#0","tintindex":0},"north":{"uv":[0.0,0.0,0.0,5.0],"rotation":0,"texture":"#0","tintindex":0},"west":{"uv":[4.0,0.0,0.0,5.0],"rotation":0,"texture":"#0","tintindex":0},"up":{"uv":[0.0,4.0,0.0,0.0],"rotation":0,"texture":"#0","tintindex":0},"down":{"uv":[0.0,0.0,0.0,4.0],"rotation":0,"texture":"#0","tintindex":0}}},{"from":[6.857143,8.0,6.428571],"to":[9.142858,10.857143,8.714286],"rotation":{"angle":0.0,"axis":"y","origin":[8.571428,8.0,6.428571]},"faces":{"east":{"uv":[4.0,5.0,8.0,10.0],"rotation":0,"texture":"#0","tintindex":0},"south":{"uv":[8.0,0.0,12.0,5.0],"rotation":0,"texture":"#0","tintindex":0},"north":{"uv":[0.0,5.0,4.0,10.0],"rotation":0,"texture":"#0","tintindex":0},"west":{"uv":[8.0,5.0,12.0,10.0],"rotation":0,"texture":"#0","tintindex":0},"up":{"uv":[4.0,14.0,0.0,10.0],"rotation":0,"texture":"#0","tintindex":0},"down":{"uv":[8.0,10.0,4.0,14.0],"rotation":0,"texture":"#0","tintindex":0}}}],"display":{"head":{"translation":[0.0,-6.4,0.0],"scale":[4.0,4.0,4.0]}}}