{"textures":{"0":"modelengine:entity/goblin"},"elements":[{"from":[7.428571,4.5230856,6.8212137],"to":[9.142858,6.237371,9.678356],"rotation":{"angle":-22.5,"axis":"x","origin":[7.428571,3.380228,7.964071]},"faces":{"east":{"uv":[10.0,2.25,11.25,3.0],"rotation":0,"texture":"#0","tintindex":0},"south":{"uv":[2.75,11.5,3.5,12.25],"rotation":0,"texture":"#0","tintindex":0},"north":{"uv":[0.75,11.5,1.5,12.25],"rotation":0,"texture":"#0","tintindex":0},"west":{"uv":[10.0,9.0,11.25,9.75],"rotation":0,"texture":"#0","tintindex":0},"up":{"uv":[0.75,11.5,0.0,10.25],"rotation":0,"texture":"#0","tintindex":0},"down":{"uv":[1.5,10.25,0.75,11.5],"rotation":0,"texture":"#0","tintindex":0}}},{"from":[6.897993,3.2638893,3.4491482],"to":[8.04085,6.6924605,4.449148],"rotation":{"angle":0.0,"axis":"y","origin":[7.714286,8.0,4.0]},"faces":{"east":{"uv":[10.75,7.5,11.25,9.0],"rotation":0,"texture":"#0","tintindex":0},"south":{"uv":[11.0,11.0,11.5,12.5],"rotation":0,"texture":"#0","tintindex":0},"north":{"uv":[10.75,6.0,11.25,7.5],"rotation":0,"texture":"#0","tintindex":0},"west":{"uv":[11.0,3.0,11.5,4.5],"rotation":0,"texture":"#0","tintindex":0},"up":{"uv":[4.75,2.5,4.25,2.0],"rotation":0,"texture":"#0","tintindex":0},"down":{"uv":[2.0,6.0,1.5,6.5],"rotation":0,"texture":"#0","tintindex":0}}},{"from":[7.183707,6.1462154,5.2165155],"to":[7.7551355,9.003358,6.073658],"rotation":{"angle":22.5,"axis":"x","origin":[7.714286,10.861916,5.7059126]},"faces":{"east":{"uv":[8.0,11.25,8.5,12.5],"rotation":0,"texture":"#0","tintindex":0},"south":{"uv":[11.75,3.25,12.0,4.5],"rotation":0,"texture":"#0","tintindex":0},"north":{"uv":[10.75,11.75,11.0,13.0],"rotation":0,"texture":"#0","tintindex":0},"west":{"uv":[8.5,11.25,9.0,12.5],"rotation":0,"texture":"#0","tintindex":0},"up":{"uv":[12.0,12.5,11.75,12.0],"rotation":0,"texture":"#0","tintindex":0},"down":{"uv":[12.25,12.0,12.0,12.5],"rotation":0,"texture":"#0","tintindex":0}}},{"from":[7.183707,7.6518993,7.718071],"to":[7.7551355,10.509043,8.575213],"rotation":{"angle":45.0,"axis":"x","origin":[7.714286,12.325226,8.158502]},"faces":{"east":{"uv":[9.0,11.25,9.5,12.5],"rotation":0,"texture":"#0","tintindex":0},"south":{"uv":[11.75,5.75,12.0,7.0],"rotation":0,"texture":"#0","tintindex":0},"north":{"uv":[11.75,4.5,12.0,5.75],"rotation":0,"texture":"#0","tintindex":0},"west":{"uv":[11.25,4.5,11.75,5.75],"rotation":0,"texture":"#0","tintindex":0},"up":{"uv":[12.25,0.5,12.0,0.0],"rotation":0,"texture":"#0","tintindex":0},"down":{"uv":[12.25,2.0,12.0,2.5],"rotation":0,"texture":"#0","tintindex":0}}},{"from":[7.183707,0.9755392,5.090473],"to":[7.7551355,3.8326826,5.9476156],"rotation":{"angle":-22.5,"axis":"x","origin":[7.714286,-0.5787258,5.7059126]},"faces":{"east":{"uv":[11.25,5.75,11.75,7.0],"rotation":0,"texture":"#0","tintindex":0},"south":{"uv":[11.75,8.25,12.0,9.5],"rotation":0,"texture":"#0","tintindex":0},"north":{"uv":[11.75,7.0,12.0,8.25],"rotation":0,"texture":"#0","tintindex":0},"west":{"uv":[11.25,7.0,11.75,8.25],"rotation":0,"texture":"#0","tintindex":0},"up":{"uv":[12.25,3.75,12.0,3.25],"rotation":0,"texture":"#0","tintindex":0},"down":{"uv":[12.25,3.75,12.0,4.25],"rotation":0,"texture":"#0","tintindex":0}}},{"from":[7.183707,-0.45874786,7.485175],"to":[7.7551355,2.398395,8.342319],"rotation":{"angle":-45.0,"axis":"x","origin":[7.714286,-2.042035,8.158502]},"faces":{"east":{"uv":[4.75,12.0,5.0,13.25],"rotation":0,"texture":"#0","tintindex":0},"south":{"uv":[5.0,12.0,5.25,13.25],"rotation":0,"texture":"#0","tintindex":0},"north":{"uv":[11.75,9.5,12.0,10.75],"rotation":0,"texture":"#0","tintindex":0},"west":{"uv":[5.25,12.0,5.5,13.25],"rotation":0,"texture":"#0","tintindex":0},"up":{"uv":[4.5,2.75,4.25,2.5],"rotation":0,"texture":"#0","tintindex":0},"down":{"uv":[4.75,2.5,4.5,2.75],"rotation":0,"texture":"#0","tintindex":0}}},{"from":[7.3265643,-0.7361107,6.7348623],"to":[7.6122785,10.692461,7.0205765],"rotation":{"angle":0.0,"axis":"y","origin":[7.714286,8.0,7.285714]},"faces":{"east":{"uv":[2.0,8.5,2.25,13.5],"rotation":0,"texture":"#0","tintindex":0},"south":{"uv":[2.25,8.5,2.5,13.5],"rotation":0,"texture":"#0","tintindex":0},"north":{"uv":[1.75,8.5,2.0,13.5],"rotation":0,"texture":"#0","tintindex":0},"west":{"uv":[2.5,8.5,2.75,13.5],"rotation":0,"texture":"#0","tintindex":0},"up":{"uv":[1.75,6.75,1.5,6.5],"rotation":0,"texture":"#0","tintindex":0},"down":{"uv":[2.0,6.5,1.75,6.75],"rotation":0,"texture":"#0","tintindex":0}}},{"from":[7.428571,3.9987378,3.6137128],"to":[9.142858,5.7130237,6.4708557],"rotation":{"angle":0.0,"axis":"y","origin":[7.428571,2.8558812,5.8994274]},"faces":{"east":{"uv":[9.75,4.25,11.0,5.0],"rotation":0,"texture":"#0","tintindex":0},"south":{"uv":[0.0,11.5,0.75,12.25],"rotation":0,"texture":"#0","tintindex":0},"north":{"uv":[11.25,2.0,12.0,2.75],"rotation":0,"texture":"#0","tintindex":0},"west":{"uv":[10.0,10.0,11.25,10.75],"rotation":0,"texture":"#0","tintindex":0},"up":{"uv":[10.75,2.25,10.0,1.0],"rotation":0,"texture":"#0","tintindex":0},"down":{"uv":[10.75,7.75,10.0,9.0],"rotation":0,"texture":"#0","tintindex":0}}}],"display":{"head":{"translation":[0.0,-6.4,0.0],"scale":[4.0,4.0,4.0]}}}