{"textures":{"0":"modelengine:entity/goblin"},"elements":[{"from":[4.8,5.7860575,5.1144953],"to":[11.085714,7.5003433,7.40021],"rotation":{"angle":0.0,"axis":"y","origin":[8.0,7.6146293,7.40021]},"faces":{"east":{"uv":[3.0,6.75,4.0,7.5],"rotation":0,"texture":"#0","tintindex":0},"south":{"uv":[8.0,7.0,10.75,7.75],"rotation":0,"texture":"#0","tintindex":0},"north":{"uv":[6.75,5.25,9.5,6.0],"rotation":0,"texture":"#0","tintindex":0},"west":{"uv":[5.0,7.5,6.0,8.25],"rotation":0,"texture":"#0","tintindex":0},"up":{"uv":[8.75,7.0,6.0,6.0],"rotation":0,"texture":"#0","tintindex":0},"down":{"uv":[9.0,1.25,6.25,2.25],"rotation":0,"texture":"#0","tintindex":0}}},{"from":[4.8,7.5003433,5.1144953],"to":[11.085714,10.357487,9.685925],"rotation":{"angle":0.0,"axis":"y","origin":[8.0,10.2432,5.1144953]},"faces":{"east":{"uv":[6.75,4.0,8.75,5.25],"rotation":0,"texture":"#0","tintindex":0},"south":{"uv":[4.75,0.0,7.5,1.25],"rotation":0,"texture":"#0","tintindex":0},"north":{"uv":[4.0,4.75,6.75,6.0],"rotation":0,"texture":"#0","tintindex":0},"west":{"uv":[6.0,7.0,8.0,8.25],"rotation":0,"texture":"#0","tintindex":0},"up":{"uv":[2.75,2.0,0.0,0.0],"rotation":0,"texture":"#0","tintindex":0},"down":{"uv":[2.75,2.0,0.0,4.0],"rotation":0,"texture":"#0","tintindex":0}}},{"from":[7.0857143,6.7313094,2.4823399],"to":[8.8,9.217024,4.768054],"rotation":{"angle":-22.5,"axis":"x","origin":[8.0,8.074166,3.0537686]},"faces":{"east":{"uv":[8.75,4.0,9.75,5.0],"rotation":0,"texture":"#0","tintindex":0},"south":{"uv":[8.75,10.25,9.5,11.25],"rotation":0,"texture":"#0","tintindex":0},"north":{"uv":[8.0,10.25,8.75,11.25],"rotation":0,"texture":"#0","tintindex":0},"west":{"uv":[8.75,6.0,9.75,7.0],"rotation":0,"texture":"#0","tintindex":0},"up":{"uv":[3.5,11.5,2.75,10.5],"rotation":0,"texture":"#0","tintindex":0},"down":{"uv":[4.25,10.5,3.5,11.5],"rotation":0,"texture":"#0","tintindex":0}}},{"from":[7.0857143,7.5003433,4.2002096],"to":[8.8,9.786057,5.3430667],"rotation":{"angle":0.0,"axis":"y","origin":[8.0,8.643201,6.2573524]},"faces":{"east":{"uv":[6.25,2.25,6.75,3.25],"rotation":0,"texture":"#0","tintindex":0},"south":{"uv":[5.0,10.5,5.75,11.5],"rotation":0,"texture":"#0","tintindex":0},"north":{"uv":[4.25,10.5,5.0,11.5],"rotation":0,"texture":"#0","tintindex":0},"west":{"uv":[3.75,11.5,4.25,12.5],"rotation":0,"texture":"#0","tintindex":0},"up":{"uv":[12.25,1.75,11.5,1.25],"rotation":0,"texture":"#0","tintindex":0},"down":{"uv":[12.25,2.75,11.5,3.25],"rotation":0,"texture":"#0","tintindex":0}}},{"from":[10.681653,7.5003433,8.375699],"to":[11.253082,10.357487,12.947128],"rotation":{"angle":45.0,"axis":"y","origin":[10.681653,8.414629,8.375699]},"faces":{"east":{"uv":[3.0,7.5,5.0,8.75],"rotation":0,"texture":"#0","tintindex":0},"south":{"uv":[11.5,3.25,11.75,4.5],"rotation":0,"texture":"#0","tintindex":0},"north":{"uv":[10.75,3.0,11.0,4.25],"rotation":0,"texture":"#0","tintindex":0},"west":{"uv":[7.5,0.0,9.5,1.25],"rotation":0,"texture":"#0","tintindex":0},"up":{"uv":[4.5,13.5,4.25,11.5],"rotation":0,"texture":"#0","tintindex":0},"down":{"uv":[4.75,11.5,4.5,13.5],"rotation":0,"texture":"#0","tintindex":0}}},{"from":[4.746918,7.5003433,8.375699],"to":[5.318347,10.357487,12.947128],"rotation":{"angle":-45.0,"axis":"y","origin":[5.318347,8.414629,8.375699]},"faces":{"east":{"uv":[8.0,8.0,10.0,9.25],"rotation":0,"texture":"#0","tintindex":0},"south":{"uv":[10.5,11.75,10.75,13.0],"rotation":0,"texture":"#0","tintindex":0},"north":{"uv":[10.25,11.75,10.5,13.0],"rotation":0,"texture":"#0","tintindex":0},"west":{"uv":[5.0,8.25,7.0,9.5],"rotation":0,"texture":"#0","tintindex":0},"up":{"uv":[8.0,13.5,7.75,11.5],"rotation":0,"texture":"#0","tintindex":0},"down":{"uv":[9.75,11.75,9.5,13.75],"rotation":0,"texture":"#0","tintindex":0}}},{"from":[4.5714283,5.48061,4.7663584],"to":[11.428572,10.623467,9.909216],"rotation":{"angle":0.0,"axis":"y","origin":[8.0,-2.9076605,9.678948]},"faces":{"east":{"uv":[12.5,6.75,14.75,9.0],"rotation":0,"texture":"#0","tintindex":0},"south":{"uv":[12.5,2.25,15.5,4.5],"rotation":0,"texture":"#0","tintindex":0},"north":{"uv":[12.5,0.0,15.5,2.25],"rotation":0,"texture":"#0","tintindex":0},"west":{"uv":[12.5,4.5,14.75,6.75],"rotation":0,"texture":"#0","tintindex":0},"up":{"uv":[12.5,9.0,15.5,11.25],"rotation":0,"texture":"#0","tintindex":0},"down":{"uv":[12.5,11.25,15.5,13.5],"rotation":0,"texture":"#0","tintindex":0}}}],"display":{"head":{"translation":[0.0,-6.4,0.0],"scale":[4.0,4.0,4.0]}}}