{"textures":{"0":"modelengine:entity/king"},"elements":[{"from":[5.142857,5.7460814,4.3952703],"to":[10.857143,8.603225,7.8238416],"rotation":{"angle":0.0,"axis":"y","origin":[8.0,-6.2539186,7.252413]},"faces":{"east":{"uv":[9.0125,0.0125,9.7375,0.6125],"rotation":0,"texture":"#0","tintindex":0},"south":{"uv":[7.6375,4.3875,8.8625,4.9875],"rotation":0,"texture":"#0","tintindex":0},"north":{"uv":[6.8875,3.7625,8.1125,4.3625],"rotation":0,"texture":"#0","tintindex":0},"west":{"uv":[9.1375,4.8875,9.8625,5.4875],"rotation":0,"texture":"#0","tintindex":0},"up":{"uv":[7.8625,6.2375,6.6375,5.5125],"rotation":0,"texture":"#0","tintindex":0},"down":{"uv":[8.1125,0.0125,6.8875,0.7375],"rotation":0,"texture":"#0","tintindex":0}}},{"from":[5.142857,1.8983221,3.6299028],"to":[10.857143,5.898322,3.6299028],"rotation":{"angle":22.5,"axis":"x","origin":[8.0,3.898322,3.6299028]},"faces":{"east":{"uv":[0.0125,0.0125,0.0125,0.8625],"rotation":0,"texture":"#0","tintindex":0},"south":{"uv":[6.6125,4.5125,5.3875,5.3625],"rotation":0,"texture":"#0","tintindex":0},"north":{"uv":[5.3875,4.5125,6.6125,5.3625],"rotation":0,"texture":"#0","tintindex":0},"west":{"uv":[0.0125,0.0125,0.0125,0.8625],"rotation":0,"texture":"#0","tintindex":0},"up":{"uv":[1.2375,0.0125,0.0125,0.0125],"rotation":0,"texture":"#0","tintindex":0},"down":{"uv":[1.2375,0.0125,0.0125,0.0125],"rotation":0,"texture":"#0","tintindex":0}}},{"from":[5.4485283,7.637941,3.8238416],"to":[7.7342424,8.780798,4.9666986],"rotation":{"angle":22.5,"axis":"z","origin":[6.5913854,8.20937,4.1095557]},"faces":{"east":{"uv":[6.6375,2.7625,6.8625,2.9875],"rotation":0,"texture":"#0","tintindex":0},"south":{"uv":[8.8875,7.8875,9.3625,8.1125],"rotation":0,"texture":"#0","tintindex":0},"north":{"uv":[8.2625,7.0125,8.7375,7.2375],"rotation":0,"texture":"#0","tintindex":0},"west":{"uv":[8.5125,2.5125,8.7375,2.7375],"rotation":0,"texture":"#0","tintindex":0},"up":{"uv":[9.8625,8.1125,9.3875,7.8875],"rotation":0,"texture":"#0","tintindex":0},"down":{"uv":[8.6125,9.3875,8.1375,9.6125],"rotation":0,"texture":"#0","tintindex":0}}},{"from":[8.265758,7.637941,3.8238416],"to":[10.551472,8.780798,4.9666986],"rotation":{"angle":-22.5,"axis":"z","origin":[9.408615,8.20937,4.1095557]},"faces":{"east":{"uv":[8.7375,2.5125,8.5125,2.7375],"rotation":0,"texture":"#0","tintindex":0},"south":{"uv":[9.3625,7.8875,8.8875,8.1125],"rotation":0,"texture":"#0","tintindex":0},"north":{"uv":[8.7375,7.0125,8.2625,7.2375],"rotation":0,"texture":"#0","tintindex":0},"west":{"uv":[6.8625,2.7625,6.6375,2.9875],"rotation":0,"texture":"#0","tintindex":0},"up":{"uv":[9.3875,8.1125,9.8625,7.8875],"rotation":0,"texture":"#0","tintindex":0},"down":{"uv":[8.1375,9.3875,8.6125,9.6125],"rotation":0,"texture":"#0","tintindex":0}}},{"from":[8.571428,9.746081,4.3952703],"to":[10.857143,10.888939,4.9666986],"rotation":{"angle":0.0,"axis":"y","origin":[8.0,-6.2539186,7.252413]},"faces":{"east":{"uv":[6.1375,9.3875,6.2375,9.6125],"rotation":0,"texture":"#0","tintindex":0},"south":{"uv":[8.1375,4.0125,8.6125,4.2375],"rotation":0,"texture":"#0","tintindex":0},"north":{"uv":[3.0125,7.1375,3.4875,7.3625],"rotation":0,"texture":"#0","tintindex":0},"west":{"uv":[8.6375,9.3875,8.7375,9.6125],"rotation":0,"texture":"#0","tintindex":0},"up":{"uv":[9.3625,8.2375,8.8875,8.1375],"rotation":0,"texture":"#0","tintindex":0},"down":{"uv":[9.8625,8.1375,9.3875,8.2375],"rotation":0,"texture":"#0","tintindex":0}}},{"from":[5.142857,9.746081,4.3952703],"to":[7.428571,10.888939,4.9666986],"rotation":{"angle":0.0,"axis":"y","origin":[8.0,-6.2539186,7.252413]},"faces":{"east":{"uv":[8.7625,3.7625,8.8625,3.9875],"rotation":0,"texture":"#0","tintindex":0},"south":{"uv":[6.1375,2.7625,6.6125,2.9875],"rotation":0,"texture":"#0","tintindex":0},"north":{"uv":[5.6375,2.7625,6.1125,2.9875],"rotation":0,"texture":"#0","tintindex":0},"west":{"uv":[8.7625,7.0125,8.8625,7.2375],"rotation":0,"texture":"#0","tintindex":0},"up":{"uv":[7.3625,4.4875,6.8875,4.3875],"rotation":0,"texture":"#0","tintindex":0},"down":{"uv":[8.6125,4.2625,8.1375,4.3625],"rotation":0,"texture":"#0","tintindex":0}}},{"from":[7.428571,8.603225,4.3952703],"to":[8.571428,10.317511,4.9666986],"rotation":{"angle":0.0,"axis":"y","origin":[8.0,-6.2539186,7.252413]},"faces":{"east":{"uv":[8.0125,8.3875,8.1125,8.7375],"rotation":0,"texture":"#0","tintindex":0},"south":{"uv":[2.1375,9.3875,2.3625,9.7375],"rotation":0,"texture":"#0","tintindex":0},"north":{"uv":[8.6375,4.0125,8.8625,4.3625],"rotation":0,"texture":"#0","tintindex":0},"west":{"uv":[8.0125,8.7625,8.1125,9.1125],"rotation":0,"texture":"#0","tintindex":0},"up":{"uv":[3.4875,7.4875,3.2625,7.3875],"rotation":0,"texture":"#0","tintindex":0},"down":{"uv":[7.6125,4.3875,7.3875,4.4875],"rotation":0,"texture":"#0","tintindex":0}}},{"from":[5.4738607,8.603225,7.3182535],"to":[6.045289,10.317511,8.461111],"rotation":{"angle":-22.5,"axis":"y","origin":[5.759575,9.460367,7.8896823]},"faces":{"east":{"uv":[5.8875,9.3875,6.1125,9.7375],"rotation":0,"texture":"#0","tintindex":0},"south":{"uv":[2.3875,9.2625,2.4875,9.6125],"rotation":0,"texture":"#0","tintindex":0},"north":{"uv":[2.3875,8.8875,2.4875,9.2375],"rotation":0,"texture":"#0","tintindex":0},"west":{"uv":[3.5125,9.5125,3.7375,9.8625],"rotation":0,"texture":"#0","tintindex":0},"up":{"uv":[4.6125,9.7375,4.5125,9.5125],"rotation":0,"texture":"#0","tintindex":0},"down":{"uv":[2.4875,9.6375,2.3875,9.8625],"rotation":0,"texture":"#0","tintindex":0}}},{"from":[5.714286,7.460367,4.9666986],"to":[10.285714,12.0317955,9.538127],"rotation":{"angle":0.0,"axis":"y","origin":[8.0,-6.2539186,7.252413]},"faces":{"east":{"uv":[5.6375,1.7625,6.6125,2.7375],"rotation":0,"texture":"#0","tintindex":0},"south":{"uv":[5.3875,6.2625,6.3625,7.2375],"rotation":0,"texture":"#0","tintindex":0},"north":{"uv":[5.6375,0.7625,6.6125,1.7375],"rotation":0,"texture":"#0","tintindex":0},"west":{"uv":[0.0125,6.3875,0.9875,7.3625],"rotation":0,"texture":"#0","tintindex":0},"up":{"uv":[1.9875,7.3625,1.0125,6.3875],"rotation":0,"texture":"#0","tintindex":0},"down":{"uv":[2.9875,6.3875,2.0125,7.3625],"rotation":0,"texture":"#0","tintindex":0}}},{"from":[5.714286,12.0317955,9.538127],"to":[10.285714,16.603226,9.538127],"rotation":{"angle":0.0,"axis":"y","origin":[8.0,-6.2539186,7.252413]},"faces":{"east":{"uv":[6.6375,0.7625,7.6125,1.7375],"rotation":0,"texture":"#0","tintindex":0},"south":{"uv":[6.6375,1.7625,7.6125,2.7375],"rotation":0,"texture":"#0","tintindex":0},"north":{"uv":[7.85,2.7625,6.8875,3.725],"rotation":0,"texture":"#0","tintindex":0},"west":{"uv":[6.6375,1.7625,7.6125,2.7375],"rotation":0,"texture":"#0","tintindex":0},"up":{"uv":[7.8625,3.7375,6.8875,2.7625],"rotation":0,"texture":"#0","tintindex":0},"down":{"uv":[6.3625,7.2625,5.3875,8.2375],"rotation":0,"texture":"#0","tintindex":0}}},{"from":[5.714286,12.00687,4.966155],"to":[10.285714,16.5783,4.966155],"rotation":{"angle":0.0,"axis":"y","origin":[8.0,-6.2539186,7.252413]},"faces":{"east":{"uv":[6.6375,0.7625,7.6125,1.7375],"rotation":0,"texture":"#0","tintindex":0},"south":{"uv":[7.85,2.7625,6.8875,3.725],"rotation":0,"texture":"#0","tintindex":0},"north":{"uv":[6.3875,6.2625,7.3625,7.2375],"rotation":0,"texture":"#0","tintindex":0},"west":{"uv":[6.6375,4.5125,7.6125,5.4875],"rotation":0,"texture":"#0","tintindex":0},"up":{"uv":[7.8625,3.7375,6.8875,2.7625],"rotation":0,"texture":"#0","tintindex":0},"down":{"uv":[6.3625,7.2625,5.3875,8.2375],"rotation":0,"texture":"#0","tintindex":0}}},{"from":[5.714286,12.0317955,4.9666986],"to":[5.714286,16.603226,9.538127],"rotation":{"angle":0.0,"axis":"y","origin":[8.0,-6.2539186,7.252413]},"faces":{"east":{"uv":[7.85,2.7625,6.8875,3.725],"rotation":0,"texture":"#0","tintindex":0},"south":{"uv":[6.6375,1.7625,7.6125,2.7375],"rotation":0,"texture":"#0","tintindex":0},"north":{"uv":[6.3875,6.2625,7.3625,7.2375],"rotation":0,"texture":"#0","tintindex":0},"west":{"uv":[6.6375,4.5125,7.6125,5.4875],"rotation":0,"texture":"#0","tintindex":0},"up":{"uv":[7.8625,3.7375,6.8875,2.7625],"rotation":0,"texture":"#0","tintindex":0},"down":{"uv":[6.3625,7.2625,5.3875,8.2375],"rotation":0,"texture":"#0","tintindex":0}}},{"from":[10.285714,12.0317955,4.9666986],"to":[10.285714,16.603226,9.538127],"rotation":{"angle":0.0,"axis":"y","origin":[8.0,-6.2539186,7.252413]},"faces":{"east":{"uv":[6.6375,0.7625,7.6125,1.7375],"rotation":0,"texture":"#0","tintindex":0},"south":{"uv":[6.6375,1.7625,7.6125,2.7375],"rotation":0,"texture":"#0","tintindex":0},"north":{"uv":[6.3875,6.2625,7.3625,7.2375],"rotation":0,"texture":"#0","tintindex":0},"west":{"uv":[7.85,2.7625,6.8875,3.725],"rotation":0,"texture":"#0","tintindex":0},"up":{"uv":[7.8625,3.7375,6.8875,2.7625],"rotation":0,"texture":"#0","tintindex":0},"down":{"uv":[6.3625,7.2625,5.3875,8.2375],"rotation":0,"texture":"#0","tintindex":0}}},{"from":[9.954711,8.603225,7.3182535],"to":[10.526139,10.317511,8.461111],"rotation":{"angle":22.5,"axis":"y","origin":[10.240425,9.460367,7.8896823]},"faces":{"east":{"uv":[3.7375,9.5125,3.5125,9.8625],"rotation":0,"texture":"#0","tintindex":0},"south":{"uv":[2.4875,9.2625,2.3875,9.6125],"rotation":0,"texture":"#0","tintindex":0},"north":{"uv":[2.4875,8.8875,2.3875,9.2375],"rotation":0,"texture":"#0","tintindex":0},"west":{"uv":[6.1125,9.3875,5.8875,9.7375],"rotation":0,"texture":"#0","tintindex":0},"up":{"uv":[4.5125,9.7375,4.6125,9.5125],"rotation":0,"texture":"#0","tintindex":0},"down":{"uv":[2.3875,9.6375,2.4875,9.8625],"rotation":0,"texture":"#0","tintindex":0}}}],"display":{"head":{"translation":[0.0,-6.4,0.0],"scale":[4.0,4.0,4.0]}}}