{"textures":{"0":"modelengine:entity/king"},"elements":[{"from":[6.5714283,2.8571424,4.0],"to":[9.428572,8.0,8.0],"rotation":{"angle":0.0,"axis":"y","origin":[4.8571424,4.0,8.0]},"faces":{"east":{"uv":[6.3875,7.2625,7.2375,8.3625],"rotation":0,"texture":"#0","tintindex":0},"south":{"uv":[8.1375,8.2625,8.7375,9.3625],"rotation":0,"texture":"#0","tintindex":0},"north":{"uv":[5.6375,8.2625,6.2375,9.3625],"rotation":0,"texture":"#0","tintindex":0},"west":{"uv":[7.2625,7.2625,8.1125,8.3625],"rotation":0,"texture":"#0","tintindex":0},"up":{"uv":[9.4875,7.8625,8.8875,7.0125],"rotation":0,"texture":"#0","tintindex":0},"down":{"uv":[9.3625,9.0125,8.7625,9.8625],"rotation":0,"texture":"#0","tintindex":0}}},{"from":[6.857143,1.1428566,4.5714283],"to":[8.0,2.2857141,6.857143],"rotation":{"angle":0.0,"axis":"y","origin":[8.0,1.1428566,5.714286]},"faces":{"east":{"uv":[9.5125,4.2625,9.9875,4.4875],"rotation":0,"texture":"#0","tintindex":0},"south":{"uv":[9.5125,8.5125,9.7375,8.7375],"rotation":0,"texture":"#0","tintindex":0},"north":{"uv":[9.5125,8.2625,9.7375,8.4875],"rotation":0,"texture":"#0","tintindex":0},"west":{"uv":[9.5125,7.0125,9.9875,7.2375],"rotation":0,"texture":"#0","tintindex":0},"up":{"uv":[7.8625,5.4875,7.6375,5.0125],"rotation":0,"texture":"#0","tintindex":0},"down":{"uv":[8.1125,2.7625,7.8875,3.2375],"rotation":0,"texture":"#0","tintindex":0}}},{"from":[6.857143,2.2857141,4.5714283],"to":[9.142858,3.4285712,6.857143],"rotation":{"angle":0.0,"axis":"y","origin":[8.0,1.7142854,5.714286]},"faces":{"east":{"uv":[9.5125,3.7625,9.9875,3.9875],"rotation":0,"texture":"#0","tintindex":0},"south":{"uv":[4.0125,9.5125,4.4875,9.7375],"rotation":0,"texture":"#0","tintindex":0},"north":{"uv":[3.0125,9.5125,3.4875,9.7375],"rotation":0,"texture":"#0","tintindex":0},"west":{"uv":[9.5125,4.0125,9.9875,4.2375],"rotation":0,"texture":"#0","tintindex":0},"up":{"uv":[9.6125,5.9875,9.1375,5.5125],"rotation":0,"texture":"#0","tintindex":0},"down":{"uv":[9.7375,3.2625,9.2625,3.7375],"rotation":0,"texture":"#0","tintindex":0}}},{"from":[8.0,1.1428566,4.5714283],"to":[9.142858,2.2857141,5.714286],"rotation":{"angle":0.0,"axis":"y","origin":[9.142858,1.1428566,5.714286]},"faces":{"east":{"uv":[9.3875,9.5125,9.6125,9.7375],"rotation":0,"texture":"#0","tintindex":0},"south":{"uv":[0.0125,9.6375,0.2375,9.8625],"rotation":0,"texture":"#0","tintindex":0},"north":{"uv":[9.5125,8.7625,9.7375,8.9875],"rotation":0,"texture":"#0","tintindex":0},"west":{"uv":[0.2625,9.6375,0.4875,9.8625],"rotation":0,"texture":"#0","tintindex":0},"up":{"uv":[0.7375,9.8625,0.5125,9.6375],"rotation":0,"texture":"#0","tintindex":0},"down":{"uv":[0.9875,9.6375,0.7625,9.8625],"rotation":0,"texture":"#0","tintindex":0}}}],"display":{"head":{"translation":[0.0,-6.4,0.0],"scale":[4.0,4.0,4.0]}}}