{"textures":{"0":"modelengine:entity/king"},"elements":[{"from":[5.2,5.142857,6.285714],"to":[8.057143,9.714286,10.285714],"rotation":{"angle":0.0,"axis":"y","origin":[3.485714,5.714286,10.285714]},"faces":{"east":{"uv":[7.3875,6.2625,8.2375,7.2375],"rotation":0,"texture":"#0","tintindex":0},"south":{"uv":[8.5125,5.0125,9.1125,5.9875],"rotation":0,"texture":"#0","tintindex":0},"north":{"uv":[4.0125,8.5125,4.6125,9.4875],"rotation":0,"texture":"#0","tintindex":0},"west":{"uv":[4.0125,7.5125,4.8625,8.4875],"rotation":0,"texture":"#0","tintindex":0},"up":{"uv":[2.1125,9.7375,1.5125,8.8875],"rotation":0,"texture":"#0","tintindex":0},"down":{"uv":[9.4875,3.7625,8.8875,4.6125],"rotation":0,"texture":"#0","tintindex":0}}}],"display":{"head":{"translation":[0.0,-6.4,0.0],"scale":[4.0,4.0,4.0]}}}