{"textures":{"0":"modelengine:entity/king"},"elements":[{"from":[7.6571426,5.142857,5.714286],"to":[10.514286,9.714286,9.714286],"rotation":{"angle":0.0,"axis":"y","origin":[12.228572,5.714286,9.714286]},"faces":{"east":{"uv":[4.8625,7.5125,4.0125,8.4875],"rotation":0,"texture":"#0","tintindex":0},"south":{"uv":[9.1125,5.0125,8.5125,5.9875],"rotation":0,"texture":"#0","tintindex":0},"north":{"uv":[4.6125,8.5125,4.0125,9.4875],"rotation":0,"texture":"#0","tintindex":0},"west":{"uv":[8.2375,6.2625,7.3875,7.2375],"rotation":0,"texture":"#0","tintindex":0},"up":{"uv":[1.5125,9.7375,2.1125,8.8875],"rotation":0,"texture":"#0","tintindex":0},"down":{"uv":[8.8875,3.7625,9.4875,4.6125],"rotation":0,"texture":"#0","tintindex":0}}}],"display":{"head":{"translation":[0.0,-6.4,0.0],"scale":[4.0,4.0,4.0]}}}