{"textures":{"0":"modelengine:entity/king"},"elements":[{"from":[6.5714283,2.8571424,4.0],"to":[9.428572,8.0,8.0],"rotation":{"angle":0.0,"axis":"y","origin":[11.142858,4.0,8.0]},"faces":{"east":{"uv":[8.1125,7.2625,7.2625,8.3625],"rotation":0,"texture":"#0","tintindex":0},"south":{"uv":[8.7375,8.2625,8.1375,9.3625],"rotation":0,"texture":"#0","tintindex":0},"north":{"uv":[6.2375,8.2625,5.6375,9.3625],"rotation":0,"texture":"#0","tintindex":0},"west":{"uv":[7.2375,7.2625,6.3875,8.3625],"rotation":0,"texture":"#0","tintindex":0},"up":{"uv":[8.8875,7.8625,9.4875,7.0125],"rotation":0,"texture":"#0","tintindex":0},"down":{"uv":[8.7625,9.0125,9.3625,9.8625],"rotation":0,"texture":"#0","tintindex":0}}},{"from":[8.0,1.1428566,4.5714283],"to":[9.142858,2.2857141,6.857143],"rotation":{"angle":0.0,"axis":"y","origin":[8.0,1.1428566,5.714286]},"faces":{"east":{"uv":[9.9875,7.0125,9.5125,7.2375],"rotation":0,"texture":"#0","tintindex":0},"south":{"uv":[9.7375,8.5125,9.5125,8.7375],"rotation":0,"texture":"#0","tintindex":0},"north":{"uv":[9.7375,8.2625,9.5125,8.4875],"rotation":0,"texture":"#0","tintindex":0},"west":{"uv":[9.9875,4.2625,9.5125,4.4875],"rotation":0,"texture":"#0","tintindex":0},"up":{"uv":[7.6375,5.4875,7.8625,5.0125],"rotation":0,"texture":"#0","tintindex":0},"down":{"uv":[7.8875,2.7625,8.1125,3.2375],"rotation":0,"texture":"#0","tintindex":0}}},{"from":[6.857143,2.2857141,4.5714283],"to":[9.142858,3.4285712,6.857143],"rotation":{"angle":0.0,"axis":"y","origin":[8.0,1.7142854,5.714286]},"faces":{"east":{"uv":[9.9875,4.0125,9.5125,4.2375],"rotation":0,"texture":"#0","tintindex":0},"south":{"uv":[4.4875,9.5125,4.0125,9.7375],"rotation":0,"texture":"#0","tintindex":0},"north":{"uv":[3.4875,9.5125,3.0125,9.7375],"rotation":0,"texture":"#0","tintindex":0},"west":{"uv":[9.9875,3.7625,9.5125,3.9875],"rotation":0,"texture":"#0","tintindex":0},"up":{"uv":[9.1375,5.9875,9.6125,5.5125],"rotation":0,"texture":"#0","tintindex":0},"down":{"uv":[9.2625,3.2625,9.7375,3.7375],"rotation":0,"texture":"#0","tintindex":0}}},{"from":[6.285714,0.5714283,-0.57142925],"to":[9.714286,4.0,2.2857141],"rotation":{"angle":0.0,"axis":"y","origin":[8.0,1.1428566,-5.714287]},"faces":{"east":{"uv":[9.7375,6.2625,9.1375,6.9875],"rotation":0,"texture":"#0","tintindex":0},"south":{"uv":[1.4875,8.8875,0.7625,9.6125],"rotation":0,"texture":"#0","tintindex":0},"north":{"uv":[0.7375,8.8875,0.0125,9.6125],"rotation":0,"texture":"#0","tintindex":0},"west":{"uv":[6.8625,9.1375,6.2625,9.8625],"rotation":0,"texture":"#0","tintindex":0},"up":{"uv":[6.8875,9.7375,7.6125,9.1375],"rotation":0,"texture":"#0","tintindex":0},"down":{"uv":[9.2625,0.6375,9.9875,1.2375],"rotation":0,"texture":"#0","tintindex":0}}},{"from":[6.857143,1.1428566,-1.7142859],"to":[9.142858,1.1428566,-0.57142925],"rotation":{"angle":0.0,"axis":"y","origin":[8.0,1.1428566,-8.57143]},"faces":{"east":{"uv":[2.3625,8.8875,2.1375,9.3625],"rotation":0,"texture":"#0","tintindex":0},"south":{"uv":[5.8625,9.3875,5.3875,9.8625],"rotation":0,"texture":"#0","tintindex":0},"north":{"uv":[5.3625,9.2625,4.8875,9.7375],"rotation":0,"texture":"#0","tintindex":0},"west":{"uv":[8.1125,3.2625,7.8875,3.7375],"rotation":0,"texture":"#0","tintindex":0},"up":{"uv":[9.5125,7.4875,9.9875,7.2625],"rotation":0,"texture":"#0","tintindex":0},"down":{"uv":[9.5125,7.5125,9.9875,7.7375],"rotation":0,"texture":"#0","tintindex":0}}},{"from":[6.857143,3.4285712,-1.7142859],"to":[9.142858,3.4285712,-0.57142925],"rotation":{"angle":0.0,"axis":"y","origin":[8.0,1.1428566,-8.57143]},"faces":{"east":{"uv":[2.3625,8.8875,2.1375,9.3625],"rotation":0,"texture":"#0","tintindex":0},"south":{"uv":[5.8625,9.3875,5.3875,9.8625],"rotation":0,"texture":"#0","tintindex":0},"north":{"uv":[5.3625,9.2625,4.8875,9.7375],"rotation":0,"texture":"#0","tintindex":0},"west":{"uv":[8.1125,3.2625,7.8875,3.7375],"rotation":0,"texture":"#0","tintindex":0},"up":{"uv":[9.5125,7.4875,9.9875,7.2625],"rotation":0,"texture":"#0","tintindex":0},"down":{"uv":[9.5125,7.5125,9.9875,7.7375],"rotation":0,"texture":"#0","tintindex":0}}},{"from":[6.857143,1.1428566,-1.7142859],"to":[6.857143,3.4285712,-0.57142925],"rotation":{"angle":0.0,"axis":"y","origin":[8.0,1.1428566,-8.57143]},"faces":{"east":{"uv":[2.3625,8.8875,2.1375,9.3625],"rotation":0,"texture":"#0","tintindex":0},"south":{"uv":[5.8625,9.3875,5.3875,9.8625],"rotation":0,"texture":"#0","tintindex":0},"north":{"uv":[5.3625,9.2625,4.8875,9.7375],"rotation":0,"texture":"#0","tintindex":0},"west":{"uv":[8.1125,3.2625,7.8875,3.7375],"rotation":0,"texture":"#0","tintindex":0},"up":{"uv":[9.5125,7.4875,9.9875,7.2625],"rotation":0,"texture":"#0","tintindex":0},"down":{"uv":[9.5125,7.5125,9.9875,7.7375],"rotation":0,"texture":"#0","tintindex":0}}},{"from":[9.142858,1.1428566,-1.7142859],"to":[9.142858,3.4285712,-0.57142925],"rotation":{"angle":0.0,"axis":"y","origin":[8.0,1.1428566,-8.57143]},"faces":{"east":{"uv":[2.3625,8.8875,2.1375,9.3625],"rotation":0,"texture":"#0","tintindex":0},"south":{"uv":[5.8625,9.3875,5.3875,9.8625],"rotation":0,"texture":"#0","tintindex":0},"north":{"uv":[5.3625,9.2625,4.8875,9.7375],"rotation":0,"texture":"#0","tintindex":0},"west":{"uv":[8.1125,3.2625,7.8875,3.7375],"rotation":0,"texture":"#0","tintindex":0},"up":{"uv":[9.5125,7.4875,9.9875,7.2625],"rotation":0,"texture":"#0","tintindex":0},"down":{"uv":[9.5125,7.5125,9.9875,7.7375],"rotation":0,"texture":"#0","tintindex":0}}},{"from":[7.428571,1.7142854,2.2857141],"to":[8.571428,2.8571424,11.428572],"rotation":{"angle":0.0,"axis":"y","origin":[8.0,1.1428566,3.4285712]},"faces":{"east":{"uv":[10.8625,4.6375,8.8875,4.8625],"rotation":0,"texture":"#0","tintindex":0},"south":{"uv":[1.4875,9.6375,1.2625,9.8625],"rotation":0,"texture":"#0","tintindex":0},"north":{"uv":[1.2375,9.6375,1.0125,9.8625],"rotation":0,"texture":"#0","tintindex":0},"west":{"uv":[10.4875,6.0125,8.5125,6.2375],"rotation":0,"texture":"#0","tintindex":0},"up":{"uv":[4.6375,10.4875,4.8625,8.5125],"rotation":0,"texture":"#0","tintindex":0},"down":{"uv":[3.7625,8.7625,3.9875,10.7375],"rotation":0,"texture":"#0","tintindex":0}}},{"from":[6.857143,1.1428566,4.5714283],"to":[8.0,2.2857141,5.714286],"rotation":{"angle":0.0,"axis":"y","origin":[6.857143,1.1428566,5.714286]},"faces":{"east":{"uv":[0.4875,9.6375,0.2625,9.8625],"rotation":0,"texture":"#0","tintindex":0},"south":{"uv":[0.2375,9.6375,0.0125,9.8625],"rotation":0,"texture":"#0","tintindex":0},"north":{"uv":[9.7375,8.7625,9.5125,8.9875],"rotation":0,"texture":"#0","tintindex":0},"west":{"uv":[9.6125,9.5125,9.3875,9.7375],"rotation":0,"texture":"#0","tintindex":0},"up":{"uv":[0.5125,9.8625,0.7375,9.6375],"rotation":0,"texture":"#0","tintindex":0},"down":{"uv":[0.7625,9.6375,0.9875,9.8625],"rotation":0,"texture":"#0","tintindex":0}}}],"display":{"head":{"translation":[0.0,-6.4,0.0],"scale":[4.0,4.0,4.0]}}}