{"textures":{"0":"modelengine:entity/jester"},"elements":[{"from":[5.714286,6.996416,5.430966],"to":[10.285714,11.567844,10.002395],"rotation":{"angle":0.0,"axis":"y","origin":[7.428571,-6.575013,6.573823]},"faces":{"east":{"uv":[2.2625,1.0125,3.2375,1.9875],"rotation":0,"texture":"#0","tintindex":0},"south":{"uv":[2.2625,2.0125,3.2375,2.9875],"rotation":0,"texture":"#0","tintindex":0},"north":{"uv":[2.2625,0.0125,3.2375,0.9875],"rotation":0,"texture":"#0","tintindex":0},"west":{"uv":[0.0125,2.5125,0.9875,3.4875],"rotation":0,"texture":"#0","tintindex":0},"up":{"uv":[1.9875,3.7375,1.0125,2.7625],"rotation":0,"texture":"#0","tintindex":0},"down":{"uv":[2.9875,3.0125,2.0125,3.9875],"rotation":0,"texture":"#0","tintindex":0}}},{"from":[5.714286,5.4249873,10.716681],"to":[10.285714,11.710702,10.716681],"rotation":{"angle":-22.5,"axis":"x","origin":[8.0,8.424988,10.573823]},"faces":{"east":{"uv":[0.0125,0.0125,0.0125,1.3625],"rotation":0,"texture":"#0","tintindex":0},"south":{"uv":[1.2625,1.3875,2.2375,2.7375],"rotation":0,"texture":"#0","tintindex":0},"north":{"uv":[1.2625,1.3875,2.2375,2.7375],"rotation":0,"texture":"#0","tintindex":0},"west":{"uv":[0.0125,0.0125,0.0125,1.3625],"rotation":0,"texture":"#0","tintindex":0},"up":{"uv":[0.9875,0.0125,0.0125,0.0125],"rotation":0,"texture":"#0","tintindex":0},"down":{"uv":[0.9875,0.0125,0.0125,0.0125],"rotation":0,"texture":"#0","tintindex":0}}},{"from":[10.064049,8.567844,7.189344],"to":[10.635477,10.28213,8.903629],"rotation":{"angle":22.5,"axis":"y","origin":[10.349763,9.139274,8.046487]},"faces":{"east":{"uv":[4.5125,2.6375,4.8625,2.9875],"rotation":0,"texture":"#0","tintindex":0},"south":{"uv":[5.0125,7.1375,5.1125,7.4875],"rotation":0,"texture":"#0","tintindex":0},"north":{"uv":[5.6375,7.0125,5.7375,7.3625],"rotation":0,"texture":"#0","tintindex":0},"west":{"uv":[4.8875,2.6375,5.2375,2.9875],"rotation":0,"texture":"#0","tintindex":0},"up":{"uv":[6.9875,7.4875,6.8875,7.1375],"rotation":0,"texture":"#0","tintindex":0},"down":{"uv":[7.3625,6.1375,7.2625,6.4875],"rotation":0,"texture":"#0","tintindex":0}}},{"from":[5.3645225,8.567844,7.189344],"to":[5.935951,10.28213,8.903629],"rotation":{"angle":-22.5,"axis":"y","origin":[5.650237,9.139274,8.046487]},"faces":{"east":{"uv":[5.2375,2.6375,4.8875,2.9875],"rotation":0,"texture":"#0","tintindex":0},"south":{"uv":[5.1125,7.1375,5.0125,7.4875],"rotation":0,"texture":"#0","tintindex":0},"north":{"uv":[5.7375,7.0125,5.6375,7.3625],"rotation":0,"texture":"#0","tintindex":0},"west":{"uv":[4.8625,2.6375,4.5125,2.9875],"rotation":0,"texture":"#0","tintindex":0},"up":{"uv":[6.8875,7.4875,6.9875,7.1375],"rotation":0,"texture":"#0","tintindex":0},"down":{"uv":[7.2625,6.1375,7.3625,6.4875],"rotation":0,"texture":"#0","tintindex":0}}},{"from":[10.2204685,8.710702,5.7589803],"to":[11.934754,11.567844,5.7589803],"rotation":{"angle":-22.5,"axis":"y","origin":[11.077611,10.139274,5.7589803]},"faces":{"east":{"uv":[0.0125,0.0125,0.0125,0.6125],"rotation":0,"texture":"#0","tintindex":0},"south":{"uv":[7.2625,1.1375,7.6125,1.7375],"rotation":0,"texture":"#0","tintindex":0},"north":{"uv":[6.5125,7.1375,6.8625,7.7375],"rotation":0,"texture":"#0","tintindex":0},"west":{"uv":[0.0125,0.0125,0.0125,0.6125],"rotation":0,"texture":"#0","tintindex":0},"up":{"uv":[0.3625,0.0125,0.0125,0.0125],"rotation":0,"texture":"#0","tintindex":0},"down":{"uv":[0.3625,0.0125,0.0125,0.0125],"rotation":0,"texture":"#0","tintindex":0}}},{"from":[4.0652456,8.710702,5.7589803],"to":[5.7795315,11.567844,5.7589803],"rotation":{"angle":22.5,"axis":"y","origin":[4.922389,10.139274,5.7589803]},"faces":{"east":{"uv":[0.0125,0.0125,0.0125,0.6125],"rotation":0,"texture":"#0","tintindex":0},"south":{"uv":[7.6125,1.1375,7.2625,1.7375],"rotation":0,"texture":"#0","tintindex":0},"north":{"uv":[6.8625,7.1375,6.5125,7.7375],"rotation":0,"texture":"#0","tintindex":0},"west":{"uv":[0.0125,0.0125,0.0125,0.6125],"rotation":0,"texture":"#0","tintindex":0},"up":{"uv":[0.0125,0.0125,0.3625,0.0125],"rotation":0,"texture":"#0","tintindex":0},"down":{"uv":[0.0125,0.0125,0.3625,0.0125],"rotation":0,"texture":"#0","tintindex":0}}},{"from":[7.428571,8.710702,4.859537],"to":[8.571428,9.8535595,5.430966],"rotation":{"angle":0.0,"axis":"y","origin":[7.428571,-6.575013,2.0023942]},"faces":{"east":{"uv":[7.3875,6.1375,7.4875,6.3625],"rotation":0,"texture":"#0","tintindex":0},"south":{"uv":[2.0125,2.7625,2.2375,2.9875],"rotation":0,"texture":"#0","tintindex":0},"north":{"uv":[1.0125,2.5125,1.2375,2.7375],"rotation":0,"texture":"#0","tintindex":0},"west":{"uv":[6.3875,7.3875,6.4875,7.6125],"rotation":0,"texture":"#0","tintindex":0},"up":{"uv":[1.8625,4.8625,1.6375,4.7625],"rotation":0,"texture":"#0","tintindex":0},"down":{"uv":[2.1125,4.7625,1.8875,4.8625],"rotation":0,"texture":"#0","tintindex":0}}},{"from":[5.142857,10.567844,5.7166805],"to":[10.857143,12.8535595,11.430966],"rotation":{"angle":22.5,"axis":"x","origin":[8.0,11.996416,7.430966]},"faces":{"east":{"uv":[4.5125,2.1375,5.7375,2.6125],"rotation":0,"texture":"#0","tintindex":0},"south":{"uv":[3.0125,4.5125,4.2375,4.9875],"rotation":0,"texture":"#0","tintindex":0},"north":{"uv":[4.5125,1.6375,5.7375,2.1125],"rotation":0,"texture":"#0","tintindex":0},"west":{"uv":[4.2625,4.5125,5.4875,4.9875],"rotation":0,"texture":"#0","tintindex":0},"up":{"uv":[1.2375,1.2375,0.0125,0.0125],"rotation":0,"texture":"#0","tintindex":0},"down":{"uv":[1.2375,1.2625,0.0125,2.4875],"rotation":0,"texture":"#0","tintindex":0}}},{"from":[10.313715,7.1229405,8.343123],"to":[10.313715,10.551512,12.914553],"rotation":{"angle":0.0,"axis":"y","origin":[10.313715,7.9800835,10.057409]},"faces":{"east":{"uv":[4.0125,3.7625,4.9875,4.4875],"rotation":0,"texture":"#0","tintindex":0},"south":{"uv":[0.0125,0.0125,0.0125,0.7375],"rotation":0,"texture":"#0","tintindex":0},"north":{"uv":[0.0125,0.0125,0.0125,0.7375],"rotation":0,"texture":"#0","tintindex":0},"west":{"uv":[4.9875,3.7625,4.0125,4.4875],"rotation":0,"texture":"#0","tintindex":0},"up":{"uv":[0.0125,0.9875,0.0125,0.0125],"rotation":0,"texture":"#0","tintindex":0},"down":{"uv":[0.0125,0.0125,0.0125,0.9875],"rotation":0,"texture":"#0","tintindex":0}}},{"from":[5.6862855,7.1229405,8.343123],"to":[5.6862855,10.551512,12.914553],"rotation":{"angle":0.0,"axis":"y","origin":[5.6862855,7.9800835,10.057409]},"faces":{"east":{"uv":[4.0125,3.7625,4.9875,4.4875],"rotation":0,"texture":"#0","tintindex":0},"south":{"uv":[0.0125,0.0125,0.0125,0.7375],"rotation":0,"texture":"#0","tintindex":0},"north":{"uv":[0.0125,0.0125,0.0125,0.7375],"rotation":0,"texture":"#0","tintindex":0},"west":{"uv":[4.9875,3.7625,4.0125,4.4875],"rotation":0,"texture":"#0","tintindex":0},"up":{"uv":[0.0125,0.9875,0.0125,0.0125],"rotation":0,"texture":"#0","tintindex":0},"down":{"uv":[0.0125,0.0125,0.0125,0.9875],"rotation":0,"texture":"#0","tintindex":0}}},{"from":[6.0,11.142858,7.428571],"to":[10.0,14.0,10.857143],"rotation":{"angle":45.0,"axis":"x","origin":[8.0,12.0,9.142858]},"faces":{"east":{"uv":[5.2625,5.6375,5.9875,6.2375],"rotation":0,"texture":"#0","tintindex":0},"south":{"uv":[0.0125,5.2625,0.8625,5.8625],"rotation":0,"texture":"#0","tintindex":0},"north":{"uv":[4.6375,5.0125,5.4875,5.6125],"rotation":0,"texture":"#0","tintindex":0},"west":{"uv":[5.7625,1.6375,6.4875,2.2375],"rotation":0,"texture":"#0","tintindex":0},"up":{"uv":[0.8625,5.2375,0.0125,4.5125],"rotation":0,"texture":"#0","tintindex":0},"down":{"uv":[5.3625,0.0125,4.5125,0.7375],"rotation":0,"texture":"#0","tintindex":0}}}],"display":{"head":{"translation":[0.0,-6.4,0.0],"scale":[4.0,4.0,4.0]}}}