{"textures":{"0":"modelengine:entity/jester"},"elements":[{"from":[7.0822477,13.656343,10.582767],"to":[8.796534,15.37063,12.297052],"rotation":{"angle":-45.0,"axis":"y","origin":[7.9393907,14.37063,11.868481]},"faces":{"east":{"uv":[7.6375,0.3875,7.9875,0.7375],"rotation":0,"texture":"#0","tintindex":0},"south":{"uv":[7.6375,0.7625,7.9875,1.1125],"rotation":0,"texture":"#0","tintindex":0},"north":{"uv":[0.3875,7.6375,0.7375,7.9875],"rotation":0,"texture":"#0","tintindex":0},"west":{"uv":[7.6375,1.1375,7.9875,1.4875],"rotation":0,"texture":"#0","tintindex":0},"up":{"uv":[7.9875,1.8625,7.6375,1.5125],"rotation":0,"texture":"#0","tintindex":0},"down":{"uv":[7.9875,1.8875,7.6375,2.2375],"rotation":0,"texture":"#0","tintindex":0}}},{"from":[7.0822477,13.513487,9.297052],"to":[8.796534,14.656343,11.011338],"rotation":{"angle":-22.5,"axis":"x","origin":[9.653677,12.656343,11.011338]},"faces":{"east":{"uv":[4.5125,7.6375,4.8625,7.8625],"rotation":0,"texture":"#0","tintindex":0},"south":{"uv":[7.6375,5.5125,7.9875,5.7375],"rotation":0,"texture":"#0","tintindex":0},"north":{"uv":[7.6375,4.2625,7.9875,4.4875],"rotation":0,"texture":"#0","tintindex":0},"west":{"uv":[7.6375,5.7625,7.9875,5.9875],"rotation":0,"texture":"#0","tintindex":0},"up":{"uv":[7.9875,2.6125,7.6375,2.2625],"rotation":0,"texture":"#0","tintindex":0},"down":{"uv":[7.9875,2.6375,7.6375,2.9875],"rotation":0,"texture":"#0","tintindex":0}}},{"from":[6.7965336,10.601229,7.553983],"to":[9.082248,12.886943,9.839698],"rotation":{"angle":45.0,"axis":"x","origin":[9.367962,12.0298,9.268269]},"faces":{"east":{"uv":[7.1375,3.1375,7.6125,3.6125],"rotation":0,"texture":"#0","tintindex":0},"south":{"uv":[3.2625,7.1375,3.7375,7.6125],"rotation":0,"texture":"#0","tintindex":0},"north":{"uv":[7.1375,2.6375,7.6125,3.1125],"rotation":0,"texture":"#0","tintindex":0},"west":{"uv":[7.1375,3.6375,7.6125,4.1125],"rotation":0,"texture":"#0","tintindex":0},"up":{"uv":[7.6125,4.6125,7.1375,4.1375],"rotation":0,"texture":"#0","tintindex":0},"down":{"uv":[4.9875,7.1375,4.5125,7.6125],"rotation":0,"texture":"#0","tintindex":0}}},{"from":[6.5108194,9.355333,6.5874267],"to":[9.367962,11.6410475,9.44457],"rotation":{"angle":22.5,"axis":"x","origin":[9.082248,10.783905,8.301712]},"faces":{"east":{"uv":[6.5125,4.5125,7.1125,4.9875],"rotation":0,"texture":"#0","tintindex":0},"south":{"uv":[0.6375,6.6375,1.2375,7.1125],"rotation":0,"texture":"#0","tintindex":0},"north":{"uv":[4.0125,6.5125,4.6125,6.9875],"rotation":0,"texture":"#0","tintindex":0},"west":{"uv":[6.6375,1.0125,7.2375,1.4875],"rotation":0,"texture":"#0","tintindex":0},"up":{"uv":[6.4875,2.8625,5.8875,2.2625],"rotation":0,"texture":"#0","tintindex":0},"down":{"uv":[6.4875,2.8875,5.8875,3.4875],"rotation":0,"texture":"#0","tintindex":0}}},{"from":[6.2251053,7.834391,6.1712284],"to":[9.653677,10.120106,9.5998],"rotation":{"angle":0.0,"axis":"y","origin":[8.796534,9.262962,7.8855143]},"faces":{"east":{"uv":[6.5125,0.5125,7.2375,0.9875],"rotation":0,"texture":"#0","tintindex":0},"south":{"uv":[6.5125,1.6375,7.2375,2.1125],"rotation":0,"texture":"#0","tintindex":0},"north":{"uv":[6.3875,4.0125,7.1125,4.4875],"rotation":0,"texture":"#0","tintindex":0},"west":{"uv":[2.1375,6.5125,2.8625,6.9875],"rotation":0,"texture":"#0","tintindex":0},"up":{"uv":[5.7375,4.4875,5.0125,3.7625],"rotation":0,"texture":"#0","tintindex":0},"down":{"uv":[4.6125,5.0125,3.8875,5.7375],"rotation":0,"texture":"#0","tintindex":0}}}],"display":{"head":{"translation":[0.0,-6.4,0.0],"scale":[4.0,4.0,4.0]}}}