{"textures":{"0":"modelengine:entity/jester"},"elements":[{"from":[7.2034664,13.656343,10.582767],"to":[8.917752,15.37063,12.297052],"rotation":{"angle":45.0,"axis":"y","origin":[8.060609,14.37063,11.868481]},"faces":{"east":{"uv":[6.5125,3.1375,6.8625,3.4875],"rotation":0,"texture":"#0","tintindex":0},"south":{"uv":[7.1375,4.6375,7.4875,4.9875],"rotation":0,"texture":"#0","tintindex":0},"north":{"uv":[5.7625,4.1375,6.1125,4.4875],"rotation":0,"texture":"#0","tintindex":0},"west":{"uv":[7.2625,1.7625,7.6125,2.1125],"rotation":0,"texture":"#0","tintindex":0},"up":{"uv":[7.8625,5.4875,7.5125,5.1375],"rotation":0,"texture":"#0","tintindex":0},"down":{"uv":[7.8625,7.1375,7.5125,7.4875],"rotation":0,"texture":"#0","tintindex":0}}},{"from":[7.2034664,13.513487,9.297052],"to":[8.917752,14.656343,11.011338],"rotation":{"angle":-22.5,"axis":"x","origin":[6.3463235,12.656343,11.011338]},"faces":{"east":{"uv":[7.6375,3.5125,7.9875,3.7375],"rotation":0,"texture":"#0","tintindex":0},"south":{"uv":[7.6375,3.7625,7.9875,3.9875],"rotation":0,"texture":"#0","tintindex":0},"north":{"uv":[7.6375,3.2625,7.9875,3.4875],"rotation":0,"texture":"#0","tintindex":0},"west":{"uv":[7.6375,4.0125,7.9875,4.2375],"rotation":0,"texture":"#0","tintindex":0},"up":{"uv":[7.6125,7.8625,7.2625,7.5125],"rotation":0,"texture":"#0","tintindex":0},"down":{"uv":[7.9875,0.0125,7.6375,0.3625],"rotation":0,"texture":"#0","tintindex":0}}},{"from":[6.917752,10.601229,7.553983],"to":[9.203466,12.886943,9.839698],"rotation":{"angle":45.0,"axis":"x","origin":[6.6320376,12.0298,9.268269]},"faces":{"east":{"uv":[7.0125,6.5125,7.4875,6.9875],"rotation":0,"texture":"#0","tintindex":0},"south":{"uv":[7.0125,7.0125,7.4875,7.4875],"rotation":0,"texture":"#0","tintindex":0},"north":{"uv":[5.1375,7.0125,5.6125,7.4875],"rotation":0,"texture":"#0","tintindex":0},"west":{"uv":[7.1375,0.0125,7.6125,0.4875],"rotation":0,"texture":"#0","tintindex":0},"up":{"uv":[0.9875,7.6125,0.5125,7.1375],"rotation":0,"texture":"#0","tintindex":0},"down":{"uv":[7.6125,2.1375,7.1375,2.6125],"rotation":0,"texture":"#0","tintindex":0}}},{"from":[6.6320376,9.355333,6.5874267],"to":[9.489181,11.6410475,9.44457],"rotation":{"angle":22.5,"axis":"x","origin":[6.917752,10.783905,8.301712]},"faces":{"east":{"uv":[6.5125,2.1375,7.1125,2.6125],"rotation":0,"texture":"#0","tintindex":0},"south":{"uv":[6.5125,2.6375,7.1125,3.1125],"rotation":0,"texture":"#0","tintindex":0},"north":{"uv":[0.0125,6.5125,0.6125,6.9875],"rotation":0,"texture":"#0","tintindex":0},"west":{"uv":[2.8875,6.5125,3.4875,6.9875],"rotation":0,"texture":"#0","tintindex":0},"up":{"uv":[0.6125,6.4875,0.0125,5.8875],"rotation":0,"texture":"#0","tintindex":0},"down":{"uv":[6.4875,0.5125,5.8875,1.1125],"rotation":0,"texture":"#0","tintindex":0}}},{"from":[6.3463235,7.834391,6.1712284],"to":[9.774895,10.120106,9.5998],"rotation":{"angle":0.0,"axis":"y","origin":[7.2034664,9.262962,7.8855143]},"faces":{"east":{"uv":[6.3875,0.0125,7.1125,0.4875],"rotation":0,"texture":"#0","tintindex":0},"south":{"uv":[1.3875,6.3875,2.1125,6.8625],"rotation":0,"texture":"#0","tintindex":0},"north":{"uv":[6.2625,5.0125,6.9875,5.4875],"rotation":0,"texture":"#0","tintindex":0},"west":{"uv":[6.3875,3.5125,7.1125,3.9875],"rotation":0,"texture":"#0","tintindex":0},"up":{"uv":[3.1125,5.7375,2.3875,5.0125],"rotation":0,"texture":"#0","tintindex":0},"down":{"uv":[3.8625,5.0125,3.1375,5.7375],"rotation":0,"texture":"#0","tintindex":0}}}],"display":{"head":{"translation":[0.0,-6.4,0.0],"scale":[4.0,4.0,4.0]}}}