{"textures":{"0":"modelengine:entity/jester"},"elements":[{"from":[7.1714287,4.5714283,8.0],"to":[8.885715,8.0,10.285714],"rotation":{"angle":0.0,"axis":"y","origin":[8.0,6.285714,9.142858]},"faces":{"east":{"uv":[5.1125,6.3875,4.6375,7.1125],"rotation":0,"texture":"#0","tintindex":0},"south":{"uv":[6.4875,6.6375,6.1375,7.3625],"rotation":0,"texture":"#0","tintindex":0},"north":{"uv":[6.1125,6.6375,5.7625,7.3625],"rotation":0,"texture":"#0","tintindex":0},"west":{"uv":[3.9875,6.3875,3.5125,7.1125],"rotation":0,"texture":"#0","tintindex":0},"up":{"uv":[7.5125,7.1125,7.8625,6.6375],"rotation":0,"texture":"#0","tintindex":0},"down":{"uv":[6.8875,7.5125,7.2375,7.9875],"rotation":0,"texture":"#0","tintindex":0}}},{"from":[7.142857,4.5714283,6.857143],"to":[8.857143,5.714286,8.0],"rotation":{"angle":0.0,"axis":"y","origin":[8.857143,8.571428,5.142857]},"faces":{"east":{"uv":[0.8625,5.8875,0.6375,6.1125],"rotation":0,"texture":"#0","tintindex":0},"south":{"uv":[1.1125,7.8875,0.7625,8.1125],"rotation":0,"texture":"#0","tintindex":0},"north":{"uv":[7.9875,7.7625,7.6375,7.9875],"rotation":0,"texture":"#0","tintindex":0},"west":{"uv":[1.9875,3.7625,1.7625,3.9875],"rotation":0,"texture":"#0","tintindex":0},"up":{"uv":[1.1375,8.1125,1.4875,7.8875],"rotation":0,"texture":"#0","tintindex":0},"down":{"uv":[3.2625,7.8875,3.6125,8.1125],"rotation":0,"texture":"#0","tintindex":0}}},{"from":[7.428571,4.640754,5.881653],"to":[8.571428,5.7836113,7.0245104],"rotation":{"angle":-45.0,"axis":"x","origin":[7.714286,5.7836113,6.4530816]},"faces":{"east":{"uv":[7.1125,3.1375,6.8875,3.3625],"rotation":0,"texture":"#0","tintindex":0},"south":{"uv":[5.9875,6.2625,5.7625,6.4875],"rotation":0,"texture":"#0","tintindex":0},"north":{"uv":[1.6125,6.1375,1.3875,6.3625],"rotation":0,"texture":"#0","tintindex":0},"west":{"uv":[6.3625,4.1375,6.1375,4.3625],"rotation":0,"texture":"#0","tintindex":0},"up":{"uv":[1.0125,7.3625,1.2375,7.1375],"rotation":0,"texture":"#0","tintindex":0},"down":{"uv":[3.7625,7.1375,3.9875,7.3625],"rotation":0,"texture":"#0","tintindex":0}}}],"display":{"head":{"translation":[0.0,-6.4,0.0],"scale":[4.0,4.0,4.0]}}}