{"textures":{"0":"modelengine:entity/jester"},"elements":[{"from":[5.142857,6.857143,5.714286],"to":[8.0,9.714286,9.142858],"rotation":{"angle":0.0,"axis":"y","origin":[5.714286,8.571428,5.714286]},"faces":{"east":{"uv":[6.2375,5.0125,5.5125,5.6125],"rotation":0,"texture":"#0","tintindex":0},"south":{"uv":[6.3625,3.5125,5.7625,4.1125],"rotation":0,"texture":"#0","tintindex":0},"north":{"uv":[4.1125,5.7625,3.5125,6.3625],"rotation":0,"texture":"#0","tintindex":0},"west":{"uv":[1.6125,5.5125,0.8875,6.1125],"rotation":0,"texture":"#0","tintindex":0},"up":{"uv":[1.6375,6.3625,2.2375,5.6375],"rotation":0,"texture":"#0","tintindex":0},"down":{"uv":[4.6375,5.6375,5.2375,6.3625],"rotation":0,"texture":"#0","tintindex":0}}},{"from":[5.714286,4.5714283,6.285714],"to":[7.428571,6.857143,8.571428],"rotation":{"angle":0.0,"axis":"y","origin":[5.714286,5.714286,5.714286]},"faces":{"east":{"uv":[2.2375,7.0125,1.7625,7.4875],"rotation":0,"texture":"#0","tintindex":0},"south":{"uv":[1.7375,7.3875,1.3875,7.8625],"rotation":0,"texture":"#0","tintindex":0},"north":{"uv":[1.3625,7.3875,1.0125,7.8625],"rotation":0,"texture":"#0","tintindex":0},"west":{"uv":[0.4875,7.0125,0.0125,7.4875],"rotation":0,"texture":"#0","tintindex":0},"up":{"uv":[5.6375,7.8625,5.9875,7.3875],"rotation":0,"texture":"#0","tintindex":0},"down":{"uv":[6.0125,7.3875,6.3625,7.8625],"rotation":0,"texture":"#0","tintindex":0}}}],"display":{"head":{"translation":[0.0,-6.4,0.0],"scale":[4.0,4.0,4.0]}}}