{"textures":{"0":"modelengine:entity/jester"},"elements":[{"from":[7.428571,5.714286,6.857143],"to":[9.142858,8.0,9.142858],"rotation":{"angle":0.0,"axis":"y","origin":[7.428571,5.714286,6.285714]},"faces":{"east":{"uv":[7.4875,5.0125,7.0125,5.4875],"rotation":0,"texture":"#0","tintindex":0},"south":{"uv":[4.1125,7.5125,3.7625,7.9875],"rotation":0,"texture":"#0","tintindex":0},"north":{"uv":[3.2375,7.5125,2.8875,7.9875],"rotation":0,"texture":"#0","tintindex":0},"west":{"uv":[4.4875,7.0125,4.0125,7.4875],"rotation":0,"texture":"#0","tintindex":0},"up":{"uv":[4.1375,7.9875,4.4875,7.5125],"rotation":0,"texture":"#0","tintindex":0},"down":{"uv":[7.5125,4.6375,7.8625,5.1125],"rotation":0,"texture":"#0","tintindex":0}}},{"from":[9.142858,6.285714,6.857143],"to":[9.714286,7.428571,8.571428],"rotation":{"angle":0.0,"axis":"y","origin":[7.428571,5.142857,6.285714]},"faces":{"east":{"uv":[3.6125,7.6375,3.2625,7.8625],"rotation":0,"texture":"#0","tintindex":0},"south":{"uv":[5.2375,6.7625,5.1375,6.9875],"rotation":0,"texture":"#0","tintindex":0},"north":{"uv":[1.3625,6.6375,1.2625,6.8625],"rotation":0,"texture":"#0","tintindex":0},"west":{"uv":[1.2375,4.5125,0.8875,4.7375],"rotation":0,"texture":"#0","tintindex":0},"up":{"uv":[5.7625,2.6125,5.8625,2.2625],"rotation":0,"texture":"#0","tintindex":0},"down":{"uv":[5.1375,6.3875,5.2375,6.7375],"rotation":0,"texture":"#0","tintindex":0}}}],"display":{"head":{"translation":[0.0,-6.4,0.0],"scale":[4.0,4.0,4.0]}}}