{"textures":{"0":"modelengine:entity/jester"},"elements":[{"from":[7.142857,5.714286,5.714286],"to":[8.857143,8.0,8.0],"rotation":{"angle":0.0,"axis":"y","origin":[7.142857,6.285714,5.142857]},"faces":{"east":{"uv":[3.2375,7.0125,2.7625,7.4875],"rotation":0,"texture":"#0","tintindex":0},"south":{"uv":[2.1125,7.5125,1.7625,7.9875],"rotation":0,"texture":"#0","tintindex":0},"north":{"uv":[0.3625,7.5125,0.0125,7.9875],"rotation":0,"texture":"#0","tintindex":0},"west":{"uv":[2.7375,7.0125,2.2625,7.4875],"rotation":0,"texture":"#0","tintindex":0},"up":{"uv":[2.1375,7.9875,2.4875,7.5125],"rotation":0,"texture":"#0","tintindex":0},"down":{"uv":[2.5125,7.5125,2.8625,7.9875],"rotation":0,"texture":"#0","tintindex":0}}}],"display":{"head":{"translation":[0.0,-6.4,0.0],"scale":[4.0,4.0,4.0]}}}