{"textures":{"0":"modelengine:entity/jester"},"elements":[{"from":[8.0,5.142857,6.285714],"to":[10.857143,9.142858,9.714286],"rotation":{"angle":0.0,"axis":"y","origin":[8.571428,8.571428,6.285714]},"faces":{"east":{"uv":[2.2625,4.0125,2.9875,4.8625],"rotation":0,"texture":"#0","tintindex":0},"south":{"uv":[5.2625,2.6375,5.8625,3.4875],"rotation":0,"texture":"#0","tintindex":0},"north":{"uv":[5.2625,0.7625,5.8625,1.6125],"rotation":0,"texture":"#0","tintindex":0},"west":{"uv":[4.5125,0.7625,5.2375,1.6125],"rotation":0,"texture":"#0","tintindex":0},"up":{"uv":[2.8625,6.4875,2.2625,5.7625],"rotation":0,"texture":"#0","tintindex":0},"down":{"uv":[3.4875,5.7625,2.8875,6.4875],"rotation":0,"texture":"#0","tintindex":0}}},{"from":[8.571428,4.0,6.857143],"to":[10.285714,5.142857,9.142858],"rotation":{"angle":0.0,"axis":"y","origin":[8.571428,5.142857,6.285714]},"faces":{"east":{"uv":[5.3875,0.5125,5.8625,0.7375],"rotation":0,"texture":"#0","tintindex":0},"south":{"uv":[6.3875,7.7625,6.7375,7.9875],"rotation":0,"texture":"#0","tintindex":0},"north":{"uv":[7.6375,7.5125,7.9875,7.7375],"rotation":0,"texture":"#0","tintindex":0},"west":{"uv":[7.6375,3.0125,8.1125,3.2375],"rotation":0,"texture":"#0","tintindex":0},"up":{"uv":[5.3625,7.9875,5.0125,7.5125],"rotation":0,"texture":"#0","tintindex":0},"down":{"uv":[7.8625,6.1375,7.5125,6.6125],"rotation":0,"texture":"#0","tintindex":0}}}],"display":{"head":{"translation":[0.0,-6.4,0.0],"scale":[4.0,4.0,4.0]}}}