{"textures":{"0":"modelengine:entity/jester"},"elements":[{"from":[8.0,6.857143,5.714286],"to":[10.857143,9.714286,9.142858],"rotation":{"angle":0.0,"axis":"y","origin":[10.285714,8.571428,5.714286]},"faces":{"east":{"uv":[0.8875,5.5125,1.6125,6.1125],"rotation":0,"texture":"#0","tintindex":0},"south":{"uv":[5.7625,3.5125,6.3625,4.1125],"rotation":0,"texture":"#0","tintindex":0},"north":{"uv":[3.5125,5.7625,4.1125,6.3625],"rotation":0,"texture":"#0","tintindex":0},"west":{"uv":[5.5125,5.0125,6.2375,5.6125],"rotation":0,"texture":"#0","tintindex":0},"up":{"uv":[2.2375,6.3625,1.6375,5.6375],"rotation":0,"texture":"#0","tintindex":0},"down":{"uv":[5.2375,5.6375,4.6375,6.3625],"rotation":0,"texture":"#0","tintindex":0}}},{"from":[8.571428,4.5714283,6.285714],"to":[10.285714,6.857143,8.571428],"rotation":{"angle":0.0,"axis":"y","origin":[10.285714,5.714286,5.714286]},"faces":{"east":{"uv":[0.0125,7.0125,0.4875,7.4875],"rotation":0,"texture":"#0","tintindex":0},"south":{"uv":[1.3875,7.3875,1.7375,7.8625],"rotation":0,"texture":"#0","tintindex":0},"north":{"uv":[1.0125,7.3875,1.3625,7.8625],"rotation":0,"texture":"#0","tintindex":0},"west":{"uv":[1.7625,7.0125,2.2375,7.4875],"rotation":0,"texture":"#0","tintindex":0},"up":{"uv":[5.9875,7.8625,5.6375,7.3875],"rotation":0,"texture":"#0","tintindex":0},"down":{"uv":[6.3625,7.3875,6.0125,7.8625],"rotation":0,"texture":"#0","tintindex":0}}}],"display":{"head":{"translation":[0.0,-6.4,0.0],"scale":[4.0,4.0,4.0]}}}