{"textures":{"0":"modelengine:entity/viking_decor"},"elements":[{"from":[7.142857,5.142857,7.142857],"to":[8.857143,25.142859,8.857143],"rotation":{"angle":0.0,"axis":"y","origin":[8.0,-11.428572,8.0]},"faces":{"east":{"uv":[0.75,0.0,1.5,8.75],"rotation":0,"texture":"#0","tintindex":0},"south":{"uv":[1.5,0.0,2.25,8.75],"rotation":0,"texture":"#0","tintindex":0},"north":{"uv":[0.0,0.0,0.75,8.75],"rotation":0,"texture":"#0","tintindex":0},"west":{"uv":[2.25,0.0,3.0,8.75],"rotation":0,"texture":"#0","tintindex":0},"up":{"uv":[9.75,4.5,9.0,3.75],"rotation":0,"texture":"#0","tintindex":0},"down":{"uv":[9.75,4.5,9.0,5.25],"rotation":0,"texture":"#0","tintindex":0}}},{"from":[5.714286,-11.428572,5.714286],"to":[10.285714,-9.714287,10.285714],"rotation":{"angle":0.0,"axis":"y","origin":[8.0,-11.428572,8.0]},"faces":{"east":{"uv":[7.5,8.5,9.5,9.25],"rotation":0,"texture":"#0","tintindex":0},"south":{"uv":[0.0,8.75,2.0,9.5],"rotation":0,"texture":"#0","tintindex":0},"north":{"uv":[5.5,8.5,7.5,9.25],"rotation":0,"texture":"#0","tintindex":0},"west":{"uv":[9.0,0.0,11.0,0.75],"rotation":0,"texture":"#0","tintindex":0},"up":{"uv":[9.0,6.5,7.0,4.5],"rotation":0,"texture":"#0","tintindex":0},"down":{"uv":[9.0,6.5,7.0,8.5],"rotation":0,"texture":"#0","tintindex":0}}},{"from":[6.714286,-9.714287,6.714286],"to":[9.285714,4.0,9.285714],"rotation":{"angle":0.0,"axis":"y","origin":[8.0,-11.428572,8.0]},"faces":{"east":{"uv":[4.0,0.0,5.0,6.0],"rotation":0,"texture":"#0","tintindex":0},"south":{"uv":[5.0,0.0,6.0,6.0],"rotation":0,"texture":"#0","tintindex":0},"north":{"uv":[3.0,0.0,4.0,6.0],"rotation":0,"texture":"#0","tintindex":0},"west":{"uv":[6.0,0.0,7.0,6.0],"rotation":0,"texture":"#0","tintindex":0},"up":{"uv":[3.0,9.75,2.0,8.75],"rotation":0,"texture":"#0","tintindex":0},"down":{"uv":[10.0,0.75,9.0,1.75],"rotation":0,"texture":"#0","tintindex":0}}},{"from":[6.5714283,4.0,6.5714283],"to":[9.428572,5.142857,9.428572],"rotation":{"angle":0.0,"axis":"y","origin":[8.0,-11.428572,8.0]},"faces":{"east":{"uv":[9.0,2.25,10.25,2.75],"rotation":0,"texture":"#0","tintindex":0},"south":{"uv":[9.0,2.75,10.25,3.25],"rotation":0,"texture":"#0","tintindex":0},"north":{"uv":[9.0,1.75,10.25,2.25],"rotation":0,"texture":"#0","tintindex":0},"west":{"uv":[9.0,3.25,10.25,3.75],"rotation":0,"texture":"#0","tintindex":0},"up":{"uv":[4.25,9.5,3.0,8.25],"rotation":0,"texture":"#0","tintindex":0},"down":{"uv":[5.5,8.25,4.25,9.5],"rotation":0,"texture":"#0","tintindex":0}}}],"display":{"head":{"translation":[0.0,-6.4,0.0],"scale":[4.0,4.0,4.0]}}}