{"textures":{"0":"modelengine:entity/viking_decor"},"elements":[{"from":[3.4285712,5.428571,8.0],"to":[8.0,10.571428,8.0],"rotation":{"angle":0.0,"axis":"y","origin":[13.428572,-25.428574,8.0]},"faces":{"east":{"uv":[0.0,0.0,0.0,2.25],"rotation":0,"texture":"#0","tintindex":0},"south":{"uv":[9.0,2.25,7.0,4.5],"rotation":0,"texture":"#0","tintindex":0},"north":{"uv":[7.0,2.25,9.0,4.5],"rotation":0,"texture":"#0","tintindex":0},"west":{"uv":[0.0,0.0,0.0,2.25],"rotation":0,"texture":"#0","tintindex":0},"up":{"uv":[2.0,0.0,0.0,0.0],"rotation":0,"texture":"#0","tintindex":0},"down":{"uv":[2.0,0.0,0.0,0.0],"rotation":0,"texture":"#0","tintindex":0}}}],"display":{"head":{"translation":[0.0,-6.4,0.0],"scale":[4.0,4.0,4.0]}}}