{"textures":{"0":"modelengine:entity/viking_stone_pile"},"elements":[{"from":[4.5714283,-1.7142859,4.0],"to":[11.428572,0.5714283,9.714286],"rotation":{"angle":22.5,"axis":"y","origin":[8.0,-0.57142925,6.857143]},"faces":{"east":{"uv":[5.0,6.0,7.5,7.0],"rotation":0,"texture":"#0","tintindex":0},"south":{"uv":[5.25,0.0,8.25,1.0],"rotation":0,"texture":"#0","tintindex":0},"north":{"uv":[5.0,5.0,8.0,6.0],"rotation":0,"texture":"#0","tintindex":0},"west":{"uv":[6.75,1.0,9.25,2.0],"rotation":0,"texture":"#0","tintindex":0},"up":{"uv":[3.0,2.5,0.0,0.0],"rotation":0,"texture":"#0","tintindex":0},"down":{"uv":[3.0,2.5,0.0,5.0],"rotation":0,"texture":"#0","tintindex":0}}},{"from":[5.142857,0.5714283,3.4285712],"to":[10.285714,2.2857141,9.142858],"rotation":{"angle":-22.5,"axis":"y","origin":[7.714286,1.4285712,6.285714]},"faces":{"east":{"uv":[6.75,3.75,9.25,4.5],"rotation":0,"texture":"#0","tintindex":0},"south":{"uv":[1.25,7.75,3.5,8.5],"rotation":0,"texture":"#0","tintindex":0},"north":{"uv":[7.5,6.0,9.75,6.75],"rotation":0,"texture":"#0","tintindex":0},"west":{"uv":[1.25,7.0,3.75,7.75],"rotation":0,"texture":"#0","tintindex":0},"up":{"uv":[5.25,2.5,3.0,0.0],"rotation":0,"texture":"#0","tintindex":0},"down":{"uv":[5.25,2.5,3.0,5.0],"rotation":0,"texture":"#0","tintindex":0}}},{"from":[6.285714,2.2857141,5.142857],"to":[9.142858,3.4285712,9.142858],"rotation":{"angle":0.0,"axis":"y","origin":[7.714286,2.8571424,7.142857]},"faces":{"east":{"uv":[5.25,4.5,7.0,5.0],"rotation":0,"texture":"#0","tintindex":0},"south":{"uv":[6.0,8.5,7.25,9.0],"rotation":0,"texture":"#0","tintindex":0},"north":{"uv":[1.25,8.5,2.5,9.0],"rotation":0,"texture":"#0","tintindex":0},"west":{"uv":[8.0,5.5,9.75,6.0],"rotation":0,"texture":"#0","tintindex":0},"up":{"uv":[8.0,3.75,6.75,2.0],"rotation":0,"texture":"#0","tintindex":0},"down":{"uv":[1.25,7.0,0.0,8.75],"rotation":0,"texture":"#0","tintindex":0}}},{"from":[5.142857,3.4285712,5.142857],"to":[10.857143,5.142857,9.714286],"rotation":{"angle":22.5,"axis":"y","origin":[8.0,4.285714,7.428571]},"faces":{"east":{"uv":[6.0,7.75,8.0,8.5],"rotation":0,"texture":"#0","tintindex":0},"south":{"uv":[6.25,7.0,8.75,7.75],"rotation":0,"texture":"#0","tintindex":0},"north":{"uv":[3.75,7.0,6.25,7.75],"rotation":0,"texture":"#0","tintindex":0},"west":{"uv":[8.0,2.0,10.0,2.75],"rotation":0,"texture":"#0","tintindex":0},"up":{"uv":[2.5,7.0,0.0,5.0],"rotation":0,"texture":"#0","tintindex":0},"down":{"uv":[5.0,5.0,2.5,7.0],"rotation":0,"texture":"#0","tintindex":0}}},{"from":[5.714286,5.142857,4.5714283],"to":[9.142858,6.285714,8.571428],"rotation":{"angle":45.0,"axis":"y","origin":[7.428571,5.714286,6.5714283]},"faces":{"east":{"uv":[8.0,7.75,9.75,8.25],"rotation":0,"texture":"#0","tintindex":0},"south":{"uv":[8.0,8.25,9.5,8.75],"rotation":0,"texture":"#0","tintindex":0},"north":{"uv":[8.25,0.5,9.75,1.0],"rotation":0,"texture":"#0","tintindex":0},"west":{"uv":[8.25,0.0,10.0,0.5],"rotation":0,"texture":"#0","tintindex":0},"up":{"uv":[6.75,2.75,5.25,1.0],"rotation":0,"texture":"#0","tintindex":0},"down":{"uv":[6.75,2.75,5.25,4.5],"rotation":0,"texture":"#0","tintindex":0}}},{"from":[6.285714,6.285714,6.285714],"to":[9.142858,7.428571,9.142858],"rotation":{"angle":-45.0,"axis":"y","origin":[7.714286,6.857143,7.714286]},"faces":{"east":{"uv":[8.75,6.75,10.0,7.25],"rotation":0,"texture":"#0","tintindex":0},"south":{"uv":[7.25,8.75,8.5,9.25],"rotation":0,"texture":"#0","tintindex":0},"north":{"uv":[0.0,8.75,1.25,9.25],"rotation":0,"texture":"#0","tintindex":0},"west":{"uv":[8.75,7.25,10.0,7.75],"rotation":0,"texture":"#0","tintindex":0},"up":{"uv":[4.75,9.0,3.5,7.75],"rotation":0,"texture":"#0","tintindex":0},"down":{"uv":[6.0,7.75,4.75,9.0],"rotation":0,"texture":"#0","tintindex":0}}},{"from":[6.857143,7.428571,6.857143],"to":[9.142858,8.571428,9.142858],"rotation":{"angle":22.5,"axis":"y","origin":[8.0,8.0,8.0]},"faces":{"east":{"uv":[2.5,8.5,3.5,9.0],"rotation":0,"texture":"#0","tintindex":0},"south":{"uv":[8.5,8.75,9.5,9.25],"rotation":0,"texture":"#0","tintindex":0},"north":{"uv":[7.0,4.5,8.0,5.0],"rotation":0,"texture":"#0","tintindex":0},"west":{"uv":[1.25,9.0,2.25,9.5],"rotation":0,"texture":"#0","tintindex":0},"up":{"uv":[9.0,3.75,8.0,2.75],"rotation":0,"texture":"#0","tintindex":0},"down":{"uv":[9.0,4.5,8.0,5.5],"rotation":0,"texture":"#0","tintindex":0}}}],"display":{"head":{"translation":[0.0,-6.4,0.0],"scale":[4.0,4.0,4.0]}}}