{"textures":{"0":"modelengine:entity/viking_miniboss"},"elements":[{"from":[6.5714283,8.095238,3.0952382],"to":[9.428572,11.523809,7.6666665],"rotation":{"angle":0.0,"axis":"y","origin":[7.857143,9.609607,16.552382]},"faces":{"east":{"uv":[12.0,4.125,11.5,4.5],"rotation":0,"texture":"#0","tintindex":0},"south":{"uv":[12.3125,7.0,12.0,7.375],"rotation":0,"texture":"#0","tintindex":0},"north":{"uv":[12.3125,4.5,12.0,4.875],"rotation":0,"texture":"#0","tintindex":0},"west":{"uv":[12.0,2.625,11.5,3.0],"rotation":0,"texture":"#0","tintindex":0},"up":{"uv":[8.4375,8.9375,8.75,8.4375],"rotation":0,"texture":"#0","tintindex":0},"down":{"uv":[8.75,8.4375,9.0625,8.9375],"rotation":0,"texture":"#0","tintindex":0}}}],"display":{"head":{"translation":[0.0,-6.4,0.0],"scale":[4.0,4.0,4.0]}}}