{"textures":{"0":"modelengine:entity/uking"},"elements":[{"from":[8.0,7.9428573,4.0],"to":[14.285715,7.96,12.0],"rotation":{"angle":0.0,"axis":"y","origin":[8.0,8.0,8.0]},"faces":{"east":{"uv":[0.0,9.0,0.5,9.5],"rotation":0,"texture":"#0","tintindex":0},"south":{"uv":[0.0,11.0,0.5,11.5],"rotation":0,"texture":"#0","tintindex":0},"north":{"uv":[0.0,11.0,0.5,11.5],"rotation":0,"texture":"#0","tintindex":0},"west":{"uv":[0.0,9.0,0.5,9.5],"rotation":0,"texture":"#0","tintindex":0},"up":{"uv":[7.75,3.75,10.5,7.25],"rotation":0,"texture":"#0","tintindex":0},"down":{"uv":[7.75,7.25,10.5,3.75],"rotation":0,"texture":"#0","tintindex":0}}}],"display":{"head":{"translation":[0.0,-6.4,0.0],"scale":[4.0,4.0,4.0]}}}