{"textures":{"0":"modelengine:entity/uking"},"elements":[{"from":[9.714286,7.714286,7.714286],"to":[13.142858,8.285714,13.428572],"rotation":{"angle":0.0,"axis":"y","origin":[8.0,-11.714287,4.8571424]},"faces":{"east":{"uv":[3.5,6.75,6.0,7.0],"rotation":0,"texture":"#0","tintindex":0},"south":{"uv":[12.0,9.0,13.5,9.25],"rotation":0,"texture":"#0","tintindex":0},"north":{"uv":[0.0,14.0,1.5,14.25],"rotation":0,"texture":"#0","tintindex":0},"west":{"uv":[6.0,6.75,3.5,7.0],"rotation":0,"texture":"#0","tintindex":0},"up":{"uv":[10.5,0.25,12.0,2.75],"rotation":0,"texture":"#0","tintindex":0},"down":{"uv":[10.5,2.75,12.0,0.25],"rotation":0,"texture":"#0","tintindex":0}}},{"from":[2.8571424,7.714286,7.714286],"to":[6.285714,8.285714,13.428572],"rotation":{"angle":0.0,"axis":"y","origin":[8.0,-11.714287,4.8571424]},"faces":{"east":{"uv":[3.5,6.75,6.0,7.0],"rotation":0,"texture":"#0","tintindex":0},"south":{"uv":[12.0,9.0,13.5,9.25],"rotation":0,"texture":"#0","tintindex":0},"north":{"uv":[0.0,14.0,1.5,14.25],"rotation":0,"texture":"#0","tintindex":0},"west":{"uv":[6.0,6.75,3.5,7.0],"rotation":0,"texture":"#0","tintindex":0},"up":{"uv":[10.5,0.25,12.0,2.75],"rotation":0,"texture":"#0","tintindex":0},"down":{"uv":[10.5,2.75,12.0,0.25],"rotation":0,"texture":"#0","tintindex":0}}}],"display":{"head":{"translation":[0.0,-6.4,0.0],"scale":[4.0,4.0,4.0]}}}