{"textures":{"0":"modelengine:entity/uking"},"elements":[{"from":[5.714286,7.428571,5.714286],"to":[10.285714,11.428572,9.714286],"rotation":{"angle":0.0,"axis":"y","origin":[8.0,-4.5714293,8.0]},"faces":{"east":{"uv":[6.75,10.75,5.0,12.5],"rotation":0,"texture":"#0","tintindex":0},"south":{"uv":[0.0,14.25,2.0,16.0],"rotation":0,"texture":"#0","tintindex":0},"north":{"uv":[0.0,14.25,2.0,16.0],"rotation":0,"texture":"#0","tintindex":0},"west":{"uv":[5.0,10.75,6.75,12.5],"rotation":0,"texture":"#0","tintindex":0},"up":{"uv":[13.5,9.75,13.75,10.0],"rotation":0,"texture":"#0","tintindex":0},"down":{"uv":[0.0,0.0,4.0,3.5],"rotation":0,"texture":"#missing","tintindex":0}}}],"display":{"head":{"translation":[0.0,-6.4,0.0],"scale":[4.0,4.0,4.0]}}}