{"textures":{"0":"modelengine:entity/uking"},"elements":[{"from":[10.142858,12.857143,4.0],"to":[11.285714,12.874286,8.0],"rotation":{"angle":0.0,"axis":"y","origin":[10.857143,12.865715,6.0]},"faces":{"east":{"uv":[0.0,9.5,0.5,9.0],"rotation":270,"texture":"#0","tintindex":0},"south":{"uv":[0.5,9.0,0.0,9.5],"rotation":0,"texture":"#0","tintindex":0},"north":{"uv":[0.5,9.0,0.0,9.5],"rotation":180,"texture":"#0","tintindex":0},"west":{"uv":[0.0,9.5,0.5,9.0],"rotation":90,"texture":"#0","tintindex":0},"up":{"uv":[16.0,6.0,15.0,9.5],"rotation":0,"texture":"#0","tintindex":0},"down":{"uv":[16.0,6.0,15.0,9.5],"rotation":180,"texture":"#0","tintindex":0}}},{"from":[10.714286,12.285715,4.0],"to":[10.731429,13.428572,8.0],"rotation":{"angle":0.0,"axis":"y","origin":[10.865714,12.857143,6.0]},"faces":{"east":{"uv":[15.0,9.5,16.0,6.0],"rotation":270,"texture":"#0","tintindex":0},"south":{"uv":[0.0,9.5,0.5,9.0],"rotation":270,"texture":"#0","tintindex":0},"north":{"uv":[0.0,9.5,0.5,9.0],"rotation":270,"texture":"#0","tintindex":0},"west":{"uv":[15.0,9.5,16.0,6.0],"rotation":90,"texture":"#0","tintindex":0},"up":{"uv":[0.5,9.0,0.0,9.5],"rotation":0,"texture":"#0","tintindex":0},"down":{"uv":[0.5,9.0,0.0,9.5],"rotation":180,"texture":"#0","tintindex":0}}},{"from":[5.5714283,6.5714283,4.0],"to":[5.5885715,7.714286,8.0],"rotation":{"angle":22.5,"axis":"x","origin":[5.718571,7.147143,6.0]},"faces":{"east":{"uv":[15.0,9.5,16.0,6.0],"rotation":270,"texture":"#0","tintindex":0},"south":{"uv":[0.0,9.5,0.5,9.0],"rotation":270,"texture":"#0","tintindex":0},"north":{"uv":[0.0,9.5,0.5,9.0],"rotation":270,"texture":"#0","tintindex":0},"west":{"uv":[15.0,9.5,16.0,6.0],"rotation":90,"texture":"#0","tintindex":0},"up":{"uv":[0.5,9.0,0.0,9.5],"rotation":0,"texture":"#0","tintindex":0},"down":{"uv":[0.5,9.0,0.0,9.5],"rotation":180,"texture":"#0","tintindex":0}}},{"from":[5.0,7.142857,4.0],"to":[6.142857,7.16,8.0],"rotation":{"angle":22.5,"axis":"x","origin":[5.718571,7.147143,6.0]},"faces":{"east":{"uv":[0.0,9.5,0.5,9.0],"rotation":270,"texture":"#0","tintindex":0},"south":{"uv":[0.5,9.0,0.0,9.5],"rotation":0,"texture":"#0","tintindex":0},"north":{"uv":[0.5,9.0,0.0,9.5],"rotation":180,"texture":"#0","tintindex":0},"west":{"uv":[0.0,9.5,0.5,9.0],"rotation":90,"texture":"#0","tintindex":0},"up":{"uv":[16.0,6.0,15.0,9.5],"rotation":0,"texture":"#0","tintindex":0},"down":{"uv":[16.0,6.0,15.0,9.5],"rotation":180,"texture":"#0","tintindex":0}}},{"from":[5.428571,8.714286,4.285714],"to":[9.428572,9.857143,4.3028574],"rotation":{"angle":22.5,"axis":"z","origin":[8.857143,9.147142,4.29]},"faces":{"east":{"uv":[0.5,9.0,0.0,9.5],"rotation":270,"texture":"#0","tintindex":0},"south":{"uv":[16.0,6.0,15.0,9.5],"rotation":270,"texture":"#0","tintindex":0},"north":{"uv":[16.0,6.0,15.0,9.5],"rotation":90,"texture":"#0","tintindex":0},"west":{"uv":[0.5,9.0,0.0,9.5],"rotation":270,"texture":"#0","tintindex":0},"up":{"uv":[0.0,9.5,0.5,9.0],"rotation":90,"texture":"#0","tintindex":0},"down":{"uv":[0.0,9.5,0.5,9.0],"rotation":90,"texture":"#0","tintindex":0}}},{"from":[5.428571,9.285714,3.7142854],"to":[9.428572,9.302857,4.8571424],"rotation":{"angle":22.5,"axis":"z","origin":[8.857143,9.147142,4.29]},"faces":{"east":{"uv":[0.0,9.5,0.5,9.0],"rotation":180,"texture":"#0","tintindex":0},"south":{"uv":[0.5,9.0,0.0,9.5],"rotation":270,"texture":"#0","tintindex":0},"north":{"uv":[0.5,9.0,0.0,9.5],"rotation":90,"texture":"#0","tintindex":0},"west":{"uv":[0.0,9.5,0.5,9.0],"rotation":0,"texture":"#0","tintindex":0},"up":{"uv":[15.0,9.5,16.0,6.0],"rotation":90,"texture":"#0","tintindex":0},"down":{"uv":[15.0,9.5,16.0,6.0],"rotation":90,"texture":"#0","tintindex":0}}},{"from":[9.428572,8.857143,4.268571],"to":[10.571428,12.857143,4.285714],"rotation":{"angle":-22.5,"axis":"z","origin":[10.861429,11.142858,4.2814283]},"faces":{"east":{"uv":[0.0,9.5,0.5,9.0],"rotation":0,"texture":"#0","tintindex":0},"south":{"uv":[16.0,6.0,15.0,9.5],"rotation":180,"texture":"#0","tintindex":0},"north":{"uv":[16.0,6.0,15.0,9.5],"rotation":180,"texture":"#0","tintindex":0},"west":{"uv":[0.0,9.5,0.5,9.0],"rotation":0,"texture":"#0","tintindex":0},"up":{"uv":[0.5,9.0,0.0,9.5],"rotation":0,"texture":"#0","tintindex":0},"down":{"uv":[0.5,9.0,0.0,9.5],"rotation":0,"texture":"#0","tintindex":0}}},{"from":[10.0,8.857143,3.7142854],"to":[10.017143,12.857143,4.8571424],"rotation":{"angle":-22.5,"axis":"z","origin":[10.861429,11.142858,4.2814283]},"faces":{"east":{"uv":[15.0,9.5,16.0,6.0],"rotation":0,"texture":"#0","tintindex":0},"south":{"uv":[0.5,9.0,0.0,9.5],"rotation":180,"texture":"#0","tintindex":0},"north":{"uv":[0.5,9.0,0.0,9.5],"rotation":180,"texture":"#0","tintindex":0},"west":{"uv":[15.0,9.5,16.0,6.0],"rotation":0,"texture":"#0","tintindex":0},"up":{"uv":[0.0,9.5,0.5,9.0],"rotation":270,"texture":"#0","tintindex":0},"down":{"uv":[0.0,9.5,0.5,9.0],"rotation":90,"texture":"#0","tintindex":0}}},{"from":[4.714286,12.857143,4.0],"to":[5.8571424,12.874286,8.0],"rotation":{"angle":0.0,"axis":"y","origin":[5.142857,12.865715,6.0]},"faces":{"east":{"uv":[0.0,9.0,0.5,9.5],"rotation":90,"texture":"#0","tintindex":0},"south":{"uv":[0.0,9.0,0.5,9.5],"rotation":0,"texture":"#0","tintindex":0},"north":{"uv":[0.0,9.0,0.5,9.5],"rotation":180,"texture":"#0","tintindex":0},"west":{"uv":[0.0,9.0,0.5,9.5],"rotation":270,"texture":"#0","tintindex":0},"up":{"uv":[15.0,6.0,16.0,9.5],"rotation":0,"texture":"#0","tintindex":0},"down":{"uv":[15.0,6.0,16.0,9.5],"rotation":180,"texture":"#0","tintindex":0}}},{"from":[5.268571,12.285715,4.0],"to":[5.285714,13.428572,8.0],"rotation":{"angle":0.0,"axis":"y","origin":[5.134286,12.857143,6.0]},"faces":{"east":{"uv":[15.0,6.0,16.0,9.5],"rotation":90,"texture":"#0","tintindex":0},"south":{"uv":[0.0,9.0,0.5,9.5],"rotation":270,"texture":"#0","tintindex":0},"north":{"uv":[0.0,9.0,0.5,9.5],"rotation":270,"texture":"#0","tintindex":0},"west":{"uv":[15.0,6.0,16.0,9.5],"rotation":270,"texture":"#0","tintindex":0},"up":{"uv":[0.0,9.0,0.5,9.5],"rotation":0,"texture":"#0","tintindex":0},"down":{"uv":[0.0,9.0,0.5,9.5],"rotation":180,"texture":"#0","tintindex":0}}},{"from":[5.428571,8.857143,4.268571],"to":[6.5714283,12.857143,4.285714],"rotation":{"angle":22.5,"axis":"z","origin":[5.1385713,11.142858,4.2814283]},"faces":{"east":{"uv":[0.5,9.5,0.0,9.0],"rotation":0,"texture":"#0","tintindex":0},"south":{"uv":[15.0,6.0,16.0,9.5],"rotation":180,"texture":"#0","tintindex":0},"north":{"uv":[15.0,6.0,16.0,9.5],"rotation":180,"texture":"#0","tintindex":0},"west":{"uv":[0.5,9.5,0.0,9.0],"rotation":0,"texture":"#0","tintindex":0},"up":{"uv":[0.0,9.0,0.5,9.5],"rotation":0,"texture":"#0","tintindex":0},"down":{"uv":[0.0,9.0,0.5,9.5],"rotation":0,"texture":"#0","tintindex":0}}},{"from":[5.9828568,8.857143,3.7142854],"to":[6.0,12.857143,4.8571424],"rotation":{"angle":22.5,"axis":"z","origin":[5.1385713,11.142858,4.2814283]},"faces":{"east":{"uv":[16.0,9.5,15.0,6.0],"rotation":0,"texture":"#0","tintindex":0},"south":{"uv":[0.0,9.0,0.5,9.5],"rotation":180,"texture":"#0","tintindex":0},"north":{"uv":[0.0,9.0,0.5,9.5],"rotation":180,"texture":"#0","tintindex":0},"west":{"uv":[16.0,9.5,15.0,6.0],"rotation":0,"texture":"#0","tintindex":0},"up":{"uv":[0.0,9.0,0.5,9.5],"rotation":270,"texture":"#0","tintindex":0},"down":{"uv":[0.0,9.0,0.5,9.5],"rotation":90,"texture":"#0","tintindex":0}}},{"from":[6.5714283,8.714286,4.285714],"to":[10.571428,9.857143,4.3028574],"rotation":{"angle":-22.5,"axis":"z","origin":[7.142857,9.147142,4.29]},"faces":{"east":{"uv":[0.5,9.5,0.0,9.0],"rotation":270,"texture":"#0","tintindex":0},"south":{"uv":[16.0,9.5,15.0,6.0],"rotation":270,"texture":"#0","tintindex":0},"north":{"uv":[16.0,9.5,15.0,6.0],"rotation":90,"texture":"#0","tintindex":0},"west":{"uv":[0.5,9.5,0.0,9.0],"rotation":270,"texture":"#0","tintindex":0},"up":{"uv":[0.0,9.0,0.5,9.5],"rotation":90,"texture":"#0","tintindex":0},"down":{"uv":[0.0,9.0,0.5,9.5],"rotation":90,"texture":"#0","tintindex":0}}},{"from":[6.5714283,9.285714,3.7142854],"to":[10.571428,9.302857,4.8571424],"rotation":{"angle":-22.5,"axis":"z","origin":[7.142857,9.147142,4.29]},"faces":{"east":{"uv":[0.5,9.5,0.0,9.0],"rotation":0,"texture":"#0","tintindex":0},"south":{"uv":[0.5,9.5,0.0,9.0],"rotation":270,"texture":"#0","tintindex":0},"north":{"uv":[0.5,9.5,0.0,9.0],"rotation":90,"texture":"#0","tintindex":0},"west":{"uv":[0.5,9.5,0.0,9.0],"rotation":180,"texture":"#0","tintindex":0},"up":{"uv":[15.0,6.0,16.0,9.5],"rotation":90,"texture":"#0","tintindex":0},"down":{"uv":[15.0,6.0,16.0,9.5],"rotation":90,"texture":"#0","tintindex":0}}},{"from":[10.411428,6.5714283,4.0],"to":[10.428572,7.714286,8.0],"rotation":{"angle":22.5,"axis":"x","origin":[10.281429,7.147143,6.0]},"faces":{"east":{"uv":[15.0,6.0,16.0,9.5],"rotation":90,"texture":"#0","tintindex":0},"south":{"uv":[0.0,9.0,0.5,9.5],"rotation":270,"texture":"#0","tintindex":0},"north":{"uv":[0.0,9.0,0.5,9.5],"rotation":270,"texture":"#0","tintindex":0},"west":{"uv":[15.0,6.0,16.0,9.5],"rotation":270,"texture":"#0","tintindex":0},"up":{"uv":[0.0,9.0,0.5,9.5],"rotation":0,"texture":"#0","tintindex":0},"down":{"uv":[0.0,9.0,0.5,9.5],"rotation":180,"texture":"#0","tintindex":0}}},{"from":[9.857143,7.142857,4.0],"to":[11.0,7.16,8.0],"rotation":{"angle":22.5,"axis":"x","origin":[10.281429,7.147143,6.0]},"faces":{"east":{"uv":[0.0,9.0,0.5,9.5],"rotation":90,"texture":"#0","tintindex":0},"south":{"uv":[0.0,9.0,0.5,9.5],"rotation":0,"texture":"#0","tintindex":0},"north":{"uv":[0.0,9.0,0.5,9.5],"rotation":180,"texture":"#0","tintindex":0},"west":{"uv":[0.0,9.0,0.5,9.5],"rotation":270,"texture":"#0","tintindex":0},"up":{"uv":[15.0,6.0,16.0,9.5],"rotation":0,"texture":"#0","tintindex":0},"down":{"uv":[15.0,6.0,16.0,9.5],"rotation":180,"texture":"#0","tintindex":0}}},{"from":[2.8571424,12.571428,10.857143],"to":[13.142858,17.142857,10.874286],"rotation":{"angle":22.5,"axis":"x","origin":[8.285714,12.571428,10.865714]},"faces":{"east":{"uv":[0.0,9.0,0.5,9.5],"rotation":0,"texture":"#0","tintindex":0},"south":{"uv":[8.0,14.0,12.5,16.0],"rotation":0,"texture":"#0","tintindex":0},"north":{"uv":[12.5,14.0,8.0,16.0],"rotation":0,"texture":"#0","tintindex":0},"west":{"uv":[0.0,9.0,0.5,9.5],"rotation":0,"texture":"#0","tintindex":0},"up":{"uv":[0.0,9.0,0.5,9.5],"rotation":0,"texture":"#0","tintindex":0},"down":{"uv":[0.0,9.0,0.5,9.5],"rotation":0,"texture":"#0","tintindex":0}}},{"from":[11.999348,12.568149,5.142857],"to":[12.016491,17.139578,12.0],"rotation":{"angle":-22.5,"axis":"z","origin":[12.007919,12.568149,8.0]},"faces":{"east":{"uv":[12.5,12.0,9.5,14.0],"rotation":0,"texture":"#0","tintindex":0},"south":{"uv":[0.0,9.0,0.5,9.5],"rotation":0,"texture":"#0","tintindex":0},"north":{"uv":[0.0,9.0,0.5,9.5],"rotation":0,"texture":"#0","tintindex":0},"west":{"uv":[9.5,12.0,12.5,14.0],"rotation":0,"texture":"#0","tintindex":0},"up":{"uv":[0.0,9.0,0.5,9.5],"rotation":0,"texture":"#0","tintindex":0},"down":{"uv":[0.0,9.0,0.5,9.5],"rotation":0,"texture":"#0","tintindex":0}}},{"from":[3.9835095,12.568149,5.142857],"to":[4.0006523,17.139578,12.0],"rotation":{"angle":22.5,"axis":"z","origin":[3.9920807,12.568149,8.0]},"faces":{"east":{"uv":[12.5,12.0,9.5,14.0],"rotation":0,"texture":"#0","tintindex":0},"south":{"uv":[0.5,9.0,0.0,9.5],"rotation":0,"texture":"#0","tintindex":0},"north":{"uv":[0.5,9.0,0.0,9.5],"rotation":0,"texture":"#0","tintindex":0},"west":{"uv":[9.5,12.0,12.5,14.0],"rotation":0,"texture":"#0","tintindex":0},"up":{"uv":[0.5,9.0,0.0,9.5],"rotation":0,"texture":"#0","tintindex":0},"down":{"uv":[0.5,9.0,0.0,9.5],"rotation":0,"texture":"#0","tintindex":0}}},{"from":[4.0,8.0,5.142857],"to":[12.0,12.571428,10.857143],"rotation":{"angle":0.0,"axis":"y","origin":[8.0,-4.5714293,8.0]},"faces":{"east":{"uv":[9.5,12.0,7.0,14.0],"rotation":0,"texture":"#0","tintindex":0},"south":{"uv":[12.5,11.5,16.0,13.5],"rotation":0,"texture":"#0","tintindex":0},"north":{"uv":[12.5,11.5,16.0,13.5],"rotation":0,"texture":"#0","tintindex":0},"west":{"uv":[7.0,12.0,9.5,14.0],"rotation":0,"texture":"#0","tintindex":0},"up":{"uv":[12.5,13.5,16.0,16.0],"rotation":0,"texture":"#0","tintindex":0},"down":{"uv":[1.5,11.5,5.0,14.0],"rotation":0,"texture":"#0","tintindex":0}}}],"display":{"head":{"translation":[0.0,-6.4,0.0],"scale":[4.0,4.0,4.0]}}}