{"textures":{"0":"modelengine:entity/uking"},"elements":[{"from":[5.142857,9.714286,5.142857],"to":[10.857143,12.0,10.285714],"rotation":{"angle":0.0,"axis":"y","origin":[8.0,-0.57142925,8.0]},"faces":{"east":{"uv":[16.0,9.5,13.75,10.5],"rotation":0,"texture":"#0","tintindex":0},"south":{"uv":[13.5,10.5,16.0,11.5],"rotation":0,"texture":"#0","tintindex":0},"north":{"uv":[13.5,10.5,16.0,11.5],"rotation":0,"texture":"#0","tintindex":0},"west":{"uv":[13.75,9.5,16.0,10.5],"rotation":0,"texture":"#0","tintindex":0},"up":{"uv":[0.0,6.75,2.5,9.0],"rotation":0,"texture":"#0","tintindex":0},"down":{"uv":[0.0,0.0,5.0,4.5],"rotation":0,"texture":"#missing","tintindex":0}}},{"from":[4.5714283,8.0,4.5714283],"to":[11.428572,10.285714,10.857143],"rotation":{"angle":0.0,"axis":"y","origin":[8.0,-0.57142925,8.0]},"faces":{"east":{"uv":[12.5,11.0,9.75,12.0],"rotation":0,"texture":"#0","tintindex":0},"south":{"uv":[6.75,11.0,9.75,12.0],"rotation":0,"texture":"#0","tintindex":0},"north":{"uv":[6.75,11.0,9.75,12.0],"rotation":0,"texture":"#0","tintindex":0},"west":{"uv":[9.75,11.0,12.5,12.0],"rotation":0,"texture":"#0","tintindex":0},"up":{"uv":[3.5,7.25,6.5,10.0],"rotation":0,"texture":"#0","tintindex":0},"down":{"uv":[6.5,7.25,9.5,10.0],"rotation":0,"texture":"#0","tintindex":0}}}],"display":{"head":{"translation":[0.0,-6.4,0.0],"scale":[4.0,4.0,4.0]}}}