{"textures":{"0":"modelengine:entity/uking"},"elements":[{"from":[1.7142854,7.428571,7.428571],"to":[4.5714283,8.571428,8.571428],"rotation":{"angle":0.0,"axis":"y","origin":[16.0,-10.285715,8.571428]},"faces":{"east":{"uv":[0.0,0.0,1.0,1.0],"rotation":0,"texture":"#missing","tintindex":0},"south":{"uv":[13.75,9.0,15.0,9.5],"rotation":0,"texture":"#0","tintindex":0},"north":{"uv":[15.0,9.0,13.75,9.5],"rotation":0,"texture":"#0","tintindex":0},"west":{"uv":[7.75,10.5,8.25,11.0],"rotation":0,"texture":"#0","tintindex":0},"up":{"uv":[13.75,9.0,15.0,9.5],"rotation":0,"texture":"#0","tintindex":0},"down":{"uv":[13.75,9.0,15.0,9.5],"rotation":0,"texture":"#0","tintindex":0}}},{"from":[0.5714283,9.714286,5.142857],"to":[4.5714283,9.731428,11.428572],"rotation":{"angle":-22.5,"axis":"z","origin":[4.5714283,9.722857,8.285714]},"faces":{"east":{"uv":[0.0,9.0,0.5,9.5],"rotation":0,"texture":"#0","tintindex":0},"south":{"uv":[0.0,9.0,0.5,9.5],"rotation":0,"texture":"#0","tintindex":0},"north":{"uv":[0.0,9.0,0.5,9.5],"rotation":0,"texture":"#0","tintindex":0},"west":{"uv":[0.0,9.0,0.5,9.5],"rotation":0,"texture":"#0","tintindex":0},"up":{"uv":[1.75,9.0,0.0,11.5],"rotation":0,"texture":"#0","tintindex":0},"down":{"uv":[1.75,9.0,0.0,11.5],"rotation":0,"texture":"#0","tintindex":0}}},{"from":[0.56814814,5.142857,9.697796],"to":[4.5681486,10.857143,9.714938],"rotation":{"angle":22.5,"axis":"y","origin":[4.5681486,7.714286,9.706367]},"faces":{"east":{"uv":[0.0,9.0,0.5,9.5],"rotation":0,"texture":"#0","tintindex":0},"south":{"uv":[1.75,9.0,0.0,11.5],"rotation":0,"texture":"#0","tintindex":0},"north":{"uv":[0.0,9.0,1.75,11.5],"rotation":0,"texture":"#0","tintindex":0},"west":{"uv":[0.0,9.0,0.5,9.5],"rotation":0,"texture":"#0","tintindex":0},"up":{"uv":[0.0,9.0,0.5,9.5],"rotation":0,"texture":"#0","tintindex":0},"down":{"uv":[0.0,9.0,0.5,9.5],"rotation":0,"texture":"#0","tintindex":0}}},{"from":[0.56814814,6.285062,5.142857],"to":[4.5681486,6.3022046,10.857143],"rotation":{"angle":22.5,"axis":"z","origin":[4.5681486,6.293633,8.285714]},"faces":{"east":{"uv":[0.0,9.0,0.5,9.5],"rotation":0,"texture":"#0","tintindex":0},"south":{"uv":[0.0,9.0,0.5,9.5],"rotation":0,"texture":"#0","tintindex":0},"north":{"uv":[0.0,9.0,0.5,9.5],"rotation":0,"texture":"#0","tintindex":0},"west":{"uv":[0.0,9.0,0.5,9.5],"rotation":0,"texture":"#0","tintindex":0},"up":{"uv":[1.75,9.0,0.0,11.5],"rotation":0,"texture":"#0","tintindex":0},"down":{"uv":[1.75,9.0,0.0,11.5],"rotation":0,"texture":"#0","tintindex":0}}},{"from":[0.5714283,5.142857,6.285714],"to":[4.5714283,10.857143,6.302857],"rotation":{"angle":-22.5,"axis":"y","origin":[4.5714283,7.714286,6.294286]},"faces":{"east":{"uv":[0.0,9.0,0.5,9.5],"rotation":0,"texture":"#0","tintindex":0},"south":{"uv":[1.75,9.0,0.0,11.5],"rotation":0,"texture":"#0","tintindex":0},"north":{"uv":[0.0,9.0,1.75,11.5],"rotation":0,"texture":"#0","tintindex":0},"west":{"uv":[0.0,11.0,0.5,11.5],"rotation":0,"texture":"#0","tintindex":0},"up":{"uv":[0.0,9.0,0.5,9.5],"rotation":0,"texture":"#0","tintindex":0},"down":{"uv":[0.0,9.0,0.5,9.5],"rotation":0,"texture":"#0","tintindex":0}}},{"from":[4.5714283,6.285714,6.285714],"to":[8.0,9.714286,9.714286],"rotation":{"angle":0.0,"axis":"y","origin":[16.0,-10.285715,8.571428]},"faces":{"east":{"uv":[5.0,12.5,6.5,14.0],"rotation":0,"texture":"#0","tintindex":0},"south":{"uv":[3.25,10.0,4.75,11.5],"rotation":0,"texture":"#0","tintindex":0},"north":{"uv":[3.25,10.0,4.75,11.5],"rotation":0,"texture":"#0","tintindex":0},"west":{"uv":[1.75,10.0,3.25,11.5],"rotation":0,"texture":"#0","tintindex":0},"up":{"uv":[3.25,10.0,4.75,11.5],"rotation":0,"texture":"#0","tintindex":0},"down":{"uv":[3.25,10.0,4.75,11.5],"rotation":0,"texture":"#0","tintindex":0}}}],"display":{"head":{"translation":[0.0,-6.4,0.0],"scale":[4.0,4.0,4.0]}}}