{"textures":{"0":"modelengine:entity/uking"},"elements":[{"from":[5.714286,6.857143,6.857143],"to":[8.0,8.0,9.714286],"rotation":{"angle":0.0,"axis":"y","origin":[23.428572,8.0,26.285715]},"faces":{"east":{"uv":[11.0,9.75,11.5,11.0],"rotation":90,"texture":"#0","tintindex":0},"south":{"uv":[12.5,9.75,13.5,10.25],"rotation":0,"texture":"#0","tintindex":0},"north":{"uv":[12.5,10.25,13.5,9.75],"rotation":180,"texture":"#0","tintindex":0},"west":{"uv":[6.5,12.75,7.0,14.0],"rotation":270,"texture":"#0","tintindex":0},"up":{"uv":[11.5,9.75,12.5,11.0],"rotation":0,"texture":"#0","tintindex":0},"down":{"uv":[12.5,10.25,13.5,11.5],"rotation":180,"texture":"#0","tintindex":0}}},{"from":[6.285714,6.285714,6.285714],"to":[7.428571,7.428571,8.0],"rotation":{"angle":0.0,"axis":"y","origin":[23.428572,8.0,26.285715]},"faces":{"east":{"uv":[7.25,10.25,7.75,11.0],"rotation":90,"texture":"#0","tintindex":0},"south":{"uv":[6.25,10.25,6.75,10.75],"rotation":0,"texture":"#0","tintindex":0},"north":{"uv":[5.75,10.25,6.25,10.75],"rotation":180,"texture":"#0","tintindex":0},"west":{"uv":[6.75,10.25,7.25,11.0],"rotation":270,"texture":"#0","tintindex":0},"up":{"uv":[5.25,10.0,5.75,10.75],"rotation":0,"texture":"#0","tintindex":0},"down":{"uv":[4.75,10.0,5.25,10.75],"rotation":180,"texture":"#0","tintindex":0}}}],"display":{"head":{"translation":[0.0,-6.4,0.0],"scale":[4.0,4.0,4.0]}}}