{"textures":{"0":"modelengine:entity/uking"},"elements":[{"from":[7.982857,7.428571,4.0],"to":[8.0,8.571428,8.0],"rotation":{"angle":0.0,"axis":"y","origin":[11.428572,8.0,-8.0]},"faces":{"east":{"uv":[15.0,6.0,16.0,9.5],"rotation":270,"texture":"#0","tintindex":0},"south":{"uv":[0.0,9.0,0.5,9.5],"rotation":90,"texture":"#0","tintindex":0},"north":{"uv":[0.0,9.0,0.5,9.5],"rotation":90,"texture":"#0","tintindex":0},"west":{"uv":[15.0,6.0,16.0,9.5],"rotation":90,"texture":"#0","tintindex":0},"up":{"uv":[0.0,9.0,0.5,9.5],"rotation":180,"texture":"#0","tintindex":0},"down":{"uv":[0.0,9.0,0.5,9.5],"rotation":0,"texture":"#0","tintindex":0}}},{"from":[7.428571,7.982857,4.0],"to":[8.571428,8.0,8.0],"rotation":{"angle":0.0,"axis":"y","origin":[11.428572,8.0,-8.0]},"faces":{"east":{"uv":[0.0,9.0,0.5,9.5],"rotation":270,"texture":"#0","tintindex":0},"south":{"uv":[0.0,9.0,0.5,9.5],"rotation":0,"texture":"#0","tintindex":0},"north":{"uv":[0.0,9.0,0.5,9.5],"rotation":180,"texture":"#0","tintindex":0},"west":{"uv":[0.0,9.0,0.5,9.5],"rotation":90,"texture":"#0","tintindex":0},"up":{"uv":[15.0,6.0,16.0,9.5],"rotation":180,"texture":"#0","tintindex":0},"down":{"uv":[15.0,6.0,16.0,9.5],"rotation":0,"texture":"#0","tintindex":0}}}],"display":{"head":{"translation":[0.0,-6.4,0.0],"scale":[4.0,4.0,4.0]}}}