{"textures":{"0":"modelengine:entity/uking"},"elements":[{"from":[8.0,8.0,4.0],"to":[14.285715,9.142858,12.0],"rotation":{"angle":0.0,"axis":"y","origin":[2.8571424,2.8571424,8.0]},"faces":{"east":{"uv":[3.0,6.25,6.5,6.75],"rotation":0,"texture":"#0","tintindex":0},"south":{"uv":[3.0,5.75,5.75,6.25],"rotation":0,"texture":"#0","tintindex":0},"north":{"uv":[5.75,5.75,3.0,6.25],"rotation":0,"texture":"#0","tintindex":0},"west":{"uv":[3.0,5.25,6.5,5.75],"rotation":0,"texture":"#0","tintindex":0},"up":{"uv":[7.75,0.25,10.5,3.75],"rotation":0,"texture":"#0","tintindex":0},"down":{"uv":[0.0,0.5,2.75,4.0],"rotation":0,"texture":"#0","tintindex":0}}}],"display":{"head":{"translation":[0.0,-6.4,0.0],"scale":[4.0,4.0,4.0]}}}