{"textures":{"0":"modelengine:entity/uking"},"elements":[{"from":[7.982857,4.285714,4.5714283],"to":[8.0,8.285714,11.428572],"rotation":{"angle":0.0,"axis":"y","origin":[10.571428,8.285714,8.0]},"faces":{"east":{"uv":[3.0,5.0,0.0,6.75],"rotation":0,"texture":"#0","tintindex":0},"south":{"uv":[0.0,9.0,0.5,9.5],"rotation":0,"texture":"#0","tintindex":0},"north":{"uv":[0.0,9.0,0.5,9.5],"rotation":0,"texture":"#0","tintindex":0},"west":{"uv":[0.0,5.0,3.0,6.75],"rotation":0,"texture":"#0","tintindex":0},"up":{"uv":[0.0,9.0,0.5,9.5],"rotation":90,"texture":"#0","tintindex":0},"down":{"uv":[0.0,9.0,0.5,9.5],"rotation":270,"texture":"#0","tintindex":0}}}],"display":{"head":{"translation":[0.0,-6.4,0.0],"scale":[4.0,4.0,4.0]}}}