{"textures":{"0":"modelengine:entity/uking"},"elements":[{"from":[9.714286,7.714286,7.714286],"to":[13.142858,8.285714,13.428572],"rotation":{"angle":0.0,"axis":"y","origin":[8.0,-11.714287,4.8571424]},"faces":{"east":{"uv":[3.5,7.0,6.0,7.25],"rotation":0,"texture":"#0","tintindex":0},"south":{"uv":[8.75,10.0,10.25,10.25],"rotation":0,"texture":"#0","tintindex":0},"north":{"uv":[9.5,9.75,11.0,10.0],"rotation":0,"texture":"#0","tintindex":0},"west":{"uv":[6.0,7.0,3.5,7.25],"rotation":0,"texture":"#0","tintindex":0},"up":{"uv":[10.5,2.75,12.0,5.25],"rotation":0,"texture":"#0","tintindex":0},"down":{"uv":[10.5,5.25,12.0,2.75],"rotation":0,"texture":"#0","tintindex":0}}},{"from":[2.8571424,7.714286,7.714286],"to":[6.285714,8.285714,13.428572],"rotation":{"angle":0.0,"axis":"y","origin":[8.0,-11.714287,4.8571424]},"faces":{"east":{"uv":[3.5,7.0,6.0,7.25],"rotation":0,"texture":"#0","tintindex":0},"south":{"uv":[8.75,10.0,10.25,10.25],"rotation":0,"texture":"#0","tintindex":0},"north":{"uv":[9.5,9.75,11.0,10.0],"rotation":0,"texture":"#0","tintindex":0},"west":{"uv":[6.0,7.0,3.5,7.25],"rotation":0,"texture":"#0","tintindex":0},"up":{"uv":[10.5,2.75,12.0,5.25],"rotation":0,"texture":"#0","tintindex":0},"down":{"uv":[10.5,5.25,12.0,2.75],"rotation":0,"texture":"#0","tintindex":0}}}],"display":{"head":{"translation":[0.0,-6.4,0.0],"scale":[4.0,4.0,4.0]}}}