{"textures":{"0":"modelengine:entity/uking"},"elements":[{"from":[11.428572,7.428571,7.428571],"to":[14.285715,8.571428,8.571428],"rotation":{"angle":0.0,"axis":"y","origin":[0.0,-10.285715,8.571428]},"faces":{"east":{"uv":[8.25,10.5,7.75,11.0],"rotation":0,"texture":"#0","tintindex":0},"south":{"uv":[15.0,9.0,13.75,9.5],"rotation":0,"texture":"#0","tintindex":0},"north":{"uv":[13.75,9.0,15.0,9.5],"rotation":0,"texture":"#0","tintindex":0},"west":{"uv":[1.0,0.0,0.0,1.0],"rotation":0,"texture":"#missing","tintindex":0},"up":{"uv":[15.0,9.0,13.75,9.5],"rotation":0,"texture":"#0","tintindex":0},"down":{"uv":[15.0,9.0,13.75,9.5],"rotation":0,"texture":"#0","tintindex":0}}},{"from":[11.428572,9.714286,5.142857],"to":[15.428572,9.731428,11.428572],"rotation":{"angle":22.5,"axis":"z","origin":[11.428572,9.722857,8.285714]},"faces":{"east":{"uv":[0.5,9.0,0.0,9.5],"rotation":0,"texture":"#0","tintindex":0},"south":{"uv":[0.5,9.0,0.0,9.5],"rotation":0,"texture":"#0","tintindex":0},"north":{"uv":[0.5,9.0,0.0,9.5],"rotation":0,"texture":"#0","tintindex":0},"west":{"uv":[0.5,9.0,0.0,9.5],"rotation":0,"texture":"#0","tintindex":0},"up":{"uv":[0.0,9.0,1.75,11.5],"rotation":0,"texture":"#0","tintindex":0},"down":{"uv":[0.0,9.0,1.75,11.5],"rotation":0,"texture":"#0","tintindex":0}}},{"from":[11.431851,5.142857,9.697796],"to":[15.431852,10.857143,9.714938],"rotation":{"angle":-22.5,"axis":"y","origin":[11.431851,7.714286,9.706367]},"faces":{"east":{"uv":[0.5,9.0,0.0,9.5],"rotation":0,"texture":"#0","tintindex":0},"south":{"uv":[0.0,9.0,1.75,11.5],"rotation":0,"texture":"#0","tintindex":0},"north":{"uv":[1.75,9.0,0.0,11.5],"rotation":0,"texture":"#0","tintindex":0},"west":{"uv":[0.5,9.0,0.0,9.5],"rotation":0,"texture":"#0","tintindex":0},"up":{"uv":[0.5,9.0,0.0,9.5],"rotation":0,"texture":"#0","tintindex":0},"down":{"uv":[0.5,9.0,0.0,9.5],"rotation":0,"texture":"#0","tintindex":0}}},{"from":[11.431851,6.285062,5.142857],"to":[15.431852,6.3022046,10.857143],"rotation":{"angle":-22.5,"axis":"z","origin":[11.431851,6.293633,8.285714]},"faces":{"east":{"uv":[0.5,9.0,0.0,9.5],"rotation":0,"texture":"#0","tintindex":0},"south":{"uv":[0.5,9.0,0.0,9.5],"rotation":0,"texture":"#0","tintindex":0},"north":{"uv":[0.5,9.0,0.0,9.5],"rotation":0,"texture":"#0","tintindex":0},"west":{"uv":[0.5,9.0,0.0,9.5],"rotation":0,"texture":"#0","tintindex":0},"up":{"uv":[0.0,9.0,1.75,11.5],"rotation":0,"texture":"#0","tintindex":0},"down":{"uv":[0.0,9.0,1.75,11.5],"rotation":0,"texture":"#0","tintindex":0}}},{"from":[11.428572,5.142857,6.285714],"to":[15.428572,10.857143,6.302857],"rotation":{"angle":22.5,"axis":"y","origin":[11.428572,7.714286,6.294286]},"faces":{"east":{"uv":[0.5,11.0,0.0,11.5],"rotation":0,"texture":"#0","tintindex":0},"south":{"uv":[0.0,9.0,1.75,11.5],"rotation":0,"texture":"#0","tintindex":0},"north":{"uv":[1.75,9.0,0.0,11.5],"rotation":0,"texture":"#0","tintindex":0},"west":{"uv":[0.5,9.0,0.0,9.5],"rotation":0,"texture":"#0","tintindex":0},"up":{"uv":[0.5,9.0,0.0,9.5],"rotation":0,"texture":"#0","tintindex":0},"down":{"uv":[0.5,9.0,0.0,9.5],"rotation":0,"texture":"#0","tintindex":0}}},{"from":[8.0,6.285714,6.285714],"to":[11.428572,9.714286,9.714286],"rotation":{"angle":0.0,"axis":"y","origin":[0.0,-10.285715,8.571428]},"faces":{"east":{"uv":[3.25,10.0,1.75,11.5],"rotation":0,"texture":"#0","tintindex":0},"south":{"uv":[4.75,10.0,3.25,11.5],"rotation":0,"texture":"#0","tintindex":0},"north":{"uv":[4.75,10.0,3.25,11.5],"rotation":0,"texture":"#0","tintindex":0},"west":{"uv":[6.5,12.5,5.0,14.0],"rotation":0,"texture":"#0","tintindex":0},"up":{"uv":[4.75,10.0,3.25,11.5],"rotation":0,"texture":"#0","tintindex":0},"down":{"uv":[4.75,10.0,3.25,11.5],"rotation":0,"texture":"#0","tintindex":0}}}],"display":{"head":{"translation":[0.0,-6.4,0.0],"scale":[4.0,4.0,4.0]}}}