{"textures":{"0":"modelengine:entity/uking"},"elements":[{"from":[9.714286,8.0,7.714286],"to":[13.142858,8.017143,13.428572],"rotation":{"angle":0.0,"axis":"y","origin":[8.0,-11.714287,-0.2857151]},"faces":{"east":{"uv":[0.0,9.0,0.5,9.5],"rotation":0,"texture":"#0","tintindex":0},"south":{"uv":[0.0,9.0,0.5,9.5],"rotation":0,"texture":"#0","tintindex":0},"north":{"uv":[0.0,9.0,0.5,9.5],"rotation":0,"texture":"#0","tintindex":0},"west":{"uv":[0.0,9.0,0.5,9.5],"rotation":0,"texture":"#0","tintindex":0},"up":{"uv":[10.5,5.25,12.0,7.75],"rotation":0,"texture":"#0","tintindex":0},"down":{"uv":[10.5,7.75,12.0,5.25],"rotation":0,"texture":"#0","tintindex":0}}},{"from":[2.8571424,8.0,7.714286],"to":[6.285714,8.017143,13.428572],"rotation":{"angle":0.0,"axis":"y","origin":[8.0,-11.714287,-0.2857151]},"faces":{"east":{"uv":[0.0,9.0,0.5,9.5],"rotation":0,"texture":"#0","tintindex":0},"south":{"uv":[0.0,9.0,0.5,9.5],"rotation":0,"texture":"#0","tintindex":0},"north":{"uv":[0.0,9.0,0.5,9.5],"rotation":0,"texture":"#0","tintindex":0},"west":{"uv":[0.0,9.0,0.5,9.5],"rotation":0,"texture":"#0","tintindex":0},"up":{"uv":[12.0,5.25,10.5,7.75],"rotation":0,"texture":"#0","tintindex":0},"down":{"uv":[12.0,7.75,10.5,5.25],"rotation":0,"texture":"#0","tintindex":0}}}],"display":{"head":{"translation":[0.0,-6.4,0.0],"scale":[4.0,4.0,4.0]}}}