{"textures":{"0":"modelengine:entity/uking"},"elements":[{"from":[6.311758,7.428571,9.011969],"to":[8.026044,8.0,9.583397],"rotation":{"angle":0.0,"axis":"y","origin":[27.454617,8.571428,26.297682]},"faces":{"east":{"uv":[6.75,12.25,7.0,12.5],"rotation":90,"texture":"#0","tintindex":0},"south":{"uv":[6.5,10.0,7.25,10.25],"rotation":0,"texture":"#0","tintindex":0},"north":{"uv":[6.5,10.0,7.25,10.25],"rotation":180,"texture":"#0","tintindex":0},"west":{"uv":[6.75,12.0,7.0,12.25],"rotation":270,"texture":"#0","tintindex":0},"up":{"uv":[6.5,10.0,7.25,10.25],"rotation":0,"texture":"#0","tintindex":0},"down":{"uv":[6.5,10.0,7.25,10.25],"rotation":180,"texture":"#0","tintindex":0}}},{"from":[6.311758,7.428571,6.416603],"to":[8.026044,8.0,6.9880314],"rotation":{"angle":0.0,"axis":"y","origin":[27.454617,8.571428,23.416603]},"faces":{"east":{"uv":[6.75,12.25,7.0,12.5],"rotation":90,"texture":"#0","tintindex":0},"south":{"uv":[6.5,10.0,7.25,10.25],"rotation":0,"texture":"#0","tintindex":0},"north":{"uv":[6.5,10.0,7.25,10.25],"rotation":180,"texture":"#0","tintindex":0},"west":{"uv":[6.75,12.0,7.0,12.25],"rotation":270,"texture":"#0","tintindex":0},"up":{"uv":[6.5,10.0,7.25,10.25],"rotation":0,"texture":"#0","tintindex":0},"down":{"uv":[6.5,10.0,7.25,10.25],"rotation":180,"texture":"#0","tintindex":0}}},{"from":[6.285714,7.428571,7.714286],"to":[8.0,8.0,8.285714],"rotation":{"angle":0.0,"axis":"y","origin":[27.428572,8.571428,24.857143]},"faces":{"east":{"uv":[6.75,12.25,7.0,12.5],"rotation":90,"texture":"#0","tintindex":0},"south":{"uv":[6.5,10.0,7.25,10.25],"rotation":0,"texture":"#0","tintindex":0},"north":{"uv":[6.5,10.0,7.25,10.25],"rotation":180,"texture":"#0","tintindex":0},"west":{"uv":[6.75,12.0,7.0,12.25],"rotation":270,"texture":"#0","tintindex":0},"up":{"uv":[6.5,10.0,7.25,10.25],"rotation":0,"texture":"#0","tintindex":0},"down":{"uv":[6.5,10.0,7.25,10.25],"rotation":180,"texture":"#0","tintindex":0}}}],"display":{"head":{"translation":[0.0,-6.4,0.0],"scale":[4.0,4.0,4.0]}}}