{"textures":{"0":"modelengine:entity/uking"},"elements":[{"from":[8.0,6.857143,4.0],"to":[14.285715,8.0,12.0],"rotation":{"angle":0.0,"axis":"y","origin":[2.8571424,-37.14286,8.0]},"faces":{"east":{"uv":[3.0,6.75,6.5,6.25],"rotation":0,"texture":"#0","tintindex":0},"south":{"uv":[3.0,6.25,5.75,5.75],"rotation":0,"texture":"#0","tintindex":0},"north":{"uv":[5.75,6.25,3.0,5.75],"rotation":0,"texture":"#0","tintindex":0},"west":{"uv":[3.0,5.75,6.5,5.25],"rotation":0,"texture":"#0","tintindex":0},"up":{"uv":[0.0,4.0,2.75,0.5],"rotation":0,"texture":"#0","tintindex":0},"down":{"uv":[7.75,3.75,10.5,0.25],"rotation":0,"texture":"#0","tintindex":0}}}],"display":{"head":{"translation":[0.0,-6.4,0.0],"scale":[4.0,4.0,4.0]}}}