{"textures":{"0":"modelengine:entity/uking"},"elements":[{"from":[4.0,6.857143,6.857143],"to":[8.571428,9.142858,9.142858],"rotation":{"angle":0.0,"axis":"y","origin":[12.0,-10.285715,8.571428]},"faces":{"east":{"uv":[13.5,9.75,13.75,10.0],"rotation":0,"texture":"#0","tintindex":0},"south":{"uv":[1.75,9.0,3.5,10.0],"rotation":0,"texture":"#0","tintindex":0},"north":{"uv":[1.75,9.0,3.5,10.0],"rotation":0,"texture":"#0","tintindex":0},"west":{"uv":[13.5,9.75,13.75,10.0],"rotation":0,"texture":"#0","tintindex":0},"up":{"uv":[1.75,9.0,3.5,10.0],"rotation":0,"texture":"#0","tintindex":0},"down":{"uv":[1.75,9.0,3.5,10.0],"rotation":0,"texture":"#0","tintindex":0}}}],"display":{"head":{"translation":[0.0,-6.4,0.0],"scale":[4.0,4.0,4.0]}}}