{"textures":{"0":"modelengine:entity/uking"},"elements":[{"from":[7.428571,6.857143,6.857143],"to":[12.0,9.142858,9.142858],"rotation":{"angle":0.0,"axis":"y","origin":[4.0,-10.285715,8.571428]},"faces":{"east":{"uv":[13.75,9.75,13.5,10.0],"rotation":0,"texture":"#0","tintindex":0},"south":{"uv":[3.5,9.0,1.75,10.0],"rotation":0,"texture":"#0","tintindex":0},"north":{"uv":[3.5,9.0,1.75,10.0],"rotation":0,"texture":"#0","tintindex":0},"west":{"uv":[13.75,9.75,13.5,10.0],"rotation":0,"texture":"#0","tintindex":0},"up":{"uv":[3.5,9.0,1.75,10.0],"rotation":0,"texture":"#0","tintindex":0},"down":{"uv":[3.5,9.0,1.75,10.0],"rotation":0,"texture":"#0","tintindex":0}}}],"display":{"head":{"translation":[0.0,-6.4,0.0],"scale":[4.0,4.0,4.0]}}}