{"textures":{"0":"modelengine:entity/uking"},"elements":[{"from":[6.285714,12.571428,6.285714],"to":[9.714286,13.714286,9.714286],"rotation":{"angle":0.0,"axis":"y","origin":[8.0,-12.0,8.0]},"faces":{"east":{"uv":[0.0,13.5,1.5,14.0],"rotation":0,"texture":"#0","tintindex":0},"south":{"uv":[0.0,13.5,1.5,14.0],"rotation":0,"texture":"#0","tintindex":0},"north":{"uv":[0.0,13.5,1.5,14.0],"rotation":0,"texture":"#0","tintindex":0},"west":{"uv":[0.0,13.5,1.5,14.0],"rotation":0,"texture":"#0","tintindex":0},"up":{"uv":[0.0,11.5,1.5,13.0],"rotation":0,"texture":"#0","tintindex":0},"down":{"uv":[0.0,0.0,3.0,3.0],"rotation":0,"texture":"#missing","tintindex":0}}},{"from":[6.285714,13.714286,6.2685714],"to":[6.302857,14.857143,9.697143],"rotation":{"angle":0.0,"axis":"y","origin":[8.0,-12.0,8.0]},"faces":{"east":{"uv":[0.0,13.0,1.5,13.5],"rotation":0,"texture":"#0","tintindex":0},"south":{"uv":[0.0,9.0,0.5,9.5],"rotation":0,"texture":"#0","tintindex":0},"north":{"uv":[0.0,9.0,0.5,9.5],"rotation":0,"texture":"#0","tintindex":0},"west":{"uv":[0.0,13.0,1.5,13.5],"rotation":0,"texture":"#0","tintindex":0},"up":{"uv":[0.0,9.0,0.5,9.5],"rotation":0,"texture":"#0","tintindex":0},"down":{"uv":[0.0,9.0,0.5,9.5],"rotation":0,"texture":"#0","tintindex":0}}},{"from":[9.697143,13.714286,6.2685714],"to":[9.714286,14.857143,9.697143],"rotation":{"angle":0.0,"axis":"y","origin":[8.0,-12.0,8.0]},"faces":{"east":{"uv":[0.0,13.0,1.5,13.5],"rotation":0,"texture":"#0","tintindex":0},"south":{"uv":[0.0,9.0,0.5,9.5],"rotation":0,"texture":"#0","tintindex":0},"north":{"uv":[0.0,9.0,0.5,9.5],"rotation":0,"texture":"#0","tintindex":0},"west":{"uv":[0.0,13.0,1.5,13.5],"rotation":0,"texture":"#0","tintindex":0},"up":{"uv":[0.0,9.0,0.5,9.5],"rotation":0,"texture":"#0","tintindex":0},"down":{"uv":[0.0,9.0,0.5,9.5],"rotation":0,"texture":"#0","tintindex":0}}},{"from":[6.285714,13.714286,6.285714],"to":[9.714286,14.857143,6.302857],"rotation":{"angle":0.0,"axis":"y","origin":[8.0,-12.0,8.0]},"faces":{"east":{"uv":[0.0,9.0,0.5,9.5],"rotation":0,"texture":"#0","tintindex":0},"south":{"uv":[0.0,13.0,1.5,13.5],"rotation":0,"texture":"#0","tintindex":0},"north":{"uv":[0.0,13.0,1.5,13.5],"rotation":0,"texture":"#0","tintindex":0},"west":{"uv":[0.0,9.0,0.5,9.5],"rotation":0,"texture":"#0","tintindex":0},"up":{"uv":[0.0,9.0,0.5,9.5],"rotation":0,"texture":"#0","tintindex":0},"down":{"uv":[0.0,9.0,0.5,9.5],"rotation":0,"texture":"#0","tintindex":0}}},{"from":[6.285714,13.714286,9.697143],"to":[9.714286,14.857143,9.714286],"rotation":{"angle":0.0,"axis":"y","origin":[8.0,-12.0,8.0]},"faces":{"east":{"uv":[0.0,9.0,0.5,9.5],"rotation":0,"texture":"#0","tintindex":0},"south":{"uv":[0.0,13.0,1.5,13.5],"rotation":0,"texture":"#0","tintindex":0},"north":{"uv":[0.0,13.0,1.5,13.5],"rotation":0,"texture":"#0","tintindex":0},"west":{"uv":[0.0,9.0,0.5,9.5],"rotation":0,"texture":"#0","tintindex":0},"up":{"uv":[0.0,9.0,0.5,9.5],"rotation":0,"texture":"#0","tintindex":0},"down":{"uv":[0.0,9.0,0.5,9.5],"rotation":0,"texture":"#0","tintindex":0}}},{"from":[5.714286,8.0,5.714286],"to":[10.285714,12.571428,10.285714],"rotation":{"angle":0.0,"axis":"y","origin":[8.0,-12.0,8.0]},"faces":{"east":{"uv":[4.0,14.0,2.0,16.0],"rotation":0,"texture":"#0","tintindex":0},"south":{"uv":[4.0,14.0,6.0,16.0],"rotation":0,"texture":"#0","tintindex":0},"north":{"uv":[12.0,0.0,16.0,4.0],"rotation":0,"texture":"#0","tintindex":0},"west":{"uv":[2.0,14.0,4.0,16.0],"rotation":0,"texture":"#0","tintindex":0},"up":{"uv":[6.0,14.0,8.0,16.0],"rotation":0,"texture":"#0","tintindex":0},"down":{"uv":[9.5,7.75,11.5,9.75],"rotation":0,"texture":"#0","tintindex":0}}},{"from":[9.714286,10.184699,5.4805655],"to":[10.228572,12.470413,6.623423],"rotation":{"angle":-45.0,"axis":"x","origin":[9.971429,11.327557,6.0519943]},"faces":{"east":{"uv":[10.75,10.0,10.25,11.0],"rotation":0,"texture":"#0","tintindex":0},"south":{"uv":[3.25,5.5,3.0,5.75],"rotation":0,"texture":"#0","tintindex":0},"north":{"uv":[11.0,10.0,10.75,11.0],"rotation":0,"texture":"#0","tintindex":0},"west":{"uv":[8.75,10.0,8.25,11.0],"rotation":0,"texture":"#0","tintindex":0},"up":{"uv":[13.75,10.0,13.5,10.5],"rotation":0,"texture":"#0","tintindex":0},"down":{"uv":[5.0,10.75,4.75,11.25],"rotation":0,"texture":"#0","tintindex":0}}},{"from":[5.771428,9.571428,5.142857],"to":[6.285714,11.857143,6.285714],"rotation":{"angle":-45.0,"axis":"x","origin":[6.028571,11.428572,5.142857]},"faces":{"east":{"uv":[8.25,10.0,8.75,11.0],"rotation":0,"texture":"#0","tintindex":0},"south":{"uv":[3.0,5.5,3.25,5.75],"rotation":0,"texture":"#0","tintindex":0},"north":{"uv":[10.75,10.0,11.0,11.0],"rotation":0,"texture":"#0","tintindex":0},"west":{"uv":[10.25,10.0,10.75,11.0],"rotation":0,"texture":"#0","tintindex":0},"up":{"uv":[13.5,10.0,13.75,10.5],"rotation":0,"texture":"#0","tintindex":0},"down":{"uv":[4.75,10.75,5.0,11.25],"rotation":0,"texture":"#0","tintindex":0}}},{"from":[6.285714,11.647934,4.8744745],"to":[9.714286,12.219362,6.0173316],"rotation":{"angle":-45.0,"axis":"x","origin":[8.0,11.933648,5.445903]},"faces":{"east":{"uv":[0.0,0.0,1.0,0.5],"rotation":0,"texture":"#0","tintindex":0},"south":{"uv":[9.25,10.75,9.5,11.0],"rotation":0,"texture":"#0","tintindex":0},"north":{"uv":[8.75,10.25,10.25,10.5],"rotation":0,"texture":"#0","tintindex":0},"west":{"uv":[0.0,0.0,1.0,0.5],"rotation":0,"texture":"#0","tintindex":0},"up":{"uv":[8.75,10.5,10.25,11.0],"rotation":0,"texture":"#0","tintindex":0},"down":{"uv":[12.25,9.25,13.75,9.75],"rotation":0,"texture":"#0","tintindex":0}}}],"display":{"head":{"translation":[0.0,-6.4,0.0],"scale":[4.0,4.0,4.0]}}}