{"textures":{"0":"modelengine:entity/uking"},"elements":[{"from":[4.5714283,4.285714,8.285714],"to":[11.428572,8.285714,8.857143],"rotation":{"angle":-22.5,"axis":"x","origin":[8.0,7.714286,8.571428]},"faces":{"east":{"uv":[11.75,8.0,11.5,9.75],"rotation":0,"texture":"#0","tintindex":0},"south":{"uv":[15.0,7.25,12.0,9.0],"rotation":0,"texture":"#0","tintindex":0},"north":{"uv":[15.0,7.25,12.0,9.0],"rotation":0,"texture":"#0","tintindex":0},"west":{"uv":[11.75,8.0,11.5,9.75],"rotation":0,"texture":"#0","tintindex":0},"up":{"uv":[0.0,4.75,3.0,4.5],"rotation":0,"texture":"#0","tintindex":0},"down":{"uv":[0.0,4.5,3.0,4.25],"rotation":0,"texture":"#0","tintindex":0}}},{"from":[4.5714283,-3.1428576,9.697143],"to":[11.428572,0.85714245,9.714286],"rotation":{"angle":-22.5,"axis":"x","origin":[8.0,1.4285712,9.714286]},"faces":{"east":{"uv":[0.5,9.0,0.0,9.5],"rotation":0,"texture":"#0","tintindex":0},"south":{"uv":[0.0,5.0,3.0,6.75],"rotation":0,"texture":"#0","tintindex":0},"north":{"uv":[3.0,5.0,0.0,6.75],"rotation":0,"texture":"#0","tintindex":0},"west":{"uv":[0.5,9.0,0.0,9.5],"rotation":0,"texture":"#0","tintindex":0},"up":{"uv":[0.0,9.5,0.5,9.0],"rotation":0,"texture":"#0","tintindex":0},"down":{"uv":[0.0,9.5,0.5,9.0],"rotation":0,"texture":"#0","tintindex":0}}},{"from":[4.5714283,0.59020185,9.5839815],"to":[11.428572,4.5902023,10.15541],"rotation":{"angle":0.0,"axis":"y","origin":[8.0,1.1616306,8.298267]},"faces":{"east":{"uv":[12.0,8.0,11.75,9.75],"rotation":0,"texture":"#0","tintindex":0},"south":{"uv":[15.0,5.5,12.0,7.25],"rotation":0,"texture":"#0","tintindex":0},"north":{"uv":[15.0,5.5,12.0,7.25],"rotation":0,"texture":"#0","tintindex":0},"west":{"uv":[12.0,8.0,11.75,9.75],"rotation":0,"texture":"#0","tintindex":0},"up":{"uv":[0.0,4.25,3.0,4.0],"rotation":0,"texture":"#0","tintindex":0},"down":{"uv":[0.0,5.0,3.0,4.75],"rotation":0,"texture":"#0","tintindex":0}}}],"display":{"head":{"translation":[0.0,-6.4,0.0],"scale":[4.0,4.0,4.0]}}}