{"textures":{"0":"modelengine:entity/uking"},"elements":[{"from":[7.714286,4.285714,4.5714283],"to":[8.285714,8.285714,11.428572],"rotation":{"angle":0.0,"axis":"y","origin":[8.0,7.714286,8.0]},"faces":{"east":{"uv":[12.0,7.25,15.0,9.0],"rotation":0,"texture":"#0","tintindex":0},"south":{"uv":[11.5,8.0,11.75,9.75],"rotation":0,"texture":"#0","tintindex":0},"north":{"uv":[11.5,8.0,11.75,9.75],"rotation":0,"texture":"#0","tintindex":0},"west":{"uv":[12.0,7.25,15.0,9.0],"rotation":0,"texture":"#0","tintindex":0},"up":{"uv":[0.0,4.5,3.0,4.75],"rotation":90,"texture":"#0","tintindex":0},"down":{"uv":[0.0,4.25,3.0,4.5],"rotation":270,"texture":"#0","tintindex":0}}}],"display":{"head":{"translation":[0.0,-6.4,0.0],"scale":[4.0,4.0,4.0]}}}