{"textures":{"0":"modelengine:entity/uking"},"elements":[{"from":[6.857143,7.428571,8.0],"to":[8.0,8.0,8.571428],"rotation":{"angle":0.0,"axis":"y","origin":[25.142859,9.142858,28.0]},"faces":{"east":{"uv":[6.75,12.25,7.0,12.5],"rotation":90,"texture":"#0","tintindex":0},"south":{"uv":[7.75,10.25,8.25,10.5],"rotation":0,"texture":"#0","tintindex":0},"north":{"uv":[7.75,10.25,8.25,10.5],"rotation":180,"texture":"#0","tintindex":0},"west":{"uv":[6.75,12.25,7.0,12.5],"rotation":270,"texture":"#0","tintindex":0},"up":{"uv":[7.75,10.25,8.25,10.5],"rotation":0,"texture":"#0","tintindex":0},"down":{"uv":[8.25,10.25,7.75,10.5],"rotation":180,"texture":"#0","tintindex":0}}},{"from":[5.714286,7.428571,8.0],"to":[6.857143,8.0,8.571428],"rotation":{"angle":22.5,"axis":"y","origin":[6.857143,7.714286,8.285714]},"faces":{"east":{"uv":[6.75,12.25,7.0,12.5],"rotation":90,"texture":"#0","tintindex":0},"south":{"uv":[7.25,10.0,7.75,10.25],"rotation":0,"texture":"#0","tintindex":0},"north":{"uv":[7.25,10.0,7.75,10.25],"rotation":180,"texture":"#0","tintindex":0},"west":{"uv":[6.75,12.0,7.0,12.25],"rotation":270,"texture":"#0","tintindex":0},"up":{"uv":[7.25,10.0,7.75,10.25],"rotation":0,"texture":"#0","tintindex":0},"down":{"uv":[7.75,10.0,7.25,10.25],"rotation":180,"texture":"#0","tintindex":0}}}],"display":{"head":{"translation":[0.0,-6.4,0.0],"scale":[4.0,4.0,4.0]}}}