{"textures":{"0":"modelengine:entity/uking"},"elements":[{"from":[6.2491226,7.428571,9.0103245],"to":[7.963408,8.0,9.581754],"rotation":{"angle":0.0,"axis":"y","origin":[7.106265,7.714286,9.29604]},"faces":{"east":{"uv":[6.75,12.25,7.0,12.5],"rotation":90,"texture":"#0","tintindex":0},"south":{"uv":[5.75,10.0,6.5,10.25],"rotation":0,"texture":"#0","tintindex":0},"north":{"uv":[5.75,10.0,6.5,10.25],"rotation":180,"texture":"#0","tintindex":0},"west":{"uv":[6.75,12.25,7.0,12.5],"rotation":270,"texture":"#0","tintindex":0},"up":{"uv":[5.75,10.0,6.5,10.25],"rotation":0,"texture":"#0","tintindex":0},"down":{"uv":[5.75,10.0,6.5,10.25],"rotation":180,"texture":"#0","tintindex":0}}},{"from":[6.285714,7.428571,7.714286],"to":[8.0,8.0,8.285714],"rotation":{"angle":0.0,"axis":"y","origin":[25.714287,8.571428,24.857143]},"faces":{"east":{"uv":[6.75,12.25,7.0,12.5],"rotation":90,"texture":"#0","tintindex":0},"south":{"uv":[5.75,10.0,6.5,10.25],"rotation":0,"texture":"#0","tintindex":0},"north":{"uv":[5.75,10.0,6.5,10.25],"rotation":180,"texture":"#0","tintindex":0},"west":{"uv":[6.75,12.25,7.0,12.5],"rotation":270,"texture":"#0","tintindex":0},"up":{"uv":[5.75,10.0,6.5,10.25],"rotation":0,"texture":"#0","tintindex":0},"down":{"uv":[5.75,10.0,6.5,10.25],"rotation":180,"texture":"#0","tintindex":0}}},{"from":[6.2491226,7.428571,6.4182467],"to":[7.963408,8.0,6.989675],"rotation":{"angle":0.0,"axis":"y","origin":[7.106265,7.714286,6.703961]},"faces":{"east":{"uv":[6.75,12.25,7.0,12.5],"rotation":90,"texture":"#0","tintindex":0},"south":{"uv":[5.75,10.0,6.5,10.25],"rotation":0,"texture":"#0","tintindex":0},"north":{"uv":[5.75,10.0,6.5,10.25],"rotation":180,"texture":"#0","tintindex":0},"west":{"uv":[6.75,12.25,7.0,12.5],"rotation":270,"texture":"#0","tintindex":0},"up":{"uv":[5.75,10.0,6.5,10.25],"rotation":0,"texture":"#0","tintindex":0},"down":{"uv":[5.75,10.0,6.5,10.25],"rotation":180,"texture":"#0","tintindex":0}}}],"display":{"head":{"translation":[0.0,-6.4,0.0],"scale":[4.0,4.0,4.0]}}}