{"textures":{"0":"modelengine:entity/viking_boss_door"},"elements":[{"from":[7.885714,0.076189995,7.1809525],"to":[21.6,21.790478,8.895238],"rotation":{"angle":0.0,"axis":"y","origin":[12.457144,-3.3523817,8.32381]},"faces":{"east":{"uv":[0.75,5.5,0.375,10.25],"rotation":0,"texture":"#0","tintindex":0},"south":{"uv":[0.0,0.0,3.0,4.75],"rotation":0,"texture":"#0","tintindex":0},"north":{"uv":[3.0,0.0,0.0,4.75],"rotation":0,"texture":"#0","tintindex":0},"west":{"uv":[0.375,5.5,0.0,10.25],"rotation":0,"texture":"#0","tintindex":0},"up":{"uv":[6.0,1.875,9.0,1.5],"rotation":0,"texture":"#0","tintindex":0},"down":{"uv":[6.0,1.875,9.0,2.25],"rotation":0,"texture":"#0","tintindex":0}}},{"from":[7.885714,-3.3523817,6.895238],"to":[21.6,0.076189995,9.180952],"rotation":{"angle":0.0,"axis":"y","origin":[12.457144,-3.3523817,8.32381]},"faces":{"east":{"uv":[6.5,3.0,6.0,3.75],"rotation":0,"texture":"#0","tintindex":0},"south":{"uv":[6.0,4.75,3.0,5.5],"rotation":0,"texture":"#0","tintindex":0},"north":{"uv":[3.0,4.75,0.0,5.5],"rotation":0,"texture":"#0","tintindex":0},"west":{"uv":[6.5,2.25,6.0,3.0],"rotation":0,"texture":"#0","tintindex":0},"up":{"uv":[0.75,6.0,3.75,5.5],"rotation":0,"texture":"#0","tintindex":0},"down":{"uv":[3.75,5.5,6.75,6.0],"rotation":0,"texture":"#0","tintindex":0}}},{"from":[7.885714,21.790478,6.895238],"to":[21.6,24.07619,9.180952],"rotation":{"angle":0.0,"axis":"y","origin":[12.457144,-3.3523817,8.32381]},"faces":{"east":{"uv":[4.875,6.0,4.375,6.5],"rotation":0,"texture":"#0","tintindex":0},"south":{"uv":[9.0,0.5,6.0,1.0],"rotation":0,"texture":"#0","tintindex":0},"north":{"uv":[9.0,0.0,6.0,0.5],"rotation":0,"texture":"#0","tintindex":0},"west":{"uv":[6.5,4.25,6.0,4.75],"rotation":0,"texture":"#0","tintindex":0},"up":{"uv":[0.75,6.5,3.75,6.0],"rotation":0,"texture":"#0","tintindex":0},"down":{"uv":[6.0,1.0,9.0,1.5],"rotation":0,"texture":"#0","tintindex":0}}},{"from":[17.6,7.5047617,6.038095],"to":[19.314285,8.647619,6.609524],"rotation":{"angle":0.0,"axis":"y","origin":[12.457144,-3.3523817,8.32381]},"faces":{"east":{"uv":[1.625,6.5,1.5,6.75],"rotation":0,"texture":"#0","tintindex":0},"south":{"uv":[5.25,6.0,4.875,6.25],"rotation":0,"texture":"#0","tintindex":0},"north":{"uv":[6.375,4.75,6.0,5.0],"rotation":0,"texture":"#0","tintindex":0},"west":{"uv":[5.25,6.25,5.125,6.5],"rotation":0,"texture":"#0","tintindex":0},"up":{"uv":[0.75,6.625,1.125,6.5],"rotation":0,"texture":"#0","tintindex":0},"down":{"uv":[1.125,6.5,1.5,6.625],"rotation":0,"texture":"#0","tintindex":0}}},{"from":[17.314285,7.7904763,6.180952],"to":[19.6,8.361905,6.752381],"rotation":{"angle":0.0,"axis":"y","origin":[12.457144,-3.3523817,8.32381]},"faces":{"east":{"uv":[1.875,6.5,1.75,6.625],"rotation":0,"texture":"#0","tintindex":0},"south":{"uv":[6.5,5.375,6.0,5.5],"rotation":0,"texture":"#0","tintindex":0},"north":{"uv":[6.5,5.25,6.0,5.375],"rotation":0,"texture":"#0","tintindex":0},"west":{"uv":[1.75,6.5,1.625,6.625],"rotation":0,"texture":"#0","tintindex":0},"up":{"uv":[6.25,6.125,6.75,6.0],"rotation":0,"texture":"#0","tintindex":0},"down":{"uv":[6.25,6.125,6.75,6.25],"rotation":0,"texture":"#0","tintindex":0}}},{"from":[17.314285,5.5047617,6.180952],"to":[19.6,6.0761905,6.752381],"rotation":{"angle":0.0,"axis":"y","origin":[12.457144,-3.3523817,8.32381]},"faces":{"east":{"uv":[2.5,6.5,2.375,6.625],"rotation":0,"texture":"#0","tintindex":0},"south":{"uv":[6.875,4.75,6.375,4.875],"rotation":0,"texture":"#0","tintindex":0},"north":{"uv":[6.75,6.25,6.25,6.375],"rotation":0,"texture":"#0","tintindex":0},"west":{"uv":[6.625,2.25,6.5,2.375],"rotation":0,"texture":"#0","tintindex":0},"up":{"uv":[6.375,5.0,6.875,4.875],"rotation":0,"texture":"#0","tintindex":0},"down":{"uv":[6.25,6.375,6.75,6.5],"rotation":0,"texture":"#0","tintindex":0}}},{"from":[16.742859,5.5047617,6.180952],"to":[17.314285,8.361905,6.752381],"rotation":{"angle":0.0,"axis":"y","origin":[12.457144,-3.3523817,8.32381]},"faces":{"east":{"uv":[5.75,6.0,5.625,6.625],"rotation":0,"texture":"#0","tintindex":0},"south":{"uv":[5.625,6.0,5.5,6.625],"rotation":0,"texture":"#0","tintindex":0},"north":{"uv":[5.375,6.0,5.25,6.625],"rotation":0,"texture":"#0","tintindex":0},"west":{"uv":[5.5,6.0,5.375,6.625],"rotation":0,"texture":"#0","tintindex":0},"up":{"uv":[1.875,6.625,2.0,6.5],"rotation":0,"texture":"#0","tintindex":0},"down":{"uv":[2.0,6.5,2.125,6.625],"rotation":0,"texture":"#0","tintindex":0}}},{"from":[19.6,5.5047617,6.180952],"to":[20.171429,8.361905,6.752381],"rotation":{"angle":0.0,"axis":"y","origin":[12.457144,-3.3523817,8.32381]},"faces":{"east":{"uv":[6.25,6.0,6.125,6.625],"rotation":0,"texture":"#0","tintindex":0},"south":{"uv":[6.125,6.0,6.0,6.625],"rotation":0,"texture":"#0","tintindex":0},"north":{"uv":[5.875,6.0,5.75,6.625],"rotation":0,"texture":"#0","tintindex":0},"west":{"uv":[6.0,6.0,5.875,6.625],"rotation":0,"texture":"#0","tintindex":0},"up":{"uv":[2.125,6.625,2.25,6.5],"rotation":0,"texture":"#0","tintindex":0},"down":{"uv":[2.25,6.5,2.375,6.625],"rotation":0,"texture":"#0","tintindex":0}}},{"from":[17.028572,6.9333334,6.609524],"to":[19.885715,9.219048,7.1809525],"rotation":{"angle":0.0,"axis":"y","origin":[12.457144,-3.3523817,8.32381]},"faces":{"east":{"uv":[5.125,6.25,5.0,6.75],"rotation":0,"texture":"#0","tintindex":0},"south":{"uv":[6.625,3.75,6.0,4.25],"rotation":0,"texture":"#0","tintindex":0},"north":{"uv":[4.375,6.0,3.75,6.5],"rotation":0,"texture":"#0","tintindex":0},"west":{"uv":[5.0,6.25,4.875,6.75],"rotation":0,"texture":"#0","tintindex":0},"up":{"uv":[6.0,5.125,6.625,5.0],"rotation":0,"texture":"#0","tintindex":0},"down":{"uv":[6.0,5.125,6.625,5.25],"rotation":0,"texture":"#0","tintindex":0}}},{"from":[17.314285,7.7904763,9.32381],"to":[19.6,8.361905,9.895238],"rotation":{"angle":0.0,"axis":"y","origin":[12.457144,-3.3523817,8.32381]},"faces":{"east":{"uv":[1.75,6.5,1.875,6.625],"rotation":0,"texture":"#0","tintindex":0},"south":{"uv":[6.0,5.25,6.5,5.375],"rotation":0,"texture":"#0","tintindex":0},"north":{"uv":[6.0,5.375,6.5,5.5],"rotation":0,"texture":"#0","tintindex":0},"west":{"uv":[1.625,6.5,1.75,6.625],"rotation":0,"texture":"#0","tintindex":0},"up":{"uv":[6.25,6.0,6.75,6.125],"rotation":0,"texture":"#0","tintindex":0},"down":{"uv":[6.25,6.25,6.75,6.125],"rotation":0,"texture":"#0","tintindex":0}}},{"from":[19.6,5.5047617,9.32381],"to":[20.171429,8.361905,9.895238],"rotation":{"angle":0.0,"axis":"y","origin":[12.457144,-3.3523817,8.32381]},"faces":{"east":{"uv":[6.125,6.0,6.25,6.625],"rotation":0,"texture":"#0","tintindex":0},"south":{"uv":[5.75,6.0,5.875,6.625],"rotation":0,"texture":"#0","tintindex":0},"north":{"uv":[6.0,6.0,6.125,6.625],"rotation":0,"texture":"#0","tintindex":0},"west":{"uv":[5.875,6.0,6.0,6.625],"rotation":0,"texture":"#0","tintindex":0},"up":{"uv":[2.125,6.5,2.25,6.625],"rotation":0,"texture":"#0","tintindex":0},"down":{"uv":[2.25,6.625,2.375,6.5],"rotation":0,"texture":"#0","tintindex":0}}},{"from":[16.742859,5.5047617,9.32381],"to":[17.314285,8.361905,9.895238],"rotation":{"angle":0.0,"axis":"y","origin":[12.457144,-3.3523817,8.32381]},"faces":{"east":{"uv":[5.625,6.0,5.75,6.625],"rotation":0,"texture":"#0","tintindex":0},"south":{"uv":[5.25,6.0,5.375,6.625],"rotation":0,"texture":"#0","tintindex":0},"north":{"uv":[5.5,6.0,5.625,6.625],"rotation":0,"texture":"#0","tintindex":0},"west":{"uv":[5.375,6.0,5.5,6.625],"rotation":0,"texture":"#0","tintindex":0},"up":{"uv":[1.875,6.5,2.0,6.625],"rotation":0,"texture":"#0","tintindex":0},"down":{"uv":[2.0,6.625,2.125,6.5],"rotation":0,"texture":"#0","tintindex":0}}},{"from":[17.6,7.5047617,9.466667],"to":[19.314285,8.647619,10.038095],"rotation":{"angle":0.0,"axis":"y","origin":[12.457144,-3.3523817,8.32381]},"faces":{"east":{"uv":[1.5,6.5,1.625,6.75],"rotation":0,"texture":"#0","tintindex":0},"south":{"uv":[6.0,4.75,6.375,5.0],"rotation":0,"texture":"#0","tintindex":0},"north":{"uv":[4.875,6.0,5.25,6.25],"rotation":0,"texture":"#0","tintindex":0},"west":{"uv":[5.125,6.25,5.25,6.5],"rotation":0,"texture":"#0","tintindex":0},"up":{"uv":[0.75,6.5,1.125,6.625],"rotation":0,"texture":"#0","tintindex":0},"down":{"uv":[1.125,6.625,1.5,6.5],"rotation":0,"texture":"#0","tintindex":0}}},{"from":[17.314285,5.5047617,9.32381],"to":[19.6,6.0761905,9.895238],"rotation":{"angle":0.0,"axis":"y","origin":[12.457144,-3.3523817,8.32381]},"faces":{"east":{"uv":[2.375,6.5,2.5,6.625],"rotation":0,"texture":"#0","tintindex":0},"south":{"uv":[6.25,6.25,6.75,6.375],"rotation":0,"texture":"#0","tintindex":0},"north":{"uv":[6.375,4.75,6.875,4.875],"rotation":0,"texture":"#0","tintindex":0},"west":{"uv":[6.5,2.25,6.625,2.375],"rotation":0,"texture":"#0","tintindex":0},"up":{"uv":[6.375,4.875,6.875,5.0],"rotation":0,"texture":"#0","tintindex":0},"down":{"uv":[6.25,6.5,6.75,6.375],"rotation":0,"texture":"#0","tintindex":0}}},{"from":[17.028572,6.9333334,8.895238],"to":[19.885715,9.219048,9.466667],"rotation":{"angle":0.0,"axis":"y","origin":[12.457144,-3.3523817,8.32381]},"faces":{"east":{"uv":[5.0,6.25,5.125,6.75],"rotation":0,"texture":"#0","tintindex":0},"south":{"uv":[3.75,6.0,4.375,6.5],"rotation":0,"texture":"#0","tintindex":0},"north":{"uv":[6.0,3.75,6.625,4.25],"rotation":0,"texture":"#0","tintindex":0},"west":{"uv":[4.875,6.25,5.0,6.75],"rotation":0,"texture":"#0","tintindex":0},"up":{"uv":[6.0,5.0,6.625,5.125],"rotation":0,"texture":"#0","tintindex":0},"down":{"uv":[6.0,5.25,6.625,5.125],"rotation":0,"texture":"#0","tintindex":0}}}],"display":{"head":{"translation":[0.0,-6.4,0.0],"scale":[4.0,4.0,4.0]}}}