{"textures":{"0":"modelengine:entity/goblin"},"elements":[{"from":[6.857143,4.5230856,6.8212113],"to":[8.571428,6.2373714,9.678354],"rotation":{"angle":-22.5,"axis":"x","origin":[8.571428,3.380228,7.9640684]},"faces":{"east":{"uv":[11.25,9.0,10.0,9.75],"rotation":0,"texture":"#0","tintindex":0},"south":{"uv":[3.5,11.5,2.75,12.25],"rotation":0,"texture":"#0","tintindex":0},"north":{"uv":[1.5,11.5,0.75,12.25],"rotation":0,"texture":"#0","tintindex":0},"west":{"uv":[11.25,2.25,10.0,3.0],"rotation":0,"texture":"#0","tintindex":0},"up":{"uv":[0.0,11.5,0.75,10.25],"rotation":0,"texture":"#0","tintindex":0},"down":{"uv":[0.75,10.25,1.5,11.5],"rotation":0,"texture":"#0","tintindex":0}}},{"from":[6.857143,3.9987426,3.6137142],"to":[8.571428,5.7130284,6.470857],"rotation":{"angle":0.0,"axis":"y","origin":[9.5777025,-0.037000656,8.922029]},"faces":{"east":{"uv":[11.25,10.0,10.0,10.75],"rotation":0,"texture":"#0","tintindex":0},"south":{"uv":[0.75,11.5,0.0,12.25],"rotation":0,"texture":"#0","tintindex":0},"north":{"uv":[12.0,2.0,11.25,2.75],"rotation":0,"texture":"#0","tintindex":0},"west":{"uv":[11.0,4.25,9.75,5.0],"rotation":0,"texture":"#0","tintindex":0},"up":{"uv":[10.0,2.25,10.75,1.0],"rotation":0,"texture":"#0","tintindex":0},"down":{"uv":[10.0,7.75,10.75,9.0],"rotation":0,"texture":"#0","tintindex":0}}}],"display":{"head":{"translation":[0.0,-6.4,0.0],"scale":[4.0,4.0,4.0]}}}