{"textures":{"0":"modelengine:entity/goblin"},"elements":[{"from":[6.285714,11.016023,6.474468],"to":[9.714286,15.016024,8.188754],"rotation":{"angle":0.0,"axis":"y","origin":[8.0,2.2857141,6.285714]},"faces":{"east":{"uv":[8.25,2.25,9.0,4.0],"rotation":0,"texture":"#0","tintindex":0},"south":{"uv":[6.75,2.25,8.25,4.0],"rotation":0,"texture":"#0","tintindex":0},"north":{"uv":[1.5,6.75,3.0,8.5],"rotation":0,"texture":"#0","tintindex":0},"west":{"uv":[1.0,8.5,1.75,10.25],"rotation":0,"texture":"#0","tintindex":0},"up":{"uv":[4.25,2.75,2.75,2.0],"rotation":0,"texture":"#0","tintindex":0},"down":{"uv":[4.25,8.75,2.75,9.5],"rotation":0,"texture":"#0","tintindex":0}}},{"from":[5.714286,6.4445944,5.331611],"to":[10.285714,11.016023,8.760183],"rotation":{"angle":0.0,"axis":"y","origin":[8.0,2.2857141,6.285714]},"faces":{"east":{"uv":[4.75,1.25,6.25,3.25],"rotation":0,"texture":"#0","tintindex":0},"south":{"uv":[2.75,0.0,4.75,2.0],"rotation":0,"texture":"#0","tintindex":0},"north":{"uv":[2.75,2.75,4.75,4.75],"rotation":0,"texture":"#0","tintindex":0},"west":{"uv":[0.0,6.0,1.5,8.0],"rotation":0,"texture":"#0","tintindex":0},"up":{"uv":[6.75,4.75,4.75,3.25],"rotation":0,"texture":"#0","tintindex":0},"down":{"uv":[6.0,6.0,4.0,7.5],"rotation":0,"texture":"#0","tintindex":0}}}],"display":{"head":{"translation":[0.0,-6.4,0.0],"scale":[4.0,4.0,4.0]}}}