{"textures":{"0":"modelengine:entity/goblin"},"elements":[{"from":[4.8,6.7032094,5.3863],"to":[11.085714,8.417495,7.672014],"rotation":{"angle":0.0,"axis":"y","origin":[8.0,-1.990511,7.0936084]},"faces":{"east":{"uv":[3.0,6.75,4.0,7.5],"rotation":0,"texture":"#0","tintindex":0},"south":{"uv":[8.0,7.0,10.75,7.75],"rotation":0,"texture":"#0","tintindex":0},"north":{"uv":[6.75,5.25,9.5,6.0],"rotation":0,"texture":"#0","tintindex":0},"west":{"uv":[5.0,7.5,6.0,8.25],"rotation":0,"texture":"#0","tintindex":0},"up":{"uv":[8.75,7.0,6.0,6.0],"rotation":0,"texture":"#0","tintindex":0},"down":{"uv":[9.0,1.25,6.25,2.25],"rotation":0,"texture":"#0","tintindex":0}}},{"from":[4.8,8.417495,5.3863],"to":[11.085714,11.274638,9.957728],"rotation":{"angle":0.0,"axis":"y","origin":[8.0,-1.990511,7.0936084]},"faces":{"east":{"uv":[6.75,4.0,8.75,5.25],"rotation":0,"texture":"#0","tintindex":0},"south":{"uv":[4.75,0.0,7.5,1.25],"rotation":0,"texture":"#0","tintindex":0},"north":{"uv":[4.0,4.75,6.75,6.0],"rotation":0,"texture":"#0","tintindex":0},"west":{"uv":[6.0,7.0,8.0,8.25],"rotation":0,"texture":"#0","tintindex":0},"up":{"uv":[2.75,2.0,0.0,0.0],"rotation":0,"texture":"#0","tintindex":0},"down":{"uv":[2.75,2.0,0.0,4.0],"rotation":0,"texture":"#0","tintindex":0}}},{"from":[7.0857143,7.648461,2.7541451],"to":[8.8,10.134175,5.03986],"rotation":{"angle":-22.5,"axis":"x","origin":[8.0,8.991318,3.325574]},"faces":{"east":{"uv":[8.75,4.0,9.75,5.0],"rotation":0,"texture":"#0","tintindex":0},"south":{"uv":[8.75,10.25,9.5,11.25],"rotation":0,"texture":"#0","tintindex":0},"north":{"uv":[8.0,10.25,8.75,11.25],"rotation":0,"texture":"#0","tintindex":0},"west":{"uv":[8.75,6.0,9.75,7.0],"rotation":0,"texture":"#0","tintindex":0},"up":{"uv":[3.5,11.5,2.75,10.5],"rotation":0,"texture":"#0","tintindex":0},"down":{"uv":[4.25,10.5,3.5,11.5],"rotation":0,"texture":"#0","tintindex":0}}},{"from":[7.0857143,8.417495,4.4720144],"to":[8.8,10.70321,5.614871],"rotation":{"angle":0.0,"axis":"y","origin":[8.0,-1.990511,7.0936084]},"faces":{"east":{"uv":[6.25,2.25,6.75,3.25],"rotation":0,"texture":"#0","tintindex":0},"south":{"uv":[5.0,10.5,5.75,11.5],"rotation":0,"texture":"#0","tintindex":0},"north":{"uv":[4.25,10.5,5.0,11.5],"rotation":0,"texture":"#0","tintindex":0},"west":{"uv":[3.75,11.5,4.25,12.5],"rotation":0,"texture":"#0","tintindex":0},"up":{"uv":[12.25,1.75,11.5,1.25],"rotation":0,"texture":"#0","tintindex":0},"down":{"uv":[12.25,2.75,11.5,3.25],"rotation":0,"texture":"#0","tintindex":0}}},{"from":[10.681652,8.417495,8.6475],"to":[11.25308,11.274638,13.218928],"rotation":{"angle":45.0,"axis":"y","origin":[10.681652,9.331781,8.6475]},"faces":{"east":{"uv":[3.0,7.5,5.0,8.75],"rotation":0,"texture":"#0","tintindex":0},"south":{"uv":[11.5,3.25,11.75,4.5],"rotation":0,"texture":"#0","tintindex":0},"north":{"uv":[10.75,3.0,11.0,4.25],"rotation":0,"texture":"#0","tintindex":0},"west":{"uv":[7.5,0.0,9.5,1.25],"rotation":0,"texture":"#0","tintindex":0},"up":{"uv":[4.5,13.5,4.25,11.5],"rotation":0,"texture":"#0","tintindex":0},"down":{"uv":[4.75,11.5,4.5,13.5],"rotation":0,"texture":"#0","tintindex":0}}},{"from":[4.7469196,8.417495,8.6475],"to":[5.3183484,11.274638,13.218928],"rotation":{"angle":-45.0,"axis":"y","origin":[5.3183484,9.331781,8.6475]},"faces":{"east":{"uv":[8.0,8.0,10.0,9.25],"rotation":0,"texture":"#0","tintindex":0},"south":{"uv":[10.5,11.75,10.75,13.0],"rotation":0,"texture":"#0","tintindex":0},"north":{"uv":[10.25,11.75,10.5,13.0],"rotation":0,"texture":"#0","tintindex":0},"west":{"uv":[5.0,8.25,7.0,9.5],"rotation":0,"texture":"#0","tintindex":0},"up":{"uv":[8.0,13.5,7.75,11.5],"rotation":0,"texture":"#0","tintindex":0},"down":{"uv":[9.75,11.75,9.5,13.75],"rotation":0,"texture":"#0","tintindex":0}}}],"display":{"head":{"translation":[0.0,-6.4,0.0],"scale":[4.0,4.0,4.0]}}}