{"textures":{"0":"modelengine:entity/goblin"},"elements":[{"from":[7.142857,6.155223,6.941743],"to":[8.857143,8.440937,8.656029],"rotation":{"angle":0.0,"axis":"y","origin":[9.285714,3.9963427,6.7529883]},"faces":{"east":{"uv":[9.5,10.75,10.25,11.75],"rotation":0,"texture":"#0","tintindex":0},"south":{"uv":[10.25,10.75,11.0,11.75],"rotation":0,"texture":"#0","tintindex":0},"north":{"uv":[10.5,5.0,11.25,6.0],"rotation":0,"texture":"#0","tintindex":0},"west":{"uv":[10.75,1.0,11.5,2.0],"rotation":0,"texture":"#0","tintindex":0},"up":{"uv":[9.75,4.0,9.0,3.25],"rotation":0,"texture":"#0","tintindex":0},"down":{"uv":[12.0,0.0,11.25,0.75],"rotation":0,"texture":"#0","tintindex":0}}},{"from":[7.0,3.6719828,6.9347544],"to":[9.0,5.957697,8.934754],"rotation":{"angle":-22.5,"axis":"x","origin":[9.428572,5.714286,6.285714]},"faces":{"east":{"uv":[5.75,9.5,6.75,10.5],"rotation":0,"texture":"#0","tintindex":0},"south":{"uv":[9.5,0.0,10.5,1.0],"rotation":0,"texture":"#0","tintindex":0},"north":{"uv":[4.75,9.5,5.75,10.5],"rotation":0,"texture":"#0","tintindex":0},"west":{"uv":[9.5,5.0,10.5,6.0],"rotation":0,"texture":"#0","tintindex":0},"up":{"uv":[10.75,4.25,9.75,3.25],"rotation":0,"texture":"#0","tintindex":0},"down":{"uv":[10.75,6.0,9.75,7.0],"rotation":0,"texture":"#0","tintindex":0}}},{"from":[7.0,3.6719828,6.3633256],"to":[9.0,4.81484,6.9347544],"rotation":{"angle":-22.5,"axis":"x","origin":[9.428572,5.714286,6.285714]},"faces":{"east":{"uv":[6.5,12.0,6.75,12.5],"rotation":0,"texture":"#0","tintindex":0},"south":{"uv":[11.5,0.75,12.5,1.25],"rotation":0,"texture":"#0","tintindex":0},"north":{"uv":[11.5,11.5,12.5,12.0],"rotation":0,"texture":"#0","tintindex":0},"west":{"uv":[11.5,12.0,11.75,12.5],"rotation":0,"texture":"#0","tintindex":0},"up":{"uv":[12.5,11.25,11.5,11.0],"rotation":0,"texture":"#0","tintindex":0},"down":{"uv":[12.5,11.25,11.5,11.5],"rotation":0,"texture":"#0","tintindex":0}}}],"display":{"head":{"translation":[0.0,-6.4,0.0],"scale":[4.0,4.0,4.0]}}}