{"textures":{"0":"modelengine:entity/poison_slime_cube"},"elements":[{"from":[2.5714283,7.142857,2.8571424],"to":[13.428572,8.857143,13.142858],"rotation":{"angle":0.0,"axis":"y","origin":[7.714286,7.142857,8.0]},"faces":{"east":{"uv":[11.5,9.75,16.0,10.5],"rotation":0,"texture":"#0","tintindex":0},"south":{"uv":[11.25,10.5,16.0,11.25],"rotation":0,"texture":"#0","tintindex":0},"north":{"uv":[11.25,9.0,16.0,9.75],"rotation":0,"texture":"#0","tintindex":0},"west":{"uv":[11.5,11.25,16.0,12.0],"rotation":0,"texture":"#0","tintindex":0},"up":{"uv":[11.25,1.0,16.0,5.5],"rotation":0,"texture":"#0","tintindex":0},"down":{"uv":[11.25,1.0,16.0,5.5],"rotation":0,"texture":"#0","tintindex":0}}}],"display":{"head":{"translation":[0.0,-6.4,0.0],"scale":[4.0,4.0,4.0]}}}