{"textures":{"0":"modelengine:entity/poison_slime_cube"},"elements":[{"from":[3.4285712,3.4285712,3.4285712],"to":[12.571428,12.571428,12.571428],"rotation":{"angle":0.0,"axis":"y","origin":[8.0,3.4285712,8.0]},"faces":{"east":{"uv":[0.0,4.0,4.0,8.0],"rotation":0,"texture":"#0","tintindex":0},"south":{"uv":[4.0,0.0,8.0,4.0],"rotation":0,"texture":"#0","tintindex":0},"north":{"uv":[0.0,0.0,4.0,4.0],"rotation":0,"texture":"#0","tintindex":0},"west":{"uv":[4.0,4.0,8.0,8.0],"rotation":0,"texture":"#0","tintindex":0},"up":{"uv":[4.0,12.0,0.0,8.0],"rotation":0,"texture":"#0","tintindex":0},"down":{"uv":[12.0,0.0,8.0,4.0],"rotation":0,"texture":"#0","tintindex":0}}},{"from":[5.142857,9.714286,2.8571424],"to":[9.714286,13.142858,6.857143],"rotation":{"angle":0.0,"axis":"y","origin":[8.0,8.0,8.0]},"faces":{"east":{"uv":[12.25,12.75,14.0,14.25],"rotation":0,"texture":"#0","tintindex":0},"south":{"uv":[14.0,12.75,16.0,14.25],"rotation":0,"texture":"#0","tintindex":0},"north":{"uv":[10.0,13.0,12.0,14.5],"rotation":0,"texture":"#0","tintindex":0},"west":{"uv":[10.25,14.5,12.0,16.0],"rotation":0,"texture":"#0","tintindex":0},"up":{"uv":[14.0,14.25,16.0,16.0],"rotation":0,"texture":"#0","tintindex":0},"down":{"uv":[12.0,14.25,14.0,16.0],"rotation":0,"texture":"#0","tintindex":0}}}],"display":{"head":{"translation":[0.0,-6.4,0.0],"scale":[4.0,4.0,4.0]}}}