{"textures":{"0":"modelengine:entity/poison_slime_cube"},"elements":[{"from":[8.152854,7.18888,7.3520145],"to":[9.295711,8.3317375,8.494872],"rotation":{"angle":0.0,"axis":"y","origin":[7.0099964,7.18888,7.9234433]},"faces":{"east":{"uv":[9.0,9.5,9.5,10.0],"rotation":0,"texture":"#0","tintindex":0},"south":{"uv":[9.5,9.5,10.0,10.0],"rotation":0,"texture":"#0","tintindex":0},"north":{"uv":[5.0,9.25,5.5,9.75],"rotation":0,"texture":"#0","tintindex":0},"west":{"uv":[5.0,9.75,5.5,10.25],"rotation":0,"texture":"#0","tintindex":0},"up":{"uv":[6.0,10.25,5.5,9.75],"rotation":0,"texture":"#0","tintindex":0},"down":{"uv":[6.5,9.75,6.0,10.25],"rotation":0,"texture":"#0","tintindex":0}}},{"from":[4.1528535,7.7603087,7.3520145],"to":[5.2957106,8.903166,8.494872],"rotation":{"angle":0.0,"axis":"y","origin":[7.0099964,7.18888,7.9234433]},"faces":{"east":{"uv":[9.75,7.25,10.25,7.75],"rotation":0,"texture":"#0","tintindex":0},"south":{"uv":[7.5,9.75,8.0,10.25],"rotation":0,"texture":"#0","tintindex":0},"north":{"uv":[7.0,9.75,7.5,10.25],"rotation":0,"texture":"#0","tintindex":0},"west":{"uv":[8.0,9.75,8.5,10.25],"rotation":0,"texture":"#0","tintindex":0},"up":{"uv":[9.0,10.25,8.5,9.75],"rotation":0,"texture":"#0","tintindex":0},"down":{"uv":[10.5,6.25,10.0,6.75],"rotation":0,"texture":"#0","tintindex":0}}},{"from":[5.2957106,7.474594,7.6377287],"to":[8.152854,8.046022,8.209157],"rotation":{"angle":0.0,"axis":"y","origin":[7.0099964,7.18888,7.9234433]},"faces":{"east":{"uv":[10.0,9.75,10.25,10.0],"rotation":0,"texture":"#0","tintindex":0},"south":{"uv":[9.5,5.25,10.75,5.5],"rotation":0,"texture":"#0","tintindex":0},"north":{"uv":[9.5,5.0,10.75,5.25],"rotation":0,"texture":"#0","tintindex":0},"west":{"uv":[4.0,10.25,4.25,10.5],"rotation":0,"texture":"#0","tintindex":0},"up":{"uv":[10.75,5.75,9.5,5.5],"rotation":0,"texture":"#0","tintindex":0},"down":{"uv":[10.75,5.75,9.5,6.0],"rotation":0,"texture":"#0","tintindex":0}}},{"from":[4.7242823,7.18888,7.3520145],"to":[5.2957106,7.7603087,8.494872],"rotation":{"angle":0.0,"axis":"y","origin":[7.0099964,7.18888,7.9234433]},"faces":{"east":{"uv":[10.0,7.0,10.5,7.25],"rotation":0,"texture":"#0","tintindex":0},"south":{"uv":[4.25,10.25,4.5,10.5],"rotation":0,"texture":"#0","tintindex":0},"north":{"uv":[10.25,4.0,10.5,4.25],"rotation":0,"texture":"#0","tintindex":0},"west":{"uv":[10.0,8.5,10.5,8.75],"rotation":0,"texture":"#0","tintindex":0},"up":{"uv":[10.25,9.25,10.0,8.75],"rotation":0,"texture":"#0","tintindex":0},"down":{"uv":[9.25,10.0,9.0,10.5],"rotation":0,"texture":"#0","tintindex":0}}}],"display":{"head":{"translation":[0.0,-6.4,0.0],"scale":[4.0,4.0,4.0]}}}