{"textures":{"0":"modelengine:entity/poison_slime_cube"},"elements":[{"from":[6.180368,7.93479,6.3406057],"to":[9.60894,10.220505,9.197748],"rotation":{"angle":0.0,"axis":"y","origin":[6.7517967,2.2205038,6.912034]},"faces":{"east":{"uv":[7.75,8.0,9.0,9.0],"rotation":0,"texture":"#0","tintindex":0},"south":{"uv":[5.5,8.0,7.0,9.0],"rotation":0,"texture":"#0","tintindex":0},"north":{"uv":[8.0,5.25,9.5,6.25],"rotation":0,"texture":"#0","tintindex":0},"west":{"uv":[8.75,6.25,10.0,7.25],"rotation":0,"texture":"#0","tintindex":0},"up":{"uv":[5.5,9.25,4.0,8.0],"rotation":0,"texture":"#0","tintindex":0},"down":{"uv":[9.5,4.0,8.0,5.25],"rotation":0,"texture":"#0","tintindex":0}}},{"from":[6.7517967,6.791933,6.3406057],"to":[9.037511,7.93479,8.054892],"rotation":{"angle":0.0,"axis":"y","origin":[7.894654,7.3633614,7.1977487]},"faces":{"east":{"uv":[9.5,4.0,10.25,4.5],"rotation":0,"texture":"#0","tintindex":0},"south":{"uv":[9.0,9.0,10.0,9.5],"rotation":0,"texture":"#0","tintindex":0},"north":{"uv":[9.0,8.5,10.0,9.0],"rotation":0,"texture":"#0","tintindex":0},"west":{"uv":[9.5,4.5,10.25,5.0],"rotation":0,"texture":"#0","tintindex":0},"up":{"uv":[9.75,8.0,8.75,7.25],"rotation":0,"texture":"#0","tintindex":0},"down":{"uv":[6.5,9.0,5.5,9.75],"rotation":0,"texture":"#0","tintindex":0}}}],"display":{"head":{"translation":[0.0,-6.4,0.0],"scale":[4.0,4.0,4.0]}}}