{"textures":{"0":"modelengine:entity/dungeon_saw"},"elements":[{"from":[8.0,7.428571,6.5714283],"to":[26.285715,8.571428,9.428572],"rotation":{"angle":0.0,"axis":"y","origin":[8.0,8.0,8.0]},"faces":{"east":{"uv":[7.25,4.0,6.0,4.5],"rotation":0,"texture":"#0","tintindex":0},"south":{"uv":[14.0,3.0,6.0,3.5],"rotation":0,"texture":"#0","tintindex":0},"north":{"uv":[14.0,2.5,6.0,3.0],"rotation":0,"texture":"#0","tintindex":0},"west":{"uv":[7.25,3.5,6.0,4.0],"rotation":0,"texture":"#0","tintindex":0},"up":{"uv":[6.0,1.25,14.0,0.0],"rotation":0,"texture":"#0","tintindex":0},"down":{"uv":[6.0,1.25,14.0,2.5],"rotation":0,"texture":"#0","tintindex":0}}},{"from":[-10.285715,7.428571,6.5714283],"to":[8.0,8.571428,9.428572],"rotation":{"angle":0.0,"axis":"y","origin":[8.0,8.0,8.0]},"faces":{"east":{"uv":[6.0,3.5,7.25,4.0],"rotation":0,"texture":"#0","tintindex":0},"south":{"uv":[6.0,3.0,14.0,3.5],"rotation":0,"texture":"#0","tintindex":0},"north":{"uv":[6.0,2.5,14.0,3.0],"rotation":0,"texture":"#0","tintindex":0},"west":{"uv":[6.0,4.0,7.25,4.5],"rotation":0,"texture":"#0","tintindex":0},"up":{"uv":[14.0,1.25,6.0,0.0],"rotation":0,"texture":"#0","tintindex":0},"down":{"uv":[14.0,1.25,6.0,2.5],"rotation":0,"texture":"#0","tintindex":0}}}],"display":{"head":{"translation":[0.0,-6.4,0.0],"scale":[4.0,4.0,4.0]}}}