{"textures":{"0":"modelengine:entity/dungeon_saw"},"elements":[{"from":[14.351345,5.926346,7.793257],"to":[14.764831,6.7533174,8.206743],"rotation":{"angle":0.0,"axis":"y","origin":[27.58289,0.9645171,8.206743]},"faces":{"east":{"uv":[3.5,7.75,3.0,8.0],"rotation":90,"texture":"#0","tintindex":0},"south":{"uv":[3.0,8.0,3.5,7.75],"rotation":270,"texture":"#0","tintindex":0},"north":{"uv":[3.0,7.75,3.5,8.0],"rotation":270,"texture":"#0","tintindex":0},"west":{"uv":[3.0,7.75,3.5,8.0],"rotation":270,"texture":"#0","tintindex":0},"up":{"uv":[3.25,7.75,3.5,8.0],"rotation":90,"texture":"#0","tintindex":0},"down":{"uv":[3.0,7.75,3.25,8.0],"rotation":90,"texture":"#0","tintindex":0}}},{"from":[2.3602586,7.993775,7.793257],"to":[14.764831,8.820746,8.206743],"rotation":{"angle":0.0,"axis":"y","origin":[27.58289,0.9645171,8.206743]},"faces":{"east":{"uv":[4.75,7.75,4.25,8.0],"rotation":90,"texture":"#0","tintindex":0},"south":{"uv":[4.25,15.25,4.75,7.75],"rotation":270,"texture":"#0","tintindex":0},"north":{"uv":[4.25,7.75,4.75,15.25],"rotation":270,"texture":"#0","tintindex":0},"west":{"uv":[4.25,15.0,4.75,15.25],"rotation":270,"texture":"#0","tintindex":0},"up":{"uv":[4.5,7.75,4.75,15.25],"rotation":90,"texture":"#0","tintindex":0},"down":{"uv":[4.25,7.75,4.5,15.25],"rotation":90,"texture":"#0","tintindex":0}}},{"from":[14.351345,8.820746,7.793257],"to":[14.764831,9.234232,8.206743],"rotation":{"angle":0.0,"axis":"y","origin":[27.58289,0.9645171,8.206743]},"faces":{"east":{"uv":[5.0,7.75,4.75,8.0],"rotation":90,"texture":"#0","tintindex":0},"south":{"uv":[4.75,8.0,5.0,7.75],"rotation":270,"texture":"#0","tintindex":0},"north":{"uv":[4.75,7.75,5.0,8.0],"rotation":270,"texture":"#0","tintindex":0},"west":{"uv":[4.75,7.75,5.0,8.0],"rotation":270,"texture":"#0","tintindex":0},"up":{"uv":[4.75,7.75,5.0,8.0],"rotation":90,"texture":"#0","tintindex":0},"down":{"uv":[4.75,7.75,5.0,8.0],"rotation":90,"texture":"#0","tintindex":0}}},{"from":[2.3602586,5.5128603,7.793257],"to":[14.351345,6.339832,8.206743],"rotation":{"angle":0.0,"axis":"y","origin":[27.58289,0.9645171,8.206743]},"faces":{"east":{"uv":[3.25,8.0,2.75,8.25],"rotation":90,"texture":"#0","tintindex":0},"south":{"uv":[2.75,15.25,3.25,8.0],"rotation":270,"texture":"#0","tintindex":0},"north":{"uv":[2.75,8.0,3.25,15.25],"rotation":270,"texture":"#0","tintindex":0},"west":{"uv":[2.75,15.0,3.25,15.25],"rotation":270,"texture":"#0","tintindex":0},"up":{"uv":[3.0,8.0,3.25,15.25],"rotation":90,"texture":"#0","tintindex":0},"down":{"uv":[2.75,8.0,3.0,15.25],"rotation":90,"texture":"#0","tintindex":0}}},{"from":[1.5332875,7.580289,7.793257],"to":[14.351345,7.993775,8.206743],"rotation":{"angle":0.0,"axis":"y","origin":[27.58289,0.9645171,8.206743]},"faces":{"east":{"uv":[4.25,8.0,4.0,8.25],"rotation":90,"texture":"#0","tintindex":0},"south":{"uv":[4.0,15.75,4.25,8.0],"rotation":270,"texture":"#0","tintindex":0},"north":{"uv":[4.0,8.0,4.25,15.75],"rotation":270,"texture":"#0","tintindex":0},"west":{"uv":[4.0,15.5,4.25,15.75],"rotation":270,"texture":"#0","tintindex":0},"up":{"uv":[4.0,8.0,4.25,15.75],"rotation":90,"texture":"#0","tintindex":0},"down":{"uv":[4.0,8.0,4.25,15.75],"rotation":90,"texture":"#0","tintindex":0}}},{"from":[13.524374,10.061203,7.793257],"to":[14.351345,11.301661,8.206743],"rotation":{"angle":0.0,"axis":"y","origin":[27.58289,0.9645171,8.206743]},"faces":{"east":{"uv":[6.25,8.0,5.5,8.25],"rotation":90,"texture":"#0","tintindex":0},"south":{"uv":[5.5,8.5,6.25,8.0],"rotation":270,"texture":"#0","tintindex":0},"north":{"uv":[5.5,8.0,6.25,8.5],"rotation":270,"texture":"#0","tintindex":0},"west":{"uv":[5.5,8.25,6.25,8.5],"rotation":270,"texture":"#0","tintindex":0},"up":{"uv":[6.0,8.0,6.25,8.5],"rotation":90,"texture":"#0","tintindex":0},"down":{"uv":[5.5,8.0,5.75,8.5],"rotation":90,"texture":"#0","tintindex":0}}},{"from":[13.937859,11.301661,7.793257],"to":[14.351345,11.715146,8.206743],"rotation":{"angle":0.0,"axis":"y","origin":[27.58289,0.9645171,8.206743]},"faces":{"east":{"uv":[6.5,8.0,6.25,8.25],"rotation":90,"texture":"#0","tintindex":0},"south":{"uv":[6.25,8.25,6.5,8.0],"rotation":270,"texture":"#0","tintindex":0},"north":{"uv":[6.25,8.0,6.5,8.25],"rotation":270,"texture":"#0","tintindex":0},"west":{"uv":[6.25,8.0,6.5,8.25],"rotation":270,"texture":"#0","tintindex":0},"up":{"uv":[6.25,8.0,6.5,8.25],"rotation":90,"texture":"#0","tintindex":0},"down":{"uv":[6.25,8.0,6.5,8.25],"rotation":90,"texture":"#0","tintindex":0}}},{"from":[1.5332875,5.099375,7.793257],"to":[13.937859,5.5128603,8.206743],"rotation":{"angle":0.0,"axis":"y","origin":[27.58289,0.9645171,8.206743]},"faces":{"east":{"uv":[2.75,8.25,2.5,8.5],"rotation":90,"texture":"#0","tintindex":0},"south":{"uv":[2.5,15.75,2.75,8.25],"rotation":270,"texture":"#0","tintindex":0},"north":{"uv":[2.5,8.25,2.75,15.75],"rotation":270,"texture":"#0","tintindex":0},"west":{"uv":[2.5,15.5,2.75,15.75],"rotation":270,"texture":"#0","tintindex":0},"up":{"uv":[2.5,8.25,2.75,15.75],"rotation":90,"texture":"#0","tintindex":0},"down":{"uv":[2.5,8.25,2.75,15.75],"rotation":90,"texture":"#0","tintindex":0}}},{"from":[1.1198015,7.1668034,7.793257],"to":[13.937859,7.580289,8.206743],"rotation":{"angle":0.0,"axis":"y","origin":[27.58289,0.9645171,8.206743]},"faces":{"east":{"uv":[4.0,8.25,3.75,8.5],"rotation":90,"texture":"#0","tintindex":0},"south":{"uv":[3.75,16.0,4.0,8.25],"rotation":270,"texture":"#0","tintindex":0},"north":{"uv":[3.75,8.25,4.0,16.0],"rotation":270,"texture":"#0","tintindex":0},"west":{"uv":[3.75,15.75,4.0,16.0],"rotation":270,"texture":"#0","tintindex":0},"up":{"uv":[3.75,8.25,4.0,16.0],"rotation":90,"texture":"#0","tintindex":0},"down":{"uv":[3.75,8.25,4.0,16.0],"rotation":90,"texture":"#0","tintindex":0}}},{"from":[1.5332875,9.647717,7.793257],"to":[13.937859,10.061203,8.206743],"rotation":{"angle":0.0,"axis":"y","origin":[27.58289,0.9645171,8.206743]},"faces":{"east":{"uv":[5.5,8.25,5.25,8.5],"rotation":90,"texture":"#0","tintindex":0},"south":{"uv":[5.25,15.75,5.5,8.25],"rotation":270,"texture":"#0","tintindex":0},"north":{"uv":[5.25,8.25,5.5,15.75],"rotation":270,"texture":"#0","tintindex":0},"west":{"uv":[5.25,15.5,5.5,15.75],"rotation":270,"texture":"#0","tintindex":0},"up":{"uv":[5.25,8.25,5.5,15.75],"rotation":90,"texture":"#0","tintindex":0},"down":{"uv":[5.25,8.25,5.5,15.75],"rotation":90,"texture":"#0","tintindex":0}}},{"from":[13.110888,3.4454317,7.793257],"to":[13.524374,4.272403,8.206743],"rotation":{"angle":0.0,"axis":"y","origin":[27.58289,0.9645171,8.206743]},"faces":{"east":{"uv":[2.0,8.5,1.5,8.75],"rotation":90,"texture":"#0","tintindex":0},"south":{"uv":[1.5,8.75,2.0,8.5],"rotation":270,"texture":"#0","tintindex":0},"north":{"uv":[1.5,8.5,2.0,8.75],"rotation":270,"texture":"#0","tintindex":0},"west":{"uv":[1.5,8.5,2.0,8.75],"rotation":270,"texture":"#0","tintindex":0},"up":{"uv":[1.75,8.5,2.0,8.75],"rotation":90,"texture":"#0","tintindex":0},"down":{"uv":[1.5,8.5,1.75,8.75],"rotation":90,"texture":"#0","tintindex":0}}},{"from":[2.3602586,6.339832,7.793257],"to":[13.524374,7.1668034,8.206743],"rotation":{"angle":0.0,"axis":"y","origin":[27.58289,0.9645171,8.206743]},"faces":{"east":{"uv":[3.75,8.5,3.25,8.75],"rotation":90,"texture":"#0","tintindex":0},"south":{"uv":[3.25,15.25,3.75,8.5],"rotation":270,"texture":"#0","tintindex":0},"north":{"uv":[3.25,8.5,3.75,15.25],"rotation":270,"texture":"#0","tintindex":0},"west":{"uv":[3.25,15.0,3.75,15.25],"rotation":270,"texture":"#0","tintindex":0},"up":{"uv":[3.5,8.5,3.75,15.25],"rotation":90,"texture":"#0","tintindex":0},"down":{"uv":[3.25,8.5,3.5,15.25],"rotation":90,"texture":"#0","tintindex":0}}},{"from":[2.3602586,8.820746,7.793257],"to":[13.524374,9.647717,8.206743],"rotation":{"angle":0.0,"axis":"y","origin":[27.58289,0.9645171,8.206743]},"faces":{"east":{"uv":[5.25,8.5,4.75,8.75],"rotation":90,"texture":"#0","tintindex":0},"south":{"uv":[4.75,15.25,5.25,8.5],"rotation":270,"texture":"#0","tintindex":0},"north":{"uv":[4.75,8.5,5.25,15.25],"rotation":270,"texture":"#0","tintindex":0},"west":{"uv":[4.75,15.0,5.25,15.25],"rotation":270,"texture":"#0","tintindex":0},"up":{"uv":[5.0,8.5,5.25,15.25],"rotation":90,"texture":"#0","tintindex":0},"down":{"uv":[4.75,8.5,5.0,15.25],"rotation":90,"texture":"#0","tintindex":0}}},{"from":[2.773744,10.061203,7.793257],"to":[13.524374,10.888175,8.206743],"rotation":{"angle":0.0,"axis":"y","origin":[27.58289,0.9645171,8.206743]},"faces":{"east":{"uv":[6.0,8.5,5.5,8.75],"rotation":90,"texture":"#0","tintindex":0},"south":{"uv":[5.5,15.0,6.0,8.5],"rotation":270,"texture":"#0","tintindex":0},"north":{"uv":[5.5,8.5,6.0,15.0],"rotation":270,"texture":"#0","tintindex":0},"west":{"uv":[5.5,14.75,6.0,15.0],"rotation":270,"texture":"#0","tintindex":0},"up":{"uv":[5.75,8.5,6.0,15.0],"rotation":90,"texture":"#0","tintindex":0},"down":{"uv":[5.5,8.5,5.75,15.0],"rotation":90,"texture":"#0","tintindex":0}}},{"from":[11.456944,3.0319457,7.793257],"to":[13.110888,3.8589172,8.206743],"rotation":{"angle":0.0,"axis":"y","origin":[27.58289,0.9645171,8.206743]},"faces":{"east":{"uv":[1.75,8.75,1.25,9.0],"rotation":90,"texture":"#0","tintindex":0},"south":{"uv":[1.25,9.75,1.75,8.75],"rotation":270,"texture":"#0","tintindex":0},"north":{"uv":[1.25,8.75,1.75,9.75],"rotation":270,"texture":"#0","tintindex":0},"west":{"uv":[1.25,9.5,1.75,9.75],"rotation":270,"texture":"#0","tintindex":0},"up":{"uv":[1.5,8.75,1.75,9.75],"rotation":90,"texture":"#0","tintindex":0},"down":{"uv":[1.25,8.75,1.5,9.75],"rotation":90,"texture":"#0","tintindex":0}}},{"from":[1.5332875,4.685889,7.793257],"to":[13.110888,5.099375,8.206743],"rotation":{"angle":0.0,"axis":"y","origin":[27.58289,0.9645171,8.206743]},"faces":{"east":{"uv":[2.5,8.75,2.25,9.0],"rotation":90,"texture":"#0","tintindex":0},"south":{"uv":[2.25,15.75,2.5,8.75],"rotation":270,"texture":"#0","tintindex":0},"north":{"uv":[2.25,8.75,2.5,15.75],"rotation":270,"texture":"#0","tintindex":0},"west":{"uv":[2.25,15.5,2.5,15.75],"rotation":270,"texture":"#0","tintindex":0},"up":{"uv":[2.25,8.75,2.5,15.75],"rotation":90,"texture":"#0","tintindex":0},"down":{"uv":[2.25,8.75,2.5,15.75],"rotation":90,"texture":"#0","tintindex":0}}},{"from":[11.87043,11.715146,7.793257],"to":[13.110888,12.542118,8.206743],"rotation":{"angle":0.0,"axis":"y","origin":[27.58289,0.9645171,8.206743]},"faces":{"east":{"uv":[7.0,8.75,6.5,9.0],"rotation":90,"texture":"#0","tintindex":0},"south":{"uv":[6.5,9.5,7.0,8.75],"rotation":270,"texture":"#0","tintindex":0},"north":{"uv":[6.5,8.75,7.0,9.5],"rotation":270,"texture":"#0","tintindex":0},"west":{"uv":[6.5,9.25,7.0,9.5],"rotation":270,"texture":"#0","tintindex":0},"up":{"uv":[6.75,8.75,7.0,9.5],"rotation":90,"texture":"#0","tintindex":0},"down":{"uv":[6.5,8.75,6.75,9.5],"rotation":90,"texture":"#0","tintindex":0}}},{"from":[3.6007156,10.888175,7.793257],"to":[12.697402,11.715146,8.206743],"rotation":{"angle":0.0,"axis":"y","origin":[27.58289,0.9645171,8.206743]},"faces":{"east":{"uv":[6.5,9.0,6.0,9.25],"rotation":90,"texture":"#0","tintindex":0},"south":{"uv":[6.0,14.5,6.5,9.0],"rotation":270,"texture":"#0","tintindex":0},"north":{"uv":[6.0,9.0,6.5,14.5],"rotation":270,"texture":"#0","tintindex":0},"west":{"uv":[6.0,14.25,6.5,14.5],"rotation":270,"texture":"#0","tintindex":0},"up":{"uv":[6.25,9.0,6.5,14.5],"rotation":90,"texture":"#0","tintindex":0},"down":{"uv":[6.0,9.0,6.25,14.5],"rotation":90,"texture":"#0","tintindex":0}}},{"from":[11.87043,12.542118,7.793257],"to":[12.697402,12.955604,8.206743],"rotation":{"angle":0.0,"axis":"y","origin":[27.58289,0.9645171,8.206743]},"faces":{"east":{"uv":[7.25,9.0,7.0,9.25],"rotation":90,"texture":"#0","tintindex":0},"south":{"uv":[7.0,9.5,7.25,9.0],"rotation":270,"texture":"#0","tintindex":0},"north":{"uv":[7.0,9.0,7.25,9.5],"rotation":270,"texture":"#0","tintindex":0},"west":{"uv":[7.0,9.25,7.25,9.5],"rotation":270,"texture":"#0","tintindex":0},"up":{"uv":[7.0,9.0,7.25,9.5],"rotation":90,"texture":"#0","tintindex":0},"down":{"uv":[7.0,9.0,7.25,9.5],"rotation":90,"texture":"#0","tintindex":0}}},{"from":[3.18723,3.8589172,7.793257],"to":[12.283916,4.685889,8.206743],"rotation":{"angle":0.0,"axis":"y","origin":[27.58289,0.9645171,8.206743]},"faces":{"east":{"uv":[2.25,9.25,1.75,9.5],"rotation":90,"texture":"#0","tintindex":0},"south":{"uv":[1.75,14.75,2.25,9.25],"rotation":270,"texture":"#0","tintindex":0},"north":{"uv":[1.75,9.25,2.25,14.75],"rotation":270,"texture":"#0","tintindex":0},"west":{"uv":[1.75,14.5,2.25,14.75],"rotation":270,"texture":"#0","tintindex":0},"up":{"uv":[2.0,9.25,2.25,14.75],"rotation":90,"texture":"#0","tintindex":0},"down":{"uv":[1.75,9.25,2.0,14.75],"rotation":90,"texture":"#0","tintindex":0}}},{"from":[11.456944,12.955604,7.793257],"to":[12.283916,13.369089,8.206743],"rotation":{"angle":0.0,"axis":"y","origin":[27.58289,0.9645171,8.206743]},"faces":{"east":{"uv":[7.5,9.25,7.25,9.5],"rotation":90,"texture":"#0","tintindex":0},"south":{"uv":[7.25,9.75,7.5,9.25],"rotation":270,"texture":"#0","tintindex":0},"north":{"uv":[7.25,9.25,7.5,9.75],"rotation":270,"texture":"#0","tintindex":0},"west":{"uv":[7.25,9.5,7.5,9.75],"rotation":270,"texture":"#0","tintindex":0},"up":{"uv":[7.25,9.25,7.5,9.75],"rotation":90,"texture":"#0","tintindex":0},"down":{"uv":[7.25,9.25,7.5,9.75],"rotation":90,"texture":"#0","tintindex":0}}},{"from":[2.3602586,11.715146,7.793257],"to":[11.87043,12.128632,8.206743],"rotation":{"angle":0.0,"axis":"y","origin":[27.58289,0.9645171,8.206743]},"faces":{"east":{"uv":[6.75,9.5,6.5,9.75],"rotation":90,"texture":"#0","tintindex":0},"south":{"uv":[6.5,15.25,6.75,9.5],"rotation":270,"texture":"#0","tintindex":0},"north":{"uv":[6.5,9.5,6.75,15.25],"rotation":270,"texture":"#0","tintindex":0},"west":{"uv":[6.5,15.0,6.75,15.25],"rotation":270,"texture":"#0","tintindex":0},"up":{"uv":[6.5,9.5,6.75,15.25],"rotation":90,"texture":"#0","tintindex":0},"down":{"uv":[6.5,9.5,6.75,15.25],"rotation":90,"texture":"#0","tintindex":0}}},{"from":[9.803001,1.7914891,7.793257],"to":[11.456944,2.2049742,8.206743],"rotation":{"angle":0.0,"axis":"y","origin":[27.58289,0.9645171,8.206743]},"faces":{"east":{"uv":[0.75,9.75,0.5,10.0],"rotation":90,"texture":"#0","tintindex":0},"south":{"uv":[0.5,10.75,0.75,9.75],"rotation":270,"texture":"#0","tintindex":0},"north":{"uv":[0.5,9.75,0.75,10.75],"rotation":270,"texture":"#0","tintindex":0},"west":{"uv":[0.5,10.5,0.75,10.75],"rotation":270,"texture":"#0","tintindex":0},"up":{"uv":[0.5,9.75,0.75,10.75],"rotation":90,"texture":"#0","tintindex":0},"down":{"uv":[0.5,9.75,0.75,10.75],"rotation":90,"texture":"#0","tintindex":0}}},{"from":[2.773744,3.4454317,7.793257],"to":[11.456944,3.8589172,8.206743],"rotation":{"angle":0.0,"axis":"y","origin":[27.58289,0.9645171,8.206743]},"faces":{"east":{"uv":[1.75,9.75,1.5,10.0],"rotation":90,"texture":"#0","tintindex":0},"south":{"uv":[1.5,15.0,1.75,9.75],"rotation":270,"texture":"#0","tintindex":0},"north":{"uv":[1.5,9.75,1.75,15.0],"rotation":270,"texture":"#0","tintindex":0},"west":{"uv":[1.5,14.75,1.75,15.0],"rotation":270,"texture":"#0","tintindex":0},"up":{"uv":[1.5,9.75,1.75,15.0],"rotation":90,"texture":"#0","tintindex":0},"down":{"uv":[1.5,9.75,1.75,15.0],"rotation":90,"texture":"#0","tintindex":0}}},{"from":[5.2546587,2.2049742,7.793257],"to":[11.043459,2.6184602,8.206743],"rotation":{"angle":0.0,"axis":"y","origin":[27.58289,0.9645171,8.206743]},"faces":{"east":{"uv":[1.0,10.0,0.75,10.25],"rotation":90,"texture":"#0","tintindex":0},"south":{"uv":[0.75,13.5,1.0,10.0],"rotation":270,"texture":"#0","tintindex":0},"north":{"uv":[0.75,10.0,1.0,13.5],"rotation":270,"texture":"#0","tintindex":0},"west":{"uv":[0.75,13.25,1.0,13.5],"rotation":270,"texture":"#0","tintindex":0},"up":{"uv":[0.75,10.0,1.0,13.5],"rotation":90,"texture":"#0","tintindex":0},"down":{"uv":[0.75,10.0,1.0,13.5],"rotation":90,"texture":"#0","tintindex":0}}},{"from":[5.2546587,12.128632,7.793257],"to":[11.043459,12.955604,8.206743],"rotation":{"angle":0.0,"axis":"y","origin":[27.58289,0.9645171,8.206743]},"faces":{"east":{"uv":[7.25,10.0,6.75,10.25],"rotation":90,"texture":"#0","tintindex":0},"south":{"uv":[6.75,13.5,7.25,10.0],"rotation":270,"texture":"#0","tintindex":0},"north":{"uv":[6.75,10.0,7.25,13.5],"rotation":270,"texture":"#0","tintindex":0},"west":{"uv":[6.75,13.25,7.25,13.5],"rotation":270,"texture":"#0","tintindex":0},"up":{"uv":[7.0,10.0,7.25,13.5],"rotation":90,"texture":"#0","tintindex":0},"down":{"uv":[6.75,10.0,7.0,13.5],"rotation":90,"texture":"#0","tintindex":0}}},{"from":[4.841173,2.6184602,7.793257],"to":[10.629973,3.4454317,8.206743],"rotation":{"angle":0.0,"axis":"y","origin":[27.58289,0.9645171,8.206743]},"faces":{"east":{"uv":[1.5,10.25,1.0,10.5],"rotation":90,"texture":"#0","tintindex":0},"south":{"uv":[1.0,13.75,1.5,10.25],"rotation":270,"texture":"#0","tintindex":0},"north":{"uv":[1.0,10.25,1.5,13.75],"rotation":270,"texture":"#0","tintindex":0},"west":{"uv":[1.0,13.5,1.5,13.75],"rotation":270,"texture":"#0","tintindex":0},"up":{"uv":[1.25,10.25,1.5,13.75],"rotation":90,"texture":"#0","tintindex":0},"down":{"uv":[1.0,10.25,1.25,13.75],"rotation":90,"texture":"#0","tintindex":0}}},{"from":[9.389516,12.955604,7.793257],"to":[10.629973,14.19606,8.206743],"rotation":{"angle":0.0,"axis":"y","origin":[27.58289,0.9645171,8.206743]},"faces":{"east":{"uv":[8.0,10.25,7.25,10.5],"rotation":90,"texture":"#0","tintindex":0},"south":{"uv":[7.25,11.0,8.0,10.25],"rotation":270,"texture":"#0","tintindex":0},"north":{"uv":[7.25,10.25,8.0,11.0],"rotation":270,"texture":"#0","tintindex":0},"west":{"uv":[7.25,10.75,8.0,11.0],"rotation":270,"texture":"#0","tintindex":0},"up":{"uv":[7.75,10.25,8.0,11.0],"rotation":90,"texture":"#0","tintindex":0},"down":{"uv":[7.25,10.25,7.5,11.0],"rotation":90,"texture":"#0","tintindex":0}}},{"from":[8.97603,14.19606,7.793257],"to":[9.803001,14.609547,8.206743],"rotation":{"angle":0.0,"axis":"y","origin":[27.58289,0.9645171,8.206743]},"faces":{"east":{"uv":[8.25,10.75,8.0,11.0],"rotation":90,"texture":"#0","tintindex":0},"south":{"uv":[8.0,11.25,8.25,10.75],"rotation":270,"texture":"#0","tintindex":0},"north":{"uv":[8.0,10.75,8.25,11.25],"rotation":270,"texture":"#0","tintindex":0},"west":{"uv":[8.0,11.0,8.25,11.25],"rotation":270,"texture":"#0","tintindex":0},"up":{"uv":[8.0,10.75,8.25,11.25],"rotation":90,"texture":"#0","tintindex":0},"down":{"uv":[8.0,10.75,8.25,11.25],"rotation":90,"texture":"#0","tintindex":0}}},{"from":[8.149058,0.9645171,7.793257],"to":[9.389516,1.3780031,8.206743],"rotation":{"angle":0.0,"axis":"y","origin":[27.58289,0.9645171,8.206743]},"faces":{"east":{"uv":[0.25,11.0,0.0,11.25],"rotation":90,"texture":"#0","tintindex":0},"south":{"uv":[0.0,11.75,0.25,11.0],"rotation":270,"texture":"#0","tintindex":0},"north":{"uv":[0.0,11.0,0.25,11.75],"rotation":270,"texture":"#0","tintindex":0},"west":{"uv":[0.0,11.5,0.25,11.75],"rotation":270,"texture":"#0","tintindex":0},"up":{"uv":[0.0,11.0,0.25,11.75],"rotation":90,"texture":"#0","tintindex":0},"down":{"uv":[0.0,11.0,0.25,11.75],"rotation":90,"texture":"#0","tintindex":0}}},{"from":[4.841173,12.955604,7.793257],"to":[9.389516,13.369089,8.206743],"rotation":{"angle":0.0,"axis":"y","origin":[27.58289,0.9645171,8.206743]},"faces":{"east":{"uv":[7.5,11.0,7.25,11.25],"rotation":90,"texture":"#0","tintindex":0},"south":{"uv":[7.25,13.75,7.5,11.0],"rotation":270,"texture":"#0","tintindex":0},"north":{"uv":[7.25,11.0,7.5,13.75],"rotation":270,"texture":"#0","tintindex":0},"west":{"uv":[7.25,13.5,7.5,13.75],"rotation":270,"texture":"#0","tintindex":0},"up":{"uv":[7.25,11.0,7.5,13.75],"rotation":90,"texture":"#0","tintindex":0},"down":{"uv":[7.25,11.0,7.5,13.75],"rotation":90,"texture":"#0","tintindex":0}}},{"from":[7.735573,1.3780031,7.793257],"to":[8.97603,2.2049742,8.206743],"rotation":{"angle":0.0,"axis":"y","origin":[27.58289,0.9645171,8.206743]},"faces":{"east":{"uv":[0.75,11.25,0.25,11.5],"rotation":90,"texture":"#0","tintindex":0},"south":{"uv":[0.25,12.0,0.75,11.25],"rotation":270,"texture":"#0","tintindex":0},"north":{"uv":[0.25,11.25,0.75,12.0],"rotation":270,"texture":"#0","tintindex":0},"west":{"uv":[0.25,11.75,0.75,12.0],"rotation":270,"texture":"#0","tintindex":0},"up":{"uv":[0.5,11.25,0.75,12.0],"rotation":90,"texture":"#0","tintindex":0},"down":{"uv":[0.25,11.25,0.5,12.0],"rotation":90,"texture":"#0","tintindex":0}}},{"from":[6.9086018,13.369089,7.793257],"to":[8.562545,13.782576,8.206743],"rotation":{"angle":0.0,"axis":"y","origin":[27.58289,0.9645171,8.206743]},"faces":{"east":{"uv":[7.75,11.5,7.5,11.75],"rotation":90,"texture":"#0","tintindex":0},"south":{"uv":[7.5,12.5,7.75,11.5],"rotation":270,"texture":"#0","tintindex":0},"north":{"uv":[7.5,11.5,7.75,12.5],"rotation":270,"texture":"#0","tintindex":0},"west":{"uv":[7.5,12.25,7.75,12.5],"rotation":270,"texture":"#0","tintindex":0},"up":{"uv":[7.5,11.5,7.75,12.5],"rotation":90,"texture":"#0","tintindex":0},"down":{"uv":[7.5,11.5,7.75,12.5],"rotation":90,"texture":"#0","tintindex":0}}},{"from":[6.9086018,13.782576,7.793257],"to":[8.149058,14.19606,8.206743],"rotation":{"angle":0.0,"axis":"y","origin":[27.58289,0.9645171,8.206743]},"faces":{"east":{"uv":[8.0,11.75,7.75,12.0],"rotation":90,"texture":"#0","tintindex":0},"south":{"uv":[7.75,12.5,8.0,11.75],"rotation":270,"texture":"#0","tintindex":0},"north":{"uv":[7.75,11.75,8.0,12.5],"rotation":270,"texture":"#0","tintindex":0},"west":{"uv":[7.75,12.25,8.0,12.5],"rotation":270,"texture":"#0","tintindex":0},"up":{"uv":[7.75,11.75,8.0,12.5],"rotation":90,"texture":"#0","tintindex":0},"down":{"uv":[7.75,11.75,8.0,12.5],"rotation":90,"texture":"#0","tintindex":0}}},{"from":[7.3220873,1.7914891,7.793257],"to":[7.735573,2.2049742,8.206743],"rotation":{"angle":0.0,"axis":"y","origin":[27.58289,0.9645171,8.206743]},"faces":{"east":{"uv":[0.75,12.0,0.5,12.25],"rotation":90,"texture":"#0","tintindex":0},"south":{"uv":[0.5,12.25,0.75,12.0],"rotation":270,"texture":"#0","tintindex":0},"north":{"uv":[0.5,12.0,0.75,12.25],"rotation":270,"texture":"#0","tintindex":0},"west":{"uv":[0.5,12.0,0.75,12.25],"rotation":270,"texture":"#0","tintindex":0},"up":{"uv":[0.5,12.0,0.75,12.25],"rotation":90,"texture":"#0","tintindex":0},"down":{"uv":[0.5,12.0,0.75,12.25],"rotation":90,"texture":"#0","tintindex":0}}},{"from":[6.4951158,14.19606,7.793257],"to":[7.735573,14.609547,8.206743],"rotation":{"angle":0.0,"axis":"y","origin":[27.58289,0.9645171,8.206743]},"faces":{"east":{"uv":[8.25,12.0,8.0,12.25],"rotation":90,"texture":"#0","tintindex":0},"south":{"uv":[8.0,12.75,8.25,12.0],"rotation":270,"texture":"#0","tintindex":0},"north":{"uv":[8.0,12.0,8.25,12.75],"rotation":270,"texture":"#0","tintindex":0},"west":{"uv":[8.0,12.5,8.25,12.75],"rotation":270,"texture":"#0","tintindex":0},"up":{"uv":[8.0,12.0,8.25,12.75],"rotation":90,"texture":"#0","tintindex":0},"down":{"uv":[8.0,12.0,8.25,12.75],"rotation":90,"texture":"#0","tintindex":0}}},{"from":[6.08163,0.9645171,7.793257],"to":[6.9086018,1.3780031,8.206743],"rotation":{"angle":0.0,"axis":"y","origin":[27.58289,0.9645171,8.206743]},"faces":{"east":{"uv":[0.25,12.5,0.0,12.75],"rotation":90,"texture":"#0","tintindex":0},"south":{"uv":[0.0,13.0,0.25,12.5],"rotation":270,"texture":"#0","tintindex":0},"north":{"uv":[0.0,12.5,0.25,13.0],"rotation":270,"texture":"#0","tintindex":0},"west":{"uv":[0.0,12.75,0.25,13.0],"rotation":270,"texture":"#0","tintindex":0},"up":{"uv":[0.0,12.5,0.25,13.0],"rotation":90,"texture":"#0","tintindex":0},"down":{"uv":[0.0,12.5,0.25,13.0],"rotation":90,"texture":"#0","tintindex":0}}},{"from":[5.2546587,1.3780031,7.793257],"to":[6.4951158,2.2049742,8.206743],"rotation":{"angle":0.0,"axis":"y","origin":[27.58289,0.9645171,8.206743]},"faces":{"east":{"uv":[0.75,12.75,0.25,13.0],"rotation":90,"texture":"#0","tintindex":0},"south":{"uv":[0.25,13.5,0.75,12.75],"rotation":270,"texture":"#0","tintindex":0},"north":{"uv":[0.25,12.75,0.75,13.5],"rotation":270,"texture":"#0","tintindex":0},"west":{"uv":[0.25,13.25,0.75,13.5],"rotation":270,"texture":"#0","tintindex":0},"up":{"uv":[0.5,12.75,0.75,13.5],"rotation":90,"texture":"#0","tintindex":0},"down":{"uv":[0.25,12.75,0.5,13.5],"rotation":90,"texture":"#0","tintindex":0}}},{"from":[4.427687,13.369089,7.793257],"to":[6.08163,13.782576,8.206743],"rotation":{"angle":0.0,"axis":"y","origin":[27.58289,0.9645171,8.206743]},"faces":{"east":{"uv":[7.75,13.0,7.5,13.25],"rotation":90,"texture":"#0","tintindex":0},"south":{"uv":[7.5,14.0,7.75,13.0],"rotation":270,"texture":"#0","tintindex":0},"north":{"uv":[7.5,13.0,7.75,14.0],"rotation":270,"texture":"#0","tintindex":0},"west":{"uv":[7.5,13.75,7.75,14.0],"rotation":270,"texture":"#0","tintindex":0},"up":{"uv":[7.5,13.0,7.75,14.0],"rotation":90,"texture":"#0","tintindex":0},"down":{"uv":[7.5,13.0,7.75,14.0],"rotation":90,"texture":"#0","tintindex":0}}},{"from":[3.6007156,2.2049742,7.793257],"to":[4.427687,2.6184602,8.206743],"rotation":{"angle":0.0,"axis":"y","origin":[27.58289,0.9645171,8.206743]},"faces":{"east":{"uv":[1.0,14.0,0.75,14.25],"rotation":90,"texture":"#0","tintindex":0},"south":{"uv":[0.75,14.5,1.0,14.0],"rotation":270,"texture":"#0","tintindex":0},"north":{"uv":[0.75,14.0,1.0,14.5],"rotation":270,"texture":"#0","tintindex":0},"west":{"uv":[0.75,14.25,1.0,14.5],"rotation":270,"texture":"#0","tintindex":0},"up":{"uv":[0.75,14.0,1.0,14.5],"rotation":90,"texture":"#0","tintindex":0},"down":{"uv":[0.75,14.0,1.0,14.5],"rotation":90,"texture":"#0","tintindex":0}}},{"from":[2.773744,12.128632,7.793257],"to":[4.427687,12.542118,8.206743],"rotation":{"angle":0.0,"axis":"y","origin":[27.58289,0.9645171,8.206743]},"faces":{"east":{"uv":[7.0,14.0,6.75,14.25],"rotation":90,"texture":"#0","tintindex":0},"south":{"uv":[6.75,15.0,7.0,14.0],"rotation":270,"texture":"#0","tintindex":0},"north":{"uv":[6.75,14.0,7.0,15.0],"rotation":270,"texture":"#0","tintindex":0},"west":{"uv":[6.75,14.75,7.0,15.0],"rotation":270,"texture":"#0","tintindex":0},"up":{"uv":[6.75,14.0,7.0,15.0],"rotation":90,"texture":"#0","tintindex":0},"down":{"uv":[6.75,14.0,7.0,15.0],"rotation":90,"texture":"#0","tintindex":0}}},{"from":[3.18723,2.6184602,7.793257],"to":[4.014201,3.4454317,8.206743],"rotation":{"angle":0.0,"axis":"y","origin":[27.58289,0.9645171,8.206743]},"faces":{"east":{"uv":[1.5,14.25,1.0,14.5],"rotation":90,"texture":"#0","tintindex":0},"south":{"uv":[1.0,14.75,1.5,14.25],"rotation":270,"texture":"#0","tintindex":0},"north":{"uv":[1.0,14.25,1.5,14.75],"rotation":270,"texture":"#0","tintindex":0},"west":{"uv":[1.0,14.5,1.5,14.75],"rotation":270,"texture":"#0","tintindex":0},"up":{"uv":[1.25,14.25,1.5,14.75],"rotation":90,"texture":"#0","tintindex":0},"down":{"uv":[1.0,14.25,1.25,14.75],"rotation":90,"texture":"#0","tintindex":0}}},{"from":[2.773744,3.0319457,7.793257],"to":[3.18723,3.4454317,8.206743],"rotation":{"angle":0.0,"axis":"y","origin":[27.58289,0.9645171,8.206743]},"faces":{"east":{"uv":[1.5,14.75,1.25,15.0],"rotation":90,"texture":"#0","tintindex":0},"south":{"uv":[1.25,15.0,1.5,14.75],"rotation":270,"texture":"#0","tintindex":0},"north":{"uv":[1.25,14.75,1.5,15.0],"rotation":270,"texture":"#0","tintindex":0},"west":{"uv":[1.25,14.75,1.5,15.0],"rotation":270,"texture":"#0","tintindex":0},"up":{"uv":[1.25,14.75,1.5,15.0],"rotation":90,"texture":"#0","tintindex":0},"down":{"uv":[1.25,14.75,1.5,15.0],"rotation":90,"texture":"#0","tintindex":0}}},{"from":[1.5332875,10.061203,7.793257],"to":[2.773744,10.4746895,8.206743],"rotation":{"angle":0.0,"axis":"y","origin":[27.58289,0.9645171,8.206743]},"faces":{"east":{"uv":[5.75,15.0,5.5,15.25],"rotation":90,"texture":"#0","tintindex":0},"south":{"uv":[5.5,15.75,5.75,15.0],"rotation":270,"texture":"#0","tintindex":0},"north":{"uv":[5.5,15.0,5.75,15.75],"rotation":270,"texture":"#0","tintindex":0},"west":{"uv":[5.5,15.5,5.75,15.75],"rotation":270,"texture":"#0","tintindex":0},"up":{"uv":[5.5,15.0,5.75,15.75],"rotation":90,"texture":"#0","tintindex":0},"down":{"uv":[5.5,15.0,5.75,15.75],"rotation":90,"texture":"#0","tintindex":0}}},{"from":[2.3602586,11.301661,7.793257],"to":[2.773744,11.715146,8.206743],"rotation":{"angle":0.0,"axis":"y","origin":[27.58289,0.9645171,8.206743]},"faces":{"east":{"uv":[6.5,15.0,6.25,15.25],"rotation":90,"texture":"#0","tintindex":0},"south":{"uv":[6.25,15.25,6.5,15.0],"rotation":270,"texture":"#0","tintindex":0},"north":{"uv":[6.25,15.0,6.5,15.25],"rotation":270,"texture":"#0","tintindex":0},"west":{"uv":[6.25,15.0,6.5,15.25],"rotation":270,"texture":"#0","tintindex":0},"up":{"uv":[6.25,15.0,6.5,15.25],"rotation":90,"texture":"#0","tintindex":0},"down":{"uv":[6.25,15.0,6.5,15.25],"rotation":90,"texture":"#0","tintindex":0}}},{"from":[1.5332875,4.272403,7.793257],"to":[2.3602586,4.685889,8.206743],"rotation":{"angle":0.0,"axis":"y","origin":[27.58289,0.9645171,8.206743]},"faces":{"east":{"uv":[2.25,15.25,2.0,15.5],"rotation":90,"texture":"#0","tintindex":0},"south":{"uv":[2.0,15.75,2.25,15.25],"rotation":270,"texture":"#0","tintindex":0},"north":{"uv":[2.0,15.25,2.25,15.75],"rotation":270,"texture":"#0","tintindex":0},"west":{"uv":[2.0,15.5,2.25,15.75],"rotation":270,"texture":"#0","tintindex":0},"up":{"uv":[2.0,15.25,2.25,15.75],"rotation":90,"texture":"#0","tintindex":0},"down":{"uv":[2.0,15.25,2.25,15.75],"rotation":90,"texture":"#0","tintindex":0}}},{"from":[1.9467726,5.5128603,7.793257],"to":[2.3602586,5.926346,8.206743],"rotation":{"angle":0.0,"axis":"y","origin":[27.58289,0.9645171,8.206743]},"faces":{"east":{"uv":[3.0,15.25,2.75,15.5],"rotation":90,"texture":"#0","tintindex":0},"south":{"uv":[2.75,15.5,3.0,15.25],"rotation":270,"texture":"#0","tintindex":0},"north":{"uv":[2.75,15.25,3.0,15.5],"rotation":270,"texture":"#0","tintindex":0},"west":{"uv":[2.75,15.25,3.0,15.5],"rotation":270,"texture":"#0","tintindex":0},"up":{"uv":[2.75,15.25,3.0,15.5],"rotation":90,"texture":"#0","tintindex":0},"down":{"uv":[2.75,15.25,3.0,15.5],"rotation":90,"texture":"#0","tintindex":0}}},{"from":[1.1198015,6.7533174,7.793257],"to":[2.3602586,7.1668034,8.206743],"rotation":{"angle":0.0,"axis":"y","origin":[27.58289,0.9645171,8.206743]},"faces":{"east":{"uv":[3.75,15.25,3.5,15.5],"rotation":90,"texture":"#0","tintindex":0},"south":{"uv":[3.5,16.0,3.75,15.25],"rotation":270,"texture":"#0","tintindex":0},"north":{"uv":[3.5,15.25,3.75,16.0],"rotation":270,"texture":"#0","tintindex":0},"west":{"uv":[3.5,15.75,3.75,16.0],"rotation":270,"texture":"#0","tintindex":0},"up":{"uv":[3.5,15.25,3.75,16.0],"rotation":90,"texture":"#0","tintindex":0},"down":{"uv":[3.5,15.25,3.75,16.0],"rotation":90,"texture":"#0","tintindex":0}}},{"from":[1.9467726,7.993775,7.793257],"to":[2.3602586,8.40726,8.206743],"rotation":{"angle":0.0,"axis":"y","origin":[27.58289,0.9645171,8.206743]},"faces":{"east":{"uv":[4.5,15.25,4.25,15.5],"rotation":90,"texture":"#0","tintindex":0},"south":{"uv":[4.25,15.5,4.5,15.25],"rotation":270,"texture":"#0","tintindex":0},"north":{"uv":[4.25,15.25,4.5,15.5],"rotation":270,"texture":"#0","tintindex":0},"west":{"uv":[4.25,15.25,4.5,15.5],"rotation":270,"texture":"#0","tintindex":0},"up":{"uv":[4.25,15.25,4.5,15.5],"rotation":90,"texture":"#0","tintindex":0},"down":{"uv":[4.25,15.25,4.5,15.5],"rotation":90,"texture":"#0","tintindex":0}}},{"from":[1.1198015,9.234232,7.793257],"to":[2.3602586,9.647717,8.206743],"rotation":{"angle":0.0,"axis":"y","origin":[27.58289,0.9645171,8.206743]},"faces":{"east":{"uv":[5.25,15.25,5.0,15.5],"rotation":90,"texture":"#0","tintindex":0},"south":{"uv":[5.0,16.0,5.25,15.25],"rotation":270,"texture":"#0","tintindex":0},"north":{"uv":[5.0,15.25,5.25,16.0],"rotation":270,"texture":"#0","tintindex":0},"west":{"uv":[5.0,15.75,5.25,16.0],"rotation":270,"texture":"#0","tintindex":0},"up":{"uv":[5.0,15.25,5.25,16.0],"rotation":90,"texture":"#0","tintindex":0},"down":{"uv":[5.0,15.25,5.25,16.0],"rotation":90,"texture":"#0","tintindex":0}}},{"from":[1.5332875,3.8589172,7.793257],"to":[1.9467726,4.272403,8.206743],"rotation":{"angle":0.0,"axis":"y","origin":[27.58289,0.9645171,8.206743]},"faces":{"east":{"uv":[2.0,15.5,1.75,15.75],"rotation":90,"texture":"#0","tintindex":0},"south":{"uv":[1.75,15.75,2.0,15.5],"rotation":270,"texture":"#0","tintindex":0},"north":{"uv":[1.75,15.5,2.0,15.75],"rotation":270,"texture":"#0","tintindex":0},"west":{"uv":[1.75,15.5,2.0,15.75],"rotation":270,"texture":"#0","tintindex":0},"up":{"uv":[1.75,15.5,2.0,15.75],"rotation":90,"texture":"#0","tintindex":0},"down":{"uv":[1.75,15.5,2.0,15.75],"rotation":90,"texture":"#0","tintindex":0}}},{"from":[1.1198015,6.339832,7.793257],"to":[1.5332875,6.7533174,8.206743],"rotation":{"angle":0.0,"axis":"y","origin":[27.58289,0.9645171,8.206743]},"faces":{"east":{"uv":[3.5,15.75,3.25,16.0],"rotation":90,"texture":"#0","tintindex":0},"south":{"uv":[3.25,16.0,3.5,15.75],"rotation":270,"texture":"#0","tintindex":0},"north":{"uv":[3.25,15.75,3.5,16.0],"rotation":270,"texture":"#0","tintindex":0},"west":{"uv":[3.25,15.75,3.5,16.0],"rotation":270,"texture":"#0","tintindex":0},"up":{"uv":[3.25,15.75,3.5,16.0],"rotation":90,"texture":"#0","tintindex":0},"down":{"uv":[3.25,15.75,3.5,16.0],"rotation":90,"texture":"#0","tintindex":0}}},{"from":[1.1198015,8.820746,7.793257],"to":[1.5332875,9.234232,8.206743],"rotation":{"angle":0.0,"axis":"y","origin":[27.58289,0.9645171,8.206743]},"faces":{"east":{"uv":[5.0,15.75,4.75,16.0],"rotation":90,"texture":"#0","tintindex":0},"south":{"uv":[4.75,16.0,5.0,15.75],"rotation":270,"texture":"#0","tintindex":0},"north":{"uv":[4.75,15.75,5.0,16.0],"rotation":270,"texture":"#0","tintindex":0},"west":{"uv":[4.75,15.75,5.0,16.0],"rotation":270,"texture":"#0","tintindex":0},"up":{"uv":[4.75,15.75,5.0,16.0],"rotation":90,"texture":"#0","tintindex":0},"down":{"uv":[4.75,15.75,5.0,16.0],"rotation":90,"texture":"#0","tintindex":0}}}],"display":{"head":{"translation":[0.0,-6.4,0.0],"scale":[4.0,4.0,4.0]}}}