{"textures":{"0":"modelengine:entity/dungeon_crate_small"},"elements":[{"from":[3.4285712,8.571428,5.142857],"to":[12.571428,12.571428,10.857143],"rotation":{"angle":0.0,"axis":"y","origin":[8.0,8.0,8.0]},"faces":{"east":{"uv":[4.0,6.75,6.5,8.5],"rotation":0,"texture":"#0","tintindex":0},"south":{"uv":[0.0,5.5,4.0,7.25],"rotation":0,"texture":"#0","tintindex":0},"north":{"uv":[4.25,5.0,8.25,6.75],"rotation":0,"texture":"#0","tintindex":0},"west":{"uv":[6.5,6.75,9.0,8.5],"rotation":0,"texture":"#0","tintindex":0},"up":{"uv":[8.25,2.5,4.25,0.0],"rotation":0,"texture":"#0","tintindex":0},"down":{"uv":[8.25,2.5,4.25,5.0],"rotation":0,"texture":"#0","tintindex":0}}},{"from":[3.142857,12.571428,4.8571424],"to":[12.857143,13.142858,11.142858],"rotation":{"angle":0.0,"axis":"y","origin":[8.0,8.0,8.0]},"faces":{"east":{"uv":[8.25,0.5,11.0,0.75],"rotation":0,"texture":"#0","tintindex":0},"south":{"uv":[8.25,0.25,12.5,0.5],"rotation":0,"texture":"#0","tintindex":0},"north":{"uv":[8.25,0.0,12.5,0.25],"rotation":0,"texture":"#0","tintindex":0},"west":{"uv":[8.25,0.75,11.0,1.0],"rotation":0,"texture":"#0","tintindex":0},"up":{"uv":[4.25,2.75,0.0,0.0],"rotation":0,"texture":"#0","tintindex":0},"down":{"uv":[4.25,2.75,0.0,5.5],"rotation":0,"texture":"#0","tintindex":0}}},{"from":[11.714286,8.571428,4.8571424],"to":[12.857143,12.571428,6.0],"rotation":{"angle":0.0,"axis":"y","origin":[8.0,8.0,8.0]},"faces":{"east":{"uv":[0.5,7.25,1.0,9.0],"rotation":0,"texture":"#0","tintindex":0},"south":{"uv":[1.0,7.25,1.5,9.0],"rotation":0,"texture":"#0","tintindex":0},"north":{"uv":[0.0,7.25,0.5,9.0],"rotation":0,"texture":"#0","tintindex":0},"west":{"uv":[1.5,7.25,2.0,9.0],"rotation":0,"texture":"#0","tintindex":0},"up":{"uv":[2.5,7.75,2.0,7.25],"rotation":0,"texture":"#0","tintindex":0},"down":{"uv":[3.0,7.25,2.5,7.75],"rotation":0,"texture":"#0","tintindex":0}}},{"from":[3.142857,8.571428,4.8571424],"to":[4.285714,12.571428,6.0],"rotation":{"angle":0.0,"axis":"y","origin":[8.0,8.0,8.0]},"faces":{"east":{"uv":[2.0,7.25,1.5,9.0],"rotation":0,"texture":"#0","tintindex":0},"south":{"uv":[1.5,7.25,1.0,9.0],"rotation":0,"texture":"#0","tintindex":0},"north":{"uv":[0.5,7.25,0.0,9.0],"rotation":0,"texture":"#0","tintindex":0},"west":{"uv":[1.0,7.25,0.5,9.0],"rotation":0,"texture":"#0","tintindex":0},"up":{"uv":[2.0,7.75,2.5,7.25],"rotation":0,"texture":"#0","tintindex":0},"down":{"uv":[2.5,7.25,3.0,7.75],"rotation":0,"texture":"#0","tintindex":0}}},{"from":[11.714286,8.571428,10.0],"to":[12.857143,12.571428,11.142858],"rotation":{"angle":0.0,"axis":"y","origin":[8.0,8.0,8.0]},"faces":{"east":{"uv":[1.0,7.25,0.5,9.0],"rotation":0,"texture":"#0","tintindex":0},"south":{"uv":[0.5,7.25,0.0,9.0],"rotation":0,"texture":"#0","tintindex":0},"north":{"uv":[1.5,7.25,1.0,9.0],"rotation":0,"texture":"#0","tintindex":0},"west":{"uv":[2.0,7.25,1.5,9.0],"rotation":0,"texture":"#0","tintindex":0},"up":{"uv":[2.5,7.25,2.0,7.75],"rotation":0,"texture":"#0","tintindex":0},"down":{"uv":[3.0,7.75,2.5,7.25],"rotation":0,"texture":"#0","tintindex":0}}},{"from":[3.142857,8.571428,10.0],"to":[4.285714,12.571428,11.142858],"rotation":{"angle":0.0,"axis":"y","origin":[8.0,8.0,8.0]},"faces":{"east":{"uv":[1.5,7.25,2.0,9.0],"rotation":0,"texture":"#0","tintindex":0},"south":{"uv":[0.0,7.25,0.5,9.0],"rotation":0,"texture":"#0","tintindex":0},"north":{"uv":[1.0,7.25,1.5,9.0],"rotation":0,"texture":"#0","tintindex":0},"west":{"uv":[0.5,7.25,1.0,9.0],"rotation":0,"texture":"#0","tintindex":0},"up":{"uv":[2.0,7.25,2.5,7.75],"rotation":0,"texture":"#0","tintindex":0},"down":{"uv":[2.5,7.75,3.0,7.25],"rotation":0,"texture":"#0","tintindex":0}}},{"from":[3.142857,8.0,4.8571424],"to":[12.857143,8.571428,11.142858],"rotation":{"angle":0.0,"axis":"y","origin":[8.0,8.0,8.0]},"faces":{"east":{"uv":[8.25,0.75,11.0,0.5],"rotation":0,"texture":"#0","tintindex":0},"south":{"uv":[8.25,0.5,12.5,0.25],"rotation":0,"texture":"#0","tintindex":0},"north":{"uv":[8.25,0.25,12.5,0.0],"rotation":0,"texture":"#0","tintindex":0},"west":{"uv":[8.25,1.0,11.0,0.75],"rotation":0,"texture":"#0","tintindex":0},"up":{"uv":[4.25,5.5,0.0,2.75],"rotation":0,"texture":"#0","tintindex":0},"down":{"uv":[4.25,0.0,0.0,2.75],"rotation":0,"texture":"#0","tintindex":0}}}],"display":{"head":{"translation":[0.0,-6.4,0.0],"scale":[4.0,4.0,4.0]}}}