{"textures":{"0":"modelengine:entity/dungeon_pillory"},"elements":[{"from":[7.428571,16.0,0.0],"to":[8.571428,20.57143,2.8571424],"rotation":{"angle":0.0,"axis":"y","origin":[8.571428,8.0,8.0]},"faces":{"east":{"uv":[2.0,4.5,3.25,6.5],"rotation":0,"texture":"#0","tintindex":0},"south":{"uv":[6.5,6.5,7.0,8.5],"rotation":0,"texture":"#0","tintindex":0},"north":{"uv":[6.0,6.5,6.5,8.5],"rotation":0,"texture":"#0","tintindex":0},"west":{"uv":[3.25,5.0,4.5,7.0],"rotation":0,"texture":"#0","tintindex":0},"up":{"uv":[4.0,9.0,3.5,7.75],"rotation":0,"texture":"#0","tintindex":0},"down":{"uv":[8.5,4.75,8.0,6.0],"rotation":0,"texture":"#0","tintindex":0}}},{"from":[6.857143,9.142858,14.285715],"to":[9.142858,19.428572,15.428572],"rotation":{"angle":0.0,"axis":"y","origin":[8.571428,8.0,8.0]},"faces":{"east":{"uv":[4.5,5.0,5.0,9.5],"rotation":0,"texture":"#0","tintindex":0},"south":{"uv":[3.0,0.0,4.0,4.5],"rotation":0,"texture":"#0","tintindex":0},"north":{"uv":[2.0,0.0,3.0,4.5],"rotation":0,"texture":"#0","tintindex":0},"west":{"uv":[5.0,5.0,5.5,9.5],"rotation":0,"texture":"#0","tintindex":0},"up":{"uv":[9.0,6.5,8.0,6.0],"rotation":0,"texture":"#0","tintindex":0},"down":{"uv":[9.0,6.5,8.0,7.0],"rotation":0,"texture":"#0","tintindex":0}}},{"from":[6.857143,8.0,0.0],"to":[9.142858,9.142858,16.0],"rotation":{"angle":0.0,"axis":"y","origin":[8.571428,8.0,8.0]},"faces":{"east":{"uv":[4.0,0.0,11.0,0.5],"rotation":0,"texture":"#0","tintindex":0},"south":{"uv":[8.0,7.0,9.0,7.5],"rotation":0,"texture":"#0","tintindex":0},"north":{"uv":[7.0,8.0,8.0,8.5],"rotation":0,"texture":"#0","tintindex":0},"west":{"uv":[4.0,0.5,11.0,1.0],"rotation":0,"texture":"#0","tintindex":0},"up":{"uv":[1.0,7.0,0.0,0.0],"rotation":0,"texture":"#0","tintindex":0},"down":{"uv":[2.0,0.0,1.0,7.0],"rotation":0,"texture":"#0","tintindex":0}}},{"from":[8.571428,10.857143,14.0],"to":[13.142858,12.0,15.714286],"rotation":{"angle":-45.0,"axis":"z","origin":[8.857143,11.428572,13.428572]},"faces":{"east":{"uv":[3.25,4.5,4.0,5.0],"rotation":0,"texture":"#0","tintindex":0},"south":{"uv":[6.5,4.0,8.5,4.5],"rotation":0,"texture":"#0","tintindex":0},"north":{"uv":[6.5,3.5,8.5,4.0],"rotation":0,"texture":"#0","tintindex":0},"west":{"uv":[8.5,4.0,9.25,4.5],"rotation":0,"texture":"#0","tintindex":0},"up":{"uv":[8.5,2.75,6.5,2.0],"rotation":0,"texture":"#0","tintindex":0},"down":{"uv":[8.5,2.75,6.5,3.5],"rotation":0,"texture":"#0","tintindex":0}}},{"from":[7.428571,16.0,13.142858],"to":[8.571428,20.57143,16.0],"rotation":{"angle":0.0,"axis":"y","origin":[8.571428,8.0,8.0]},"faces":{"east":{"uv":[4.0,1.0,5.25,3.0],"rotation":0,"texture":"#0","tintindex":0},"south":{"uv":[5.5,6.5,6.0,8.5],"rotation":0,"texture":"#0","tintindex":0},"north":{"uv":[6.5,4.5,7.0,6.5],"rotation":0,"texture":"#0","tintindex":0},"west":{"uv":[4.0,3.0,5.25,5.0],"rotation":0,"texture":"#0","tintindex":0},"up":{"uv":[4.5,8.25,4.0,7.0],"rotation":0,"texture":"#0","tintindex":0},"down":{"uv":[7.5,5.25,7.0,6.5],"rotation":0,"texture":"#0","tintindex":0}}},{"from":[7.428571,18.857143,10.857143],"to":[8.571428,20.57143,13.142858],"rotation":{"angle":0.0,"axis":"y","origin":[8.571428,8.0,8.0]},"faces":{"east":{"uv":[0.0,7.0,1.0,7.75],"rotation":0,"texture":"#0","tintindex":0},"south":{"uv":[5.5,8.5,6.0,9.25],"rotation":0,"texture":"#0","tintindex":0},"north":{"uv":[8.5,4.75,9.0,5.5],"rotation":0,"texture":"#0","tintindex":0},"west":{"uv":[1.0,7.0,2.0,7.75],"rotation":0,"texture":"#0","tintindex":0},"up":{"uv":[8.5,9.0,8.0,8.0],"rotation":0,"texture":"#0","tintindex":0},"down":{"uv":[4.5,8.25,4.0,9.25],"rotation":0,"texture":"#0","tintindex":0}}},{"from":[7.428571,16.0,2.8571424],"to":[8.571428,17.142857,13.142858],"rotation":{"angle":0.0,"axis":"y","origin":[8.571428,8.0,8.0]},"faces":{"east":{"uv":[5.25,1.0,9.75,1.5],"rotation":0,"texture":"#0","tintindex":0},"south":{"uv":[7.0,8.5,7.5,9.0],"rotation":0,"texture":"#0","tintindex":0},"north":{"uv":[8.5,5.5,9.0,6.0],"rotation":0,"texture":"#0","tintindex":0},"west":{"uv":[5.25,1.5,9.75,2.0],"rotation":0,"texture":"#0","tintindex":0},"up":{"uv":[6.0,6.5,5.5,2.0],"rotation":0,"texture":"#0","tintindex":0},"down":{"uv":[6.5,2.0,6.0,6.5],"rotation":0,"texture":"#0","tintindex":0}}},{"from":[7.428571,17.142857,9.714286],"to":[8.571428,20.0,10.857143],"rotation":{"angle":0.0,"axis":"y","origin":[8.571428,8.0,8.0]},"faces":{"east":{"uv":[7.5,5.25,8.0,6.5],"rotation":0,"texture":"#0","tintindex":0},"south":{"uv":[7.5,6.5,8.0,7.75],"rotation":0,"texture":"#0","tintindex":0},"north":{"uv":[7.0,6.5,7.5,7.75],"rotation":0,"texture":"#0","tintindex":0},"west":{"uv":[0.0,7.75,0.5,9.0],"rotation":0,"texture":"#0","tintindex":0},"up":{"uv":[8.0,9.0,7.5,8.5],"rotation":0,"texture":"#0","tintindex":0},"down":{"uv":[9.0,8.0,8.5,8.5],"rotation":0,"texture":"#0","tintindex":0}}},{"from":[7.428571,20.0,5.142857],"to":[8.571428,20.57143,10.857143],"rotation":{"angle":0.0,"axis":"y","origin":[8.571428,8.0,8.0]},"faces":{"east":{"uv":[7.0,7.75,9.5,8.0],"rotation":0,"texture":"#0","tintindex":0},"south":{"uv":[8.5,7.5,9.0,7.75],"rotation":0,"texture":"#0","tintindex":0},"north":{"uv":[8.0,7.5,8.5,7.75],"rotation":0,"texture":"#0","tintindex":0},"west":{"uv":[8.0,4.5,10.5,4.75],"rotation":0,"texture":"#0","tintindex":0},"up":{"uv":[2.5,9.0,2.0,6.5],"rotation":0,"texture":"#0","tintindex":0},"down":{"uv":[3.0,6.5,2.5,9.0],"rotation":0,"texture":"#0","tintindex":0}}},{"from":[7.428571,17.142857,5.142857],"to":[8.571428,20.0,6.285714],"rotation":{"angle":0.0,"axis":"y","origin":[8.571428,8.0,8.0]},"faces":{"east":{"uv":[1.0,7.75,1.5,9.0],"rotation":0,"texture":"#0","tintindex":0},"south":{"uv":[1.5,7.75,2.0,9.0],"rotation":0,"texture":"#0","tintindex":0},"north":{"uv":[0.5,7.75,1.0,9.0],"rotation":0,"texture":"#0","tintindex":0},"west":{"uv":[3.0,7.75,3.5,9.0],"rotation":0,"texture":"#0","tintindex":0},"up":{"uv":[9.0,9.0,8.5,8.5],"rotation":0,"texture":"#0","tintindex":0},"down":{"uv":[0.5,9.0,0.0,9.5],"rotation":0,"texture":"#0","tintindex":0}}},{"from":[7.428571,18.857143,2.8571424],"to":[8.571428,20.57143,5.142857],"rotation":{"angle":0.0,"axis":"y","origin":[8.571428,8.0,8.0]},"faces":{"east":{"uv":[3.0,7.0,4.0,7.75],"rotation":0,"texture":"#0","tintindex":0},"south":{"uv":[6.5,8.5,7.0,9.25],"rotation":0,"texture":"#0","tintindex":0},"north":{"uv":[6.0,8.5,6.5,9.25],"rotation":0,"texture":"#0","tintindex":0},"west":{"uv":[7.0,4.5,8.0,5.25],"rotation":0,"texture":"#0","tintindex":0},"up":{"uv":[9.0,3.0,8.5,2.0],"rotation":0,"texture":"#0","tintindex":0},"down":{"uv":[9.0,3.0,8.5,4.0],"rotation":0,"texture":"#0","tintindex":0}}},{"from":[2.8571424,10.857143,14.0],"to":[7.428571,12.0,15.714286],"rotation":{"angle":45.0,"axis":"z","origin":[7.142857,11.428572,13.428572]},"faces":{"east":{"uv":[9.25,4.0,8.5,4.5],"rotation":0,"texture":"#0","tintindex":0},"south":{"uv":[8.5,4.0,6.5,4.5],"rotation":0,"texture":"#0","tintindex":0},"north":{"uv":[8.5,3.5,6.5,4.0],"rotation":0,"texture":"#0","tintindex":0},"west":{"uv":[4.0,4.5,3.25,5.0],"rotation":0,"texture":"#0","tintindex":0},"up":{"uv":[6.5,2.75,8.5,2.0],"rotation":0,"texture":"#0","tintindex":0},"down":{"uv":[6.5,2.75,8.5,3.5],"rotation":0,"texture":"#0","tintindex":0}}},{"from":[6.857143,9.142858,0.5714283],"to":[9.142858,19.428572,1.7142854],"rotation":{"angle":0.0,"axis":"y","origin":[8.571428,8.0,8.0]},"faces":{"east":{"uv":[5.0,5.0,4.5,9.5],"rotation":0,"texture":"#0","tintindex":0},"south":{"uv":[3.0,0.0,2.0,4.5],"rotation":0,"texture":"#0","tintindex":0},"north":{"uv":[4.0,0.0,3.0,4.5],"rotation":0,"texture":"#0","tintindex":0},"west":{"uv":[5.5,5.0,5.0,9.5],"rotation":0,"texture":"#0","tintindex":0},"up":{"uv":[9.0,6.0,8.0,6.5],"rotation":0,"texture":"#0","tintindex":0},"down":{"uv":[9.0,7.0,8.0,6.5],"rotation":0,"texture":"#0","tintindex":0}}},{"from":[2.8571424,10.857143,0.28571415],"to":[7.428571,12.0,1.9999995],"rotation":{"angle":45.0,"axis":"z","origin":[7.142857,11.428572,2.5714283]},"faces":{"east":{"uv":[8.5,4.0,9.25,4.5],"rotation":0,"texture":"#0","tintindex":0},"south":{"uv":[6.5,3.5,8.5,4.0],"rotation":0,"texture":"#0","tintindex":0},"north":{"uv":[6.5,4.0,8.5,4.5],"rotation":0,"texture":"#0","tintindex":0},"west":{"uv":[3.25,4.5,4.0,5.0],"rotation":0,"texture":"#0","tintindex":0},"up":{"uv":[6.5,2.0,8.5,2.75],"rotation":0,"texture":"#0","tintindex":0},"down":{"uv":[6.5,3.5,8.5,2.75],"rotation":0,"texture":"#0","tintindex":0}}},{"from":[8.571428,10.857143,0.28571415],"to":[13.142858,12.0,1.9999995],"rotation":{"angle":-45.0,"axis":"z","origin":[8.857143,11.428572,2.5714283]},"faces":{"east":{"uv":[4.0,4.5,3.25,5.0],"rotation":0,"texture":"#0","tintindex":0},"south":{"uv":[8.5,3.5,6.5,4.0],"rotation":0,"texture":"#0","tintindex":0},"north":{"uv":[8.5,4.0,6.5,4.5],"rotation":0,"texture":"#0","tintindex":0},"west":{"uv":[9.25,4.0,8.5,4.5],"rotation":0,"texture":"#0","tintindex":0},"up":{"uv":[8.5,2.0,6.5,2.75],"rotation":0,"texture":"#0","tintindex":0},"down":{"uv":[8.5,3.5,6.5,2.75],"rotation":0,"texture":"#0","tintindex":0}}}],"display":{"head":{"translation":[0.0,-6.4,0.0],"scale":[4.0,4.0,4.0]}}}