{"textures":{"0":"modelengine:entity/rpg_rat"},"elements":[{"from":[5.4843607,5.440193,4.8374853],"to":[12.341503,11.154479,10.551771],"rotation":{"angle":0.0,"axis":"y","origin":[8.912932,4.8687644,5.980343]},"faces":{"east":{"uv":[0.0,5.0,2.5,7.5],"rotation":0,"texture":"#0","tintindex":0},"south":{"uv":[0.0,2.5,3.0,5.0],"rotation":0,"texture":"#0","tintindex":0},"north":{"uv":[0.0,0.0,3.0,2.5],"rotation":0,"texture":"#0","tintindex":0},"west":{"uv":[2.5,5.0,5.0,7.5],"rotation":0,"texture":"#0","tintindex":0},"up":{"uv":[6.0,2.5,3.0,0.0],"rotation":0,"texture":"#0","tintindex":0},"down":{"uv":[6.0,2.5,3.0,5.0],"rotation":0,"texture":"#0","tintindex":0}}},{"from":[6.055789,5.440193,0.8374853],"to":[11.770075,10.011621,4.8374853],"rotation":{"angle":0.0,"axis":"y","origin":[8.912932,4.8687644,1.9803424]},"faces":{"east":{"uv":[7.5,4.75,9.25,6.75],"rotation":0,"texture":"#0","tintindex":0},"south":{"uv":[6.0,0.0,8.5,2.0],"rotation":0,"texture":"#0","tintindex":0},"north":{"uv":[5.0,5.0,7.5,7.0],"rotation":0,"texture":"#0","tintindex":0},"west":{"uv":[7.5,6.75,9.25,8.75],"rotation":0,"texture":"#0","tintindex":0},"up":{"uv":[8.5,3.75,6.0,2.0],"rotation":0,"texture":"#0","tintindex":0},"down":{"uv":[7.5,7.0,5.0,8.75],"rotation":0,"texture":"#0","tintindex":0}}},{"from":[6.4598503,4.4647036,0.8374853],"to":[6.4598503,5.60756,4.8374853],"rotation":{"angle":45.0,"axis":"z","origin":[6.4598503,5.036132,3.6946282]},"faces":{"east":{"uv":[11.5,4.25,13.25,4.75],"rotation":0,"texture":"#0","tintindex":0},"south":{"uv":[0.0,0.0,0.0,0.5],"rotation":0,"texture":"#0","tintindex":0},"north":{"uv":[0.0,0.0,0.0,0.5],"rotation":0,"texture":"#0","tintindex":0},"west":{"uv":[13.25,4.25,11.5,4.75],"rotation":0,"texture":"#0","tintindex":0},"up":{"uv":[0.0,1.75,0.0,0.0],"rotation":0,"texture":"#0","tintindex":0},"down":{"uv":[0.0,0.0,0.0,1.75],"rotation":0,"texture":"#0","tintindex":0}}},{"from":[5.8884215,4.4647036,4.8374853],"to":[5.8884215,5.60756,10.551771],"rotation":{"angle":45.0,"axis":"z","origin":[5.8884215,5.036132,7.6946287]},"faces":{"east":{"uv":[10.75,8.75,13.25,9.25],"rotation":0,"texture":"#0","tintindex":0},"south":{"uv":[0.0,0.0,0.0,0.5],"rotation":0,"texture":"#0","tintindex":0},"north":{"uv":[0.0,0.0,0.0,0.5],"rotation":0,"texture":"#0","tintindex":0},"west":{"uv":[13.25,8.75,10.75,9.25],"rotation":0,"texture":"#0","tintindex":0},"up":{"uv":[0.0,2.5,0.0,0.0],"rotation":0,"texture":"#0","tintindex":0},"down":{"uv":[0.0,0.0,0.0,2.5],"rotation":0,"texture":"#0","tintindex":0}}},{"from":[11.937443,4.4647036,4.8374853],"to":[11.937443,5.60756,10.551771],"rotation":{"angle":-45.0,"axis":"z","origin":[11.937443,5.036132,7.6946287]},"faces":{"east":{"uv":[10.75,8.75,13.25,9.25],"rotation":0,"texture":"#0","tintindex":0},"south":{"uv":[0.0,0.0,0.0,0.5],"rotation":0,"texture":"#0","tintindex":0},"north":{"uv":[0.0,0.0,0.0,0.5],"rotation":0,"texture":"#0","tintindex":0},"west":{"uv":[13.25,8.75,10.75,9.25],"rotation":0,"texture":"#0","tintindex":0},"up":{"uv":[0.0,2.5,0.0,0.0],"rotation":0,"texture":"#0","tintindex":0},"down":{"uv":[0.0,0.0,0.0,2.5],"rotation":0,"texture":"#0","tintindex":0}}},{"from":[11.3660145,4.4647036,0.8374853],"to":[11.3660145,5.60756,4.8374853],"rotation":{"angle":-45.0,"axis":"z","origin":[11.3660145,5.036132,3.6946282]},"faces":{"east":{"uv":[11.5,4.25,13.25,4.75],"rotation":0,"texture":"#0","tintindex":0},"south":{"uv":[0.0,0.0,0.0,0.5],"rotation":0,"texture":"#0","tintindex":0},"north":{"uv":[0.0,0.0,0.0,0.5],"rotation":0,"texture":"#0","tintindex":0},"west":{"uv":[13.25,4.25,11.5,4.75],"rotation":0,"texture":"#0","tintindex":0},"up":{"uv":[0.0,1.75,0.0,0.0],"rotation":0,"texture":"#0","tintindex":0},"down":{"uv":[0.0,0.0,0.0,1.75],"rotation":0,"texture":"#0","tintindex":0}}},{"from":[8.912932,10.011621,0.8374853],"to":[8.912932,12.297337,10.551771],"rotation":{"angle":0.0,"axis":"y","origin":[8.912932,4.8687644,1.9803424]},"faces":{"east":{"uv":[6.0,3.75,10.25,4.75],"rotation":0,"texture":"#0","tintindex":0},"south":{"uv":[0.0,0.0,0.0,1.0],"rotation":0,"texture":"#0","tintindex":0},"north":{"uv":[0.0,0.0,0.0,1.0],"rotation":0,"texture":"#0","tintindex":0},"west":{"uv":[10.25,3.75,6.0,4.75],"rotation":0,"texture":"#0","tintindex":0},"up":{"uv":[0.0,4.25,0.0,0.0],"rotation":0,"texture":"#0","tintindex":0},"down":{"uv":[0.0,0.0,0.0,4.25],"rotation":0,"texture":"#0","tintindex":0}}},{"from":[5.4843607,10.750013,10.384],"to":[12.341503,10.750013,11.526857],"rotation":{"angle":45.0,"axis":"x","origin":[8.912932,10.750013,10.955429]},"faces":{"east":{"uv":[0.0,0.0,0.5,0.0],"rotation":0,"texture":"#0","tintindex":0},"south":{"uv":[0.0,0.0,3.0,0.0],"rotation":0,"texture":"#0","tintindex":0},"north":{"uv":[0.0,0.0,3.0,0.0],"rotation":0,"texture":"#0","tintindex":0},"west":{"uv":[0.0,0.0,0.5,0.0],"rotation":0,"texture":"#0","tintindex":0},"up":{"uv":[13.5,1.75,10.5,1.25],"rotation":0,"texture":"#0","tintindex":0},"down":{"uv":[10.5,1.25,13.5,1.75],"rotation":0,"texture":"#0","tintindex":0}}}],"display":{"head":{"translation":[0.0,-6.4,0.0],"scale":[4.0,4.0,4.0]}}}