{"textures":{"0":"modelengine:entity/rpg_rat"},"elements":[{"from":[4.554461,8.5720005,7.319836],"to":[7.411604,11.429143,7.319836],"rotation":{"angle":22.5,"axis":"x","origin":[5.983032,10.000571,7.319836]},"faces":{"east":{"uv":[0.0,0.0,0.0,1.25],"rotation":0,"texture":"#0","tintindex":0},"south":{"uv":[11.5,3.5,10.25,4.75],"rotation":0,"texture":"#0","tintindex":0},"north":{"uv":[10.25,3.5,11.5,4.75],"rotation":0,"texture":"#0","tintindex":0},"west":{"uv":[0.0,0.0,0.0,1.25],"rotation":0,"texture":"#0","tintindex":0},"up":{"uv":[1.25,0.0,0.0,0.0],"rotation":0,"texture":"#0","tintindex":0},"down":{"uv":[1.25,0.0,0.0,0.0],"rotation":0,"texture":"#0","tintindex":0}}},{"from":[5.0912266,6.2862854,7.0687847],"to":[5.0912266,9.143429,8.783071],"rotation":{"angle":-45.0,"axis":"y","origin":[5.0912266,7.714857,7.9259276]},"faces":{"east":{"uv":[12.5,0.0,11.75,1.25],"rotation":0,"texture":"#0","tintindex":0},"south":{"uv":[0.0,0.0,0.0,1.25],"rotation":0,"texture":"#0","tintindex":0},"north":{"uv":[0.0,0.0,0.0,1.25],"rotation":0,"texture":"#0","tintindex":0},"west":{"uv":[11.75,0.0,12.5,1.25],"rotation":0,"texture":"#0","tintindex":0},"up":{"uv":[0.0,0.75,0.0,0.0],"rotation":0,"texture":"#0","tintindex":0},"down":{"uv":[0.0,0.0,0.0,0.75],"rotation":0,"texture":"#0","tintindex":0}}},{"from":[5.697318,5.714857,4.462693],"to":[10.268747,9.714857,7.8912644],"rotation":{"angle":0.0,"axis":"y","origin":[7.9830327,5.1434283,9.0341215]},"faces":{"east":{"uv":[9.25,6.25,10.75,8.0],"rotation":0,"texture":"#0","tintindex":0},"south":{"uv":[8.5,0.0,10.5,1.75],"rotation":0,"texture":"#0","tintindex":0},"north":{"uv":[0.0,8.5,2.0,10.25],"rotation":0,"texture":"#0","tintindex":0},"west":{"uv":[9.25,8.0,10.75,9.75],"rotation":0,"texture":"#0","tintindex":0},"up":{"uv":[9.25,10.25,7.25,8.75],"rotation":0,"texture":"#0","tintindex":0},"down":{"uv":[11.25,4.75,9.25,6.25],"rotation":0,"texture":"#0","tintindex":0}}},{"from":[6.840175,6.2862854,1.0341215],"to":[9.12589,8.5720005,4.462693],"rotation":{"angle":0.0,"axis":"y","origin":[7.9830327,5.1434283,9.0341215]},"faces":{"east":{"uv":[10.5,9.75,12.0,10.75],"rotation":0,"texture":"#0","tintindex":0},"south":{"uv":[11.5,3.25,12.5,4.25],"rotation":0,"texture":"#0","tintindex":0},"north":{"uv":[9.25,11.25,10.25,12.25],"rotation":0,"texture":"#0","tintindex":0},"west":{"uv":[10.75,6.25,12.25,7.25],"rotation":0,"texture":"#0","tintindex":0},"up":{"uv":[9.25,11.75,8.25,10.25],"rotation":0,"texture":"#0","tintindex":0},"down":{"uv":[7.25,10.5,6.25,12.0],"rotation":0,"texture":"#0","tintindex":0}}},{"from":[3.7142854,6.857143,1.4285712],"to":[7.714286,6.857143,5.428571],"rotation":{"angle":22.5,"axis":"y","origin":[6.285714,6.857143,3.4285712]},"faces":{"east":{"uv":[0.0,0.0,1.75,0.0],"rotation":0,"texture":"#0","tintindex":0},"south":{"uv":[0.0,0.0,1.75,0.0],"rotation":0,"texture":"#0","tintindex":0},"north":{"uv":[0.0,0.0,1.75,0.0],"rotation":0,"texture":"#0","tintindex":0},"west":{"uv":[0.0,0.0,1.75,0.0],"rotation":0,"texture":"#0","tintindex":0},"up":{"uv":[10.25,3.5,8.5,1.75],"rotation":0,"texture":"#0","tintindex":0},"down":{"uv":[10.25,1.75,8.5,3.5],"rotation":0,"texture":"#0","tintindex":0}}},{"from":[8.25178,6.857143,1.4285712],"to":[12.25178,6.857143,5.428571],"rotation":{"angle":-22.5,"axis":"y","origin":[9.680351,6.857143,3.4285712]},"faces":{"east":{"uv":[1.75,0.0,0.0,0.0],"rotation":0,"texture":"#0","tintindex":0},"south":{"uv":[1.75,0.0,0.0,0.0],"rotation":0,"texture":"#0","tintindex":0},"north":{"uv":[1.75,0.0,0.0,0.0],"rotation":0,"texture":"#0","tintindex":0},"west":{"uv":[1.75,0.0,0.0,0.0],"rotation":0,"texture":"#0","tintindex":0},"up":{"uv":[8.5,3.5,10.25,1.75],"rotation":0,"texture":"#0","tintindex":0},"down":{"uv":[8.5,1.75,10.25,3.5],"rotation":0,"texture":"#0","tintindex":0}}},{"from":[8.5544615,8.5720005,7.319836],"to":[11.411604,11.429143,7.319836],"rotation":{"angle":22.5,"axis":"x","origin":[9.983032,10.000571,7.319836]},"faces":{"east":{"uv":[0.0,0.0,0.0,1.25],"rotation":0,"texture":"#0","tintindex":0},"south":{"uv":[10.25,3.5,11.5,4.75],"rotation":0,"texture":"#0","tintindex":0},"north":{"uv":[11.5,3.5,10.25,4.75],"rotation":0,"texture":"#0","tintindex":0},"west":{"uv":[0.0,0.0,0.0,1.25],"rotation":0,"texture":"#0","tintindex":0},"up":{"uv":[0.0,0.0,1.25,0.0],"rotation":0,"texture":"#0","tintindex":0},"down":{"uv":[0.0,0.0,1.25,0.0],"rotation":0,"texture":"#0","tintindex":0}}},{"from":[10.874838,6.2862854,7.0687847],"to":[10.874838,9.143429,8.783071],"rotation":{"angle":45.0,"axis":"y","origin":[10.874838,7.714857,7.9259276]},"faces":{"east":{"uv":[12.5,0.0,11.75,1.25],"rotation":0,"texture":"#0","tintindex":0},"south":{"uv":[0.0,0.0,0.0,1.25],"rotation":0,"texture":"#0","tintindex":0},"north":{"uv":[0.0,0.0,0.0,1.25],"rotation":0,"texture":"#0","tintindex":0},"west":{"uv":[11.75,0.0,12.5,1.25],"rotation":0,"texture":"#0","tintindex":0},"up":{"uv":[0.0,0.75,0.0,0.0],"rotation":0,"texture":"#0","tintindex":0},"down":{"uv":[0.0,0.0,0.0,0.75],"rotation":0,"texture":"#0","tintindex":0}}}],"display":{"head":{"translation":[0.0,-6.4,0.0],"scale":[4.0,4.0,4.0]}}}