{"textures":{"0":"modelengine:entity/rpg_rat"},"elements":[{"from":[7.0,5.285714,6.357143],"to":[9.285714,9.285714,10.357143],"rotation":{"angle":0.0,"axis":"y","origin":[7.5714283,3.0,8.642858]},"faces":{"east":{"uv":[3.75,8.75,5.5,10.5],"rotation":0,"texture":"#0","tintindex":0},"south":{"uv":[10.25,1.75,11.25,3.5],"rotation":0,"texture":"#0","tintindex":0},"north":{"uv":[1.25,10.25,2.25,12.0],"rotation":0,"texture":"#0","tintindex":0},"west":{"uv":[5.5,8.75,7.25,10.5],"rotation":0,"texture":"#0","tintindex":0},"up":{"uv":[3.25,12.0,2.25,10.25],"rotation":0,"texture":"#0","tintindex":0},"down":{"uv":[8.25,10.25,7.25,12.0],"rotation":0,"texture":"#0","tintindex":0}}},{"from":[7.0,5.285714,10.357143],"to":[7.0,9.285714,11.5],"rotation":{"angle":0.0,"axis":"y","origin":[7.5714283,3.0,8.642858]},"faces":{"east":{"uv":[6.5,12.0,6.0,13.75],"rotation":0,"texture":"#0","tintindex":0},"south":{"uv":[0.0,0.0,0.0,1.75],"rotation":0,"texture":"#0","tintindex":0},"north":{"uv":[0.0,0.0,0.0,1.75],"rotation":0,"texture":"#0","tintindex":0},"west":{"uv":[6.0,12.0,6.5,13.75],"rotation":0,"texture":"#0","tintindex":0},"up":{"uv":[0.0,0.5,0.0,0.0],"rotation":0,"texture":"#0","tintindex":0},"down":{"uv":[0.0,0.0,0.0,0.5],"rotation":0,"texture":"#0","tintindex":0}}},{"from":[7.0,3.5714283,8.071428],"to":[9.285714,5.285714,10.357143],"rotation":{"angle":0.0,"axis":"y","origin":[7.5714283,-1.0,8.642858]},"faces":{"east":{"uv":[3.25,12.25,4.25,13.0],"rotation":0,"texture":"#0","tintindex":0},"south":{"uv":[4.25,12.25,5.25,13.0],"rotation":0,"texture":"#0","tintindex":0},"north":{"uv":[12.0,9.75,13.0,10.5],"rotation":0,"texture":"#0","tintindex":0},"west":{"uv":[12.25,6.25,13.25,7.0],"rotation":0,"texture":"#0","tintindex":0},"up":{"uv":[12.5,11.75,11.5,10.75],"rotation":0,"texture":"#0","tintindex":0},"down":{"uv":[1.0,11.75,0.0,12.75],"rotation":0,"texture":"#0","tintindex":0}}}],"display":{"head":{"translation":[0.0,-6.4,0.0],"scale":[4.0,4.0,4.0]}}}