{"textures":{"0":"modelengine:entity/rpg_rat"},"elements":[{"from":[7.428571,7.863529,5.6308746],"to":[8.571428,9.006387,7.3451605],"rotation":{"angle":-22.5,"axis":"x","origin":[7.714286,9.006387,8.488018]},"faces":{"east":{"uv":[4.0,13.0,3.25,13.5],"rotation":0,"texture":"#0","tintindex":0},"south":{"uv":[12.25,13.0,11.75,13.5],"rotation":0,"texture":"#0","tintindex":0},"north":{"uv":[11.75,13.0,11.25,13.5],"rotation":0,"texture":"#0","tintindex":0},"west":{"uv":[13.75,0.75,13.0,1.25],"rotation":0,"texture":"#0","tintindex":0},"up":{"uv":[1.75,13.75,2.25,13.0],"rotation":0,"texture":"#0","tintindex":0},"down":{"uv":[4.0,13.0,4.5,13.75],"rotation":0,"texture":"#0","tintindex":0}}}],"display":{"head":{"translation":[0.0,-6.4,0.0],"scale":[4.0,4.0,4.0]}}}