{"textures":{"0":"modelengine:entity/rpg_rat"},"elements":[{"from":[6.714286,5.285714,6.357143],"to":[9.0,9.285714,10.357143],"rotation":{"angle":0.0,"axis":"y","origin":[8.428572,3.0,8.642858]},"faces":{"east":{"uv":[7.25,8.75,5.5,10.5],"rotation":0,"texture":"#0","tintindex":0},"south":{"uv":[11.25,1.75,10.25,3.5],"rotation":0,"texture":"#0","tintindex":0},"north":{"uv":[2.25,10.25,1.25,12.0],"rotation":0,"texture":"#0","tintindex":0},"west":{"uv":[5.5,8.75,3.75,10.5],"rotation":0,"texture":"#0","tintindex":0},"up":{"uv":[2.25,12.0,3.25,10.25],"rotation":0,"texture":"#0","tintindex":0},"down":{"uv":[7.25,10.25,8.25,12.0],"rotation":0,"texture":"#0","tintindex":0}}},{"from":[9.0,5.285714,10.357143],"to":[9.0,9.285714,11.5],"rotation":{"angle":0.0,"axis":"y","origin":[8.428572,3.0,8.642858]},"faces":{"east":{"uv":[6.5,12.0,6.0,13.75],"rotation":0,"texture":"#0","tintindex":0},"south":{"uv":[0.0,0.0,0.0,1.75],"rotation":0,"texture":"#0","tintindex":0},"north":{"uv":[0.0,0.0,0.0,1.75],"rotation":0,"texture":"#0","tintindex":0},"west":{"uv":[6.0,12.0,6.5,13.75],"rotation":0,"texture":"#0","tintindex":0},"up":{"uv":[0.0,0.5,0.0,0.0],"rotation":0,"texture":"#0","tintindex":0},"down":{"uv":[0.0,0.0,0.0,0.5],"rotation":0,"texture":"#0","tintindex":0}}},{"from":[6.714286,3.5714283,8.071428],"to":[9.0,5.285714,10.357143],"rotation":{"angle":0.0,"axis":"y","origin":[8.428572,-1.0,8.642858]},"faces":{"east":{"uv":[13.25,6.25,12.25,7.0],"rotation":0,"texture":"#0","tintindex":0},"south":{"uv":[5.25,12.25,4.25,13.0],"rotation":0,"texture":"#0","tintindex":0},"north":{"uv":[13.0,9.75,12.0,10.5],"rotation":0,"texture":"#0","tintindex":0},"west":{"uv":[4.25,12.25,3.25,13.0],"rotation":0,"texture":"#0","tintindex":0},"up":{"uv":[11.5,11.75,12.5,10.75],"rotation":0,"texture":"#0","tintindex":0},"down":{"uv":[0.0,11.75,1.0,12.75],"rotation":0,"texture":"#0","tintindex":0}}}],"display":{"head":{"translation":[0.0,-6.4,0.0],"scale":[4.0,4.0,4.0]}}}