{"textures":{"0":"modelengine:entity/rpg_rat"},"elements":[{"from":[6.857143,5.487236,6.905413],"to":[9.142858,8.915808,9.762556],"rotation":{"angle":0.0,"axis":"y","origin":[10.285714,3.7729502,7.476842]},"faces":{"east":{"uv":[1.25,10.25,0.0,11.75],"rotation":0,"texture":"#0","tintindex":0},"south":{"uv":[11.5,10.75,10.5,12.25],"rotation":0,"texture":"#0","tintindex":0},"north":{"uv":[11.75,7.25,10.75,8.75],"rotation":0,"texture":"#0","tintindex":0},"west":{"uv":[10.5,9.75,9.25,11.25],"rotation":0,"texture":"#0","tintindex":0},"up":{"uv":[3.25,12.25,4.25,11.0],"rotation":0,"texture":"#0","tintindex":0},"down":{"uv":[4.25,11.0,5.25,12.25],"rotation":0,"texture":"#0","tintindex":0}}},{"from":[7.142857,4.4349575,7.3451605],"to":[8.857143,6.1492434,9.630875],"rotation":{"angle":-22.5,"axis":"x","origin":[8.0,5.577815,8.488018]},"faces":{"east":{"uv":[13.0,5.5,12.0,6.25],"rotation":0,"texture":"#0","tintindex":0},"south":{"uv":[11.25,12.75,10.5,13.5],"rotation":0,"texture":"#0","tintindex":0},"north":{"uv":[10.5,12.75,9.75,13.5],"rotation":0,"texture":"#0","tintindex":0},"west":{"uv":[13.0,4.75,12.0,5.5],"rotation":0,"texture":"#0","tintindex":0},"up":{"uv":[6.5,13.0,7.25,12.0],"rotation":0,"texture":"#0","tintindex":0},"down":{"uv":[7.25,12.0,8.0,13.0],"rotation":0,"texture":"#0","tintindex":0}}}],"display":{"head":{"translation":[0.0,-6.4,0.0],"scale":[4.0,4.0,4.0]}}}