{"textures":{"0":"modelengine:entity/rpg_rat"},"elements":[{"from":[7.142857,7.142857,7.428571],"to":[8.857143,8.857143,10.857143],"rotation":{"angle":0.0,"axis":"y","origin":[8.285714,7.714286,8.571428]},"faces":{"east":{"uv":[11.25,1.75,12.75,2.5],"rotation":0,"texture":"#0","tintindex":0},"south":{"uv":[12.75,1.75,13.5,2.5],"rotation":0,"texture":"#0","tintindex":0},"north":{"uv":[12.5,11.0,13.25,11.75],"rotation":0,"texture":"#0","tintindex":0},"west":{"uv":[11.25,2.5,12.75,3.25],"rotation":0,"texture":"#0","tintindex":0},"up":{"uv":[6.0,12.5,5.25,11.0],"rotation":0,"texture":"#0","tintindex":0},"down":{"uv":[12.0,4.75,11.25,6.25],"rotation":0,"texture":"#0","tintindex":0}}}],"display":{"head":{"translation":[0.0,-6.4,0.0],"scale":[4.0,4.0,4.0]}}}