{"textures":{"0":"modelengine:entity/rpg_rat"},"elements":[{"from":[7.428571,7.428571,8.0],"to":[8.571428,8.571428,10.857143],"rotation":{"angle":0.0,"axis":"y","origin":[8.0,8.0,8.571428]},"faces":{"east":{"uv":[1.0,12.5,2.25,13.0],"rotation":0,"texture":"#0","tintindex":0},"south":{"uv":[13.0,9.75,13.5,10.25],"rotation":0,"texture":"#0","tintindex":0},"north":{"uv":[8.5,13.0,9.0,13.5],"rotation":0,"texture":"#0","tintindex":0},"west":{"uv":[12.5,3.25,13.75,3.75],"rotation":0,"texture":"#0","tintindex":0},"up":{"uv":[2.75,13.75,2.25,12.5],"rotation":0,"texture":"#0","tintindex":0},"down":{"uv":[5.75,12.5,5.25,13.75],"rotation":0,"texture":"#0","tintindex":0}}}],"display":{"head":{"translation":[0.0,-6.4,0.0],"scale":[4.0,4.0,4.0]}}}