{"textures":{"0":"modelengine:entity/rpg_rat_undead"},"elements":[{"from":[7.428571,7.428571,5.142857],"to":[8.571428,8.571428,8.0],"rotation":{"angle":0.0,"axis":"y","origin":[8.0,8.0,6.5714283]},"faces":{"east":{"uv":[13.75,10.5,12.5,11.0],"rotation":0,"texture":"#0","tintindex":0},"south":{"uv":[13.75,4.25,13.25,4.75],"rotation":0,"texture":"#0","tintindex":0},"north":{"uv":[12.75,13.0,12.25,13.5],"rotation":0,"texture":"#0","tintindex":0},"west":{"uv":[13.75,3.75,12.5,4.25],"rotation":0,"texture":"#0","tintindex":0},"up":{"uv":[0.0,14.0,0.5,12.75],"rotation":0,"texture":"#0","tintindex":0},"down":{"uv":[0.5,12.75,1.0,14.0],"rotation":0,"texture":"#0","tintindex":0}}}],"display":{"head":{"translation":[0.0,-6.4,0.0],"scale":[4.0,4.0,4.0]}}}