{"textures":{"0":"modelengine:entity/rpg_rat_undead"},"elements":[{"from":[7.142857,6.857143,6.285714],"to":[8.857143,8.0,8.0],"rotation":{"angle":0.0,"axis":"y","origin":[8.0,8.0,9.142858]},"faces":{"east":{"uv":[13.75,7.5,13.0,8.0],"rotation":0,"texture":"#0","tintindex":0},"south":{"uv":[8.0,13.0,7.25,13.5],"rotation":0,"texture":"#0","tintindex":0},"north":{"uv":[7.25,13.0,6.5,13.5],"rotation":0,"texture":"#0","tintindex":0},"west":{"uv":[13.75,7.0,13.0,7.5],"rotation":0,"texture":"#0","tintindex":0},"up":{"uv":[13.0,0.75,13.75,0.0],"rotation":0,"texture":"#0","tintindex":0},"down":{"uv":[1.0,13.0,1.75,13.75],"rotation":0,"texture":"#0","tintindex":0}}}],"display":{"head":{"translation":[0.0,-6.4,0.0],"scale":[4.0,4.0,4.0]}}}