{"textures":{"0":"modelengine:entity/rpg_rat_undead"},"elements":[{"from":[7.142857,6.857143,6.285714],"to":[8.857143,8.0,8.0],"rotation":{"angle":0.0,"axis":"y","origin":[8.0,8.0,9.142858]},"faces":{"east":{"uv":[13.75,5.75,13.0,6.25],"rotation":0,"texture":"#0","tintindex":0},"south":{"uv":[13.75,5.25,13.0,5.75],"rotation":0,"texture":"#0","tintindex":0},"north":{"uv":[5.25,13.0,4.5,13.5],"rotation":0,"texture":"#0","tintindex":0},"west":{"uv":[13.75,4.75,13.0,5.25],"rotation":0,"texture":"#0","tintindex":0},"up":{"uv":[12.75,12.5,13.5,11.75],"rotation":0,"texture":"#0","tintindex":0},"down":{"uv":[12.75,12.5,13.5,13.25],"rotation":0,"texture":"#0","tintindex":0}}}],"display":{"head":{"translation":[0.0,-6.4,0.0],"scale":[4.0,4.0,4.0]}}}