{"textures":{"0":"modelengine:entity/rpg_rat_undead"},"elements":[{"from":[7.428571,7.428571,8.0],"to":[8.571428,8.571428,10.857143],"rotation":{"angle":0.0,"axis":"y","origin":[8.0,8.0,8.571428]},"faces":{"east":{"uv":[9.0,12.25,10.25,12.75],"rotation":0,"texture":"#0","tintindex":0},"south":{"uv":[13.0,8.0,13.5,8.5],"rotation":0,"texture":"#0","tintindex":0},"north":{"uv":[8.0,13.0,8.5,13.5],"rotation":0,"texture":"#0","tintindex":0},"west":{"uv":[10.25,12.25,11.5,12.75],"rotation":0,"texture":"#0","tintindex":0},"up":{"uv":[12.75,13.0,12.25,11.75],"rotation":0,"texture":"#0","tintindex":0},"down":{"uv":[13.0,0.0,12.5,1.25],"rotation":0,"texture":"#0","tintindex":0}}}],"display":{"head":{"translation":[0.0,-6.4,0.0],"scale":[4.0,4.0,4.0]}}}