{"textures":{"0":"modelengine:entity/rpg_bat"},"elements":[{"from":[7.142857,8.506401,7.1010847],"to":[8.857143,9.649259,8.815371],"rotation":{"angle":-45.0,"axis":"x","origin":[8.285714,9.077829,7.3867993]},"faces":{"east":{"uv":[7.5,6.5,9.0,7.5],"rotation":0,"texture":"#0","tintindex":0},"south":{"uv":[7.5,7.5,9.0,8.5],"rotation":0,"texture":"#0","tintindex":0},"north":{"uv":[7.5,5.5,9.0,6.5],"rotation":0,"texture":"#0","tintindex":0},"west":{"uv":[8.0,0.0,9.5,1.0],"rotation":0,"texture":"#0","tintindex":0},"up":{"uv":[6.5,6.0,5.0,4.5],"rotation":0,"texture":"#0","tintindex":0},"down":{"uv":[6.5,6.0,5.0,7.5],"rotation":0,"texture":"#0","tintindex":0}}},{"from":[7.428571,7.363544,7.3867993],"to":[8.571428,9.649259,8.529656],"rotation":{"angle":0.0,"axis":"y","origin":[8.0,4.506401,7.1010847]},"faces":{"east":{"uv":[6.5,6.5,7.5,8.5],"rotation":0,"texture":"#0","tintindex":0},"south":{"uv":[7.0,0.0,8.0,2.0],"rotation":0,"texture":"#0","tintindex":0},"north":{"uv":[6.5,4.5,7.5,6.5],"rotation":0,"texture":"#0","tintindex":0},"west":{"uv":[7.0,2.0,8.0,4.0],"rotation":0,"texture":"#0","tintindex":0},"up":{"uv":[10.0,2.0,9.0,1.0],"rotation":0,"texture":"#0","tintindex":0},"down":{"uv":[3.0,9.0,2.0,10.0],"rotation":0,"texture":"#0","tintindex":0}}}],"display":{"head":{"translation":[0.0,-6.4,0.0],"scale":[4.0,4.0,4.0]}}}