{"textures":{"0":"modelengine:entity/rpg_bat"},"elements":[{"from":[7.428571,7.714286,7.142857],"to":[8.571428,8.857143,8.285714],"rotation":{"angle":0.0,"axis":"y","origin":[8.0,2.5714283,7.714286]},"faces":{"east":{"uv":[6.0,8.5,7.0,9.5],"rotation":0,"texture":"#0","tintindex":0},"south":{"uv":[7.0,8.5,8.0,9.5],"rotation":0,"texture":"#0","tintindex":0},"north":{"uv":[8.5,4.0,9.5,5.0],"rotation":0,"texture":"#0","tintindex":0},"west":{"uv":[8.0,8.5,9.0,9.5],"rotation":0,"texture":"#0","tintindex":0},"up":{"uv":[1.0,10.0,0.0,9.0],"rotation":0,"texture":"#0","tintindex":0},"down":{"uv":[2.0,9.0,1.0,10.0],"rotation":0,"texture":"#0","tintindex":0}}},{"from":[7.714286,7.714286,6.5714283],"to":[8.285714,8.285714,7.142857],"rotation":{"angle":0.0,"axis":"y","origin":[8.0,2.5714283,7.714286]},"faces":{"east":{"uv":[8.5,5.0,9.0,5.5],"rotation":0,"texture":"#0","tintindex":0},"south":{"uv":[5.0,9.0,5.5,9.5],"rotation":0,"texture":"#0","tintindex":0},"north":{"uv":[7.0,4.0,7.5,4.5],"rotation":0,"texture":"#0","tintindex":0},"west":{"uv":[9.0,5.0,9.5,5.5],"rotation":0,"texture":"#0","tintindex":0},"up":{"uv":[6.0,9.5,5.5,9.0],"rotation":0,"texture":"#0","tintindex":0},"down":{"uv":[9.5,5.5,9.0,6.0],"rotation":0,"texture":"#0","tintindex":0}}},{"from":[6.5714283,8.285714,8.0],"to":[7.714286,10.0,8.0],"rotation":{"angle":22.5,"axis":"x","origin":[7.428571,8.571428,8.0]},"faces":{"east":{"uv":[0.0,0.0,0.0,1.5],"rotation":0,"texture":"#0","tintindex":0},"south":{"uv":[5.0,7.5,6.0,9.0],"rotation":0,"texture":"#0","tintindex":0},"north":{"uv":[7.5,4.0,8.5,5.5],"rotation":0,"texture":"#0","tintindex":0},"west":{"uv":[0.0,0.0,0.0,1.5],"rotation":0,"texture":"#0","tintindex":0},"up":{"uv":[1.0,0.0,0.0,0.0],"rotation":0,"texture":"#0","tintindex":0},"down":{"uv":[1.0,0.0,0.0,0.0],"rotation":0,"texture":"#0","tintindex":0}}},{"from":[8.285714,8.285714,8.0],"to":[9.428572,10.0,8.0],"rotation":{"angle":22.5,"axis":"x","origin":[8.571428,8.571428,8.0]},"faces":{"east":{"uv":[0.0,0.0,0.0,1.5],"rotation":0,"texture":"#0","tintindex":0},"south":{"uv":[6.0,7.5,5.0,9.0],"rotation":0,"texture":"#0","tintindex":0},"north":{"uv":[8.5,4.0,7.5,5.5],"rotation":0,"texture":"#0","tintindex":0},"west":{"uv":[0.0,0.0,0.0,1.5],"rotation":0,"texture":"#0","tintindex":0},"up":{"uv":[0.0,0.0,1.0,0.0],"rotation":0,"texture":"#0","tintindex":0},"down":{"uv":[0.0,0.0,1.0,0.0],"rotation":0,"texture":"#0","tintindex":0}}}],"display":{"head":{"translation":[0.0,-6.4,0.0],"scale":[4.0,4.0,4.0]}}}