{"textures":{"0":"modelengine:entity/rpg_bat"},"elements":[{"from":[4.0,4.0,8.0],"to":[8.571428,9.142858,8.0],"rotation":{"angle":0.0,"axis":"y","origin":[11.428572,1.7142854,6.857143]},"faces":{"east":{"uv":[0.0,0.0,0.0,4.5],"rotation":0,"texture":"#0","tintindex":0},"south":{"uv":[3.5,0.0,7.0,4.5],"rotation":0,"texture":"#0","tintindex":0},"north":{"uv":[0.0,0.0,3.5,4.5],"rotation":0,"texture":"#0","tintindex":0},"west":{"uv":[0.0,0.0,0.0,4.5],"rotation":0,"texture":"#0","tintindex":0},"up":{"uv":[3.5,0.0,0.0,0.0],"rotation":0,"texture":"#0","tintindex":0},"down":{"uv":[3.5,0.0,0.0,0.0],"rotation":0,"texture":"#0","tintindex":0}}}],"display":{"head":{"translation":[0.0,-6.4,0.0],"scale":[4.0,4.0,4.0]}}}