{"textures":{"0":"modelengine:entity/rpg_bat"},"elements":[{"from":[4.5714283,5.714286,8.0],"to":[8.0,10.857143,8.0],"rotation":{"angle":0.0,"axis":"y","origin":[8.571428,3.4285712,6.857143]},"faces":{"east":{"uv":[0.0,0.0,0.0,4.5],"rotation":0,"texture":"#0","tintindex":0},"south":{"uv":[2.5,4.5,5.0,9.0],"rotation":0,"texture":"#0","tintindex":0},"north":{"uv":[0.0,4.5,2.5,9.0],"rotation":0,"texture":"#0","tintindex":0},"west":{"uv":[0.0,0.0,0.0,4.5],"rotation":0,"texture":"#0","tintindex":0},"up":{"uv":[2.5,0.0,0.0,0.0],"rotation":0,"texture":"#0","tintindex":0},"down":{"uv":[2.5,0.0,0.0,0.0],"rotation":0,"texture":"#0","tintindex":0}}}],"display":{"head":{"translation":[0.0,-6.4,0.0],"scale":[4.0,4.0,4.0]}}}