{"textures":{"0":"modelengine:entity/rpg_bat"},"elements":[{"from":[7.428571,5.881653,7.857143],"to":[8.0,6.4530816,8.428572],"rotation":{"angle":-45.0,"axis":"x","origin":[7.714286,6.1673675,8.142858]},"faces":{"east":{"uv":[9.5,0.0,10.0,0.5],"rotation":0,"texture":"#0","tintindex":0},"south":{"uv":[9.5,0.5,10.0,1.0],"rotation":0,"texture":"#0","tintindex":0},"north":{"uv":[9.0,9.0,9.5,9.5],"rotation":0,"texture":"#0","tintindex":0},"west":{"uv":[9.5,3.0,10.0,3.5],"rotation":0,"texture":"#0","tintindex":0},"up":{"uv":[10.0,4.0,9.5,3.5],"rotation":0,"texture":"#0","tintindex":0},"down":{"uv":[10.0,4.0,9.5,4.5],"rotation":0,"texture":"#0","tintindex":0}}},{"from":[7.428571,7.142857,7.5714283],"to":[8.0,8.285714,8.714286],"rotation":{"angle":0.0,"axis":"y","origin":[8.571428,4.8571424,7.0]},"faces":{"east":{"uv":[9.0,2.0,10.0,3.0],"rotation":0,"texture":"#0","tintindex":0},"south":{"uv":[9.0,3.0,9.5,4.0],"rotation":0,"texture":"#0","tintindex":0},"north":{"uv":[6.0,7.5,6.5,8.5],"rotation":0,"texture":"#0","tintindex":0},"west":{"uv":[3.0,9.0,4.0,10.0],"rotation":0,"texture":"#0","tintindex":0},"up":{"uv":[4.5,10.0,4.0,9.0],"rotation":0,"texture":"#0","tintindex":0},"down":{"uv":[5.0,9.0,4.5,10.0],"rotation":0,"texture":"#0","tintindex":0}}},{"from":[7.428571,6.5714283,8.142858],"to":[8.0,7.142857,8.714286],"rotation":{"angle":0.0,"axis":"y","origin":[8.571428,4.8571424,7.0]},"faces":{"east":{"uv":[9.0,6.5,9.5,7.0],"rotation":0,"texture":"#0","tintindex":0},"south":{"uv":[9.0,7.0,9.5,7.5],"rotation":0,"texture":"#0","tintindex":0},"north":{"uv":[9.0,6.0,9.5,6.5],"rotation":0,"texture":"#0","tintindex":0},"west":{"uv":[9.0,7.5,9.5,8.0],"rotation":0,"texture":"#0","tintindex":0},"up":{"uv":[9.5,8.5,9.0,8.0],"rotation":0,"texture":"#0","tintindex":0},"down":{"uv":[9.5,8.5,9.0,9.0],"rotation":0,"texture":"#0","tintindex":0}}}],"display":{"head":{"translation":[0.0,-6.4,0.0],"scale":[4.0,4.0,4.0]}}}