{"textures":{"0":"modelengine:entity/rpg_bat"},"elements":[{"from":[8.0,5.714286,8.0],"to":[11.428572,10.857143,8.0],"rotation":{"angle":0.0,"axis":"y","origin":[7.428571,3.4285712,6.857143]},"faces":{"east":{"uv":[0.0,0.0,0.0,4.5],"rotation":0,"texture":"#0","tintindex":0},"south":{"uv":[5.0,4.5,2.5,9.0],"rotation":0,"texture":"#0","tintindex":0},"north":{"uv":[2.5,4.5,0.0,9.0],"rotation":0,"texture":"#0","tintindex":0},"west":{"uv":[0.0,0.0,0.0,4.5],"rotation":0,"texture":"#0","tintindex":0},"up":{"uv":[0.0,0.0,2.5,0.0],"rotation":0,"texture":"#0","tintindex":0},"down":{"uv":[0.0,0.0,2.5,0.0],"rotation":0,"texture":"#0","tintindex":0}}}],"display":{"head":{"translation":[0.0,-6.4,0.0],"scale":[4.0,4.0,4.0]}}}