{"textures":{"0":"modelengine:entity/rpg_bat"},"elements":[{"from":[7.428571,4.0,8.0],"to":[12.0,9.142858,8.0],"rotation":{"angle":0.0,"axis":"y","origin":[4.5714283,1.7142854,6.857143]},"faces":{"east":{"uv":[0.0,0.0,0.0,4.5],"rotation":0,"texture":"#0","tintindex":0},"south":{"uv":[7.0,0.0,3.5,4.5],"rotation":0,"texture":"#0","tintindex":0},"north":{"uv":[3.5,0.0,0.0,4.5],"rotation":0,"texture":"#0","tintindex":0},"west":{"uv":[0.0,0.0,0.0,4.5],"rotation":0,"texture":"#0","tintindex":0},"up":{"uv":[0.0,0.0,3.5,0.0],"rotation":0,"texture":"#0","tintindex":0},"down":{"uv":[0.0,0.0,3.5,0.0],"rotation":0,"texture":"#0","tintindex":0}}}],"display":{"head":{"translation":[0.0,-6.4,0.0],"scale":[4.0,4.0,4.0]}}}