{"textures":{"0":"modelengine:entity/rpg_bat"},"elements":[{"from":[7.428571,6.285714,8.0],"to":[8.571428,8.0,8.0],"rotation":{"angle":0.0,"axis":"y","origin":[8.0,7.142857,8.0]},"faces":{"east":{"uv":[0.0,0.0,0.0,1.5],"rotation":0,"texture":"#0","tintindex":0},"south":{"uv":[8.0,2.5,9.0,4.0],"rotation":0,"texture":"#0","tintindex":0},"north":{"uv":[8.0,1.0,9.0,2.5],"rotation":0,"texture":"#0","tintindex":0},"west":{"uv":[0.0,0.0,0.0,1.5],"rotation":0,"texture":"#0","tintindex":0},"up":{"uv":[1.0,0.0,0.0,0.0],"rotation":0,"texture":"#0","tintindex":0},"down":{"uv":[1.0,0.0,0.0,0.0],"rotation":0,"texture":"#0","tintindex":0}}}],"display":{"head":{"translation":[0.0,-6.4,0.0],"scale":[4.0,4.0,4.0]}}}