{"textures":{"0":"modelengine:entity/dungeon_shackles"},"elements":[{"from":[9.142858,18.857143,12.0],"to":[11.428572,21.142857,12.571428],"rotation":{"angle":0.0,"axis":"y","origin":[10.285714,16.428572,11.571428]},"faces":{"east":{"uv":[6.5,0.0,7.0,2.0],"rotation":0,"texture":"#0","tintindex":0},"south":{"uv":[3.0,2.0,5.0,4.0],"rotation":0,"texture":"#0","tintindex":0},"north":{"uv":[3.0,0.0,5.0,2.0],"rotation":0,"texture":"#0","tintindex":0},"west":{"uv":[1.0,6.5,1.5,8.5],"rotation":0,"texture":"#0","tintindex":0},"up":{"uv":[3.5,7.0,1.5,6.5],"rotation":0,"texture":"#0","tintindex":0},"down":{"uv":[8.5,2.0,6.5,2.5],"rotation":0,"texture":"#0","tintindex":0}}},{"from":[10.0,19.142857,10.857143],"to":[10.571428,20.857143,12.0],"rotation":{"angle":0.0,"axis":"y","origin":[10.285714,16.428572,11.571428]},"faces":{"east":{"uv":[1.0,5.0,2.0,6.5],"rotation":0,"texture":"#0","tintindex":0},"south":{"uv":[3.5,6.5,4.0,8.0],"rotation":0,"texture":"#0","tintindex":0},"north":{"uv":[6.5,2.5,7.0,4.0],"rotation":0,"texture":"#0","tintindex":0},"west":{"uv":[2.0,5.0,3.0,6.5],"rotation":0,"texture":"#0","tintindex":0},"up":{"uv":[4.5,7.5,4.0,6.5],"rotation":0,"texture":"#0","tintindex":0},"down":{"uv":[5.0,6.5,4.5,7.5],"rotation":0,"texture":"#0","tintindex":0}}},{"from":[9.428572,14.571428,11.714286],"to":[11.142858,20.285715,11.714286],"rotation":{"angle":0.0,"axis":"y","origin":[10.285714,16.428572,11.857143]},"faces":{"east":{"uv":[0.0,0.0,0.0,5.0],"rotation":0,"texture":"#0","tintindex":0},"south":{"uv":[1.5,0.0,0.0,5.0],"rotation":0,"texture":"#0","tintindex":0},"north":{"uv":[0.0,0.0,1.5,5.0],"rotation":0,"texture":"#0","tintindex":0},"west":{"uv":[0.0,0.0,0.0,5.0],"rotation":0,"texture":"#0","tintindex":0},"up":{"uv":[1.5,0.0,0.0,0.0],"rotation":0,"texture":"#0","tintindex":0},"down":{"uv":[1.5,0.0,0.0,0.0],"rotation":0,"texture":"#0","tintindex":0}}},{"from":[9.428572,14.0,11.142858],"to":[11.142858,14.571428,12.285715],"rotation":{"angle":0.0,"axis":"y","origin":[10.285714,16.428572,11.857143]},"faces":{"east":{"uv":[6.5,5.0,7.5,5.5],"rotation":0,"texture":"#0","tintindex":0},"south":{"uv":[6.5,4.5,8.0,5.0],"rotation":0,"texture":"#0","tintindex":0},"north":{"uv":[6.5,4.0,8.0,4.5],"rotation":0,"texture":"#0","tintindex":0},"west":{"uv":[6.5,5.5,7.5,6.0],"rotation":0,"texture":"#0","tintindex":0},"up":{"uv":[6.5,3.5,5.0,2.5],"rotation":0,"texture":"#0","tintindex":0},"down":{"uv":[6.5,3.5,5.0,4.5],"rotation":0,"texture":"#0","tintindex":0}}},{"from":[11.142858,11.714286,11.142858],"to":[11.714286,14.571428,12.285715],"rotation":{"angle":0.0,"axis":"y","origin":[10.285714,16.428572,11.857143]},"faces":{"east":{"uv":[3.0,4.0,4.0,6.5],"rotation":0,"texture":"#0","tintindex":0},"south":{"uv":[5.5,4.5,6.0,7.0],"rotation":0,"texture":"#0","tintindex":0},"north":{"uv":[5.0,4.5,5.5,7.0],"rotation":0,"texture":"#0","tintindex":0},"west":{"uv":[4.0,4.0,5.0,6.5],"rotation":0,"texture":"#0","tintindex":0},"up":{"uv":[7.0,7.0,6.5,6.0],"rotation":0,"texture":"#0","tintindex":0},"down":{"uv":[7.5,0.0,7.0,1.0],"rotation":0,"texture":"#0","tintindex":0}}},{"from":[8.857143,11.714286,11.142858],"to":[9.428572,14.571428,12.285715],"rotation":{"angle":0.0,"axis":"y","origin":[10.285714,16.428572,11.857143]},"faces":{"east":{"uv":[0.0,5.0,1.0,7.5],"rotation":0,"texture":"#0","tintindex":0},"south":{"uv":[6.0,4.5,6.5,7.0],"rotation":0,"texture":"#0","tintindex":0},"north":{"uv":[6.0,0.0,6.5,2.5],"rotation":0,"texture":"#0","tintindex":0},"west":{"uv":[5.0,0.0,6.0,2.5],"rotation":0,"texture":"#0","tintindex":0},"up":{"uv":[7.5,2.0,7.0,1.0],"rotation":0,"texture":"#0","tintindex":0},"down":{"uv":[2.0,7.0,1.5,8.0],"rotation":0,"texture":"#0","tintindex":0}}},{"from":[9.428572,11.714286,11.142858],"to":[10.0,12.285715,12.285715],"rotation":{"angle":0.0,"axis":"y","origin":[10.285714,14.142858,11.857143]},"faces":{"east":{"uv":[2.0,7.0,3.0,7.5],"rotation":0,"texture":"#0","tintindex":0},"south":{"uv":[7.5,0.0,8.0,0.5],"rotation":0,"texture":"#0","tintindex":0},"north":{"uv":[0.0,7.5,0.5,8.0],"rotation":0,"texture":"#0","tintindex":0},"west":{"uv":[7.0,2.5,8.0,3.0],"rotation":0,"texture":"#0","tintindex":0},"up":{"uv":[3.5,8.0,3.0,7.0],"rotation":0,"texture":"#0","tintindex":0},"down":{"uv":[7.5,3.0,7.0,4.0],"rotation":0,"texture":"#0","tintindex":0}}},{"from":[10.571428,11.714286,11.142858],"to":[11.142858,12.285715,12.285715],"rotation":{"angle":0.0,"axis":"y","origin":[11.428572,14.142858,11.857143]},"faces":{"east":{"uv":[5.0,7.0,6.0,7.5],"rotation":0,"texture":"#0","tintindex":0},"south":{"uv":[7.5,0.5,8.0,1.0],"rotation":0,"texture":"#0","tintindex":0},"north":{"uv":[0.5,7.5,1.0,8.0],"rotation":0,"texture":"#0","tintindex":0},"west":{"uv":[6.0,7.0,7.0,7.5],"rotation":0,"texture":"#0","tintindex":0},"up":{"uv":[7.5,7.0,7.0,6.0],"rotation":0,"texture":"#0","tintindex":0},"down":{"uv":[7.5,7.0,7.0,8.0],"rotation":0,"texture":"#0","tintindex":0}}},{"from":[6.0,11.714286,11.142858],"to":[6.5714283,12.285715,12.285715],"rotation":{"angle":0.0,"axis":"y","origin":[6.857143,14.142858,11.857143]},"faces":{"east":{"uv":[5.0,7.0,6.0,7.5],"rotation":0,"texture":"#0","tintindex":0},"south":{"uv":[7.5,0.5,8.0,1.0],"rotation":0,"texture":"#0","tintindex":0},"north":{"uv":[0.5,7.5,1.0,8.0],"rotation":0,"texture":"#0","tintindex":0},"west":{"uv":[6.0,7.0,7.0,7.5],"rotation":0,"texture":"#0","tintindex":0},"up":{"uv":[7.5,7.0,7.0,6.0],"rotation":0,"texture":"#0","tintindex":0},"down":{"uv":[7.5,7.0,7.0,8.0],"rotation":0,"texture":"#0","tintindex":0}}},{"from":[4.8571424,11.714286,11.142858],"to":[5.428571,12.285715,12.285715],"rotation":{"angle":0.0,"axis":"y","origin":[5.714286,14.142858,11.857143]},"faces":{"east":{"uv":[2.0,7.0,3.0,7.5],"rotation":0,"texture":"#0","tintindex":0},"south":{"uv":[7.5,0.0,8.0,0.5],"rotation":0,"texture":"#0","tintindex":0},"north":{"uv":[0.0,7.5,0.5,8.0],"rotation":0,"texture":"#0","tintindex":0},"west":{"uv":[7.0,2.5,8.0,3.0],"rotation":0,"texture":"#0","tintindex":0},"up":{"uv":[3.5,8.0,3.0,7.0],"rotation":0,"texture":"#0","tintindex":0},"down":{"uv":[7.5,3.0,7.0,4.0],"rotation":0,"texture":"#0","tintindex":0}}},{"from":[4.285714,11.714286,11.142858],"to":[4.8571424,14.571428,12.285715],"rotation":{"angle":0.0,"axis":"y","origin":[5.714286,16.428572,11.857143]},"faces":{"east":{"uv":[0.0,5.0,1.0,7.5],"rotation":0,"texture":"#0","tintindex":0},"south":{"uv":[6.0,4.5,6.5,7.0],"rotation":0,"texture":"#0","tintindex":0},"north":{"uv":[6.0,0.0,6.5,2.5],"rotation":0,"texture":"#0","tintindex":0},"west":{"uv":[5.0,0.0,6.0,2.5],"rotation":0,"texture":"#0","tintindex":0},"up":{"uv":[7.5,2.0,7.0,1.0],"rotation":0,"texture":"#0","tintindex":0},"down":{"uv":[2.0,7.0,1.5,8.0],"rotation":0,"texture":"#0","tintindex":0}}},{"from":[6.5714283,11.714286,11.142858],"to":[7.142857,14.571428,12.285715],"rotation":{"angle":0.0,"axis":"y","origin":[5.714286,16.428572,11.857143]},"faces":{"east":{"uv":[3.0,4.0,4.0,6.5],"rotation":0,"texture":"#0","tintindex":0},"south":{"uv":[5.5,4.5,6.0,7.0],"rotation":0,"texture":"#0","tintindex":0},"north":{"uv":[5.0,4.5,5.5,7.0],"rotation":0,"texture":"#0","tintindex":0},"west":{"uv":[4.0,4.0,5.0,6.5],"rotation":0,"texture":"#0","tintindex":0},"up":{"uv":[7.0,7.0,6.5,6.0],"rotation":0,"texture":"#0","tintindex":0},"down":{"uv":[7.5,0.0,7.0,1.0],"rotation":0,"texture":"#0","tintindex":0}}},{"from":[4.8571424,14.0,11.142858],"to":[6.5714283,14.571428,12.285715],"rotation":{"angle":0.0,"axis":"y","origin":[5.714286,16.428572,11.857143]},"faces":{"east":{"uv":[6.5,5.0,7.5,5.5],"rotation":0,"texture":"#0","tintindex":0},"south":{"uv":[6.5,4.5,8.0,5.0],"rotation":0,"texture":"#0","tintindex":0},"north":{"uv":[6.5,4.0,8.0,4.5],"rotation":0,"texture":"#0","tintindex":0},"west":{"uv":[6.5,5.5,7.5,6.0],"rotation":0,"texture":"#0","tintindex":0},"up":{"uv":[6.5,3.5,5.0,2.5],"rotation":0,"texture":"#0","tintindex":0},"down":{"uv":[6.5,3.5,5.0,4.5],"rotation":0,"texture":"#0","tintindex":0}}},{"from":[4.8571424,14.571428,11.714286],"to":[6.5714283,20.285715,11.714286],"rotation":{"angle":0.0,"axis":"y","origin":[5.714286,16.428572,11.857143]},"faces":{"east":{"uv":[0.0,0.0,0.0,5.0],"rotation":0,"texture":"#0","tintindex":0},"south":{"uv":[1.5,0.0,0.0,5.0],"rotation":0,"texture":"#0","tintindex":0},"north":{"uv":[0.0,0.0,1.5,5.0],"rotation":0,"texture":"#0","tintindex":0},"west":{"uv":[0.0,0.0,0.0,5.0],"rotation":0,"texture":"#0","tintindex":0},"up":{"uv":[1.5,0.0,0.0,0.0],"rotation":0,"texture":"#0","tintindex":0},"down":{"uv":[1.5,0.0,0.0,0.0],"rotation":0,"texture":"#0","tintindex":0}}},{"from":[5.428571,19.142857,10.857143],"to":[6.0,20.857143,12.0],"rotation":{"angle":0.0,"axis":"y","origin":[5.714286,16.428572,11.571428]},"faces":{"east":{"uv":[1.0,5.0,2.0,6.5],"rotation":0,"texture":"#0","tintindex":0},"south":{"uv":[3.5,6.5,4.0,8.0],"rotation":0,"texture":"#0","tintindex":0},"north":{"uv":[6.5,2.5,7.0,4.0],"rotation":0,"texture":"#0","tintindex":0},"west":{"uv":[2.0,5.0,3.0,6.5],"rotation":0,"texture":"#0","tintindex":0},"up":{"uv":[4.5,7.5,4.0,6.5],"rotation":0,"texture":"#0","tintindex":0},"down":{"uv":[5.0,6.5,4.5,7.5],"rotation":0,"texture":"#0","tintindex":0}}},{"from":[4.5714283,18.857143,12.0],"to":[6.857143,21.142857,12.571428],"rotation":{"angle":0.0,"axis":"y","origin":[5.714286,16.428572,11.571428]},"faces":{"east":{"uv":[6.5,0.0,7.0,2.0],"rotation":0,"texture":"#0","tintindex":0},"south":{"uv":[3.0,2.0,5.0,4.0],"rotation":0,"texture":"#0","tintindex":0},"north":{"uv":[3.0,0.0,5.0,2.0],"rotation":0,"texture":"#0","tintindex":0},"west":{"uv":[1.0,6.5,1.5,8.5],"rotation":0,"texture":"#0","tintindex":0},"up":{"uv":[3.5,7.0,1.5,6.5],"rotation":0,"texture":"#0","tintindex":0},"down":{"uv":[8.5,2.0,6.5,2.5],"rotation":0,"texture":"#0","tintindex":0}}}],"display":{"head":{"translation":[0.0,-6.4,0.0],"scale":[4.0,4.0,4.0]}}}