{"textures":{"0":"modelengine:entity/goblinshaman"},"elements":[{"from":[5.2571425,8.434328,5.7554283],"to":[10.742857,10.720042,9.869715],"rotation":{"angle":0.0,"axis":"y","origin":[8.0,8.434328,5.7554283]},"faces":{"east":{"uv":[2.75,5.875,3.625,6.375],"rotation":0,"texture":"#0","tintindex":0},"south":{"uv":[5.0,5.0,6.25,5.5],"rotation":0,"texture":"#0","tintindex":0},"north":{"uv":[4.875,3.5,6.125,4.0],"rotation":0,"texture":"#0","tintindex":0},"west":{"uv":[5.875,0.0,6.75,0.5],"rotation":0,"texture":"#0","tintindex":0},"up":{"uv":[4.75,3.5,3.5,2.625],"rotation":0,"texture":"#0","tintindex":0},"down":{"uv":[2.75,4.0,1.5,4.875],"rotation":0,"texture":"#0","tintindex":0}}},{"from":[5.714286,6.1486135,5.7554283],"to":[10.285714,8.434328,8.498285],"rotation":{"angle":0.0,"axis":"y","origin":[8.0,6.1486135,5.7554283]},"faces":{"east":{"uv":[6.25,1.125,6.875,1.625],"rotation":0,"texture":"#0","tintindex":0},"south":{"uv":[1.75,5.625,2.75,6.125],"rotation":0,"texture":"#0","tintindex":0},"north":{"uv":[5.0,5.5,6.0,6.0],"rotation":0,"texture":"#0","tintindex":0},"west":{"uv":[6.625,2.75,7.25,3.25],"rotation":0,"texture":"#0","tintindex":0},"up":{"uv":[6.0,4.625,5.0,4.0],"rotation":0,"texture":"#0","tintindex":0},"down":{"uv":[3.75,5.25,2.75,5.875],"rotation":0,"texture":"#0","tintindex":0}}},{"from":[1.2571425,7.0628996,8.041142],"to":[5.8285713,10.720042,8.498285],"rotation":{"angle":0.0,"axis":"y","origin":[5.8285713,10.262899,8.041142]},"faces":{"east":{"uv":[3.5,7.125,3.375,7.875],"rotation":0,"texture":"#0","tintindex":0},"south":{"uv":[5.875,0.0,4.875,0.75],"rotation":0,"texture":"#0","tintindex":0},"north":{"uv":[2.75,4.875,1.75,5.625],"rotation":0,"texture":"#0","tintindex":0},"west":{"uv":[2.0,0.0,1.875,0.75],"rotation":0,"texture":"#0","tintindex":0},"up":{"uv":[1.0,1.0,2.0,0.875],"rotation":0,"texture":"#0","tintindex":0},"down":{"uv":[6.875,5.125,7.875,5.25],"rotation":0,"texture":"#0","tintindex":0}}},{"from":[4.0,10.205757,7.469714],"to":[7.428571,17.777185,8.041142],"rotation":{"angle":45.0,"axis":"z","origin":[5.714286,10.348614,7.469714]},"faces":{"east":{"uv":[0.125,8.75,0.0,10.40625],"rotation":0,"texture":"#0","tintindex":0},"south":{"uv":[0.75,2.5,0.0,4.09375],"rotation":0,"texture":"#0","tintindex":0},"north":{"uv":[0.75,2.5,0.0,4.09375],"rotation":0,"texture":"#0","tintindex":0},"west":{"uv":[0.125,8.25,0.0,9.90625],"rotation":0,"texture":"#0","tintindex":0},"up":{"uv":[11.25,0.875,10.5,1.0],"rotation":0,"texture":"#0","tintindex":0},"down":{"uv":[11.0,2.375,10.25,2.5],"rotation":0,"texture":"#0","tintindex":0}}},{"from":[6.285714,10.205757,5.7554283],"to":[9.714286,17.777185,6.326857],"rotation":{"angle":0.0,"axis":"y","origin":[8.0,10.348614,5.7554283]},"faces":{"east":{"uv":[1.25,5.125,1.375,6.75],"rotation":0,"texture":"#0","tintindex":0},"south":{"uv":[0.0,2.5,0.75,4.125],"rotation":0,"texture":"#0","tintindex":0},"north":{"uv":[0.0,2.5,0.75,4.125],"rotation":0,"texture":"#0","tintindex":0},"west":{"uv":[1.375,5.125,1.5,6.75],"rotation":0,"texture":"#0","tintindex":0},"up":{"uv":[11.125,0.75,10.375,0.625],"rotation":0,"texture":"#0","tintindex":0},"down":{"uv":[10.75,2.0,10.0,2.125],"rotation":0,"texture":"#0","tintindex":0}}},{"from":[8.571428,10.205757,7.469714],"to":[12.0,17.777185,8.041142],"rotation":{"angle":-45.0,"axis":"z","origin":[10.285714,10.348614,7.469714]},"faces":{"east":{"uv":[9.25,1.875,9.375,3.53125],"rotation":0,"texture":"#0","tintindex":0},"south":{"uv":[0.0,2.5,0.75,4.09375],"rotation":0,"texture":"#0","tintindex":0},"north":{"uv":[0.0,2.5,0.75,4.09375],"rotation":0,"texture":"#0","tintindex":0},"west":{"uv":[9.375,1.625,9.5,3.28125],"rotation":0,"texture":"#0","tintindex":0},"up":{"uv":[2.25,0.375,3.0,0.5],"rotation":0,"texture":"#0","tintindex":0},"down":{"uv":[2.25,0.25,3.0,0.375],"rotation":0,"texture":"#0","tintindex":0}}},{"from":[10.171429,7.0628996,8.041142],"to":[14.742857,10.720042,8.498285],"rotation":{"angle":0.0,"axis":"y","origin":[10.171429,10.262899,8.041142]},"faces":{"east":{"uv":[1.875,0.0,2.0,0.75],"rotation":0,"texture":"#0","tintindex":0},"south":{"uv":[4.875,0.0,5.875,0.75],"rotation":0,"texture":"#0","tintindex":0},"north":{"uv":[1.75,4.875,2.75,5.625],"rotation":0,"texture":"#0","tintindex":0},"west":{"uv":[3.375,7.125,3.5,7.875],"rotation":0,"texture":"#0","tintindex":0},"up":{"uv":[2.0,1.0,1.0,0.875],"rotation":0,"texture":"#0","tintindex":0},"down":{"uv":[7.875,5.125,6.875,5.25],"rotation":0,"texture":"#0","tintindex":0}}},{"from":[9.3714285,7.9771852,3.4697142],"to":[12.114286,10.720042,4.384],"rotation":{"angle":-22.5,"axis":"y","origin":[8.0,15.2914715,4.384]},"faces":{"east":{"uv":[5.375,7.125,5.625,7.75],"rotation":0,"texture":"#0","tintindex":0},"south":{"uv":[3.625,6.125,4.25,6.75],"rotation":0,"texture":"#0","tintindex":0},"north":{"uv":[6.0,4.0,6.625,4.625],"rotation":0,"texture":"#0","tintindex":0},"west":{"uv":[5.625,7.125,5.875,7.75],"rotation":0,"texture":"#0","tintindex":0},"up":{"uv":[6.5,2.25,5.875,2.0],"rotation":0,"texture":"#0","tintindex":0},"down":{"uv":[7.375,6.5,6.75,6.75],"rotation":0,"texture":"#0","tintindex":0}}},{"from":[8.0,1.5771847,4.384],"to":[12.571428,13.005756,5.2982855],"rotation":{"angle":-22.5,"axis":"y","origin":[8.0,3.405756,4.384]},"faces":{"east":{"uv":[0.75,5.125,1.0,7.625],"rotation":0,"texture":"#0","tintindex":0},"south":{"uv":[1.0,1.0,2.0,3.5],"rotation":0,"texture":"#0","tintindex":0},"north":{"uv":[0.0,0.0,1.0,2.5],"rotation":0,"texture":"#0","tintindex":0},"west":{"uv":[1.0,5.125,1.25,7.625],"rotation":0,"texture":"#0","tintindex":0},"up":{"uv":[7.25,5.5,6.25,5.25],"rotation":0,"texture":"#0","tintindex":0},"down":{"uv":[7.125,6.75,6.125,7.0],"rotation":0,"texture":"#0","tintindex":0}}},{"from":[3.4285712,1.5771847,4.384],"to":[8.0,13.005756,5.2982855],"rotation":{"angle":22.5,"axis":"y","origin":[8.0,3.405756,4.384]},"faces":{"east":{"uv":[1.25,5.125,1.0,7.625],"rotation":0,"texture":"#0","tintindex":0},"south":{"uv":[2.0,1.0,1.0,3.5],"rotation":0,"texture":"#0","tintindex":0},"north":{"uv":[1.0,0.0,0.0,2.5],"rotation":0,"texture":"#0","tintindex":0},"west":{"uv":[1.0,5.125,0.75,7.625],"rotation":0,"texture":"#0","tintindex":0},"up":{"uv":[6.25,5.5,7.25,5.25],"rotation":0,"texture":"#0","tintindex":0},"down":{"uv":[6.125,6.75,7.125,7.0],"rotation":0,"texture":"#0","tintindex":0}}},{"from":[3.885714,7.9771852,3.4697142],"to":[6.6285715,10.720042,4.384],"rotation":{"angle":22.5,"axis":"y","origin":[8.0,15.2914715,4.384]},"faces":{"east":{"uv":[5.875,7.125,5.625,7.75],"rotation":0,"texture":"#0","tintindex":0},"south":{"uv":[4.25,6.125,3.625,6.75],"rotation":0,"texture":"#0","tintindex":0},"north":{"uv":[6.625,4.0,6.0,4.625],"rotation":0,"texture":"#0","tintindex":0},"west":{"uv":[5.625,7.125,5.375,7.75],"rotation":0,"texture":"#0","tintindex":0},"up":{"uv":[5.875,2.25,6.5,2.0],"rotation":0,"texture":"#0","tintindex":0},"down":{"uv":[6.75,6.5,7.375,6.75],"rotation":0,"texture":"#0","tintindex":0}}},{"from":[7.081143,7.3874283,3.3051429],"to":[8.918858,9.225143,6.368],"rotation":{"angle":-45.0,"axis":"x","origin":[8.0,8.0,5.142857]},"faces":{"east":{"uv":[2.75,4.0,3.375,4.375],"rotation":0,"texture":"#0","tintindex":0},"south":{"uv":[7.125,2.125,7.5,2.5],"rotation":0,"texture":"#0","tintindex":0},"north":{"uv":[7.125,1.75,7.5,2.125],"rotation":0,"texture":"#0","tintindex":0},"west":{"uv":[4.875,2.25,5.5,2.625],"rotation":0,"texture":"#0","tintindex":0},"up":{"uv":[7.125,3.875,6.75,3.25],"rotation":0,"texture":"#0","tintindex":0},"down":{"uv":[7.125,5.5,6.75,6.125],"rotation":0,"texture":"#0","tintindex":0}}}],"display":{"head":{"translation":[0.0,-6.4,0.0],"scale":[4.0,4.0,4.0]}}}