{"textures":{"0":"modelengine:entity/goblinshaman"},"elements":[{"from":[6.2421713,4.472434,6.1606717],"to":[8.070743,9.501005,7.9892435],"rotation":{"angle":22.5,"axis":"x","origin":[8.070743,5.8438625,6.1606717]},"faces":{"east":{"uv":[6.125,6.0,5.75,7.125],"rotation":0,"texture":"#0","tintindex":0},"south":{"uv":[5.75,6.0,5.375,7.125],"rotation":0,"texture":"#0","tintindex":0},"north":{"uv":[6.25,0.5,5.875,1.625],"rotation":0,"texture":"#0","tintindex":0},"west":{"uv":[5.375,6.0,5.0,7.125],"rotation":0,"texture":"#0","tintindex":0},"up":{"uv":[7.125,4.375,7.5,4.0],"rotation":0,"texture":"#0","tintindex":0},"down":{"uv":[7.125,5.5,7.5,5.875],"rotation":0,"texture":"#0","tintindex":0}}},{"from":[6.2421713,3.8770633,2.2966566],"to":[8.070743,5.705635,7.3252287],"rotation":{"angle":0.0,"axis":"y","origin":[8.070743,3.4199204,5.4966574]},"faces":{"east":{"uv":[7.0,1.625,5.875,2.0],"rotation":0,"texture":"#0","tintindex":0},"south":{"uv":[2.5,7.25,2.125,7.625],"rotation":0,"texture":"#0","tintindex":0},"north":{"uv":[2.125,7.25,1.75,7.625],"rotation":0,"texture":"#0","tintindex":0},"west":{"uv":[6.125,4.625,5.0,5.0],"rotation":0,"texture":"#0","tintindex":0},"up":{"uv":[1.75,7.25,2.125,6.125],"rotation":0,"texture":"#0","tintindex":0},"down":{"uv":[2.125,6.125,2.5,7.25],"rotation":0,"texture":"#0","tintindex":0}}},{"from":[6.8027434,3.8770633,1.3070416],"to":[9.088458,6.162778,3.135613],"rotation":{"angle":-22.5,"axis":"y","origin":[8.631315,3.4199204,1.3070416]},"faces":{"east":{"uv":[6.875,7.0,6.5,7.5],"rotation":0,"texture":"#0","tintindex":0},"south":{"uv":[7.25,0.0,6.75,0.5],"rotation":0,"texture":"#0","tintindex":0},"north":{"uv":[2.0,3.5,1.5,4.0],"rotation":0,"texture":"#0","tintindex":0},"west":{"uv":[6.5,7.0,6.125,7.5],"rotation":0,"texture":"#0","tintindex":0},"up":{"uv":[6.875,7.375,7.375,7.0],"rotation":0,"texture":"#0","tintindex":0},"down":{"uv":[7.0,1.375,7.5,1.75],"rotation":0,"texture":"#0","tintindex":0}}}],"display":{"head":{"translation":[0.0,-6.4,0.0],"scale":[4.0,4.0,4.0]}}}