{"textures":{"0":"modelengine:entity/goblinshaman"},"elements":[{"from":[7.885714,5.5892153,5.798237],"to":[9.257143,9.246358,8.083951],"rotation":{"angle":22.5,"axis":"x","origin":[9.028571,5.5892153,5.798237]},"faces":{"east":{"uv":[6.625,2.0,7.125,2.75],"rotation":0,"texture":"#0","tintindex":0},"south":{"uv":[1.25,6.75,1.5,7.5],"rotation":0,"texture":"#0","tintindex":0},"north":{"uv":[0.75,2.5,1.0,3.25],"rotation":0,"texture":"#0","tintindex":0},"west":{"uv":[6.625,3.875,7.125,4.625],"rotation":0,"texture":"#0","tintindex":0},"up":{"uv":[6.125,7.625,5.875,7.125],"rotation":0,"texture":"#0","tintindex":0},"down":{"uv":[7.5,0.0,7.25,0.5],"rotation":0,"texture":"#0","tintindex":0}}},{"from":[7.885714,2.6675987,7.197765],"to":[9.257143,5.8675985,8.797765],"rotation":{"angle":-22.5,"axis":"x","origin":[8.8,2.2104554,7.197765]},"faces":{"east":{"uv":[4.25,6.75,4.625,7.5],"rotation":0,"texture":"#0","tintindex":0},"south":{"uv":[2.75,7.125,3.0,7.875],"rotation":0,"texture":"#0","tintindex":0},"north":{"uv":[2.5,7.125,2.75,7.875],"rotation":0,"texture":"#0","tintindex":0},"west":{"uv":[4.625,6.75,5.0,7.5],"rotation":0,"texture":"#0","tintindex":0},"up":{"uv":[7.5,5.0,7.25,4.625],"rotation":0,"texture":"#0","tintindex":0},"down":{"uv":[7.125,7.375,6.875,7.75],"rotation":0,"texture":"#0","tintindex":0}}},{"from":[7.6571426,1.4382281,5.8423014],"to":[9.485714,2.3525143,6.528016],"rotation":{"angle":0.0,"axis":"y","origin":[8.8,-0.8474865,4.9280157]},"faces":{"east":{"uv":[3.375,4.0,3.5,4.25],"rotation":0,"texture":"#0","tintindex":0},"south":{"uv":[7.375,6.125,7.75,6.375],"rotation":0,"texture":"#0","tintindex":0},"north":{"uv":[7.125,7.375,7.5,7.625],"rotation":0,"texture":"#0","tintindex":0},"west":{"uv":[4.875,4.0,5.0,4.25],"rotation":0,"texture":"#0","tintindex":0},"up":{"uv":[7.75,6.5,7.375,6.375],"rotation":0,"texture":"#0","tintindex":0},"down":{"uv":[7.75,6.5,7.375,6.625],"rotation":0,"texture":"#0","tintindex":0}}},{"from":[7.6571426,1.9621,7.333125],"to":[9.485714,2.8763862,9.847411],"rotation":{"angle":-22.5,"axis":"x","origin":[8.8,-0.32361412,8.247411]},"faces":{"east":{"uv":[5.625,3.25,6.125,3.5],"rotation":0,"texture":"#0","tintindex":0},"south":{"uv":[7.25,5.25,7.625,5.5],"rotation":0,"texture":"#0","tintindex":0},"north":{"uv":[7.125,6.75,7.5,7.0],"rotation":0,"texture":"#0","tintindex":0},"west":{"uv":[7.125,2.5,7.5,2.75],"rotation":0,"texture":"#0","tintindex":0},"up":{"uv":[3.375,7.625,3.0,7.125],"rotation":0,"texture":"#0","tintindex":0},"down":{"uv":[5.375,7.125,5.0,7.625],"rotation":0,"texture":"#0","tintindex":0}}}],"display":{"head":{"translation":[0.0,-6.4,0.0],"scale":[4.0,4.0,4.0]}}}