{"textures":{"0":"modelengine:entity/jester_prop"},"elements":[{"from":[6.285714,7.714286,7.714286],"to":[8.0,8.285714,8.285714],"rotation":{"angle":0.0,"axis":"y","origin":[7.428571,7.714286,7.714286]},"faces":{"east":{"uv":[5.5,10.0,5.75,10.25],"rotation":0,"texture":"#0","tintindex":0},"south":{"uv":[10.75,6.0,11.5,6.25],"rotation":0,"texture":"#0","tintindex":0},"north":{"uv":[7.75,6.75,8.5,7.0],"rotation":0,"texture":"#0","tintindex":0},"west":{"uv":[5.75,10.0,6.0,10.25],"rotation":0,"texture":"#0","tintindex":0},"up":{"uv":[11.5,8.5,10.75,8.25],"rotation":0,"texture":"#0","tintindex":0},"down":{"uv":[9.25,10.75,8.5,11.0],"rotation":0,"texture":"#0","tintindex":0}}},{"from":[6.285714,6.0,7.714286],"to":[6.857143,7.714286,8.285714],"rotation":{"angle":0.0,"axis":"y","origin":[7.428571,7.714286,7.714286]},"faces":{"east":{"uv":[2.25,10.75,2.5,11.5],"rotation":0,"texture":"#0","tintindex":0},"south":{"uv":[10.75,8.5,11.0,9.25],"rotation":0,"texture":"#0","tintindex":0},"north":{"uv":[8.75,10.0,9.0,10.75],"rotation":0,"texture":"#0","tintindex":0},"west":{"uv":[9.25,10.75,9.5,11.5],"rotation":0,"texture":"#0","tintindex":0},"up":{"uv":[8.0,10.5,7.75,10.25],"rotation":0,"texture":"#0","tintindex":0},"down":{"uv":[8.0,10.5,7.75,10.75],"rotation":0,"texture":"#0","tintindex":0}}},{"from":[4.0,5.714286,7.428571],"to":[6.285714,6.857143,8.571428],"rotation":{"angle":0.0,"axis":"y","origin":[7.428571,7.428571,7.428571]},"faces":{"east":{"uv":[6.25,10.25,6.75,10.75],"rotation":0,"texture":"#0","tintindex":0},"south":{"uv":[0.75,10.25,1.75,10.75],"rotation":0,"texture":"#0","tintindex":0},"north":{"uv":[10.0,9.25,11.0,9.75],"rotation":0,"texture":"#0","tintindex":0},"west":{"uv":[6.75,10.25,7.25,10.75],"rotation":0,"texture":"#0","tintindex":0},"up":{"uv":[11.25,1.75,10.25,1.25],"rotation":0,"texture":"#0","tintindex":0},"down":{"uv":[11.25,1.75,10.25,2.25],"rotation":0,"texture":"#0","tintindex":0}}}],"display":{"head":{"translation":[0.0,-6.4,0.0],"scale":[4.0,4.0,4.0]}}}