{"textures":{"0":"modelengine:entity/jester_prop"},"elements":[{"from":[8.571428,4.8571424,5.428571],"to":[15.428572,10.0,12.285715],"rotation":{"angle":0.0,"axis":"y","origin":[12.0,4.8571424,8.857143]},"faces":{"east":{"uv":[6.0,0.0,9.0,2.25],"rotation":0,"texture":"#0","tintindex":0},"south":{"uv":[0.0,6.0,3.0,8.25],"rotation":0,"texture":"#0","tintindex":0},"north":{"uv":[0.0,6.0,3.0,8.25],"rotation":0,"texture":"#0","tintindex":0},"west":{"uv":[6.0,0.0,9.0,2.25],"rotation":0,"texture":"#0","tintindex":0},"up":{"uv":[3.0,3.0,0.0,0.0],"rotation":0,"texture":"#0","tintindex":0},"down":{"uv":[6.0,0.0,3.0,3.0],"rotation":0,"texture":"#0","tintindex":0}}},{"from":[9.142858,9.428572,12.0],"to":[14.857143,10.0,12.571428],"rotation":{"angle":-45.0,"axis":"x","origin":[12.0,9.714286,12.285715]},"faces":{"east":{"uv":[8.5,6.75,8.75,7.0],"rotation":0,"texture":"#0","tintindex":0},"south":{"uv":[9.75,6.25,12.25,6.5],"rotation":0,"texture":"#0","tintindex":0},"north":{"uv":[9.0,4.25,11.5,4.5],"rotation":0,"texture":"#0","tintindex":0},"west":{"uv":[8.75,6.75,9.0,7.0],"rotation":0,"texture":"#0","tintindex":0},"up":{"uv":[12.25,6.75,9.75,6.5],"rotation":0,"texture":"#0","tintindex":0},"down":{"uv":[12.5,1.0,10.0,1.25],"rotation":0,"texture":"#0","tintindex":0}}}],"display":{"head":{"translation":[0.0,-6.4,0.0],"scale":[4.0,4.0,4.0]}}}