{"textures":{"0":"modelengine:entity/jester_prop"},"elements":[{"from":[6.857143,7.714286,6.285714],"to":[9.142858,10.571428,8.571428],"rotation":{"angle":-22.5,"axis":"x","origin":[9.142858,8.857143,6.857143]},"faces":{"east":{"uv":[6.0,8.0,7.0,9.25],"rotation":0,"texture":"#0","tintindex":0},"south":{"uv":[7.0,8.0,8.0,9.25],"rotation":0,"texture":"#0","tintindex":0},"north":{"uv":[7.75,5.5,8.75,6.75],"rotation":0,"texture":"#0","tintindex":0},"west":{"uv":[8.0,8.0,9.0,9.25],"rotation":0,"texture":"#0","tintindex":0},"up":{"uv":[10.0,4.25,9.0,3.25],"rotation":0,"texture":"#0","tintindex":0},"down":{"uv":[10.0,6.75,9.0,7.75],"rotation":0,"texture":"#0","tintindex":0}}},{"from":[6.5714283,8.857143,5.714286],"to":[9.428572,10.571428,8.0],"rotation":{"angle":-22.5,"axis":"x","origin":[8.857143,8.857143,6.857143]},"faces":{"east":{"uv":[8.0,9.25,9.0,10.0],"rotation":0,"texture":"#0","tintindex":0},"south":{"uv":[1.25,9.5,2.5,10.25],"rotation":0,"texture":"#0","tintindex":0},"north":{"uv":[0.0,9.5,1.25,10.25],"rotation":0,"texture":"#0","tintindex":0},"west":{"uv":[9.75,5.5,10.75,6.25],"rotation":0,"texture":"#0","tintindex":0},"up":{"uv":[10.25,2.25,9.0,1.25],"rotation":0,"texture":"#0","tintindex":0},"down":{"uv":[10.25,2.25,9.0,3.25],"rotation":0,"texture":"#0","tintindex":0}}},{"from":[7.428571,8.729045,4.4832444],"to":[8.571428,9.871902,5.6261015],"rotation":{"angle":-22.5,"axis":"x","origin":[8.571428,8.729045,5.054673]},"faces":{"east":{"uv":[10.5,9.75,11.0,10.25],"rotation":0,"texture":"#0","tintindex":0},"south":{"uv":[10.5,10.25,11.0,10.75],"rotation":0,"texture":"#0","tintindex":0},"north":{"uv":[7.25,10.25,7.75,10.75],"rotation":0,"texture":"#0","tintindex":0},"west":{"uv":[10.75,0.0,11.25,0.5],"rotation":0,"texture":"#0","tintindex":0},"up":{"uv":[11.25,1.0,10.75,0.5],"rotation":0,"texture":"#0","tintindex":0},"down":{"uv":[1.25,10.75,0.75,11.25],"rotation":0,"texture":"#0","tintindex":0}}},{"from":[7.142857,8.285714,5.142857],"to":[8.857143,9.428572,6.285714],"rotation":{"angle":-22.5,"axis":"x","origin":[8.857143,8.857143,6.857143]},"faces":{"east":{"uv":[1.25,10.75,1.75,11.25],"rotation":0,"texture":"#0","tintindex":0},"south":{"uv":[10.25,2.25,11.0,2.75],"rotation":0,"texture":"#0","tintindex":0},"north":{"uv":[1.75,10.25,2.5,10.75],"rotation":0,"texture":"#0","tintindex":0},"west":{"uv":[1.75,10.75,2.25,11.25],"rotation":0,"texture":"#0","tintindex":0},"up":{"uv":[11.0,3.25,10.25,2.75],"rotation":0,"texture":"#0","tintindex":0},"down":{"uv":[6.25,10.25,5.5,10.75],"rotation":0,"texture":"#0","tintindex":0}}},{"from":[6.0,10.571428,5.142857],"to":[10.0,11.714286,8.0],"rotation":{"angle":-22.5,"axis":"x","origin":[8.857143,8.857143,6.857143]},"faces":{"east":{"uv":[10.0,6.75,11.25,7.25],"rotation":0,"texture":"#0","tintindex":0},"south":{"uv":[4.25,9.5,6.0,10.0],"rotation":0,"texture":"#0","tintindex":0},"north":{"uv":[2.5,9.5,4.25,10.0],"rotation":0,"texture":"#0","tintindex":0},"west":{"uv":[10.0,7.25,11.25,7.75],"rotation":0,"texture":"#0","tintindex":0},"up":{"uv":[7.75,5.75,6.0,4.5],"rotation":0,"texture":"#0","tintindex":0},"down":{"uv":[7.75,5.75,6.0,7.0],"rotation":0,"texture":"#0","tintindex":0}}},{"from":[8.285714,11.142858,5.0],"to":[10.0,13.428572,6.714286],"rotation":{"angle":-22.5,"axis":"z","origin":[8.857143,11.142858,6.857143]},"faces":{"east":{"uv":[9.75,9.75,10.5,10.75],"rotation":0,"texture":"#0","tintindex":0},"south":{"uv":[10.0,0.0,10.75,1.0],"rotation":0,"texture":"#0","tintindex":0},"north":{"uv":[9.0,9.75,9.75,10.75],"rotation":0,"texture":"#0","tintindex":0},"west":{"uv":[2.5,10.0,3.25,11.0],"rotation":0,"texture":"#0","tintindex":0},"up":{"uv":[10.75,8.5,10.0,7.75],"rotation":0,"texture":"#0","tintindex":0},"down":{"uv":[8.75,10.0,8.0,10.75],"rotation":0,"texture":"#0","tintindex":0}}},{"from":[8.571428,12.285715,6.714286],"to":[9.714286,13.428572,7.857143],"rotation":{"angle":-22.5,"axis":"z","origin":[9.142858,11.142858,8.571428]},"faces":{"east":{"uv":[10.75,3.75,11.25,4.25],"rotation":0,"texture":"#0","tintindex":0},"south":{"uv":[10.75,4.5,11.25,5.0],"rotation":0,"texture":"#0","tintindex":0},"north":{"uv":[10.75,3.25,11.25,3.75],"rotation":0,"texture":"#0","tintindex":0},"west":{"uv":[10.75,5.0,11.25,5.5],"rotation":0,"texture":"#0","tintindex":0},"up":{"uv":[6.0,11.25,5.5,10.75],"rotation":0,"texture":"#0","tintindex":0},"down":{"uv":[11.25,5.5,10.75,6.0],"rotation":0,"texture":"#0","tintindex":0}}},{"from":[6.0,11.142858,5.0],"to":[7.714286,13.428572,6.714286],"rotation":{"angle":22.5,"axis":"z","origin":[7.142857,11.142858,6.857143]},"faces":{"east":{"uv":[10.0,3.25,10.75,4.25],"rotation":0,"texture":"#0","tintindex":0},"south":{"uv":[4.0,10.0,4.75,11.0],"rotation":0,"texture":"#0","tintindex":0},"north":{"uv":[3.25,10.0,4.0,11.0],"rotation":0,"texture":"#0","tintindex":0},"west":{"uv":[4.75,10.0,5.5,11.0],"rotation":0,"texture":"#0","tintindex":0},"up":{"uv":[10.75,9.25,10.0,8.5],"rotation":0,"texture":"#0","tintindex":0},"down":{"uv":[0.75,10.25,0.0,11.0],"rotation":0,"texture":"#0","tintindex":0}}},{"from":[6.285714,12.285715,6.714286],"to":[7.428571,13.428572,7.857143],"rotation":{"angle":22.5,"axis":"z","origin":[6.857143,11.142858,8.571428]},"faces":{"east":{"uv":[6.5,10.75,7.0,11.25],"rotation":0,"texture":"#0","tintindex":0},"south":{"uv":[7.0,10.75,7.5,11.25],"rotation":0,"texture":"#0","tintindex":0},"north":{"uv":[6.0,10.75,6.5,11.25],"rotation":0,"texture":"#0","tintindex":0},"west":{"uv":[7.5,10.75,8.0,11.25],"rotation":0,"texture":"#0","tintindex":0},"up":{"uv":[11.25,8.25,10.75,7.75],"rotation":0,"texture":"#0","tintindex":0},"down":{"uv":[8.5,10.75,8.0,11.25],"rotation":0,"texture":"#0","tintindex":0}}}],"display":{"head":{"translation":[0.0,-6.4,0.0],"scale":[4.0,4.0,4.0]}}}