{"textures":{"0":"modelengine:entity/jester_prop"},"elements":[{"from":[5.714286,7.142857,4.0],"to":[8.0,10.0,6.285714],"rotation":{"angle":-22.5,"axis":"x","origin":[8.0,14.0,4.5714283]},"faces":{"east":{"uv":[5.0,8.25,6.0,9.5],"rotation":0,"texture":"#0","tintindex":0},"south":{"uv":[8.75,5.5,9.75,6.75],"rotation":0,"texture":"#0","tintindex":0},"north":{"uv":[4.0,8.25,5.0,9.5],"rotation":0,"texture":"#0","tintindex":0},"west":{"uv":[9.0,0.0,10.0,1.25],"rotation":0,"texture":"#0","tintindex":0},"up":{"uv":[7.0,10.25,6.0,9.25],"rotation":0,"texture":"#0","tintindex":0},"down":{"uv":[8.0,9.25,7.0,10.25],"rotation":0,"texture":"#0","tintindex":0}}}],"display":{"head":{"translation":[0.0,-6.4,0.0],"scale":[4.0,4.0,4.0]}}}