{"textures":{"0":"modelengine:entity/jester_prop"},"elements":[{"from":[6.857143,7.4857144,5.428571],"to":[9.142858,10.342857,7.714286],"rotation":{"angle":-22.5,"axis":"x","origin":[9.142858,11.485714,6.0]},"faces":{"east":{"uv":[1.0,8.25,2.0,9.5],"rotation":0,"texture":"#0","tintindex":0},"south":{"uv":[2.0,8.25,3.0,9.5],"rotation":0,"texture":"#0","tintindex":0},"north":{"uv":[0.0,8.25,1.0,9.5],"rotation":0,"texture":"#0","tintindex":0},"west":{"uv":[3.0,8.25,4.0,9.5],"rotation":0,"texture":"#0","tintindex":0},"up":{"uv":[10.0,8.75,9.0,7.75],"rotation":0,"texture":"#0","tintindex":0},"down":{"uv":[10.0,8.75,9.0,9.75],"rotation":0,"texture":"#0","tintindex":0}}}],"display":{"head":{"translation":[0.0,-6.4,0.0],"scale":[4.0,4.0,4.0]}}}