{"textures":{"0":"modelengine:entity/jester_prop"},"elements":[{"from":[4.5714283,8.0,1.1428566],"to":[11.428572,9.142858,8.0],"rotation":{"angle":0.0,"axis":"y","origin":[8.0,2.8571424,4.5714283]},"faces":{"east":{"uv":[6.0,7.5,9.0,8.0],"rotation":0,"texture":"#0","tintindex":0},"south":{"uv":[7.75,4.5,10.75,5.0],"rotation":0,"texture":"#0","tintindex":0},"north":{"uv":[6.0,7.0,9.0,7.5],"rotation":0,"texture":"#0","tintindex":0},"west":{"uv":[7.75,5.0,10.75,5.5],"rotation":0,"texture":"#0","tintindex":0},"up":{"uv":[6.0,3.0,3.0,0.0],"rotation":0,"texture":"#0","tintindex":0},"down":{"uv":[6.0,3.0,3.0,6.0],"rotation":0,"texture":"#0","tintindex":0}}}],"display":{"head":{"translation":[0.0,-6.4,0.0],"scale":[4.0,4.0,4.0]}}}