{"textures":{"0":"modelengine:entity/dungeon_pot_medium"},"elements":[{"from":[5.142857,15.510204,6.285714],"to":[6.285714,16.65306,9.714286],"rotation":{"angle":0.0,"axis":"y","origin":[3.4285712,9.795918,8.0]},"faces":{"east":{"uv":[8.0,7.5,9.5,8.0],"rotation":0,"texture":"#0","tintindex":0},"south":{"uv":[5.5,7.25,6.0,7.75],"rotation":0,"texture":"#0","tintindex":0},"north":{"uv":[5.0,7.25,5.5,7.75],"rotation":0,"texture":"#0","tintindex":0},"west":{"uv":[1.0,8.25,2.5,8.75],"rotation":0,"texture":"#0","tintindex":0},"up":{"uv":[3.0,9.75,2.5,8.25],"rotation":0,"texture":"#0","tintindex":0},"down":{"uv":[3.5,8.25,3.0,9.75],"rotation":0,"texture":"#0","tintindex":0}}},{"from":[5.714286,8.081633,5.714286],"to":[10.285714,9.22449,10.285714],"rotation":{"angle":0.0,"axis":"y","origin":[8.0,8.081633,8.0]},"faces":{"east":{"uv":[8.0,5.5,10.0,6.0],"rotation":0,"texture":"#0","tintindex":0},"south":{"uv":[8.0,6.0,10.0,6.5],"rotation":0,"texture":"#0","tintindex":0},"north":{"uv":[8.0,5.0,10.0,5.5],"rotation":0,"texture":"#0","tintindex":0},"west":{"uv":[8.0,6.5,10.0,7.0],"rotation":0,"texture":"#0","tintindex":0},"up":{"uv":[8.0,2.0,6.0,0.0],"rotation":0,"texture":"#0","tintindex":0},"down":{"uv":[8.0,2.0,6.0,4.0],"rotation":0,"texture":"#0","tintindex":0}}},{"from":[4.5714283,9.22449,4.5714283],"to":[11.428572,14.367348,11.428572],"rotation":{"angle":0.0,"axis":"y","origin":[8.0,8.653061,8.0]},"faces":{"east":{"uv":[3.0,2.25,6.0,4.5],"rotation":0,"texture":"#0","tintindex":0},"south":{"uv":[3.0,4.5,6.0,6.75],"rotation":0,"texture":"#0","tintindex":0},"north":{"uv":[3.0,0.0,6.0,2.25],"rotation":0,"texture":"#0","tintindex":0},"west":{"uv":[0.0,6.0,3.0,8.25],"rotation":0,"texture":"#0","tintindex":0},"up":{"uv":[3.0,3.0,0.0,0.0],"rotation":0,"texture":"#0","tintindex":0},"down":{"uv":[3.0,3.0,0.0,6.0],"rotation":0,"texture":"#0","tintindex":0}}},{"from":[5.714286,14.367348,5.714286],"to":[10.285714,16.081635,10.285714],"rotation":{"angle":0.0,"axis":"y","origin":[8.0,8.653061,8.0]},"faces":{"east":{"uv":[3.0,7.5,5.0,8.25],"rotation":0,"texture":"#0","tintindex":0},"south":{"uv":[8.0,0.0,10.0,0.75],"rotation":0,"texture":"#0","tintindex":0},"north":{"uv":[3.0,6.75,5.0,7.5],"rotation":0,"texture":"#0","tintindex":0},"west":{"uv":[8.0,0.75,10.0,1.5],"rotation":0,"texture":"#0","tintindex":0},"up":{"uv":[8.0,6.0,6.0,4.0],"rotation":0,"texture":"#0","tintindex":0},"down":{"uv":[8.0,6.0,6.0,8.0],"rotation":0,"texture":"#0","tintindex":0}}},{"from":[9.714286,15.510204,6.285714],"to":[10.857143,16.65306,9.714286],"rotation":{"angle":0.0,"axis":"y","origin":[8.0,9.795918,8.0]},"faces":{"east":{"uv":[8.0,7.0,9.5,7.5],"rotation":0,"texture":"#0","tintindex":0},"south":{"uv":[5.5,6.75,6.0,7.25],"rotation":0,"texture":"#0","tintindex":0},"north":{"uv":[5.0,6.75,5.5,7.25],"rotation":0,"texture":"#0","tintindex":0},"west":{"uv":[7.5,8.0,9.0,8.5],"rotation":0,"texture":"#0","tintindex":0},"up":{"uv":[0.5,9.75,0.0,8.25],"rotation":0,"texture":"#0","tintindex":0},"down":{"uv":[1.0,8.25,0.5,9.75],"rotation":0,"texture":"#0","tintindex":0}}},{"from":[5.142857,15.510204,9.714286],"to":[10.857143,16.65306,10.857143],"rotation":{"angle":0.0,"axis":"y","origin":[3.4285712,9.795918,8.0]},"faces":{"east":{"uv":[3.5,8.25,4.0,8.75],"rotation":0,"texture":"#0","tintindex":0},"south":{"uv":[8.0,2.0,10.5,2.5],"rotation":0,"texture":"#0","tintindex":0},"north":{"uv":[8.0,1.5,10.5,2.0],"rotation":0,"texture":"#0","tintindex":0},"west":{"uv":[4.0,8.25,4.5,8.75],"rotation":0,"texture":"#0","tintindex":0},"up":{"uv":[10.5,3.0,8.0,2.5],"rotation":0,"texture":"#0","tintindex":0},"down":{"uv":[10.5,3.0,8.0,3.5],"rotation":0,"texture":"#0","tintindex":0}}},{"from":[5.142857,15.510204,5.142857],"to":[10.857143,16.65306,6.285714],"rotation":{"angle":0.0,"axis":"y","origin":[3.4285712,9.795918,3.4285712]},"faces":{"east":{"uv":[4.5,8.25,5.0,8.75],"rotation":0,"texture":"#0","tintindex":0},"south":{"uv":[8.0,4.0,10.5,4.5],"rotation":0,"texture":"#0","tintindex":0},"north":{"uv":[8.0,3.5,10.5,4.0],"rotation":0,"texture":"#0","tintindex":0},"west":{"uv":[5.0,8.5,5.5,9.0],"rotation":0,"texture":"#0","tintindex":0},"up":{"uv":[10.5,5.0,8.0,4.5],"rotation":0,"texture":"#0","tintindex":0},"down":{"uv":[7.5,8.0,5.0,8.5],"rotation":0,"texture":"#0","tintindex":0}}}],"display":{"head":{"translation":[0.0,-6.4,0.0],"scale":[4.0,4.0,4.0]}}}