{"textures":{"0":"modelengine:entity/minecart"},"elements":[{"from":[5.142857,2.2857141,2.2857141],"to":[11.428572,6.285714,13.142858],"rotation":{"angle":0.0,"axis":"y","origin":[7.733333,7.907662,6.9860067]},"faces":{"east":{"uv":[4.5,5.0,9.25,6.75],"rotation":0,"texture":"#0","tintindex":0},"south":{"uv":[4.5,7.0,7.25,8.75],"rotation":0,"texture":"#0","tintindex":0},"north":{"uv":[5.5,2.25,8.25,4.0],"rotation":0,"texture":"#0","tintindex":0},"west":{"uv":[5.5,0.25,10.25,2.0],"rotation":0,"texture":"#0","tintindex":0},"up":{"uv":[2.75,4.75,0.0,0.0],"rotation":0,"texture":"#0","tintindex":0},"down":{"uv":[5.5,0.0,2.75,4.75],"rotation":0,"texture":"#0","tintindex":0}}},{"from":[4.5714283,5.714286,1.7142854],"to":[6.285714,7.428571,13.714286],"rotation":{"angle":0.0,"axis":"y","origin":[7.733333,7.907662,6.9860067]},"faces":{"east":{"uv":[5.5,4.0,10.75,4.75],"rotation":0,"texture":"#0","tintindex":0},"south":{"uv":[10.25,1.25,11.0,2.0],"rotation":0,"texture":"#0","tintindex":0},"north":{"uv":[10.25,0.5,11.0,1.25],"rotation":0,"texture":"#0","tintindex":0},"west":{"uv":[7.25,6.75,12.5,7.5],"rotation":0,"texture":"#0","tintindex":0},"up":{"uv":[8.0,12.75,7.25,7.5],"rotation":0,"texture":"#0","tintindex":0},"down":{"uv":[8.75,7.5,8.0,12.75],"rotation":0,"texture":"#0","tintindex":0}}},{"from":[6.285714,5.714286,1.7142854],"to":[10.285714,7.428571,3.4285712],"rotation":{"angle":0.0,"axis":"y","origin":[7.733333,7.907662,6.9860067]},"faces":{"east":{"uv":[3.25,10.25,4.0,11.0],"rotation":0,"texture":"#0","tintindex":0},"south":{"uv":[9.25,4.75,11.0,5.5],"rotation":0,"texture":"#0","tintindex":0},"north":{"uv":[1.25,9.0,3.0,9.75],"rotation":0,"texture":"#0","tintindex":0},"west":{"uv":[4.0,10.25,4.75,11.0],"rotation":0,"texture":"#0","tintindex":0},"up":{"uv":[11.25,6.25,9.25,5.5],"rotation":0,"texture":"#0","tintindex":0},"down":{"uv":[5.25,9.5,3.25,10.25],"rotation":0,"texture":"#0","tintindex":0}}},{"from":[5.714286,0.5714283,2.8571424],"to":[10.857143,2.2857141,12.571428],"rotation":{"angle":0.0,"axis":"y","origin":[7.733333,7.907662,6.9860067]},"faces":{"east":{"uv":[8.25,2.0,12.5,2.75],"rotation":0,"texture":"#0","tintindex":0},"south":{"uv":[8.75,7.5,11.0,8.25],"rotation":0,"texture":"#0","tintindex":0},"north":{"uv":[4.5,8.75,6.75,9.5],"rotation":0,"texture":"#0","tintindex":0},"west":{"uv":[8.25,2.75,12.5,3.5],"rotation":0,"texture":"#0","tintindex":0},"up":{"uv":[2.25,9.0,0.0,4.75],"rotation":0,"texture":"#0","tintindex":0},"down":{"uv":[4.5,4.75,2.25,9.0],"rotation":0,"texture":"#0","tintindex":0}}},{"from":[5.142857,0.0,4.0],"to":[11.428572,0.5714283,5.142857],"rotation":{"angle":0.0,"axis":"y","origin":[7.733333,7.907662,6.9860067]},"faces":{"east":{"uv":[6.75,8.75,7.25,9.0],"rotation":0,"texture":"#0","tintindex":0},"south":{"uv":[10.0,8.5,12.75,8.75],"rotation":0,"texture":"#0","tintindex":0},"north":{"uv":[10.0,8.25,12.75,8.5],"rotation":0,"texture":"#0","tintindex":0},"west":{"uv":[6.75,9.0,7.25,9.25],"rotation":0,"texture":"#0","tintindex":0},"up":{"uv":[11.0,4.0,8.25,3.5],"rotation":0,"texture":"#0","tintindex":0},"down":{"uv":[12.0,6.25,9.25,6.75],"rotation":0,"texture":"#0","tintindex":0}}},{"from":[4.0,-1.1428576,3.4285712],"to":[5.142857,1.7142854,6.285714],"rotation":{"angle":0.0,"axis":"y","origin":[7.733333,7.907662,6.9860067]},"faces":{"east":{"uv":[8.75,8.25,10.0,9.5],"rotation":0,"texture":"#0","tintindex":0},"south":{"uv":[1.75,9.75,2.25,11.0],"rotation":0,"texture":"#0","tintindex":0},"north":{"uv":[1.25,9.75,1.75,11.0],"rotation":0,"texture":"#0","tintindex":0},"west":{"uv":[0.0,9.0,1.25,10.25],"rotation":0,"texture":"#0","tintindex":0},"up":{"uv":[2.75,11.0,2.25,9.75],"rotation":0,"texture":"#0","tintindex":0},"down":{"uv":[3.25,9.75,2.75,11.0],"rotation":0,"texture":"#0","tintindex":0}}},{"from":[2.2857141,-1.1428576,6.857143],"to":[4.5714283,0.0,9.714286],"rotation":{"angle":0.0,"axis":"y","origin":[7.733333,7.907662,6.9860067]},"faces":{"east":{"uv":[3.25,9.0,4.5,9.5],"rotation":0,"texture":"#0","tintindex":0},"south":{"uv":[10.25,9.75,11.25,10.25],"rotation":0,"texture":"#0","tintindex":0},"north":{"uv":[10.25,9.25,11.25,9.75],"rotation":0,"texture":"#0","tintindex":0},"west":{"uv":[10.0,8.75,11.25,9.25],"rotation":0,"texture":"#0","tintindex":0},"up":{"uv":[6.25,10.75,5.25,9.5],"rotation":0,"texture":"#0","tintindex":0},"down":{"uv":[7.25,9.5,6.25,10.75],"rotation":0,"texture":"#0","tintindex":0}}},{"from":[4.0,-1.1428576,0.5714283],"to":[5.714286,-0.57142925,1.7142854],"rotation":{"angle":0.0,"axis":"y","origin":[7.733333,7.907662,6.9860067]},"faces":{"east":{"uv":[6.75,9.25,7.25,9.5],"rotation":0,"texture":"#0","tintindex":0},"south":{"uv":[5.5,10.75,6.25,11.0],"rotation":0,"texture":"#0","tintindex":0},"north":{"uv":[10.75,4.5,11.5,4.75],"rotation":0,"texture":"#0","tintindex":0},"west":{"uv":[4.75,10.25,5.25,10.5],"rotation":0,"texture":"#0","tintindex":0},"up":{"uv":[11.0,10.75,10.25,10.25],"rotation":0,"texture":"#0","tintindex":0},"down":{"uv":[0.75,10.75,0.0,11.25],"rotation":0,"texture":"#0","tintindex":0}}},{"from":[7.428571,2.6416783,-2.1657448],"to":[9.142858,3.7845354,0.69139814],"rotation":{"angle":-22.5,"axis":"x","origin":[7.733333,7.907662,6.9860067]},"faces":{"east":{"uv":[0.0,10.25,1.25,10.75],"rotation":0,"texture":"#0","tintindex":0},"south":{"uv":[4.75,10.75,5.5,11.25],"rotation":0,"texture":"#0","tintindex":0},"north":{"uv":[10.75,4.0,11.5,4.5],"rotation":0,"texture":"#0","tintindex":0},"west":{"uv":[10.25,0.0,11.5,0.5],"rotation":0,"texture":"#0","tintindex":0},"up":{"uv":[9.5,10.75,8.75,9.5],"rotation":0,"texture":"#0","tintindex":0},"down":{"uv":[10.25,9.5,9.5,10.75],"rotation":0,"texture":"#0","tintindex":0}}},{"from":[11.428572,-1.1428576,3.4285712],"to":[12.571428,1.7142854,6.285714],"rotation":{"angle":0.0,"axis":"y","origin":[7.733333,7.907662,6.9860067]},"faces":{"east":{"uv":[1.25,9.0,0.0,10.25],"rotation":0,"texture":"#0","tintindex":0},"south":{"uv":[2.25,9.75,1.75,11.0],"rotation":0,"texture":"#0","tintindex":0},"north":{"uv":[1.75,9.75,1.25,11.0],"rotation":0,"texture":"#0","tintindex":0},"west":{"uv":[10.0,8.25,8.75,9.5],"rotation":0,"texture":"#0","tintindex":0},"up":{"uv":[2.25,11.0,2.75,9.75],"rotation":0,"texture":"#0","tintindex":0},"down":{"uv":[2.75,9.75,3.25,11.0],"rotation":0,"texture":"#0","tintindex":0}}},{"from":[11.428572,-1.1428576,9.714286],"to":[12.571428,1.7142854,12.571428],"rotation":{"angle":0.0,"axis":"y","origin":[7.733333,7.907662,6.9860067]},"faces":{"east":{"uv":[1.25,9.0,0.0,10.25],"rotation":0,"texture":"#0","tintindex":0},"south":{"uv":[2.25,9.75,1.75,11.0],"rotation":0,"texture":"#0","tintindex":0},"north":{"uv":[1.75,9.75,1.25,11.0],"rotation":0,"texture":"#0","tintindex":0},"west":{"uv":[10.0,8.25,8.75,9.5],"rotation":0,"texture":"#0","tintindex":0},"up":{"uv":[2.25,11.0,2.75,9.75],"rotation":0,"texture":"#0","tintindex":0},"down":{"uv":[2.75,9.75,3.25,11.0],"rotation":0,"texture":"#0","tintindex":0}}},{"from":[5.142857,0.0,10.285714],"to":[11.428572,0.5714283,11.428572],"rotation":{"angle":0.0,"axis":"y","origin":[7.733333,7.907662,6.9860067]},"faces":{"east":{"uv":[6.75,8.75,7.25,9.0],"rotation":0,"texture":"#0","tintindex":0},"south":{"uv":[10.0,8.5,12.75,8.75],"rotation":0,"texture":"#0","tintindex":0},"north":{"uv":[10.0,8.25,12.75,8.5],"rotation":0,"texture":"#0","tintindex":0},"west":{"uv":[6.75,9.0,7.25,9.25],"rotation":0,"texture":"#0","tintindex":0},"up":{"uv":[11.0,4.0,8.25,3.5],"rotation":0,"texture":"#0","tintindex":0},"down":{"uv":[12.0,6.25,9.25,6.75],"rotation":0,"texture":"#0","tintindex":0}}},{"from":[4.0,-1.1428576,9.714286],"to":[5.142857,1.7142854,12.571428],"rotation":{"angle":0.0,"axis":"y","origin":[7.733333,7.907662,6.9860067]},"faces":{"east":{"uv":[8.75,8.25,10.0,9.5],"rotation":0,"texture":"#0","tintindex":0},"south":{"uv":[1.75,9.75,2.25,11.0],"rotation":0,"texture":"#0","tintindex":0},"north":{"uv":[1.25,9.75,1.75,11.0],"rotation":0,"texture":"#0","tintindex":0},"west":{"uv":[0.0,9.0,1.25,10.25],"rotation":0,"texture":"#0","tintindex":0},"up":{"uv":[2.75,11.0,2.25,9.75],"rotation":0,"texture":"#0","tintindex":0},"down":{"uv":[3.25,9.75,2.75,11.0],"rotation":0,"texture":"#0","tintindex":0}}},{"from":[6.285714,5.714286,12.0],"to":[10.285714,7.428571,13.714286],"rotation":{"angle":0.0,"axis":"y","origin":[7.733333,7.907662,6.9860067]},"faces":{"east":{"uv":[4.0,10.25,4.75,11.0],"rotation":0,"texture":"#0","tintindex":0},"south":{"uv":[1.25,9.0,3.0,9.75],"rotation":0,"texture":"#0","tintindex":0},"north":{"uv":[9.25,4.75,11.0,5.5],"rotation":0,"texture":"#0","tintindex":0},"west":{"uv":[3.25,10.25,4.0,11.0],"rotation":0,"texture":"#0","tintindex":0},"up":{"uv":[11.25,6.25,9.25,5.5],"rotation":180,"texture":"#0","tintindex":0},"down":{"uv":[5.25,9.5,3.25,10.25],"rotation":180,"texture":"#0","tintindex":0}}},{"from":[10.285714,5.714286,1.7142854],"to":[12.0,7.428571,13.714286],"rotation":{"angle":0.0,"axis":"y","origin":[7.733333,7.907662,6.9860067]},"faces":{"east":{"uv":[7.25,6.75,12.5,7.5],"rotation":0,"texture":"#0","tintindex":0},"south":{"uv":[10.25,0.5,11.0,1.25],"rotation":0,"texture":"#0","tintindex":0},"north":{"uv":[10.25,1.25,11.0,2.0],"rotation":0,"texture":"#0","tintindex":0},"west":{"uv":[5.5,4.0,10.75,4.75],"rotation":0,"texture":"#0","tintindex":0},"up":{"uv":[8.0,12.75,7.25,7.5],"rotation":180,"texture":"#0","tintindex":0},"down":{"uv":[8.75,7.5,8.0,12.75],"rotation":180,"texture":"#0","tintindex":0}}}],"display":{"head":{"translation":[0.0,-6.4,0.0],"scale":[4.0,4.0,4.0]}}}