{"textures":{"1":"modelengine:entity/dungeon_barrelexplosive"},"elements":[{"from":[4.5714283,8.0,4.5714283],"to":[11.428572,9.714286,11.428572],"rotation":{"angle":0.0,"axis":"y","origin":[8.0,8.0,8.0]},"faces":{"east":{"uv":[0.0,10.5,3.0,11.25],"rotation":0,"texture":"#1","tintindex":0},"south":{"uv":[10.5,0.0,13.5,0.75],"rotation":0,"texture":"#1","tintindex":0},"north":{"uv":[10.0,9.25,13.0,10.0],"rotation":0,"texture":"#1","tintindex":0},"west":{"uv":[10.5,0.75,13.5,1.5],"rotation":0,"texture":"#1","tintindex":0},"up":{"uv":[6.0,10.5,3.0,7.5],"rotation":0,"texture":"#1","tintindex":0},"down":{"uv":[9.0,10.0,6.0,13.0],"rotation":0,"texture":"#1","tintindex":0}}},{"from":[4.5714283,18.285715,4.5714283],"to":[11.428572,20.0,11.428572],"rotation":{"angle":0.0,"axis":"y","origin":[8.0,8.0,8.0]},"faces":{"east":{"uv":[10.0,7.75,13.0,8.5],"rotation":0,"texture":"#1","tintindex":0},"south":{"uv":[10.0,8.5,13.0,9.25],"rotation":0,"texture":"#1","tintindex":0},"north":{"uv":[10.0,7.0,13.0,7.75],"rotation":0,"texture":"#1","tintindex":0},"west":{"uv":[9.0,10.0,12.0,10.75],"rotation":0,"texture":"#1","tintindex":0},"up":{"uv":[10.0,10.0,7.0,7.0],"rotation":0,"texture":"#1","tintindex":0},"down":{"uv":[3.0,7.5,0.0,10.5],"rotation":0,"texture":"#1","tintindex":0}}},{"from":[4.0,9.714286,4.0],"to":[12.0,18.285715,12.0],"rotation":{"angle":0.0,"axis":"y","origin":[8.0,8.0,8.0]},"faces":{"east":{"uv":[3.5,0.0,7.0,3.75],"rotation":0,"texture":"#1","tintindex":0},"south":{"uv":[0.0,3.75,3.5,7.5],"rotation":0,"texture":"#1","tintindex":0},"north":{"uv":[0.0,0.0,3.5,3.75],"rotation":0,"texture":"#1","tintindex":0},"west":{"uv":[3.5,3.75,7.0,7.5],"rotation":0,"texture":"#1","tintindex":0},"up":{"uv":[10.5,3.5,7.0,0.0],"rotation":0,"texture":"#1","tintindex":0},"down":{"uv":[10.5,3.5,7.0,7.0],"rotation":0,"texture":"#1","tintindex":0}}}],"display":{"head":{"translation":[0.0,-6.4,0.0],"scale":[4.0,4.0,4.0]}}}