{"parent":"item/handheld_rod","textures":{"layer0":"item/fishing_rod"},"overrides":[{"predicate":{"cast":1},"model":"item/fishing_rod_cast"},{"predicate":{"custom_model_data":2},"model":"customfishing:items/nature_fishing_rod"},{"predicate":{"cast":1,"custom_model_data":2},"model":"customfishing:items/nature_fishing_rod_cast"},{"predicate":{"custom_model_data":3},"model":"customfishing:items/silver_fishing_rod"},{"predicate":{"cast":1,"custom_model_data":3},"model":"customfishing:items/silver_fishing_rod_cast"},{"predicate":{"custom_model_data":4},"model":"customfishing:items/golden_fishing_rod"},{"predicate":{"cast":1,"custom_model_data":4},"model":"customfishing:items/golden_fishing_rod_cast"},{"predicate":{"custom_model_data":5},"model":"customfishing:items/star_fishing_rod"},{"predicate":{"cast":1,"custom_model_data":5},"model":"customfishing:items/star_fishing_rod_cast"},{"predicate":{"custom_model_data":6},"model":"item/fishing_rod"}]}