{"parent":"minecraft:item/generated","textures":{"layer0":"minecraft:item/leather_horse_armor"},"overrides":[{"predicate":{"custom_model_data":1},"model":"modelengine:adventurer/adventurer"},{"predicate":{"custom_model_data":2},"model":"modelengine:adventurer/rightarm"},{"predicate":{"custom_model_data":3},"model":"modelengine:adventurer/righthand"},{"predicate":{"custom_model_data":4},"model":"modelengine:adventurer/head"},{"predicate":{"custom_model_data":5},"model":"modelengine:adventurer/rightleg"},{"predicate":{"custom_model_data":6},"model":"modelengine:adventurer/rightfoot"},{"predicate":{"custom_model_data":7},"model":"modelengine:adventurer/leftleg"},{"predicate":{"custom_model_data":8},"model":"modelengine:adventurer/leftfoot"},{"predicate":{"custom_model_data":9},"model":"modelengine:adventurer/leftarm"},{"predicate":{"custom_model_data":10},"model":"modelengine:adventurer/lefthand"},{"predicate":{"custom_model_data":11},"model":"modelengine:bard/bard"},{"predicate":{"custom_model_data":12},"model":"modelengine:bard/head"},{"predicate":{"custom_model_data":13},"model":"modelengine:bard/leftleg"},{"predicate":{"custom_model_data":14},"model":"modelengine:bard/leftshin"},{"predicate":{"custom_model_data":15},"model":"modelengine:bard/rightleg"},{"predicate":{"custom_model_data":16},"model":"modelengine:bard/rightshin"},{"predicate":{"custom_model_data":17},"model":"modelengine:bard/leftarm"},{"predicate":{"custom_model_data":18},"model":"modelengine:bard/leftforearm"},{"predicate":{"custom_model_data":19},"model":"modelengine:bard/lefthand"},{"predicate":{"custom_model_data":20},"model":"modelengine:bard/rightarm"},{"predicate":{"custom_model_data":21},"model":"modelengine:bard/rightforearm"},{"predicate":{"custom_model_data":22},"model":"modelengine:bard/righthand"},{"predicate":{"custom_model_data":23},"model":"modelengine:bard/lute"},{"predicate":{"custom_model_data":24},"model":"modelengine:bard/stool"},{"predicate":{"custom_model_data":25},"model":"modelengine:dungeon_barrel/barrel"},{"predicate":{"custom_model_data":26},"model":"modelengine:dungeon_barrelexplosive/barrel"},{"predicate":{"custom_model_data":27},"model":"modelengine:dungeon_barricade/barricade"},{"predicate":{"custom_model_data":28},"model":"modelengine:dungeon_candelabra/candelabra"},{"predicate":{"custom_model_data":29},"model":"modelengine:dungeon_chandelier/chandelier"},{"predicate":{"custom_model_data":30},"model":"modelengine:dungeon_crate_double/crate"},{"predicate":{"custom_model_data":31},"model":"modelengine:dungeon_crate_large/crate"},{"predicate":{"custom_model_data":32},"model":"modelengine:dungeon_crate_small/crate"},{"predicate":{"custom_model_data":33},"model":"modelengine:dungeon_goldpile/gold"},{"predicate":{"custom_model_data":34},"model":"modelengine:dungeon_hanging_cage/cage"},{"predicate":{"custom_model_data":35},"model":"modelengine:dungeon_ironmaiden/ironmaiden"},{"predicate":{"custom_model_data":36},"model":"modelengine:dungeon_ironmaiden_dirty/ironmaiden"},{"predicate":{"custom_model_data":37},"model":"modelengine:dungeon_medium_lootchest/chest"},{"predicate":{"custom_model_data":38},"model":"modelengine:dungeon_medium_lootchest/lid"},{"predicate":{"custom_model_data":39},"model":"modelengine:dungeon_pillory/pillory"},{"predicate":{"custom_model_data":40},"model":"modelengine:dungeon_pot_medium/pot"},{"predicate":{"custom_model_data":41},"model":"modelengine:dungeon_rat/rat"},{"predicate":{"custom_model_data":42},"model":"modelengine:dungeon_saw/base"},{"predicate":{"custom_model_data":43},"model":"modelengine:dungeon_saw/dungeon_saw"},{"predicate":{"custom_model_data":44},"model":"modelengine:dungeon_shackles/shackles"},{"predicate":{"custom_model_data":45},"model":"modelengine:dungeon_spawn_crystal_off/crystal"},{"predicate":{"custom_model_data":46},"model":"modelengine:dungeon_spawn_crystal_on/crystal"},{"predicate":{"custom_model_data":47},"model":"modelengine:dungeon_spawn_crystal_used/crystal"},{"predicate":{"custom_model_data":48},"model":"modelengine:dungeon_weapon_rack/stand"},{"predicate":{"custom_model_data":49},"model":"modelengine:fisherman/fisherman"},{"predicate":{"custom_model_data":50},"model":"modelengine:fisherman/right_leg"},{"predicate":{"custom_model_data":51},"model":"modelengine:fisherman/right_foot"},{"predicate":{"custom_model_data":52},"model":"modelengine:fisherman/right_arm"},{"predicate":{"custom_model_data":53},"model":"modelengine:fisherman/right_forearm"},{"predicate":{"custom_model_data":54},"model":"modelengine:fisherman/right_hand"},{"predicate":{"custom_model_data":55},"model":"modelengine:fisherman/left_arm"},{"predicate":{"custom_model_data":56},"model":"modelengine:fisherman/left_forearm"},{"predicate":{"custom_model_data":57},"model":"modelengine:fisherman/left_hand"},{"predicate":{"custom_model_data":58},"model":"modelengine:fisherman/left_leg"},{"predicate":{"custom_model_data":59},"model":"modelengine:fisherman/left_foot"},{"predicate":{"custom_model_data":60},"model":"modelengine:fisherman/head"},{"predicate":{"custom_model_data":61},"model":"modelengine:fisherman_bobber/bobber"},{"predicate":{"custom_model_data":62},"model":"modelengine:fisherman_prop/cage"},{"predicate":{"custom_model_data":63},"model":"modelengine:fisherman_prop/crab"},{"predicate":{"custom_model_data":64},"model":"modelengine:fisherman_rod/right_hand"},{"predicate":{"custom_model_data":65},"model":"modelengine:ghoul/body2"},{"predicate":{"custom_model_data":66},"model":"modelengine:ghoul/head"},{"predicate":{"custom_model_data":67},"model":"modelengine:ghoul/bone"},{"predicate":{"custom_model_data":68},"model":"modelengine:ghoul/han1"},{"predicate":{"custom_model_data":69},"model":"modelengine:ghoul/bone7"},{"predicate":{"custom_model_data":70},"model":"modelengine:ghoul/bone8"},{"predicate":{"custom_model_data":71},"model":"modelengine:ghoul/bone14"},{"predicate":{"custom_model_data":72},"model":"modelengine:ghoul/bone16"},{"predicate":{"custom_model_data":73},"model":"modelengine:ghoul/han2"},{"predicate":{"custom_model_data":74},"model":"modelengine:ghoul/body3"},{"predicate":{"custom_model_data":75},"model":"modelengine:ghoul/bone4"},{"predicate":{"custom_model_data":76},"model":"modelengine:ghoul/bone5"},{"predicate":{"custom_model_data":77},"model":"modelengine:ghoul/leg1"},{"predicate":{"custom_model_data":78},"model":"modelengine:ghoul/bone18"},{"predicate":{"custom_model_data":79},"model":"modelengine:ghoul/bone19"},{"predicate":{"custom_model_data":80},"model":"modelengine:ghoul/leg2"},{"predicate":{"custom_model_data":81},"model":"modelengine:goblin_archer/goblin"},{"predicate":{"custom_model_data":82},"model":"modelengine:goblin_archer/bow"},{"predicate":{"custom_model_data":83},"model":"modelengine:goblin_archer/empty"},{"predicate":{"custom_model_data":84},"model":"modelengine:goblin_archer/rightleg"},{"predicate":{"custom_model_data":85},"model":"modelengine:goblin_archer/leftleg"},{"predicate":{"custom_model_data":86},"model":"modelengine:goblin_archer/head"},{"predicate":{"custom_model_data":87},"model":"modelengine:goblin_club/goblin"},{"predicate":{"custom_model_data":88},"model":"modelengine:goblin_club/club"},{"predicate":{"custom_model_data":89},"model":"modelengine:goblin_club/empty"},{"predicate":{"custom_model_data":90},"model":"modelengine:goblin_club/rightleg"},{"predicate":{"custom_model_data":91},"model":"modelengine:goblin_club/leftleg"},{"predicate":{"custom_model_data":92},"model":"modelengine:goblin_club/head"},{"predicate":{"custom_model_data":93},"model":"modelengine:goblin_king/body"},{"predicate":{"custom_model_data":94},"model":"modelengine:goblin_king/head"},{"predicate":{"custom_model_data":95},"model":"modelengine:goblin_king/rightarm"},{"predicate":{"custom_model_data":96},"model":"modelengine:goblin_king/rightleg"},{"predicate":{"custom_model_data":97},"model":"modelengine:goblin_king/cape"},{"predicate":{"custom_model_data":98},"model":"modelengine:goblin_king/leftleg"},{"predicate":{"custom_model_data":99},"model":"modelengine:goblin_king/leftarm"},{"predicate":{"custom_model_data":100},"model":"modelengine:goblin_shaman/rightarm"},{"predicate":{"custom_model_data":101},"model":"modelengine:goblin_shaman/rightleg"},{"predicate":{"custom_model_data":102},"model":"modelengine:goblin_shaman/leftarm"},{"predicate":{"custom_model_data":103},"model":"modelengine:goblin_shaman/leftleg"},{"predicate":{"custom_model_data":104},"model":"modelengine:goblin_shaman/body"},{"predicate":{"custom_model_data":105},"model":"modelengine:goblin_shaman/head"},{"predicate":{"custom_model_data":106},"model":"modelengine:goblin_sword/goblin"},{"predicate":{"custom_model_data":107},"model":"modelengine:goblin_sword/sword"},{"predicate":{"custom_model_data":108},"model":"modelengine:goblin_sword/empty"},{"predicate":{"custom_model_data":109},"model":"modelengine:goblin_sword/shield"},{"predicate":{"custom_model_data":110},"model":"modelengine:goblin_sword/rightleg"},{"predicate":{"custom_model_data":111},"model":"modelengine:goblin_sword/leftleg"},{"predicate":{"custom_model_data":112},"model":"modelengine:goblin_sword/head"},{"predicate":{"custom_model_data":113},"model":"modelengine:goblin_treasure/lid"},{"predicate":{"custom_model_data":114},"model":"modelengine:goblin_treasure/chest"},{"predicate":{"custom_model_data":115},"model":"modelengine:goblin_undead/goblin"},{"predicate":{"custom_model_data":116},"model":"modelengine:goblin_undead/right"},{"predicate":{"custom_model_data":117},"model":"modelengine:goblin_undead/left"},{"predicate":{"custom_model_data":118},"model":"modelengine:goblin_undead/rightleg"},{"predicate":{"custom_model_data":119},"model":"modelengine:goblin_undead/leftleg"},{"predicate":{"custom_model_data":120},"model":"modelengine:goblin_undead/head"},{"predicate":{"custom_model_data":121},"model":"modelengine:groundcrack/effect"},{"predicate":{"custom_model_data":122},"model":"modelengine:jester/body"},{"predicate":{"custom_model_data":123},"model":"modelengine:jester/rightarm"},{"predicate":{"custom_model_data":124},"model":"modelengine:jester/rightforearm"},{"predicate":{"custom_model_data":125},"model":"modelengine:jester/righthand"},{"predicate":{"custom_model_data":126},"model":"modelengine:jester/leftarm"},{"predicate":{"custom_model_data":127},"model":"modelengine:jester/leftforearm"},{"predicate":{"custom_model_data":128},"model":"modelengine:jester/lefthand"},{"predicate":{"custom_model_data":129},"model":"modelengine:jester/head"},{"predicate":{"custom_model_data":130},"model":"modelengine:jester/jestertail2"},{"predicate":{"custom_model_data":131},"model":"modelengine:jester/jestertail1"},{"predicate":{"custom_model_data":132},"model":"modelengine:jester/rightleg"},{"predicate":{"custom_model_data":133},"model":"modelengine:jester/rightfoot"},{"predicate":{"custom_model_data":134},"model":"modelengine:jester/leftleg"},{"predicate":{"custom_model_data":135},"model":"modelengine:jester/leftfoot"},{"predicate":{"custom_model_data":136},"model":"modelengine:jester_mask/happy"},{"predicate":{"custom_model_data":137},"model":"modelengine:jester_mask/sad"},{"predicate":{"custom_model_data":138},"model":"modelengine:jester_prop/jester_head"},{"predicate":{"custom_model_data":139},"model":"modelengine:jester_prop/jester_neck1"},{"predicate":{"custom_model_data":140},"model":"modelengine:jester_prop/jester_neck2"},{"predicate":{"custom_model_data":141},"model":"modelengine:jester_prop/jackinabox"},{"predicate":{"custom_model_data":142},"model":"modelengine:jester_prop/crank"},{"predicate":{"custom_model_data":143},"model":"modelengine:jester_prop/lid"},{"predicate":{"custom_model_data":144},"model":"modelengine:king/rightarm"},{"predicate":{"custom_model_data":145},"model":"modelengine:king/righthand"},{"predicate":{"custom_model_data":146},"model":"modelengine:king/head"},{"predicate":{"custom_model_data":147},"model":"modelengine:king/leftarm"},{"predicate":{"custom_model_data":148},"model":"modelengine:king/lefthand"},{"predicate":{"custom_model_data":149},"model":"modelengine:king/king"},{"predicate":{"custom_model_data":150},"model":"modelengine:king/leftfoot"},{"predicate":{"custom_model_data":151},"model":"modelengine:king/leftleg"},{"predicate":{"custom_model_data":152},"model":"modelengine:king/rightfoot"},{"predicate":{"custom_model_data":153},"model":"modelengine:king/rightleg"},{"predicate":{"custom_model_data":154},"model":"modelengine:lr_healthbar/1"},{"predicate":{"custom_model_data":155},"model":"modelengine:lr_healthbar/2"},{"predicate":{"custom_model_data":156},"model":"modelengine:lr_healthbar/3"},{"predicate":{"custom_model_data":157},"model":"modelengine:lr_healthbar/4"},{"predicate":{"custom_model_data":158},"model":"modelengine:lr_healthbar/5"},{"predicate":{"custom_model_data":159},"model":"modelengine:lr_healthbar/6"},{"predicate":{"custom_model_data":160},"model":"modelengine:lr_healthbar/7"},{"predicate":{"custom_model_data":161},"model":"modelengine:lr_healthbar/8"},{"predicate":{"custom_model_data":162},"model":"modelengine:lr_healthbar/9"},{"predicate":{"custom_model_data":163},"model":"modelengine:lr_healthbar/10"},{"predicate":{"custom_model_data":164},"model":"modelengine:lr_healthbar/11"},{"predicate":{"custom_model_data":165},"model":"modelengine:lr_healthbar/12"},{"predicate":{"custom_model_data":166},"model":"modelengine:lr_healthbar/13"},{"predicate":{"custom_model_data":167},"model":"modelengine:lr_healthbar/14"},{"predicate":{"custom_model_data":168},"model":"modelengine:lr_healthbar/15"},{"predicate":{"custom_model_data":169},"model":"modelengine:lr_healthbar/16"},{"predicate":{"custom_model_data":170},"model":"modelengine:lr_healthbar/17"},{"predicate":{"custom_model_data":171},"model":"modelengine:lr_healthbar/18"},{"predicate":{"custom_model_data":172},"model":"modelengine:lr_healthbar/19"},{"predicate":{"custom_model_data":173},"model":"modelengine:lr_healthbar/20"},{"predicate":{"custom_model_data":174},"model":"modelengine:lumberjack/lumberjack"},{"predicate":{"custom_model_data":175},"model":"modelengine:lumberjack/left_leg"},{"predicate":{"custom_model_data":176},"model":"modelengine:lumberjack/left_foot"},{"predicate":{"custom_model_data":177},"model":"modelengine:lumberjack/right_leg"},{"predicate":{"custom_model_data":178},"model":"modelengine:lumberjack/right_foot"},{"predicate":{"custom_model_data":179},"model":"modelengine:lumberjack/left_arm"},{"predicate":{"custom_model_data":180},"model":"modelengine:lumberjack/left_forearm"},{"predicate":{"custom_model_data":181},"model":"modelengine:lumberjack/left_hand"},{"predicate":{"custom_model_data":182},"model":"modelengine:lumberjack/right_arm"},{"predicate":{"custom_model_data":183},"model":"modelengine:lumberjack/right_forearm"},{"predicate":{"custom_model_data":184},"model":"modelengine:lumberjack/right_hand"},{"predicate":{"custom_model_data":185},"model":"modelengine:lumberjack/head"},{"predicate":{"custom_model_data":186},"model":"modelengine:miner/head"},{"predicate":{"custom_model_data":187},"model":"modelengine:miner/miner"},{"predicate":{"custom_model_data":188},"model":"modelengine:miner/leftleg"},{"predicate":{"custom_model_data":189},"model":"modelengine:miner/leftfoot"},{"predicate":{"custom_model_data":190},"model":"modelengine:miner/rightleg"},{"predicate":{"custom_model_data":191},"model":"modelengine:miner/rightfoot"},{"predicate":{"custom_model_data":192},"model":"modelengine:miner/rightarm"},{"predicate":{"custom_model_data":193},"model":"modelengine:miner/righthand"},{"predicate":{"custom_model_data":194},"model":"modelengine:miner/leftarm"},{"predicate":{"custom_model_data":195},"model":"modelengine:miner/lefthand"},{"predicate":{"custom_model_data":196},"model":"modelengine:miner/lantern"},{"predicate":{"custom_model_data":197},"model":"modelengine:nocsy_skeleton_archer/hat"},{"predicate":{"custom_model_data":198},"model":"modelengine:nocsy_skeleton_archer/head"},{"predicate":{"custom_model_data":199},"model":"modelengine:nocsy_skeleton_archer/jaw"},{"predicate":{"custom_model_data":200},"model":"modelengine:nocsy_skeleton_archer/iliac"},{"predicate":{"custom_model_data":201},"model":"modelengine:nocsy_skeleton_archer/left_femur"},{"predicate":{"custom_model_data":202},"model":"modelengine:nocsy_skeleton_archer/left_tibia"},{"predicate":{"custom_model_data":203},"model":"modelengine:nocsy_skeleton_archer/right_femur"},{"predicate":{"custom_model_data":204},"model":"modelengine:nocsy_skeleton_archer/right_tibia"},{"predicate":{"custom_model_data":205},"model":"modelengine:nocsy_skeleton_archer/left_arm"},{"predicate":{"custom_model_data":206},"model":"modelengine:nocsy_skeleton_archer/left_mid_arm"},{"predicate":{"custom_model_data":207},"model":"modelengine:nocsy_skeleton_archer/right_arm"},{"predicate":{"custom_model_data":208},"model":"modelengine:nocsy_skeleton_archer/right_mid_arm"},{"predicate":{"custom_model_data":209},"model":"modelengine:nocsy_skeleton_archer/bow"},{"predicate":{"custom_model_data":210},"model":"modelengine:nocsy_skeleton_archer/body"},{"predicate":{"custom_model_data":211},"model":"modelengine:nocsy_skeleton_archer/arrow"},{"predicate":{"custom_model_data":212},"model":"modelengine:nocsy_skeleton_brute1/head"},{"predicate":{"custom_model_data":213},"model":"modelengine:nocsy_skeleton_brute1/jaw"},{"predicate":{"custom_model_data":214},"model":"modelengine:nocsy_skeleton_brute1/iliac"},{"predicate":{"custom_model_data":215},"model":"modelengine:nocsy_skeleton_brute1/left_femur"},{"predicate":{"custom_model_data":216},"model":"modelengine:nocsy_skeleton_brute1/left_tibia"},{"predicate":{"custom_model_data":217},"model":"modelengine:nocsy_skeleton_brute1/right_femur"},{"predicate":{"custom_model_data":218},"model":"modelengine:nocsy_skeleton_brute1/right_tibia"},{"predicate":{"custom_model_data":219},"model":"modelengine:nocsy_skeleton_brute1/right_foot"},{"predicate":{"custom_model_data":220},"model":"modelengine:nocsy_skeleton_brute1/left_arm"},{"predicate":{"custom_model_data":221},"model":"modelengine:nocsy_skeleton_brute1/left_mid_arm"},{"predicate":{"custom_model_data":222},"model":"modelengine:nocsy_skeleton_brute1/right_arm"},{"predicate":{"custom_model_data":223},"model":"modelengine:nocsy_skeleton_brute1/right_mid_arm"},{"predicate":{"custom_model_data":224},"model":"modelengine:nocsy_skeleton_brute1/weapon"},{"predicate":{"custom_model_data":225},"model":"modelengine:nocsy_skeleton_brute1/pectus"},{"predicate":{"custom_model_data":226},"model":"modelengine:nocsy_skeleton_brute1/body"},{"predicate":{"custom_model_data":227},"model":"modelengine:nocsy_skeleton_brute2/head"},{"predicate":{"custom_model_data":228},"model":"modelengine:nocsy_skeleton_brute2/jaw"},{"predicate":{"custom_model_data":229},"model":"modelengine:nocsy_skeleton_brute2/iliac"},{"predicate":{"custom_model_data":230},"model":"modelengine:nocsy_skeleton_brute2/right_femur"},{"predicate":{"custom_model_data":231},"model":"modelengine:nocsy_skeleton_brute2/right_tibia"},{"predicate":{"custom_model_data":232},"model":"modelengine:nocsy_skeleton_brute2/right_foot"},{"predicate":{"custom_model_data":233},"model":"modelengine:nocsy_skeleton_brute2/left_femur"},{"predicate":{"custom_model_data":234},"model":"modelengine:nocsy_skeleton_brute2/left_tibia"},{"predicate":{"custom_model_data":235},"model":"modelengine:nocsy_skeleton_brute2/left_foot"},{"predicate":{"custom_model_data":236},"model":"modelengine:nocsy_skeleton_brute2/left_arm"},{"predicate":{"custom_model_data":237},"model":"modelengine:nocsy_skeleton_brute2/left_mid_arm"},{"predicate":{"custom_model_data":238},"model":"modelengine:nocsy_skeleton_brute2/right_arm"},{"predicate":{"custom_model_data":239},"model":"modelengine:nocsy_skeleton_brute2/right_mid_arm"},{"predicate":{"custom_model_data":240},"model":"modelengine:nocsy_skeleton_brute2/sword"},{"predicate":{"custom_model_data":241},"model":"modelengine:nocsy_skeleton_brute2/pectus"},{"predicate":{"custom_model_data":242},"model":"modelengine:nocsy_skeleton_brute2/body"},{"predicate":{"custom_model_data":243},"model":"modelengine:nocsy_skeleton_necromancer/head"},{"predicate":{"custom_model_data":244},"model":"modelengine:nocsy_skeleton_necromancer/jaw"},{"predicate":{"custom_model_data":245},"model":"modelengine:nocsy_skeleton_necromancer/iliac"},{"predicate":{"custom_model_data":246},"model":"modelengine:nocsy_skeleton_necromancer/right_drap"},{"predicate":{"custom_model_data":247},"model":"modelengine:nocsy_skeleton_necromancer/left_drap"},{"predicate":{"custom_model_data":248},"model":"modelengine:nocsy_skeleton_necromancer/back_drap"},{"predicate":{"custom_model_data":249},"model":"modelengine:nocsy_skeleton_necromancer/front_drap"},{"predicate":{"custom_model_data":250},"model":"modelengine:nocsy_skeleton_necromancer/left_arm"},{"predicate":{"custom_model_data":251},"model":"modelengine:nocsy_skeleton_necromancer/head_chain"},{"predicate":{"custom_model_data":252},"model":"modelengine:nocsy_skeleton_necromancer/lantern"},{"predicate":{"custom_model_data":253},"model":"modelengine:nocsy_skeleton_necromancer/left_mid_arm"},{"predicate":{"custom_model_data":254},"model":"modelengine:nocsy_skeleton_necromancer/right_arm"},{"predicate":{"custom_model_data":255},"model":"modelengine:nocsy_skeleton_necromancer/right_mid_arm"},{"predicate":{"custom_model_data":256},"model":"modelengine:nocsy_skeleton_necromancer/pectus"},{"predicate":{"custom_model_data":257},"model":"modelengine:nocsy_skeleton_necromancer/body"},{"predicate":{"custom_model_data":258},"model":"modelengine:nocsy_skeleton_necromancer/right_manche"},{"predicate":{"custom_model_data":259},"model":"modelengine:nocsy_skeleton_necromancer/left_manche"},{"predicate":{"custom_model_data":260},"model":"modelengine:nocsy_skeleton_skull/head"},{"predicate":{"custom_model_data":261},"model":"modelengine:nocsy_skeleton_skull/wheel"},{"predicate":{"custom_model_data":262},"model":"modelengine:nocsy_skeleton_skull/jaw"},{"predicate":{"custom_model_data":263},"model":"modelengine:nocsy_skeleton_warrior/head"},{"predicate":{"custom_model_data":264},"model":"modelengine:nocsy_skeleton_warrior/jaw"},{"predicate":{"custom_model_data":265},"model":"modelengine:nocsy_skeleton_warrior/iliac"},{"predicate":{"custom_model_data":266},"model":"modelengine:nocsy_skeleton_warrior/left_femur"},{"predicate":{"custom_model_data":267},"model":"modelengine:nocsy_skeleton_warrior/left_tibia"},{"predicate":{"custom_model_data":268},"model":"modelengine:nocsy_skeleton_warrior/right_femur"},{"predicate":{"custom_model_data":269},"model":"modelengine:nocsy_skeleton_warrior/right_tibia"},{"predicate":{"custom_model_data":270},"model":"modelengine:nocsy_skeleton_warrior/left_arm"},{"predicate":{"custom_model_data":271},"model":"modelengine:nocsy_skeleton_warrior/left_mid_arm"},{"predicate":{"custom_model_data":272},"model":"modelengine:nocsy_skeleton_warrior/shield"},{"predicate":{"custom_model_data":273},"model":"modelengine:nocsy_skeleton_warrior/right_arm"},{"predicate":{"custom_model_data":274},"model":"modelengine:nocsy_skeleton_warrior/right_mid_arm"},{"predicate":{"custom_model_data":275},"model":"modelengine:nocsy_skeleton_warrior/body"},{"predicate":{"custom_model_data":276},"model":"modelengine:npcgreeting/head"},{"predicate":{"custom_model_data":277},"model":"modelengine:queen/queen"},{"predicate":{"custom_model_data":278},"model":"modelengine:queen/left_arm3"},{"predicate":{"custom_model_data":279},"model":"modelengine:queen/left_forearm"},{"predicate":{"custom_model_data":280},"model":"modelengine:queen/left_arm4"},{"predicate":{"custom_model_data":281},"model":"modelengine:queen/dress"},{"predicate":{"custom_model_data":282},"model":"modelengine:queen/cape1"},{"predicate":{"custom_model_data":283},"model":"modelengine:queen/cape2"},{"predicate":{"custom_model_data":284},"model":"modelengine:queen/cape3"},{"predicate":{"custom_model_data":285},"model":"modelengine:queen/cape4"},{"predicate":{"custom_model_data":286},"model":"modelengine:queen/head"},{"predicate":{"custom_model_data":287},"model":"modelengine:queen/right_arm"},{"predicate":{"custom_model_data":288},"model":"modelengine:queen/right_forearm"},{"predicate":{"custom_model_data":289},"model":"modelengine:queen/right_arm2"},{"predicate":{"custom_model_data":290},"model":"modelengine:roman_soldier/soldier"},{"predicate":{"custom_model_data":291},"model":"modelengine:roman_soldier/head"},{"predicate":{"custom_model_data":292},"model":"modelengine:roman_soldier/left_leg"},{"predicate":{"custom_model_data":293},"model":"modelengine:roman_soldier/left_foot"},{"predicate":{"custom_model_data":294},"model":"modelengine:roman_soldier/right_leg"},{"predicate":{"custom_model_data":295},"model":"modelengine:roman_soldier/right_foot"},{"predicate":{"custom_model_data":296},"model":"modelengine:roman_soldier/right_arm"},{"predicate":{"custom_model_data":297},"model":"modelengine:roman_soldier/right_forearm"},{"predicate":{"custom_model_data":298},"model":"modelengine:roman_soldier/right_hand"},{"predicate":{"custom_model_data":299},"model":"modelengine:roman_soldier/left_arm"},{"predicate":{"custom_model_data":300},"model":"modelengine:roman_soldier/left_forearm"},{"predicate":{"custom_model_data":301},"model":"modelengine:roman_soldier/left_hand"},{"predicate":{"custom_model_data":302},"model":"modelengine:rpg_bat/body"},{"predicate":{"custom_model_data":303},"model":"modelengine:rpg_bat/tail1"},{"predicate":{"custom_model_data":304},"model":"modelengine:rpg_bat/tail2"},{"predicate":{"custom_model_data":305},"model":"modelengine:rpg_bat/right_leg"},{"predicate":{"custom_model_data":306},"model":"modelengine:rpg_bat/right_wing"},{"predicate":{"custom_model_data":307},"model":"modelengine:rpg_bat/right_wing2"},{"predicate":{"custom_model_data":308},"model":"modelengine:rpg_bat/left_wing"},{"predicate":{"custom_model_data":309},"model":"modelengine:rpg_bat/left_wing2"},{"predicate":{"custom_model_data":310},"model":"modelengine:rpg_bat/head"},{"predicate":{"custom_model_data":311},"model":"modelengine:rpg_bat/left_leg"},{"predicate":{"custom_model_data":312},"model":"modelengine:rpg_bat/hp_bar"},{"predicate":{"custom_model_data":313},"model":"modelengine:rpg_mushroom/base"},{"predicate":{"custom_model_data":314},"model":"modelengine:rpg_mushroom/base2"},{"predicate":{"custom_model_data":315},"model":"modelengine:rpg_mushroom/cap"},{"predicate":{"custom_model_data":316},"model":"modelengine:rpg_mushroom/leg"},{"predicate":{"custom_model_data":317},"model":"modelengine:rpg_mushroom/leg2"},{"predicate":{"custom_model_data":318},"model":"modelengine:rpg_mushroom/hp_bar"},{"predicate":{"custom_model_data":319},"model":"modelengine:rpg_mushroom_red/base"},{"predicate":{"custom_model_data":320},"model":"modelengine:rpg_mushroom_red/base2"},{"predicate":{"custom_model_data":321},"model":"modelengine:rpg_mushroom_red/cap"},{"predicate":{"custom_model_data":322},"model":"modelengine:rpg_mushroom_red/leg"},{"predicate":{"custom_model_data":323},"model":"modelengine:rpg_mushroom_red/leg2"},{"predicate":{"custom_model_data":324},"model":"modelengine:rpg_mushroom_red/hp_bar"},{"predicate":{"custom_model_data":325},"model":"modelengine:rpg_pack_parts/right_hand_loaded"},{"predicate":{"custom_model_data":326},"model":"modelengine:rpg_poison_slime_cube/body"},{"predicate":{"custom_model_data":327},"model":"modelengine:rpg_poison_slime_cube/bone"},{"predicate":{"custom_model_data":328},"model":"modelengine:rpg_poison_slime_cube/skull"},{"predicate":{"custom_model_data":329},"model":"modelengine:rpg_poison_slime_cube/sword"},{"predicate":{"custom_model_data":330},"model":"modelengine:rpg_poison_slime_cube/ribs"},{"predicate":{"custom_model_data":331},"model":"modelengine:rpg_poison_slime_cube/base"},{"predicate":{"custom_model_data":332},"model":"modelengine:rpg_poison_slime_cube/hp_bar"},{"predicate":{"custom_model_data":333},"model":"modelengine:rpg_rat/body"},{"predicate":{"custom_model_data":334},"model":"modelengine:rpg_rat/head"},{"predicate":{"custom_model_data":335},"model":"modelengine:rpg_rat/tail1"},{"predicate":{"custom_model_data":336},"model":"modelengine:rpg_rat/tail3"},{"predicate":{"custom_model_data":337},"model":"modelengine:rpg_rat/tail4"},{"predicate":{"custom_model_data":338},"model":"modelengine:rpg_rat/tail2"},{"predicate":{"custom_model_data":339},"model":"modelengine:rpg_rat/left_front_leg"},{"predicate":{"custom_model_data":340},"model":"modelengine:rpg_rat/left_front_shin"},{"predicate":{"custom_model_data":341},"model":"modelengine:rpg_rat/left_front_foot"},{"predicate":{"custom_model_data":342},"model":"modelengine:rpg_rat/right_front_leg"},{"predicate":{"custom_model_data":343},"model":"modelengine:rpg_rat/right_front_shin"},{"predicate":{"custom_model_data":344},"model":"modelengine:rpg_rat/right_front_foot"},{"predicate":{"custom_model_data":345},"model":"modelengine:rpg_rat/left_back_leg"},{"predicate":{"custom_model_data":346},"model":"modelengine:rpg_rat/left_back_shin"},{"predicate":{"custom_model_data":347},"model":"modelengine:rpg_rat/left_back_foot"},{"predicate":{"custom_model_data":348},"model":"modelengine:rpg_rat/right_back_leg"},{"predicate":{"custom_model_data":349},"model":"modelengine:rpg_rat/right_back_shin"},{"predicate":{"custom_model_data":350},"model":"modelengine:rpg_rat/right_back_foot"},{"predicate":{"custom_model_data":351},"model":"modelengine:rpg_rat/hp_bar"},{"predicate":{"custom_model_data":352},"model":"modelengine:rpg_rat_undead/body"},{"predicate":{"custom_model_data":353},"model":"modelengine:rpg_rat_undead/head"},{"predicate":{"custom_model_data":354},"model":"modelengine:rpg_rat_undead/tail1"},{"predicate":{"custom_model_data":355},"model":"modelengine:rpg_rat_undead/tail3"},{"predicate":{"custom_model_data":356},"model":"modelengine:rpg_rat_undead/tail2"},{"predicate":{"custom_model_data":357},"model":"modelengine:rpg_rat_undead/left_front_leg"},{"predicate":{"custom_model_data":358},"model":"modelengine:rpg_rat_undead/left_front_shin"},{"predicate":{"custom_model_data":359},"model":"modelengine:rpg_rat_undead/left_front_foot"},{"predicate":{"custom_model_data":360},"model":"modelengine:rpg_rat_undead/right_front_leg"},{"predicate":{"custom_model_data":361},"model":"modelengine:rpg_rat_undead/right_front_shin"},{"predicate":{"custom_model_data":362},"model":"modelengine:rpg_rat_undead/right_front_foot"},{"predicate":{"custom_model_data":363},"model":"modelengine:rpg_rat_undead/left_back_leg"},{"predicate":{"custom_model_data":364},"model":"modelengine:rpg_rat_undead/left_back_shin"},{"predicate":{"custom_model_data":365},"model":"modelengine:rpg_rat_undead/left_back_foot"},{"predicate":{"custom_model_data":366},"model":"modelengine:rpg_rat_undead/right_back_leg"},{"predicate":{"custom_model_data":367},"model":"modelengine:rpg_rat_undead/right_back_shin"},{"predicate":{"custom_model_data":368},"model":"modelengine:rpg_rat_undead/right_back_foot"},{"predicate":{"custom_model_data":369},"model":"modelengine:rpg_rat_undead/hp_bar"},{"predicate":{"custom_model_data":370},"model":"modelengine:rpg_sand_golem/torso"},{"predicate":{"custom_model_data":371},"model":"modelengine:rpg_sand_golem/left_arm"},{"predicate":{"custom_model_data":372},"model":"modelengine:rpg_sand_golem/left_hand"},{"predicate":{"custom_model_data":373},"model":"modelengine:rpg_sand_golem/right_arm"},{"predicate":{"custom_model_data":374},"model":"modelengine:rpg_sand_golem/right_hand"},{"predicate":{"custom_model_data":375},"model":"modelengine:rpg_sand_golem/left_leg"},{"predicate":{"custom_model_data":376},"model":"modelengine:rpg_sand_golem/left_foot"},{"predicate":{"custom_model_data":377},"model":"modelengine:rpg_sand_golem/right_leg"},{"predicate":{"custom_model_data":378},"model":"modelengine:rpg_sand_golem/right_foot"},{"predicate":{"custom_model_data":379},"model":"modelengine:rpg_sand_golem/head"},{"predicate":{"custom_model_data":380},"model":"modelengine:rpg_sand_golem/hp_bar"},{"predicate":{"custom_model_data":381},"model":"modelengine:rpg_skeleton/body"},{"predicate":{"custom_model_data":382},"model":"modelengine:rpg_skeleton/left_leg"},{"predicate":{"custom_model_data":383},"model":"modelengine:rpg_skeleton/left_foot"},{"predicate":{"custom_model_data":384},"model":"modelengine:rpg_skeleton/left_arm"},{"predicate":{"custom_model_data":385},"model":"modelengine:rpg_skeleton/left_hand"},{"predicate":{"custom_model_data":386},"model":"modelengine:rpg_skeleton/right_leg"},{"predicate":{"custom_model_data":387},"model":"modelengine:rpg_skeleton/right_foot"},{"predicate":{"custom_model_data":388},"model":"modelengine:rpg_skeleton/head"},{"predicate":{"custom_model_data":389},"model":"modelengine:rpg_skeleton/jaw"},{"predicate":{"custom_model_data":390},"model":"modelengine:rpg_skeleton/right_arm"},{"predicate":{"custom_model_data":391},"model":"modelengine:rpg_skeleton/right_hand"},{"predicate":{"custom_model_data":392},"model":"modelengine:rpg_skeleton/hp_bar"},{"predicate":{"custom_model_data":393},"model":"modelengine:rpg_skeleton_crossbow/body"},{"predicate":{"custom_model_data":394},"model":"modelengine:rpg_skeleton_crossbow/left_leg"},{"predicate":{"custom_model_data":395},"model":"modelengine:rpg_skeleton_crossbow/left_foot"},{"predicate":{"custom_model_data":396},"model":"modelengine:rpg_skeleton_crossbow/left_arm"},{"predicate":{"custom_model_data":397},"model":"modelengine:rpg_skeleton_crossbow/left_hand"},{"predicate":{"custom_model_data":398},"model":"modelengine:rpg_skeleton_crossbow/right_leg"},{"predicate":{"custom_model_data":399},"model":"modelengine:rpg_skeleton_crossbow/right_foot"},{"predicate":{"custom_model_data":400},"model":"modelengine:rpg_skeleton_crossbow/head"},{"predicate":{"custom_model_data":401},"model":"modelengine:rpg_skeleton_crossbow/jaw"},{"predicate":{"custom_model_data":402},"model":"modelengine:rpg_skeleton_crossbow/right_arm"},{"predicate":{"custom_model_data":403},"model":"modelengine:rpg_skeleton_crossbow/right_hand"},{"predicate":{"custom_model_data":404},"model":"modelengine:rpg_skeleton_crossbow/hp_bar"},{"predicate":{"custom_model_data":405},"model":"modelengine:rpg_slime_cube/body"},{"predicate":{"custom_model_data":406},"model":"modelengine:rpg_slime_cube/bone"},{"predicate":{"custom_model_data":407},"model":"modelengine:rpg_slime_cube/skull"},{"predicate":{"custom_model_data":408},"model":"modelengine:rpg_slime_cube/sword"},{"predicate":{"custom_model_data":409},"model":"modelengine:rpg_slime_cube/ribs"},{"predicate":{"custom_model_data":410},"model":"modelengine:rpg_slime_cube/base"},{"predicate":{"custom_model_data":411},"model":"modelengine:rpg_slime_cube/hp_bar"},{"predicate":{"custom_model_data":412},"model":"modelengine:rpg_stone_golem/torso"},{"predicate":{"custom_model_data":413},"model":"modelengine:rpg_stone_golem/left_arm"},{"predicate":{"custom_model_data":414},"model":"modelengine:rpg_stone_golem/left_hand"},{"predicate":{"custom_model_data":415},"model":"modelengine:rpg_stone_golem/right_arm"},{"predicate":{"custom_model_data":416},"model":"modelengine:rpg_stone_golem/right_hand"},{"predicate":{"custom_model_data":417},"model":"modelengine:rpg_stone_golem/left_leg"},{"predicate":{"custom_model_data":418},"model":"modelengine:rpg_stone_golem/left_foot"},{"predicate":{"custom_model_data":419},"model":"modelengine:rpg_stone_golem/right_leg"},{"predicate":{"custom_model_data":420},"model":"modelengine:rpg_stone_golem/right_foot"},{"predicate":{"custom_model_data":421},"model":"modelengine:rpg_stone_golem/head"},{"predicate":{"custom_model_data":422},"model":"modelengine:rpg_stone_golem/hp_bar"},{"predicate":{"custom_model_data":423},"model":"modelengine:rpg_zombie/body"},{"predicate":{"custom_model_data":424},"model":"modelengine:rpg_zombie/head"},{"predicate":{"custom_model_data":425},"model":"modelengine:rpg_zombie/jaw"},{"predicate":{"custom_model_data":426},"model":"modelengine:rpg_zombie/left_arm"},{"predicate":{"custom_model_data":427},"model":"modelengine:rpg_zombie/left_forearm"},{"predicate":{"custom_model_data":428},"model":"modelengine:rpg_zombie/left_hand"},{"predicate":{"custom_model_data":429},"model":"modelengine:rpg_zombie/right_arm"},{"predicate":{"custom_model_data":430},"model":"modelengine:rpg_zombie/right_forearm"},{"predicate":{"custom_model_data":431},"model":"modelengine:rpg_zombie/right_hand"},{"predicate":{"custom_model_data":432},"model":"modelengine:rpg_zombie/left_leg"},{"predicate":{"custom_model_data":433},"model":"modelengine:rpg_zombie/left_shin"},{"predicate":{"custom_model_data":434},"model":"modelengine:rpg_zombie/left_foot"},{"predicate":{"custom_model_data":435},"model":"modelengine:rpg_zombie/right_leg"},{"predicate":{"custom_model_data":436},"model":"modelengine:rpg_zombie/right_shin"},{"predicate":{"custom_model_data":437},"model":"modelengine:rpg_zombie/right_foot"},{"predicate":{"custom_model_data":438},"model":"modelengine:rpg_zombie/hp_bar"},{"predicate":{"custom_model_data":439},"model":"modelengine:rpg_zombie_head/head"},{"predicate":{"custom_model_data":440},"model":"modelengine:rpg_zombie_head/jaw"},{"predicate":{"custom_model_data":441},"model":"modelengine:shieldbreak/piece1"},{"predicate":{"custom_model_data":442},"model":"modelengine:shieldbreak/piece2"},{"predicate":{"custom_model_data":443},"model":"modelengine:shieldbreak/piece3"},{"predicate":{"custom_model_data":444},"model":"modelengine:skull/gs"},{"predicate":{"custom_model_data":445},"model":"modelengine:skull/gs2"},{"predicate":{"custom_model_data":446},"model":"modelengine:skull/bone"},{"predicate":{"custom_model_data":447},"model":"modelengine:skull/head"},{"predicate":{"custom_model_data":448},"model":"modelengine:spineffect/swingeffect"},{"predicate":{"custom_model_data":449},"model":"modelengine:undead_king/leg1"},{"predicate":{"custom_model_data":450},"model":"modelengine:undead_king/leg2"},{"predicate":{"custom_model_data":451},"model":"modelengine:undead_king/leg3"},{"predicate":{"custom_model_data":452},"model":"modelengine:undead_king/bone28"},{"predicate":{"custom_model_data":453},"model":"modelengine:undead_king/bone29"},{"predicate":{"custom_model_data":454},"model":"modelengine:undead_king/leg4"},{"predicate":{"custom_model_data":455},"model":"modelengine:undead_king/bone30"},{"predicate":{"custom_model_data":456},"model":"modelengine:undead_king/bone31"},{"predicate":{"custom_model_data":457},"model":"modelengine:undead_king/head"},{"predicate":{"custom_model_data":458},"model":"modelengine:undead_king/bone3"},{"predicate":{"custom_model_data":459},"model":"modelengine:undead_king/bone2"},{"predicate":{"custom_model_data":460},"model":"modelengine:undead_king/ping1"},{"predicate":{"custom_model_data":461},"model":"modelengine:undead_king/bone13"},{"predicate":{"custom_model_data":462},"model":"modelengine:undead_king/pinge"},{"predicate":{"custom_model_data":463},"model":"modelengine:undead_king/hand1"},{"predicate":{"custom_model_data":464},"model":"modelengine:undead_king/bone20"},{"predicate":{"custom_model_data":465},"model":"modelengine:undead_king/book"},{"predicate":{"custom_model_data":466},"model":"modelengine:undead_king/bone37"},{"predicate":{"custom_model_data":467},"model":"modelengine:undead_king/1"},{"predicate":{"custom_model_data":468},"model":"modelengine:undead_king/2"},{"predicate":{"custom_model_data":469},"model":"modelengine:undead_king/bone21"},{"predicate":{"custom_model_data":470},"model":"modelengine:undead_king/hand2"},{"predicate":{"custom_model_data":471},"model":"modelengine:undead_king/body1"},{"predicate":{"custom_model_data":472},"model":"modelengine:undead_king/sas2"},{"predicate":{"custom_model_data":473},"model":"modelengine:undead_king/bone7"},{"predicate":{"custom_model_data":474},"model":"modelengine:undead_king/bone8"},{"predicate":{"custom_model_data":475},"model":"modelengine:undead_king/sas4"},{"predicate":{"custom_model_data":476},"model":"modelengine:undead_king/bone33"},{"predicate":{"custom_model_data":477},"model":"modelengine:undead_king/bone32"},{"predicate":{"custom_model_data":478},"model":"modelengine:undead_king/back"},{"predicate":{"custom_model_data":479},"model":"modelengine:undead_king/bone34"},{"predicate":{"custom_model_data":480},"model":"modelengine:undead_king/bone35"},{"predicate":{"custom_model_data":481},"model":"modelengine:undead_king/body4"},{"predicate":{"custom_model_data":482},"model":"modelengine:undead_king/body"},{"predicate":{"custom_model_data":483},"model":"modelengine:undead_king_sword/body"},{"predicate":{"custom_model_data":484},"model":"modelengine:undead_king_sword/g1"},{"predicate":{"custom_model_data":485},"model":"modelengine:undead_king_sword/g2"},{"predicate":{"custom_model_data":486},"model":"modelengine:undead_king_sword/jan1"},{"predicate":{"custom_model_data":487},"model":"modelengine:viking/body"},{"predicate":{"custom_model_data":488},"model":"modelengine:viking/head"},{"predicate":{"custom_model_data":489},"model":"modelengine:viking/back"},{"predicate":{"custom_model_data":490},"model":"modelengine:viking/left_leg"},{"predicate":{"custom_model_data":491},"model":"modelengine:viking/left_foot"},{"predicate":{"custom_model_data":492},"model":"modelengine:viking/right_leg"},{"predicate":{"custom_model_data":493},"model":"modelengine:viking/right_foot"},{"predicate":{"custom_model_data":494},"model":"modelengine:viking/left_arm"},{"predicate":{"custom_model_data":495},"model":"modelengine:viking/left_hand"},{"predicate":{"custom_model_data":496},"model":"modelengine:viking/right_arm"},{"predicate":{"custom_model_data":497},"model":"modelengine:viking/right_hand"},{"predicate":{"custom_model_data":498},"model":"modelengine:viking/hip"},{"predicate":{"custom_model_data":499},"model":"modelengine:viking_decor/base"},{"predicate":{"custom_model_data":500},"model":"modelengine:viking_decor/flag1"},{"predicate":{"custom_model_data":501},"model":"modelengine:viking_decor/flag2"},{"predicate":{"custom_model_data":502},"model":"modelengine:viking_decor/flag3"},{"predicate":{"custom_model_data":503},"model":"modelengine:viking_decor/flag4"},{"predicate":{"custom_model_data":504},"model":"modelengine:viking_decor2/base"},{"predicate":{"custom_model_data":505},"model":"modelengine:viking_decor3/base"},{"predicate":{"custom_model_data":506},"model":"modelengine:viking_decor3/octagon2"},{"predicate":{"custom_model_data":507},"model":"modelengine:viking_decor3/octagon"},{"predicate":{"custom_model_data":508},"model":"modelengine:viking_decor3_parts/variation1"},{"predicate":{"custom_model_data":509},"model":"modelengine:viking_decor3_parts/variation2"},{"predicate":{"custom_model_data":510},"model":"modelengine:viking_decor4/base"},{"predicate":{"custom_model_data":511},"model":"modelengine:viking_decor4_parts/var1"},{"predicate":{"custom_model_data":512},"model":"modelengine:viking_decor4_parts/var2"},{"predicate":{"custom_model_data":513},"model":"modelengine:viking_decor4_parts/var3"},{"predicate":{"custom_model_data":514},"model":"modelengine:viking_miniboss/body"},{"predicate":{"custom_model_data":515},"model":"modelengine:viking_miniboss/cape1"},{"predicate":{"custom_model_data":516},"model":"modelengine:viking_miniboss/left_arm"},{"predicate":{"custom_model_data":517},"model":"modelengine:viking_miniboss/left_forearm"},{"predicate":{"custom_model_data":518},"model":"modelengine:viking_miniboss/left_hand"},{"predicate":{"custom_model_data":519},"model":"modelengine:viking_miniboss/right_arm"},{"predicate":{"custom_model_data":520},"model":"modelengine:viking_miniboss/right_forearm"},{"predicate":{"custom_model_data":521},"model":"modelengine:viking_miniboss/right_hand"},{"predicate":{"custom_model_data":522},"model":"modelengine:viking_miniboss/left_leg"},{"predicate":{"custom_model_data":523},"model":"modelengine:viking_miniboss/left_foot"},{"predicate":{"custom_model_data":524},"model":"modelengine:viking_miniboss/right_leg"},{"predicate":{"custom_model_data":525},"model":"modelengine:viking_miniboss/right_foot"},{"predicate":{"custom_model_data":526},"model":"modelengine:viking_miniboss/beard2"},{"predicate":{"custom_model_data":527},"model":"modelengine:viking_miniboss/beard1"},{"predicate":{"custom_model_data":528},"model":"modelengine:viking_miniboss/head"},{"predicate":{"custom_model_data":529},"model":"modelengine:viking_miniboss/left_horn"},{"predicate":{"custom_model_data":530},"model":"modelengine:viking_miniboss/right_horn"},{"predicate":{"custom_model_data":531},"model":"modelengine:viking_miniboss_axe/axe"},{"predicate":{"custom_model_data":532},"model":"modelengine:viking_miniboss_axeland/axe"},{"predicate":{"custom_model_data":533},"model":"modelengine:viking_miniboss_door/doorleft"},{"predicate":{"custom_model_data":534},"model":"modelengine:viking_miniboss_door/doorright"},{"predicate":{"custom_model_data":535},"model":"modelengine:viking_miniboss_parts/left_empty"},{"predicate":{"custom_model_data":536},"model":"modelengine:viking_miniboss_parts/right_empty"},{"predicate":{"custom_model_data":537},"model":"modelengine:viking_miniboss_parts/axe"},{"predicate":{"custom_model_data":538},"model":"modelengine:viking_parts/head_1"},{"predicate":{"custom_model_data":539},"model":"modelengine:viking_parts/empty"},{"predicate":{"custom_model_data":540},"model":"modelengine:viking_parts/back_shieldaxe"},{"predicate":{"custom_model_data":541},"model":"modelengine:viking_parts/head_2"},{"predicate":{"custom_model_data":542},"model":"modelengine:viking_parts/head_3"},{"predicate":{"custom_model_data":543},"model":"modelengine:viking_parts/body_1"},{"predicate":{"custom_model_data":544},"model":"modelengine:viking_parts/left_arm_1"},{"predicate":{"custom_model_data":545},"model":"modelengine:viking_parts/left_hand_shield2"},{"predicate":{"custom_model_data":546},"model":"modelengine:viking_parts/right_arm_1"},{"predicate":{"custom_model_data":547},"model":"modelengine:viking_parts/right_hand_hammer"},{"predicate":{"custom_model_data":548},"model":"modelengine:viking_parts/right_hand_mace"},{"predicate":{"custom_model_data":549},"model":"modelengine:viking_parts/head_4"},{"predicate":{"custom_model_data":550},"model":"modelengine:viking_parts/head_5"},{"predicate":{"custom_model_data":551},"model":"modelengine:viking_parts/head_6"},{"predicate":{"custom_model_data":552},"model":"modelengine:viking_parts/head_7"},{"predicate":{"custom_model_data":553},"model":"modelengine:viking_parts/head_8"},{"predicate":{"custom_model_data":554},"model":"modelengine:viking_parts/back_shieldaxe2"},{"predicate":{"custom_model_data":555},"model":"modelengine:viking_parts/body_2"},{"predicate":{"custom_model_data":556},"model":"modelengine:viking_parts/body_3"},{"predicate":{"custom_model_data":557},"model":"modelengine:viking_parts/left_arm_3"},{"predicate":{"custom_model_data":558},"model":"modelengine:viking_parts/left_hand_shield1"},{"predicate":{"custom_model_data":559},"model":"modelengine:viking_parts/left_hand_axe"},{"predicate":{"custom_model_data":560},"model":"modelengine:viking_parts/right_arm_3"},{"predicate":{"custom_model_data":561},"model":"modelengine:viking_parts/right_hand_axe"},{"predicate":{"custom_model_data":562},"model":"modelengine:viking_parts/back_shieldhammer"},{"predicate":{"custom_model_data":563},"model":"modelengine:viking_parts/hip_hammer"},{"predicate":{"custom_model_data":564},"model":"modelengine:viking_parts/back_shield"},{"predicate":{"custom_model_data":565},"model":"modelengine:viking_parts/back_axe"},{"predicate":{"custom_model_data":566},"model":"modelengine:viking_parts/back_hammer"},{"predicate":{"custom_model_data":567},"model":"modelengine:viking_parts/hip_mace"},{"predicate":{"custom_model_data":568},"model":"modelengine:viking_rune_parts/speed"},{"predicate":{"custom_model_data":569},"model":"modelengine:viking_rune_parts/luck"},{"predicate":{"custom_model_data":570},"model":"modelengine:viking_rune_parts/blank"},{"predicate":{"custom_model_data":571},"model":"modelengine:viking_rune_power/base"},{"predicate":{"custom_model_data":572},"model":"modelengine:viking_stone_pile/stone"},{"predicate":{"custom_model_data":1000},"model":"modelengine:anchor/chain"},{"predicate":{"custom_model_data":1001},"model":"modelengine:anchor/anchor"},{"predicate":{"custom_model_data":1002},"model":"modelengine:lootbag/lootbag"},{"predicate":{"custom_model_data":1003},"model":"modelengine:lootbag/shield"},{"predicate":{"custom_model_data":1004},"model":"modelengine:minecart/minecart"},{"predicate":{"custom_model_data":1005},"model":"modelengine:pirate/bard"},{"predicate":{"custom_model_data":1006},"model":"modelengine:pirate/leftleg"},{"predicate":{"custom_model_data":1007},"model":"modelengine:pirate/leftfoot"},{"predicate":{"custom_model_data":1008},"model":"modelengine:pirate/rightleg"},{"predicate":{"custom_model_data":1009},"model":"modelengine:pirate/rightfoot"},{"predicate":{"custom_model_data":1010},"model":"modelengine:pirate/leftarm"},{"predicate":{"custom_model_data":1011},"model":"modelengine:pirate/lefthand"},{"predicate":{"custom_model_data":1012},"model":"modelengine:pirate/rightarm"},{"predicate":{"custom_model_data":1013},"model":"modelengine:pirate/righthand"},{"predicate":{"custom_model_data":1014},"model":"modelengine:pirate/head"},{"predicate":{"custom_model_data":1015},"model":"modelengine:tap/tap"},{"predicate":{"custom_model_data":1016},"model":"modelengine:tavern/rightarm"},{"predicate":{"custom_model_data":1017},"model":"modelengine:tavern/righthand"},{"predicate":{"custom_model_data":1018},"model":"modelengine:tavern/leftarm"},{"predicate":{"custom_model_data":1019},"model":"modelengine:tavern/lefthand"},{"predicate":{"custom_model_data":1020},"model":"modelengine:tavern/rightleg"},{"predicate":{"custom_model_data":1021},"model":"modelengine:tavern/rightfoot"},{"predicate":{"custom_model_data":1022},"model":"modelengine:tavern/leftleg"},{"predicate":{"custom_model_data":1023},"model":"modelengine:tavern/leftfoot"},{"predicate":{"custom_model_data":1024},"model":"modelengine:tavern/head"},{"predicate":{"custom_model_data":1025},"model":"modelengine:tavern/tavern"},{"predicate":{"custom_model_data":1026},"model":"modelengine:throne/throne"}]}