{"parent":"minecraft:item/generated","textures":{"layer0":"minecraft:item/leather_horse_armor"},"overrides":[{"predicate":{"custom_model_data":1},"model":"modelengine:dungeon_barrel/barrel"},{"predicate":{"custom_model_data":2},"model":"modelengine:dungeon_barrelexplosive/barrel"},{"predicate":{"custom_model_data":3},"model":"modelengine:dungeon_barricade/barricade"},{"predicate":{"custom_model_data":4},"model":"modelengine:dungeon_candelabra/candelabra"},{"predicate":{"custom_model_data":5},"model":"modelengine:dungeon_chandelier/chandelier"},{"predicate":{"custom_model_data":6},"model":"modelengine:dungeon_crate_double/crate"},{"predicate":{"custom_model_data":7},"model":"modelengine:dungeon_crate_large/crate"},{"predicate":{"custom_model_data":8},"model":"modelengine:dungeon_crate_small/crate"},{"predicate":{"custom_model_data":9},"model":"modelengine:dungeon_goldpile/gold"},{"predicate":{"custom_model_data":10},"model":"modelengine:dungeon_hanging_cage/cage"},{"predicate":{"custom_model_data":11},"model":"modelengine:dungeon_ironmaiden/ironmaiden"},{"predicate":{"custom_model_data":12},"model":"modelengine:dungeon_ironmaiden_dirty/ironmaiden"},{"predicate":{"custom_model_data":13},"model":"modelengine:dungeon_medium_lootchest/chest"},{"predicate":{"custom_model_data":14},"model":"modelengine:dungeon_medium_lootchest/lid"},{"predicate":{"custom_model_data":15},"model":"modelengine:dungeon_pillory/pillory"},{"predicate":{"custom_model_data":16},"model":"modelengine:dungeon_pot_medium/pot"},{"predicate":{"custom_model_data":17},"model":"modelengine:dungeon_rat/rat"},{"predicate":{"custom_model_data":18},"model":"modelengine:dungeon_saw/base"},{"predicate":{"custom_model_data":19},"model":"modelengine:dungeon_saw/dungeon_saw"},{"predicate":{"custom_model_data":20},"model":"modelengine:dungeon_shackles/shackles"},{"predicate":{"custom_model_data":21},"model":"modelengine:dungeon_spawn_crystal_off/crystal"},{"predicate":{"custom_model_data":22},"model":"modelengine:dungeon_spawn_crystal_on/crystal"},{"predicate":{"custom_model_data":23},"model":"modelengine:dungeon_spawn_crystal_used/crystal"},{"predicate":{"custom_model_data":24},"model":"modelengine:dungeon_weapon_rack/stand"},{"predicate":{"custom_model_data":25},"model":"modelengine:goblin_archer/goblin"},{"predicate":{"custom_model_data":26},"model":"modelengine:goblin_archer/bow"},{"predicate":{"custom_model_data":27},"model":"modelengine:goblin_archer/empty"},{"predicate":{"custom_model_data":28},"model":"modelengine:goblin_archer/rightleg"},{"predicate":{"custom_model_data":29},"model":"modelengine:goblin_archer/leftleg"},{"predicate":{"custom_model_data":30},"model":"modelengine:goblin_archer/head"},{"predicate":{"custom_model_data":31},"model":"modelengine:goblin_club/goblin"},{"predicate":{"custom_model_data":32},"model":"modelengine:goblin_club/club"},{"predicate":{"custom_model_data":33},"model":"modelengine:goblin_club/empty"},{"predicate":{"custom_model_data":34},"model":"modelengine:goblin_club/rightleg"},{"predicate":{"custom_model_data":35},"model":"modelengine:goblin_club/leftleg"},{"predicate":{"custom_model_data":36},"model":"modelengine:goblin_club/head"},{"predicate":{"custom_model_data":37},"model":"modelengine:goblin_king/body"},{"predicate":{"custom_model_data":38},"model":"modelengine:goblin_king/head"},{"predicate":{"custom_model_data":39},"model":"modelengine:goblin_king/rightarm"},{"predicate":{"custom_model_data":40},"model":"modelengine:goblin_king/rightleg"},{"predicate":{"custom_model_data":41},"model":"modelengine:goblin_king/cape"},{"predicate":{"custom_model_data":42},"model":"modelengine:goblin_king/leftleg"},{"predicate":{"custom_model_data":43},"model":"modelengine:goblin_king/leftarm"},{"predicate":{"custom_model_data":44},"model":"modelengine:goblin_shaman/rightarm"},{"predicate":{"custom_model_data":45},"model":"modelengine:goblin_shaman/rightleg"},{"predicate":{"custom_model_data":46},"model":"modelengine:goblin_shaman/leftarm"},{"predicate":{"custom_model_data":47},"model":"modelengine:goblin_shaman/leftleg"},{"predicate":{"custom_model_data":48},"model":"modelengine:goblin_shaman/body"},{"predicate":{"custom_model_data":49},"model":"modelengine:goblin_shaman/head"},{"predicate":{"custom_model_data":50},"model":"modelengine:goblin_sword/goblin"},{"predicate":{"custom_model_data":51},"model":"modelengine:goblin_sword/sword"},{"predicate":{"custom_model_data":52},"model":"modelengine:goblin_sword/empty"},{"predicate":{"custom_model_data":53},"model":"modelengine:goblin_sword/shield"},{"predicate":{"custom_model_data":54},"model":"modelengine:goblin_sword/rightleg"},{"predicate":{"custom_model_data":55},"model":"modelengine:goblin_sword/leftleg"},{"predicate":{"custom_model_data":56},"model":"modelengine:goblin_sword/head"},{"predicate":{"custom_model_data":57},"model":"modelengine:goblin_treasure/lid"},{"predicate":{"custom_model_data":58},"model":"modelengine:goblin_treasure/chest"},{"predicate":{"custom_model_data":59},"model":"modelengine:goblin_undead/goblin"},{"predicate":{"custom_model_data":60},"model":"modelengine:goblin_undead/right"},{"predicate":{"custom_model_data":61},"model":"modelengine:goblin_undead/left"},{"predicate":{"custom_model_data":62},"model":"modelengine:goblin_undead/rightleg"},{"predicate":{"custom_model_data":63},"model":"modelengine:goblin_undead/leftleg"},{"predicate":{"custom_model_data":64},"model":"modelengine:goblin_undead/head"},{"predicate":{"custom_model_data":65},"model":"modelengine:groundcrack/effect"},{"predicate":{"custom_model_data":66},"model":"modelengine:nocsy_skeleton_archer/hat"},{"predicate":{"custom_model_data":67},"model":"modelengine:nocsy_skeleton_archer/head"},{"predicate":{"custom_model_data":68},"model":"modelengine:nocsy_skeleton_archer/jaw"},{"predicate":{"custom_model_data":69},"model":"modelengine:nocsy_skeleton_archer/iliac"},{"predicate":{"custom_model_data":70},"model":"modelengine:nocsy_skeleton_archer/left_femur"},{"predicate":{"custom_model_data":71},"model":"modelengine:nocsy_skeleton_archer/left_tibia"},{"predicate":{"custom_model_data":72},"model":"modelengine:nocsy_skeleton_archer/right_femur"},{"predicate":{"custom_model_data":73},"model":"modelengine:nocsy_skeleton_archer/right_tibia"},{"predicate":{"custom_model_data":74},"model":"modelengine:nocsy_skeleton_archer/left_arm"},{"predicate":{"custom_model_data":75},"model":"modelengine:nocsy_skeleton_archer/left_mid_arm"},{"predicate":{"custom_model_data":76},"model":"modelengine:nocsy_skeleton_archer/right_arm"},{"predicate":{"custom_model_data":77},"model":"modelengine:nocsy_skeleton_archer/right_mid_arm"},{"predicate":{"custom_model_data":78},"model":"modelengine:nocsy_skeleton_archer/bow"},{"predicate":{"custom_model_data":79},"model":"modelengine:nocsy_skeleton_archer/body"},{"predicate":{"custom_model_data":80},"model":"modelengine:nocsy_skeleton_archer/arrow"},{"predicate":{"custom_model_data":81},"model":"modelengine:nocsy_skeleton_brute1/head"},{"predicate":{"custom_model_data":82},"model":"modelengine:nocsy_skeleton_brute1/jaw"},{"predicate":{"custom_model_data":83},"model":"modelengine:nocsy_skeleton_brute1/iliac"},{"predicate":{"custom_model_data":84},"model":"modelengine:nocsy_skeleton_brute1/left_femur"},{"predicate":{"custom_model_data":85},"model":"modelengine:nocsy_skeleton_brute1/left_tibia"},{"predicate":{"custom_model_data":86},"model":"modelengine:nocsy_skeleton_brute1/right_femur"},{"predicate":{"custom_model_data":87},"model":"modelengine:nocsy_skeleton_brute1/right_tibia"},{"predicate":{"custom_model_data":88},"model":"modelengine:nocsy_skeleton_brute1/right_foot"},{"predicate":{"custom_model_data":89},"model":"modelengine:nocsy_skeleton_brute1/left_arm"},{"predicate":{"custom_model_data":90},"model":"modelengine:nocsy_skeleton_brute1/left_mid_arm"},{"predicate":{"custom_model_data":91},"model":"modelengine:nocsy_skeleton_brute1/right_arm"},{"predicate":{"custom_model_data":92},"model":"modelengine:nocsy_skeleton_brute1/right_mid_arm"},{"predicate":{"custom_model_data":93},"model":"modelengine:nocsy_skeleton_brute1/weapon"},{"predicate":{"custom_model_data":94},"model":"modelengine:nocsy_skeleton_brute1/pectus"},{"predicate":{"custom_model_data":95},"model":"modelengine:nocsy_skeleton_brute1/body"},{"predicate":{"custom_model_data":96},"model":"modelengine:nocsy_skeleton_brute2/head"},{"predicate":{"custom_model_data":97},"model":"modelengine:nocsy_skeleton_brute2/jaw"},{"predicate":{"custom_model_data":98},"model":"modelengine:nocsy_skeleton_brute2/iliac"},{"predicate":{"custom_model_data":99},"model":"modelengine:nocsy_skeleton_brute2/right_femur"},{"predicate":{"custom_model_data":100},"model":"modelengine:nocsy_skeleton_brute2/right_tibia"},{"predicate":{"custom_model_data":101},"model":"modelengine:nocsy_skeleton_brute2/right_foot"},{"predicate":{"custom_model_data":102},"model":"modelengine:nocsy_skeleton_brute2/left_femur"},{"predicate":{"custom_model_data":103},"model":"modelengine:nocsy_skeleton_brute2/left_tibia"},{"predicate":{"custom_model_data":104},"model":"modelengine:nocsy_skeleton_brute2/left_foot"},{"predicate":{"custom_model_data":105},"model":"modelengine:nocsy_skeleton_brute2/left_arm"},{"predicate":{"custom_model_data":106},"model":"modelengine:nocsy_skeleton_brute2/left_mid_arm"},{"predicate":{"custom_model_data":107},"model":"modelengine:nocsy_skeleton_brute2/right_arm"},{"predicate":{"custom_model_data":108},"model":"modelengine:nocsy_skeleton_brute2/right_mid_arm"},{"predicate":{"custom_model_data":109},"model":"modelengine:nocsy_skeleton_brute2/sword"},{"predicate":{"custom_model_data":110},"model":"modelengine:nocsy_skeleton_brute2/pectus"},{"predicate":{"custom_model_data":111},"model":"modelengine:nocsy_skeleton_brute2/body"},{"predicate":{"custom_model_data":112},"model":"modelengine:nocsy_skeleton_necromancer/head"},{"predicate":{"custom_model_data":113},"model":"modelengine:nocsy_skeleton_necromancer/jaw"},{"predicate":{"custom_model_data":114},"model":"modelengine:nocsy_skeleton_necromancer/iliac"},{"predicate":{"custom_model_data":115},"model":"modelengine:nocsy_skeleton_necromancer/right_drap"},{"predicate":{"custom_model_data":116},"model":"modelengine:nocsy_skeleton_necromancer/left_drap"},{"predicate":{"custom_model_data":117},"model":"modelengine:nocsy_skeleton_necromancer/back_drap"},{"predicate":{"custom_model_data":118},"model":"modelengine:nocsy_skeleton_necromancer/front_drap"},{"predicate":{"custom_model_data":119},"model":"modelengine:nocsy_skeleton_necromancer/left_arm"},{"predicate":{"custom_model_data":120},"model":"modelengine:nocsy_skeleton_necromancer/head_chain"},{"predicate":{"custom_model_data":121},"model":"modelengine:nocsy_skeleton_necromancer/lantern"},{"predicate":{"custom_model_data":122},"model":"modelengine:nocsy_skeleton_necromancer/left_mid_arm"},{"predicate":{"custom_model_data":123},"model":"modelengine:nocsy_skeleton_necromancer/right_arm"},{"predicate":{"custom_model_data":124},"model":"modelengine:nocsy_skeleton_necromancer/right_mid_arm"},{"predicate":{"custom_model_data":125},"model":"modelengine:nocsy_skeleton_necromancer/pectus"},{"predicate":{"custom_model_data":126},"model":"modelengine:nocsy_skeleton_necromancer/body"},{"predicate":{"custom_model_data":127},"model":"modelengine:nocsy_skeleton_necromancer/right_manche"},{"predicate":{"custom_model_data":128},"model":"modelengine:nocsy_skeleton_necromancer/left_manche"},{"predicate":{"custom_model_data":129},"model":"modelengine:nocsy_skeleton_skull/head"},{"predicate":{"custom_model_data":130},"model":"modelengine:nocsy_skeleton_skull/wheel"},{"predicate":{"custom_model_data":131},"model":"modelengine:nocsy_skeleton_skull/jaw"},{"predicate":{"custom_model_data":132},"model":"modelengine:nocsy_skeleton_warrior/head"},{"predicate":{"custom_model_data":133},"model":"modelengine:nocsy_skeleton_warrior/jaw"},{"predicate":{"custom_model_data":134},"model":"modelengine:nocsy_skeleton_warrior/iliac"},{"predicate":{"custom_model_data":135},"model":"modelengine:nocsy_skeleton_warrior/left_femur"},{"predicate":{"custom_model_data":136},"model":"modelengine:nocsy_skeleton_warrior/left_tibia"},{"predicate":{"custom_model_data":137},"model":"modelengine:nocsy_skeleton_warrior/right_femur"},{"predicate":{"custom_model_data":138},"model":"modelengine:nocsy_skeleton_warrior/right_tibia"},{"predicate":{"custom_model_data":139},"model":"modelengine:nocsy_skeleton_warrior/left_arm"},{"predicate":{"custom_model_data":140},"model":"modelengine:nocsy_skeleton_warrior/left_mid_arm"},{"predicate":{"custom_model_data":141},"model":"modelengine:nocsy_skeleton_warrior/shield"},{"predicate":{"custom_model_data":142},"model":"modelengine:nocsy_skeleton_warrior/right_arm"},{"predicate":{"custom_model_data":143},"model":"modelengine:nocsy_skeleton_warrior/right_mid_arm"},{"predicate":{"custom_model_data":144},"model":"modelengine:nocsy_skeleton_warrior/body"},{"predicate":{"custom_model_data":145},"model":"modelengine:shieldbreak/piece1"},{"predicate":{"custom_model_data":146},"model":"modelengine:shieldbreak/piece2"},{"predicate":{"custom_model_data":147},"model":"modelengine:shieldbreak/piece3"},{"predicate":{"custom_model_data":148},"model":"modelengine:spineffect/swingeffect"}]}