{"parent":"minecraft:item/generated","textures":{"layer0":"minecraft:item/leather_horse_armor"},"overrides":[{"predicate":{"custom_model_data":1},"model":"modelengine:dungeon_barrel/barrel"},{"predicate":{"custom_model_data":2},"model":"modelengine:dungeon_barrelexplosive/barrel"},{"predicate":{"custom_model_data":3},"model":"modelengine:dungeon_barricade/barricade"},{"predicate":{"custom_model_data":4},"model":"modelengine:dungeon_candelabra/candelabra"},{"predicate":{"custom_model_data":5},"model":"modelengine:dungeon_chandelier/chandelier"},{"predicate":{"custom_model_data":6},"model":"modelengine:dungeon_crate_double/crate"},{"predicate":{"custom_model_data":7},"model":"modelengine:dungeon_crate_large/crate"},{"predicate":{"custom_model_data":8},"model":"modelengine:dungeon_crate_small/crate"},{"predicate":{"custom_model_data":9},"model":"modelengine:dungeon_goldpile/gold"},{"predicate":{"custom_model_data":10},"model":"modelengine:dungeon_hanging_cage/cage"},{"predicate":{"custom_model_data":11},"model":"modelengine:dungeon_ironmaiden/ironmaiden"},{"predicate":{"custom_model_data":12},"model":"modelengine:dungeon_ironmaiden_dirty/ironmaiden"},{"predicate":{"custom_model_data":13},"model":"modelengine:dungeon_medium_lootchest/chest"},{"predicate":{"custom_model_data":14},"model":"modelengine:dungeon_medium_lootchest/lid"},{"predicate":{"custom_model_data":15},"model":"modelengine:dungeon_pillory/pillory"},{"predicate":{"custom_model_data":16},"model":"modelengine:dungeon_pot_medium/pot"},{"predicate":{"custom_model_data":17},"model":"modelengine:dungeon_rat/rat"},{"predicate":{"custom_model_data":18},"model":"modelengine:dungeon_saw/base"},{"predicate":{"custom_model_data":19},"model":"modelengine:dungeon_saw/dungeon_saw"},{"predicate":{"custom_model_data":20},"model":"modelengine:dungeon_shackles/shackles"},{"predicate":{"custom_model_data":21},"model":"modelengine:dungeon_spawn_crystal_off/crystal"},{"predicate":{"custom_model_data":22},"model":"modelengine:dungeon_spawn_crystal_on/crystal"},{"predicate":{"custom_model_data":23},"model":"modelengine:dungeon_spawn_crystal_used/crystal"},{"predicate":{"custom_model_data":24},"model":"modelengine:dungeon_weapon_rack/stand"},{"predicate":{"custom_model_data":25},"model":"modelengine:ghoul/body2"},{"predicate":{"custom_model_data":26},"model":"modelengine:ghoul/head"},{"predicate":{"custom_model_data":27},"model":"modelengine:ghoul/bone"},{"predicate":{"custom_model_data":28},"model":"modelengine:ghoul/han1"},{"predicate":{"custom_model_data":29},"model":"modelengine:ghoul/bone7"},{"predicate":{"custom_model_data":30},"model":"modelengine:ghoul/bone8"},{"predicate":{"custom_model_data":31},"model":"modelengine:ghoul/bone14"},{"predicate":{"custom_model_data":32},"model":"modelengine:ghoul/bone16"},{"predicate":{"custom_model_data":33},"model":"modelengine:ghoul/han2"},{"predicate":{"custom_model_data":34},"model":"modelengine:ghoul/body3"},{"predicate":{"custom_model_data":35},"model":"modelengine:ghoul/bone4"},{"predicate":{"custom_model_data":36},"model":"modelengine:ghoul/bone5"},{"predicate":{"custom_model_data":37},"model":"modelengine:ghoul/leg1"},{"predicate":{"custom_model_data":38},"model":"modelengine:ghoul/bone18"},{"predicate":{"custom_model_data":39},"model":"modelengine:ghoul/bone19"},{"predicate":{"custom_model_data":40},"model":"modelengine:ghoul/leg2"},{"predicate":{"custom_model_data":41},"model":"modelengine:goblin_archer/goblin"},{"predicate":{"custom_model_data":42},"model":"modelengine:goblin_archer/bow"},{"predicate":{"custom_model_data":43},"model":"modelengine:goblin_archer/empty"},{"predicate":{"custom_model_data":44},"model":"modelengine:goblin_archer/rightleg"},{"predicate":{"custom_model_data":45},"model":"modelengine:goblin_archer/leftleg"},{"predicate":{"custom_model_data":46},"model":"modelengine:goblin_archer/head"},{"predicate":{"custom_model_data":47},"model":"modelengine:goblin_club/goblin"},{"predicate":{"custom_model_data":48},"model":"modelengine:goblin_club/club"},{"predicate":{"custom_model_data":49},"model":"modelengine:goblin_club/empty"},{"predicate":{"custom_model_data":50},"model":"modelengine:goblin_club/rightleg"},{"predicate":{"custom_model_data":51},"model":"modelengine:goblin_club/leftleg"},{"predicate":{"custom_model_data":52},"model":"modelengine:goblin_club/head"},{"predicate":{"custom_model_data":53},"model":"modelengine:goblin_king/body"},{"predicate":{"custom_model_data":54},"model":"modelengine:goblin_king/head"},{"predicate":{"custom_model_data":55},"model":"modelengine:goblin_king/rightarm"},{"predicate":{"custom_model_data":56},"model":"modelengine:goblin_king/rightleg"},{"predicate":{"custom_model_data":57},"model":"modelengine:goblin_king/cape"},{"predicate":{"custom_model_data":58},"model":"modelengine:goblin_king/leftleg"},{"predicate":{"custom_model_data":59},"model":"modelengine:goblin_king/leftarm"},{"predicate":{"custom_model_data":60},"model":"modelengine:goblin_shaman/rightarm"},{"predicate":{"custom_model_data":61},"model":"modelengine:goblin_shaman/rightleg"},{"predicate":{"custom_model_data":62},"model":"modelengine:goblin_shaman/leftarm"},{"predicate":{"custom_model_data":63},"model":"modelengine:goblin_shaman/leftleg"},{"predicate":{"custom_model_data":64},"model":"modelengine:goblin_shaman/body"},{"predicate":{"custom_model_data":65},"model":"modelengine:goblin_shaman/head"},{"predicate":{"custom_model_data":66},"model":"modelengine:goblin_sword/goblin"},{"predicate":{"custom_model_data":67},"model":"modelengine:goblin_sword/sword"},{"predicate":{"custom_model_data":68},"model":"modelengine:goblin_sword/empty"},{"predicate":{"custom_model_data":69},"model":"modelengine:goblin_sword/shield"},{"predicate":{"custom_model_data":70},"model":"modelengine:goblin_sword/rightleg"},{"predicate":{"custom_model_data":71},"model":"modelengine:goblin_sword/leftleg"},{"predicate":{"custom_model_data":72},"model":"modelengine:goblin_sword/head"},{"predicate":{"custom_model_data":73},"model":"modelengine:goblin_treasure/lid"},{"predicate":{"custom_model_data":74},"model":"modelengine:goblin_treasure/chest"},{"predicate":{"custom_model_data":75},"model":"modelengine:goblin_undead/goblin"},{"predicate":{"custom_model_data":76},"model":"modelengine:goblin_undead/right"},{"predicate":{"custom_model_data":77},"model":"modelengine:goblin_undead/left"},{"predicate":{"custom_model_data":78},"model":"modelengine:goblin_undead/rightleg"},{"predicate":{"custom_model_data":79},"model":"modelengine:goblin_undead/leftleg"},{"predicate":{"custom_model_data":80},"model":"modelengine:goblin_undead/head"},{"predicate":{"custom_model_data":81},"model":"modelengine:groundcrack/effect"},{"predicate":{"custom_model_data":82},"model":"modelengine:lr_healthbar/1"},{"predicate":{"custom_model_data":83},"model":"modelengine:lr_healthbar/2"},{"predicate":{"custom_model_data":84},"model":"modelengine:lr_healthbar/3"},{"predicate":{"custom_model_data":85},"model":"modelengine:lr_healthbar/4"},{"predicate":{"custom_model_data":86},"model":"modelengine:lr_healthbar/5"},{"predicate":{"custom_model_data":87},"model":"modelengine:lr_healthbar/6"},{"predicate":{"custom_model_data":88},"model":"modelengine:lr_healthbar/7"},{"predicate":{"custom_model_data":89},"model":"modelengine:lr_healthbar/8"},{"predicate":{"custom_model_data":90},"model":"modelengine:lr_healthbar/9"},{"predicate":{"custom_model_data":91},"model":"modelengine:lr_healthbar/10"},{"predicate":{"custom_model_data":92},"model":"modelengine:lr_healthbar/11"},{"predicate":{"custom_model_data":93},"model":"modelengine:lr_healthbar/12"},{"predicate":{"custom_model_data":94},"model":"modelengine:lr_healthbar/13"},{"predicate":{"custom_model_data":95},"model":"modelengine:lr_healthbar/14"},{"predicate":{"custom_model_data":96},"model":"modelengine:lr_healthbar/15"},{"predicate":{"custom_model_data":97},"model":"modelengine:lr_healthbar/16"},{"predicate":{"custom_model_data":98},"model":"modelengine:lr_healthbar/17"},{"predicate":{"custom_model_data":99},"model":"modelengine:lr_healthbar/18"},{"predicate":{"custom_model_data":100},"model":"modelengine:lr_healthbar/19"},{"predicate":{"custom_model_data":101},"model":"modelengine:lr_healthbar/20"},{"predicate":{"custom_model_data":102},"model":"modelengine:nocsy_skeleton_archer/hat"},{"predicate":{"custom_model_data":103},"model":"modelengine:nocsy_skeleton_archer/head"},{"predicate":{"custom_model_data":104},"model":"modelengine:nocsy_skeleton_archer/jaw"},{"predicate":{"custom_model_data":105},"model":"modelengine:nocsy_skeleton_archer/iliac"},{"predicate":{"custom_model_data":106},"model":"modelengine:nocsy_skeleton_archer/left_femur"},{"predicate":{"custom_model_data":107},"model":"modelengine:nocsy_skeleton_archer/left_tibia"},{"predicate":{"custom_model_data":108},"model":"modelengine:nocsy_skeleton_archer/right_femur"},{"predicate":{"custom_model_data":109},"model":"modelengine:nocsy_skeleton_archer/right_tibia"},{"predicate":{"custom_model_data":110},"model":"modelengine:nocsy_skeleton_archer/left_arm"},{"predicate":{"custom_model_data":111},"model":"modelengine:nocsy_skeleton_archer/left_mid_arm"},{"predicate":{"custom_model_data":112},"model":"modelengine:nocsy_skeleton_archer/right_arm"},{"predicate":{"custom_model_data":113},"model":"modelengine:nocsy_skeleton_archer/right_mid_arm"},{"predicate":{"custom_model_data":114},"model":"modelengine:nocsy_skeleton_archer/bow"},{"predicate":{"custom_model_data":115},"model":"modelengine:nocsy_skeleton_archer/body"},{"predicate":{"custom_model_data":116},"model":"modelengine:nocsy_skeleton_archer/arrow"},{"predicate":{"custom_model_data":117},"model":"modelengine:nocsy_skeleton_brute1/head"},{"predicate":{"custom_model_data":118},"model":"modelengine:nocsy_skeleton_brute1/jaw"},{"predicate":{"custom_model_data":119},"model":"modelengine:nocsy_skeleton_brute1/iliac"},{"predicate":{"custom_model_data":120},"model":"modelengine:nocsy_skeleton_brute1/left_femur"},{"predicate":{"custom_model_data":121},"model":"modelengine:nocsy_skeleton_brute1/left_tibia"},{"predicate":{"custom_model_data":122},"model":"modelengine:nocsy_skeleton_brute1/right_femur"},{"predicate":{"custom_model_data":123},"model":"modelengine:nocsy_skeleton_brute1/right_tibia"},{"predicate":{"custom_model_data":124},"model":"modelengine:nocsy_skeleton_brute1/right_foot"},{"predicate":{"custom_model_data":125},"model":"modelengine:nocsy_skeleton_brute1/left_arm"},{"predicate":{"custom_model_data":126},"model":"modelengine:nocsy_skeleton_brute1/left_mid_arm"},{"predicate":{"custom_model_data":127},"model":"modelengine:nocsy_skeleton_brute1/right_arm"},{"predicate":{"custom_model_data":128},"model":"modelengine:nocsy_skeleton_brute1/right_mid_arm"},{"predicate":{"custom_model_data":129},"model":"modelengine:nocsy_skeleton_brute1/weapon"},{"predicate":{"custom_model_data":130},"model":"modelengine:nocsy_skeleton_brute1/pectus"},{"predicate":{"custom_model_data":131},"model":"modelengine:nocsy_skeleton_brute1/body"},{"predicate":{"custom_model_data":132},"model":"modelengine:nocsy_skeleton_brute2/head"},{"predicate":{"custom_model_data":133},"model":"modelengine:nocsy_skeleton_brute2/jaw"},{"predicate":{"custom_model_data":134},"model":"modelengine:nocsy_skeleton_brute2/iliac"},{"predicate":{"custom_model_data":135},"model":"modelengine:nocsy_skeleton_brute2/right_femur"},{"predicate":{"custom_model_data":136},"model":"modelengine:nocsy_skeleton_brute2/right_tibia"},{"predicate":{"custom_model_data":137},"model":"modelengine:nocsy_skeleton_brute2/right_foot"},{"predicate":{"custom_model_data":138},"model":"modelengine:nocsy_skeleton_brute2/left_femur"},{"predicate":{"custom_model_data":139},"model":"modelengine:nocsy_skeleton_brute2/left_tibia"},{"predicate":{"custom_model_data":140},"model":"modelengine:nocsy_skeleton_brute2/left_foot"},{"predicate":{"custom_model_data":141},"model":"modelengine:nocsy_skeleton_brute2/left_arm"},{"predicate":{"custom_model_data":142},"model":"modelengine:nocsy_skeleton_brute2/left_mid_arm"},{"predicate":{"custom_model_data":143},"model":"modelengine:nocsy_skeleton_brute2/right_arm"},{"predicate":{"custom_model_data":144},"model":"modelengine:nocsy_skeleton_brute2/right_mid_arm"},{"predicate":{"custom_model_data":145},"model":"modelengine:nocsy_skeleton_brute2/sword"},{"predicate":{"custom_model_data":146},"model":"modelengine:nocsy_skeleton_brute2/pectus"},{"predicate":{"custom_model_data":147},"model":"modelengine:nocsy_skeleton_brute2/body"},{"predicate":{"custom_model_data":148},"model":"modelengine:nocsy_skeleton_necromancer/head"},{"predicate":{"custom_model_data":149},"model":"modelengine:nocsy_skeleton_necromancer/jaw"},{"predicate":{"custom_model_data":150},"model":"modelengine:nocsy_skeleton_necromancer/iliac"},{"predicate":{"custom_model_data":151},"model":"modelengine:nocsy_skeleton_necromancer/right_drap"},{"predicate":{"custom_model_data":152},"model":"modelengine:nocsy_skeleton_necromancer/left_drap"},{"predicate":{"custom_model_data":153},"model":"modelengine:nocsy_skeleton_necromancer/back_drap"},{"predicate":{"custom_model_data":154},"model":"modelengine:nocsy_skeleton_necromancer/front_drap"},{"predicate":{"custom_model_data":155},"model":"modelengine:nocsy_skeleton_necromancer/left_arm"},{"predicate":{"custom_model_data":156},"model":"modelengine:nocsy_skeleton_necromancer/head_chain"},{"predicate":{"custom_model_data":157},"model":"modelengine:nocsy_skeleton_necromancer/lantern"},{"predicate":{"custom_model_data":158},"model":"modelengine:nocsy_skeleton_necromancer/left_mid_arm"},{"predicate":{"custom_model_data":159},"model":"modelengine:nocsy_skeleton_necromancer/right_arm"},{"predicate":{"custom_model_data":160},"model":"modelengine:nocsy_skeleton_necromancer/right_mid_arm"},{"predicate":{"custom_model_data":161},"model":"modelengine:nocsy_skeleton_necromancer/pectus"},{"predicate":{"custom_model_data":162},"model":"modelengine:nocsy_skeleton_necromancer/body"},{"predicate":{"custom_model_data":163},"model":"modelengine:nocsy_skeleton_necromancer/right_manche"},{"predicate":{"custom_model_data":164},"model":"modelengine:nocsy_skeleton_necromancer/left_manche"},{"predicate":{"custom_model_data":165},"model":"modelengine:nocsy_skeleton_skull/head"},{"predicate":{"custom_model_data":166},"model":"modelengine:nocsy_skeleton_skull/wheel"},{"predicate":{"custom_model_data":167},"model":"modelengine:nocsy_skeleton_skull/jaw"},{"predicate":{"custom_model_data":168},"model":"modelengine:nocsy_skeleton_warrior/head"},{"predicate":{"custom_model_data":169},"model":"modelengine:nocsy_skeleton_warrior/jaw"},{"predicate":{"custom_model_data":170},"model":"modelengine:nocsy_skeleton_warrior/iliac"},{"predicate":{"custom_model_data":171},"model":"modelengine:nocsy_skeleton_warrior/left_femur"},{"predicate":{"custom_model_data":172},"model":"modelengine:nocsy_skeleton_warrior/left_tibia"},{"predicate":{"custom_model_data":173},"model":"modelengine:nocsy_skeleton_warrior/right_femur"},{"predicate":{"custom_model_data":174},"model":"modelengine:nocsy_skeleton_warrior/right_tibia"},{"predicate":{"custom_model_data":175},"model":"modelengine:nocsy_skeleton_warrior/left_arm"},{"predicate":{"custom_model_data":176},"model":"modelengine:nocsy_skeleton_warrior/left_mid_arm"},{"predicate":{"custom_model_data":177},"model":"modelengine:nocsy_skeleton_warrior/shield"},{"predicate":{"custom_model_data":178},"model":"modelengine:nocsy_skeleton_warrior/right_arm"},{"predicate":{"custom_model_data":179},"model":"modelengine:nocsy_skeleton_warrior/right_mid_arm"},{"predicate":{"custom_model_data":180},"model":"modelengine:nocsy_skeleton_warrior/body"},{"predicate":{"custom_model_data":181},"model":"modelengine:rpg_bat/body"},{"predicate":{"custom_model_data":182},"model":"modelengine:rpg_bat/tail1"},{"predicate":{"custom_model_data":183},"model":"modelengine:rpg_bat/tail2"},{"predicate":{"custom_model_data":184},"model":"modelengine:rpg_bat/right_leg"},{"predicate":{"custom_model_data":185},"model":"modelengine:rpg_bat/right_wing"},{"predicate":{"custom_model_data":186},"model":"modelengine:rpg_bat/right_wing2"},{"predicate":{"custom_model_data":187},"model":"modelengine:rpg_bat/left_wing"},{"predicate":{"custom_model_data":188},"model":"modelengine:rpg_bat/left_wing2"},{"predicate":{"custom_model_data":189},"model":"modelengine:rpg_bat/head"},{"predicate":{"custom_model_data":190},"model":"modelengine:rpg_bat/left_leg"},{"predicate":{"custom_model_data":191},"model":"modelengine:rpg_bat/hp_bar"},{"predicate":{"custom_model_data":192},"model":"modelengine:rpg_mushroom/base"},{"predicate":{"custom_model_data":193},"model":"modelengine:rpg_mushroom/base2"},{"predicate":{"custom_model_data":194},"model":"modelengine:rpg_mushroom/cap"},{"predicate":{"custom_model_data":195},"model":"modelengine:rpg_mushroom/leg"},{"predicate":{"custom_model_data":196},"model":"modelengine:rpg_mushroom/leg2"},{"predicate":{"custom_model_data":197},"model":"modelengine:rpg_mushroom/hp_bar"},{"predicate":{"custom_model_data":198},"model":"modelengine:rpg_mushroom_red/base"},{"predicate":{"custom_model_data":199},"model":"modelengine:rpg_mushroom_red/base2"},{"predicate":{"custom_model_data":200},"model":"modelengine:rpg_mushroom_red/cap"},{"predicate":{"custom_model_data":201},"model":"modelengine:rpg_mushroom_red/leg"},{"predicate":{"custom_model_data":202},"model":"modelengine:rpg_mushroom_red/leg2"},{"predicate":{"custom_model_data":203},"model":"modelengine:rpg_mushroom_red/hp_bar"},{"predicate":{"custom_model_data":204},"model":"modelengine:rpg_pack_parts/right_hand_loaded"},{"predicate":{"custom_model_data":205},"model":"modelengine:rpg_poison_slime_cube/body"},{"predicate":{"custom_model_data":206},"model":"modelengine:rpg_poison_slime_cube/bone"},{"predicate":{"custom_model_data":207},"model":"modelengine:rpg_poison_slime_cube/skull"},{"predicate":{"custom_model_data":208},"model":"modelengine:rpg_poison_slime_cube/sword"},{"predicate":{"custom_model_data":209},"model":"modelengine:rpg_poison_slime_cube/ribs"},{"predicate":{"custom_model_data":210},"model":"modelengine:rpg_poison_slime_cube/base"},{"predicate":{"custom_model_data":211},"model":"modelengine:rpg_poison_slime_cube/hp_bar"},{"predicate":{"custom_model_data":212},"model":"modelengine:rpg_rat/body"},{"predicate":{"custom_model_data":213},"model":"modelengine:rpg_rat/head"},{"predicate":{"custom_model_data":214},"model":"modelengine:rpg_rat/tail1"},{"predicate":{"custom_model_data":215},"model":"modelengine:rpg_rat/tail3"},{"predicate":{"custom_model_data":216},"model":"modelengine:rpg_rat/tail4"},{"predicate":{"custom_model_data":217},"model":"modelengine:rpg_rat/tail2"},{"predicate":{"custom_model_data":218},"model":"modelengine:rpg_rat/left_front_leg"},{"predicate":{"custom_model_data":219},"model":"modelengine:rpg_rat/left_front_shin"},{"predicate":{"custom_model_data":220},"model":"modelengine:rpg_rat/left_front_foot"},{"predicate":{"custom_model_data":221},"model":"modelengine:rpg_rat/right_front_leg"},{"predicate":{"custom_model_data":222},"model":"modelengine:rpg_rat/right_front_shin"},{"predicate":{"custom_model_data":223},"model":"modelengine:rpg_rat/right_front_foot"},{"predicate":{"custom_model_data":224},"model":"modelengine:rpg_rat/left_back_leg"},{"predicate":{"custom_model_data":225},"model":"modelengine:rpg_rat/left_back_shin"},{"predicate":{"custom_model_data":226},"model":"modelengine:rpg_rat/left_back_foot"},{"predicate":{"custom_model_data":227},"model":"modelengine:rpg_rat/right_back_leg"},{"predicate":{"custom_model_data":228},"model":"modelengine:rpg_rat/right_back_shin"},{"predicate":{"custom_model_data":229},"model":"modelengine:rpg_rat/right_back_foot"},{"predicate":{"custom_model_data":230},"model":"modelengine:rpg_rat/hp_bar"},{"predicate":{"custom_model_data":231},"model":"modelengine:rpg_rat_undead/body"},{"predicate":{"custom_model_data":232},"model":"modelengine:rpg_rat_undead/head"},{"predicate":{"custom_model_data":233},"model":"modelengine:rpg_rat_undead/tail1"},{"predicate":{"custom_model_data":234},"model":"modelengine:rpg_rat_undead/tail3"},{"predicate":{"custom_model_data":235},"model":"modelengine:rpg_rat_undead/tail2"},{"predicate":{"custom_model_data":236},"model":"modelengine:rpg_rat_undead/left_front_leg"},{"predicate":{"custom_model_data":237},"model":"modelengine:rpg_rat_undead/left_front_shin"},{"predicate":{"custom_model_data":238},"model":"modelengine:rpg_rat_undead/left_front_foot"},{"predicate":{"custom_model_data":239},"model":"modelengine:rpg_rat_undead/right_front_leg"},{"predicate":{"custom_model_data":240},"model":"modelengine:rpg_rat_undead/right_front_shin"},{"predicate":{"custom_model_data":241},"model":"modelengine:rpg_rat_undead/right_front_foot"},{"predicate":{"custom_model_data":242},"model":"modelengine:rpg_rat_undead/left_back_leg"},{"predicate":{"custom_model_data":243},"model":"modelengine:rpg_rat_undead/left_back_shin"},{"predicate":{"custom_model_data":244},"model":"modelengine:rpg_rat_undead/left_back_foot"},{"predicate":{"custom_model_data":245},"model":"modelengine:rpg_rat_undead/right_back_leg"},{"predicate":{"custom_model_data":246},"model":"modelengine:rpg_rat_undead/right_back_shin"},{"predicate":{"custom_model_data":247},"model":"modelengine:rpg_rat_undead/right_back_foot"},{"predicate":{"custom_model_data":248},"model":"modelengine:rpg_rat_undead/hp_bar"},{"predicate":{"custom_model_data":249},"model":"modelengine:rpg_sand_golem/torso"},{"predicate":{"custom_model_data":250},"model":"modelengine:rpg_sand_golem/left_arm"},{"predicate":{"custom_model_data":251},"model":"modelengine:rpg_sand_golem/left_hand"},{"predicate":{"custom_model_data":252},"model":"modelengine:rpg_sand_golem/right_arm"},{"predicate":{"custom_model_data":253},"model":"modelengine:rpg_sand_golem/right_hand"},{"predicate":{"custom_model_data":254},"model":"modelengine:rpg_sand_golem/left_leg"},{"predicate":{"custom_model_data":255},"model":"modelengine:rpg_sand_golem/left_foot"},{"predicate":{"custom_model_data":256},"model":"modelengine:rpg_sand_golem/right_leg"},{"predicate":{"custom_model_data":257},"model":"modelengine:rpg_sand_golem/right_foot"},{"predicate":{"custom_model_data":258},"model":"modelengine:rpg_sand_golem/head"},{"predicate":{"custom_model_data":259},"model":"modelengine:rpg_sand_golem/hp_bar"},{"predicate":{"custom_model_data":260},"model":"modelengine:rpg_skeleton/body"},{"predicate":{"custom_model_data":261},"model":"modelengine:rpg_skeleton/left_leg"},{"predicate":{"custom_model_data":262},"model":"modelengine:rpg_skeleton/left_foot"},{"predicate":{"custom_model_data":263},"model":"modelengine:rpg_skeleton/left_arm"},{"predicate":{"custom_model_data":264},"model":"modelengine:rpg_skeleton/left_hand"},{"predicate":{"custom_model_data":265},"model":"modelengine:rpg_skeleton/right_leg"},{"predicate":{"custom_model_data":266},"model":"modelengine:rpg_skeleton/right_foot"},{"predicate":{"custom_model_data":267},"model":"modelengine:rpg_skeleton/head"},{"predicate":{"custom_model_data":268},"model":"modelengine:rpg_skeleton/jaw"},{"predicate":{"custom_model_data":269},"model":"modelengine:rpg_skeleton/right_arm"},{"predicate":{"custom_model_data":270},"model":"modelengine:rpg_skeleton/right_hand"},{"predicate":{"custom_model_data":271},"model":"modelengine:rpg_skeleton/hp_bar"},{"predicate":{"custom_model_data":272},"model":"modelengine:rpg_skeleton_crossbow/body"},{"predicate":{"custom_model_data":273},"model":"modelengine:rpg_skeleton_crossbow/left_leg"},{"predicate":{"custom_model_data":274},"model":"modelengine:rpg_skeleton_crossbow/left_foot"},{"predicate":{"custom_model_data":275},"model":"modelengine:rpg_skeleton_crossbow/left_arm"},{"predicate":{"custom_model_data":276},"model":"modelengine:rpg_skeleton_crossbow/left_hand"},{"predicate":{"custom_model_data":277},"model":"modelengine:rpg_skeleton_crossbow/right_leg"},{"predicate":{"custom_model_data":278},"model":"modelengine:rpg_skeleton_crossbow/right_foot"},{"predicate":{"custom_model_data":279},"model":"modelengine:rpg_skeleton_crossbow/head"},{"predicate":{"custom_model_data":280},"model":"modelengine:rpg_skeleton_crossbow/jaw"},{"predicate":{"custom_model_data":281},"model":"modelengine:rpg_skeleton_crossbow/right_arm"},{"predicate":{"custom_model_data":282},"model":"modelengine:rpg_skeleton_crossbow/right_hand"},{"predicate":{"custom_model_data":283},"model":"modelengine:rpg_skeleton_crossbow/hp_bar"},{"predicate":{"custom_model_data":284},"model":"modelengine:rpg_slime_cube/body"},{"predicate":{"custom_model_data":285},"model":"modelengine:rpg_slime_cube/bone"},{"predicate":{"custom_model_data":286},"model":"modelengine:rpg_slime_cube/skull"},{"predicate":{"custom_model_data":287},"model":"modelengine:rpg_slime_cube/sword"},{"predicate":{"custom_model_data":288},"model":"modelengine:rpg_slime_cube/ribs"},{"predicate":{"custom_model_data":289},"model":"modelengine:rpg_slime_cube/base"},{"predicate":{"custom_model_data":290},"model":"modelengine:rpg_slime_cube/hp_bar"},{"predicate":{"custom_model_data":291},"model":"modelengine:rpg_stone_golem/torso"},{"predicate":{"custom_model_data":292},"model":"modelengine:rpg_stone_golem/left_arm"},{"predicate":{"custom_model_data":293},"model":"modelengine:rpg_stone_golem/left_hand"},{"predicate":{"custom_model_data":294},"model":"modelengine:rpg_stone_golem/right_arm"},{"predicate":{"custom_model_data":295},"model":"modelengine:rpg_stone_golem/right_hand"},{"predicate":{"custom_model_data":296},"model":"modelengine:rpg_stone_golem/left_leg"},{"predicate":{"custom_model_data":297},"model":"modelengine:rpg_stone_golem/left_foot"},{"predicate":{"custom_model_data":298},"model":"modelengine:rpg_stone_golem/right_leg"},{"predicate":{"custom_model_data":299},"model":"modelengine:rpg_stone_golem/right_foot"},{"predicate":{"custom_model_data":300},"model":"modelengine:rpg_stone_golem/head"},{"predicate":{"custom_model_data":301},"model":"modelengine:rpg_stone_golem/hp_bar"},{"predicate":{"custom_model_data":302},"model":"modelengine:rpg_zombie/body"},{"predicate":{"custom_model_data":303},"model":"modelengine:rpg_zombie/head"},{"predicate":{"custom_model_data":304},"model":"modelengine:rpg_zombie/jaw"},{"predicate":{"custom_model_data":305},"model":"modelengine:rpg_zombie/left_arm"},{"predicate":{"custom_model_data":306},"model":"modelengine:rpg_zombie/left_forearm"},{"predicate":{"custom_model_data":307},"model":"modelengine:rpg_zombie/left_hand"},{"predicate":{"custom_model_data":308},"model":"modelengine:rpg_zombie/right_arm"},{"predicate":{"custom_model_data":309},"model":"modelengine:rpg_zombie/right_forearm"},{"predicate":{"custom_model_data":310},"model":"modelengine:rpg_zombie/right_hand"},{"predicate":{"custom_model_data":311},"model":"modelengine:rpg_zombie/left_leg"},{"predicate":{"custom_model_data":312},"model":"modelengine:rpg_zombie/left_shin"},{"predicate":{"custom_model_data":313},"model":"modelengine:rpg_zombie/left_foot"},{"predicate":{"custom_model_data":314},"model":"modelengine:rpg_zombie/right_leg"},{"predicate":{"custom_model_data":315},"model":"modelengine:rpg_zombie/right_shin"},{"predicate":{"custom_model_data":316},"model":"modelengine:rpg_zombie/right_foot"},{"predicate":{"custom_model_data":317},"model":"modelengine:rpg_zombie/hp_bar"},{"predicate":{"custom_model_data":318},"model":"modelengine:rpg_zombie_head/head"},{"predicate":{"custom_model_data":319},"model":"modelengine:rpg_zombie_head/jaw"},{"predicate":{"custom_model_data":320},"model":"modelengine:shieldbreak/piece1"},{"predicate":{"custom_model_data":321},"model":"modelengine:shieldbreak/piece2"},{"predicate":{"custom_model_data":322},"model":"modelengine:shieldbreak/piece3"},{"predicate":{"custom_model_data":323},"model":"modelengine:skull/gs"},{"predicate":{"custom_model_data":324},"model":"modelengine:skull/gs2"},{"predicate":{"custom_model_data":325},"model":"modelengine:skull/bone"},{"predicate":{"custom_model_data":326},"model":"modelengine:skull/head"},{"predicate":{"custom_model_data":327},"model":"modelengine:spineffect/swingeffect"},{"predicate":{"custom_model_data":328},"model":"modelengine:undead_king/leg1"},{"predicate":{"custom_model_data":329},"model":"modelengine:undead_king/leg2"},{"predicate":{"custom_model_data":330},"model":"modelengine:undead_king/leg3"},{"predicate":{"custom_model_data":331},"model":"modelengine:undead_king/bone28"},{"predicate":{"custom_model_data":332},"model":"modelengine:undead_king/bone29"},{"predicate":{"custom_model_data":333},"model":"modelengine:undead_king/leg4"},{"predicate":{"custom_model_data":334},"model":"modelengine:undead_king/bone30"},{"predicate":{"custom_model_data":335},"model":"modelengine:undead_king/bone31"},{"predicate":{"custom_model_data":336},"model":"modelengine:undead_king/head"},{"predicate":{"custom_model_data":337},"model":"modelengine:undead_king/bone3"},{"predicate":{"custom_model_data":338},"model":"modelengine:undead_king/bone2"},{"predicate":{"custom_model_data":339},"model":"modelengine:undead_king/ping1"},{"predicate":{"custom_model_data":340},"model":"modelengine:undead_king/bone13"},{"predicate":{"custom_model_data":341},"model":"modelengine:undead_king/pinge"},{"predicate":{"custom_model_data":342},"model":"modelengine:undead_king/hand1"},{"predicate":{"custom_model_data":343},"model":"modelengine:undead_king/bone20"},{"predicate":{"custom_model_data":344},"model":"modelengine:undead_king/book"},{"predicate":{"custom_model_data":345},"model":"modelengine:undead_king/bone37"},{"predicate":{"custom_model_data":346},"model":"modelengine:undead_king/1"},{"predicate":{"custom_model_data":347},"model":"modelengine:undead_king/2"},{"predicate":{"custom_model_data":348},"model":"modelengine:undead_king/bone21"},{"predicate":{"custom_model_data":349},"model":"modelengine:undead_king/hand2"},{"predicate":{"custom_model_data":350},"model":"modelengine:undead_king/body1"},{"predicate":{"custom_model_data":351},"model":"modelengine:undead_king/sas2"},{"predicate":{"custom_model_data":352},"model":"modelengine:undead_king/bone7"},{"predicate":{"custom_model_data":353},"model":"modelengine:undead_king/bone8"},{"predicate":{"custom_model_data":354},"model":"modelengine:undead_king/sas4"},{"predicate":{"custom_model_data":355},"model":"modelengine:undead_king/bone33"},{"predicate":{"custom_model_data":356},"model":"modelengine:undead_king/bone32"},{"predicate":{"custom_model_data":357},"model":"modelengine:undead_king/back"},{"predicate":{"custom_model_data":358},"model":"modelengine:undead_king/bone34"},{"predicate":{"custom_model_data":359},"model":"modelengine:undead_king/bone35"},{"predicate":{"custom_model_data":360},"model":"modelengine:undead_king/body4"},{"predicate":{"custom_model_data":361},"model":"modelengine:undead_king/body"},{"predicate":{"custom_model_data":362},"model":"modelengine:undead_king_sword/body"},{"predicate":{"custom_model_data":363},"model":"modelengine:undead_king_sword/g1"},{"predicate":{"custom_model_data":364},"model":"modelengine:undead_king_sword/g2"},{"predicate":{"custom_model_data":365},"model":"modelengine:undead_king_sword/jan1"},{"predicate":{"custom_model_data":366},"model":"modelengine:viking/body"},{"predicate":{"custom_model_data":367},"model":"modelengine:viking/head"},{"predicate":{"custom_model_data":368},"model":"modelengine:viking/back"},{"predicate":{"custom_model_data":369},"model":"modelengine:viking/left_leg"},{"predicate":{"custom_model_data":370},"model":"modelengine:viking/left_foot"},{"predicate":{"custom_model_data":371},"model":"modelengine:viking/right_leg"},{"predicate":{"custom_model_data":372},"model":"modelengine:viking/right_foot"},{"predicate":{"custom_model_data":373},"model":"modelengine:viking/left_arm"},{"predicate":{"custom_model_data":374},"model":"modelengine:viking/left_hand"},{"predicate":{"custom_model_data":375},"model":"modelengine:viking/right_arm"},{"predicate":{"custom_model_data":376},"model":"modelengine:viking/right_hand"},{"predicate":{"custom_model_data":377},"model":"modelengine:viking/hip"},{"predicate":{"custom_model_data":378},"model":"modelengine:viking_decor/base"},{"predicate":{"custom_model_data":379},"model":"modelengine:viking_decor/flag1"},{"predicate":{"custom_model_data":380},"model":"modelengine:viking_decor/flag2"},{"predicate":{"custom_model_data":381},"model":"modelengine:viking_decor/flag3"},{"predicate":{"custom_model_data":382},"model":"modelengine:viking_decor/flag4"},{"predicate":{"custom_model_data":383},"model":"modelengine:viking_decor2/base"},{"predicate":{"custom_model_data":384},"model":"modelengine:viking_decor3/base"},{"predicate":{"custom_model_data":385},"model":"modelengine:viking_decor3/octagon2"},{"predicate":{"custom_model_data":386},"model":"modelengine:viking_decor3/octagon"},{"predicate":{"custom_model_data":387},"model":"modelengine:viking_decor3_parts/variation1"},{"predicate":{"custom_model_data":388},"model":"modelengine:viking_decor3_parts/variation2"},{"predicate":{"custom_model_data":389},"model":"modelengine:viking_decor4/base"},{"predicate":{"custom_model_data":390},"model":"modelengine:viking_decor4_parts/var1"},{"predicate":{"custom_model_data":391},"model":"modelengine:viking_decor4_parts/var2"},{"predicate":{"custom_model_data":392},"model":"modelengine:viking_decor4_parts/var3"},{"predicate":{"custom_model_data":393},"model":"modelengine:viking_miniboss/body"},{"predicate":{"custom_model_data":394},"model":"modelengine:viking_miniboss/cape1"},{"predicate":{"custom_model_data":395},"model":"modelengine:viking_miniboss/left_arm"},{"predicate":{"custom_model_data":396},"model":"modelengine:viking_miniboss/left_forearm"},{"predicate":{"custom_model_data":397},"model":"modelengine:viking_miniboss/left_hand"},{"predicate":{"custom_model_data":398},"model":"modelengine:viking_miniboss/right_arm"},{"predicate":{"custom_model_data":399},"model":"modelengine:viking_miniboss/right_forearm"},{"predicate":{"custom_model_data":400},"model":"modelengine:viking_miniboss/right_hand"},{"predicate":{"custom_model_data":401},"model":"modelengine:viking_miniboss/left_leg"},{"predicate":{"custom_model_data":402},"model":"modelengine:viking_miniboss/left_foot"},{"predicate":{"custom_model_data":403},"model":"modelengine:viking_miniboss/right_leg"},{"predicate":{"custom_model_data":404},"model":"modelengine:viking_miniboss/right_foot"},{"predicate":{"custom_model_data":405},"model":"modelengine:viking_miniboss/beard2"},{"predicate":{"custom_model_data":406},"model":"modelengine:viking_miniboss/beard1"},{"predicate":{"custom_model_data":407},"model":"modelengine:viking_miniboss/head"},{"predicate":{"custom_model_data":408},"model":"modelengine:viking_miniboss/left_horn"},{"predicate":{"custom_model_data":409},"model":"modelengine:viking_miniboss/right_horn"},{"predicate":{"custom_model_data":410},"model":"modelengine:viking_miniboss_axe/axe"},{"predicate":{"custom_model_data":411},"model":"modelengine:viking_miniboss_axeland/axe"},{"predicate":{"custom_model_data":412},"model":"modelengine:viking_miniboss_door/doorleft"},{"predicate":{"custom_model_data":413},"model":"modelengine:viking_miniboss_door/doorright"},{"predicate":{"custom_model_data":414},"model":"modelengine:viking_miniboss_parts/left_empty"},{"predicate":{"custom_model_data":415},"model":"modelengine:viking_miniboss_parts/right_empty"},{"predicate":{"custom_model_data":416},"model":"modelengine:viking_miniboss_parts/axe"},{"predicate":{"custom_model_data":417},"model":"modelengine:viking_parts/head_1"},{"predicate":{"custom_model_data":418},"model":"modelengine:viking_parts/empty"},{"predicate":{"custom_model_data":419},"model":"modelengine:viking_parts/back_shieldaxe"},{"predicate":{"custom_model_data":420},"model":"modelengine:viking_parts/head_2"},{"predicate":{"custom_model_data":421},"model":"modelengine:viking_parts/head_3"},{"predicate":{"custom_model_data":422},"model":"modelengine:viking_parts/body_1"},{"predicate":{"custom_model_data":423},"model":"modelengine:viking_parts/left_arm_1"},{"predicate":{"custom_model_data":424},"model":"modelengine:viking_parts/left_hand_shield2"},{"predicate":{"custom_model_data":425},"model":"modelengine:viking_parts/right_arm_1"},{"predicate":{"custom_model_data":426},"model":"modelengine:viking_parts/right_hand_hammer"},{"predicate":{"custom_model_data":427},"model":"modelengine:viking_parts/right_hand_mace"},{"predicate":{"custom_model_data":428},"model":"modelengine:viking_parts/head_4"},{"predicate":{"custom_model_data":429},"model":"modelengine:viking_parts/head_5"},{"predicate":{"custom_model_data":430},"model":"modelengine:viking_parts/head_6"},{"predicate":{"custom_model_data":431},"model":"modelengine:viking_parts/head_7"},{"predicate":{"custom_model_data":432},"model":"modelengine:viking_parts/head_8"},{"predicate":{"custom_model_data":433},"model":"modelengine:viking_parts/back_shieldaxe2"},{"predicate":{"custom_model_data":434},"model":"modelengine:viking_parts/body_2"},{"predicate":{"custom_model_data":435},"model":"modelengine:viking_parts/body_3"},{"predicate":{"custom_model_data":436},"model":"modelengine:viking_parts/left_arm_3"},{"predicate":{"custom_model_data":437},"model":"modelengine:viking_parts/left_hand_shield1"},{"predicate":{"custom_model_data":438},"model":"modelengine:viking_parts/left_hand_axe"},{"predicate":{"custom_model_data":439},"model":"modelengine:viking_parts/right_arm_3"},{"predicate":{"custom_model_data":440},"model":"modelengine:viking_parts/right_hand_axe"},{"predicate":{"custom_model_data":441},"model":"modelengine:viking_parts/back_shieldhammer"},{"predicate":{"custom_model_data":442},"model":"modelengine:viking_parts/hip_hammer"},{"predicate":{"custom_model_data":443},"model":"modelengine:viking_parts/back_shield"},{"predicate":{"custom_model_data":444},"model":"modelengine:viking_parts/back_axe"},{"predicate":{"custom_model_data":445},"model":"modelengine:viking_parts/back_hammer"},{"predicate":{"custom_model_data":446},"model":"modelengine:viking_parts/hip_mace"},{"predicate":{"custom_model_data":447},"model":"modelengine:viking_rune_parts/speed"},{"predicate":{"custom_model_data":448},"model":"modelengine:viking_rune_parts/luck"},{"predicate":{"custom_model_data":449},"model":"modelengine:viking_rune_parts/blank"},{"predicate":{"custom_model_data":450},"model":"modelengine:viking_rune_power/base"},{"predicate":{"custom_model_data":451},"model":"modelengine:viking_stone_pile/stone"}]}