{"parent":"minecraft:item/generated","textures":{"layer0":"minecraft:item/paper"},"overrides":[{"predicate":{"custom_model_data":640},"model":"customfishing:ia_auto_gen/fish_template"},{"predicate":{"custom_model_data":641},"model":"customfishing:ia_auto_gen/tuna_fish"},{"predicate":{"custom_model_data":642},"model":"customfishing:ia_auto_gen/pike_fish"},{"predicate":{"custom_model_data":643},"model":"customfishing:ia_auto_gen/golden_fish"},{"predicate":{"custom_model_data":644},"model":"customfishing:ia_auto_gen/perch_fish"},{"predicate":{"custom_model_data":645},"model":"customfishing:ia_auto_gen/mullet_fish"},{"predicate":{"custom_model_data":646},"model":"customfishing:ia_auto_gen/common_bait"},{"predicate":{"custom_model_data":647},"model":"customfishing:ia_auto_gen/fish_compass"},{"predicate":{"custom_model_data":658},"model":"customfishing:ia_auto_gen/golden_fish_silver_star"},{"predicate":{"custom_model_data":659},"model":"customfishing:ia_auto_gen/golden_fish_golden_star"},{"predicate":{"custom_model_data":660},"model":"customfishing:ia_auto_gen/perch_fish_silver_star"},{"predicate":{"custom_model_data":661},"model":"customfishing:ia_auto_gen/perch_fish_golden_star"},{"predicate":{"custom_model_data":662},"model":"customfishing:ia_auto_gen/mullet_fish_silver_star"},{"predicate":{"custom_model_data":663},"model":"customfishing:ia_auto_gen/mullet_fish_golden_star"},{"predicate":{"custom_model_data":664},"model":"customfishing:ia_auto_gen/pike_fish_silver_star"},{"predicate":{"custom_model_data":665},"model":"customfishing:ia_auto_gen/pike_fish_golden_star"},{"predicate":{"custom_model_data":666},"model":"customfishing:ia_auto_gen/tuna_fish_silver_star"},{"predicate":{"custom_model_data":667},"model":"customfishing:ia_auto_gen/tuna_fish_golden_star"},{"predicate":{"custom_model_data":668},"model":"customfishing:ia_auto_gen/sardine_fish"},{"predicate":{"custom_model_data":669},"model":"customfishing:ia_auto_gen/sardine_fish_silver_star"},{"predicate":{"custom_model_data":670},"model":"customfishing:ia_auto_gen/sardine_fish_golden_star"},{"predicate":{"custom_model_data":671},"model":"customfishing:ia_auto_gen/carp_fish"},{"predicate":{"custom_model_data":672},"model":"customfishing:ia_auto_gen/carp_fish_silver_star"},{"predicate":{"custom_model_data":673},"model":"customfishing:ia_auto_gen/carp_fish_golden_star"},{"predicate":{"custom_model_data":674},"model":"customfishing:ia_auto_gen/cat_fish"},{"predicate":{"custom_model_data":675},"model":"customfishing:ia_auto_gen/cat_fish_silver_star"},{"predicate":{"custom_model_data":676},"model":"customfishing:ia_auto_gen/cat_fish_golden_star"},{"predicate":{"custom_model_data":677},"model":"customfishing:ia_auto_gen/octopus_fish"},{"predicate":{"custom_model_data":678},"model":"customfishing:ia_auto_gen/octopus_fish_silver_star"},{"predicate":{"custom_model_data":679},"model":"customfishing:ia_auto_gen/octopus_fish_golden_star"},{"predicate":{"custom_model_data":680},"model":"customfishing:ia_auto_gen/sunfish_fish"},{"predicate":{"custom_model_data":681},"model":"customfishing:ia_auto_gen/sunfish_fish_silver_star"},{"predicate":{"custom_model_data":682},"model":"customfishing:ia_auto_gen/sunfish_fish_golden_star"},{"predicate":{"custom_model_data":683},"model":"customfishing:ia_auto_gen/red_spnapper_fish"},{"predicate":{"custom_model_data":684},"model":"customfishing:ia_auto_gen/red_spnapper_silver_star"},{"predicate":{"custom_model_data":685},"model":"customfishing:ia_auto_gen/red_spnapper_fish_golden_star"},{"predicate":{"custom_model_data":686},"model":"customfishing:ia_auto_gen/salmon_void_fish"},{"predicate":{"custom_model_data":687},"model":"customfishing:ia_auto_gen/salmon_void_silver_star"},{"predicate":{"custom_model_data":688},"model":"customfishing:ia_auto_gen/salmon_void_fish_golden_star"},{"predicate":{"custom_model_data":689},"model":"customfishing:ia_auto_gen/woodskip_fish"},{"predicate":{"custom_model_data":690},"model":"customfishing:ia_auto_gen/woodskip_silver_star"},{"predicate":{"custom_model_data":691},"model":"customfishing:ia_auto_gen/woodskip_fish_golden_star"},{"predicate":{"custom_model_data":692},"model":"customfishing:ia_auto_gen/sturgeon_fish"},{"predicate":{"custom_model_data":693},"model":"customfishing:ia_auto_gen/sturgeon_silver_star"},{"predicate":{"custom_model_data":694},"model":"customfishing:ia_auto_gen/sturgeon_fish_golden_star"},{"predicate":{"custom_model_data":695},"model":"customfishing:ia_auto_gen/magnet_bait"},{"predicate":{"custom_model_data":696},"model":"customfishing:ia_auto_gen/wild_bait"},{"predicate":{"custom_model_data":10000},"model":"_iainternal:ia_auto_gen/icon_left_blue"},{"predicate":{"custom_model_data":10001},"model":"_iainternal:ia_auto_gen/icon_right_blue"},{"predicate":{"custom_model_data":10002},"model":"_iainternal:ia_auto_gen/icon_search"},{"predicate":{"custom_model_data":10003},"model":"_iainternal:ia_auto_gen/icon_cancel"},{"predicate":{"custom_model_data":10004},"model":"_iainternal:ia_auto_gen/icon_arrow_chest"},{"predicate":{"custom_model_data":10005},"model":"_iainternal:ia_auto_gen/icon_back_orange"},{"predicate":{"custom_model_data":10006},"model":"_iainternal:ia_auto_gen/icon_next_orange"},{"predicate":{"custom_model_data":10007},"model":"item/paper"}]}