{"textures":{"0":"modelengine:entity/nocsy_skeleton_brute_skin"},"elements":[{"from":[4.87018,8.8534355,4.362211],"to":[10.368677,13.284809,9.860708],"rotation":{"angle":0.0,"axis":"y","origin":[9.643118,3.9413805,6.3686023]},"faces":{"east":{"uv":[4.625,6.25,5.875,7.25],"rotation":0,"texture":"#0","tintindex":0},"south":{"uv":[5.875,6.375,7.125,7.375],"rotation":0,"texture":"#0","tintindex":0},"north":{"uv":[5.875,5.375,7.125,6.375],"rotation":0,"texture":"#0","tintindex":0},"west":{"uv":[6.5,2.0,7.75,3.0],"rotation":0,"texture":"#0","tintindex":0},"up":{"uv":[5.875,6.25,4.625,5.0],"rotation":0,"texture":"#0","tintindex":0},"down":{"uv":[6.625,0.75,5.375,2.0],"rotation":0,"texture":"#0","tintindex":0}}},{"from":[5.155323,12.331787,4.5513797],"to":[10.083534,13.907161,7.193876],"rotation":{"angle":-22.5,"axis":"x","origin":[7.6194286,13.519474,6.158342]},"faces":{"east":{"uv":[10.5,6.5,11.25,7.0],"rotation":0,"texture":"#0","tintindex":0},"south":{"uv":[8.375,8.75,9.625,9.25],"rotation":0,"texture":"#0","tintindex":0},"north":{"uv":[8.375,7.625,9.625,8.125],"rotation":0,"texture":"#0","tintindex":0},"west":{"uv":[10.5,7.0,11.25,7.5],"rotation":0,"texture":"#0","tintindex":0},"up":{"uv":[8.375,6.0,7.125,5.25],"rotation":0,"texture":"#0","tintindex":0},"down":{"uv":[8.375,6.0,7.125,6.75],"rotation":0,"texture":"#0","tintindex":0}}},{"from":[5.155323,12.960359,6.6085224],"to":[10.083534,14.535732,9.251019],"rotation":{"angle":22.5,"axis":"x","origin":[7.6194286,13.519474,6.158342]},"faces":{"east":{"uv":[10.5,7.5,11.25,8.0],"rotation":0,"texture":"#0","tintindex":0},"south":{"uv":[5.75,8.875,7.0,9.375],"rotation":0,"texture":"#0","tintindex":0},"north":{"uv":[0.0,8.875,1.25,9.375],"rotation":0,"texture":"#0","tintindex":0},"west":{"uv":[10.375,10.5,11.125,11.0],"rotation":0,"texture":"#0","tintindex":0},"up":{"uv":[8.375,7.5,7.125,6.75],"rotation":0,"texture":"#0","tintindex":0},"down":{"uv":[5.875,7.25,4.625,8.0],"rotation":0,"texture":"#0","tintindex":0}}},{"from":[5.726752,8.281436,3.6759257],"to":[9.512105,10.428238,4.6041365],"rotation":{"angle":0.0,"axis":"y","origin":[10.50026,3.9413805,6.3686023]},"faces":{"east":{"uv":[7.5,1.5,7.75,2.0],"rotation":0,"texture":"#0","tintindex":0},"south":{"uv":[3.75,7.5,4.625,8.0],"rotation":0,"texture":"#0","tintindex":0},"north":{"uv":[6.625,1.5,7.5,2.0],"rotation":0,"texture":"#0","tintindex":0},"west":{"uv":[12.625,11.25,12.875,11.75],"rotation":0,"texture":"#0","tintindex":0},"up":{"uv":[12.625,2.5,11.75,2.25],"rotation":0,"texture":"#0","tintindex":0},"down":{"uv":[12.625,2.5,11.75,2.75],"rotation":0,"texture":"#0","tintindex":0}}},{"from":[4.2981806,9.538579,5.4473543],"to":[10.940677,11.685381,8.661279],"rotation":{"angle":-22.5,"axis":"x","origin":[9.048,9.354837,4.140031]},"faces":{"east":{"uv":[10.625,3.5,11.375,4.0],"rotation":0,"texture":"#0","tintindex":0},"south":{"uv":[8.375,5.25,9.875,5.75],"rotation":0,"texture":"#0","tintindex":0},"north":{"uv":[7.5,8.25,9.0,8.75],"rotation":0,"texture":"#0","tintindex":0},"west":{"uv":[10.625,5.0,11.375,5.5],"rotation":0,"texture":"#0","tintindex":0},"up":{"uv":[8.0,3.75,6.5,3.0],"rotation":0,"texture":"#0","tintindex":0},"down":{"uv":[8.125,0.75,6.625,1.5],"rotation":0,"texture":"#0","tintindex":0}}},{"from":[4.3267517,9.938579,4.133069],"to":[10.912106,12.0853815,7.3469934],"rotation":{"angle":0.0,"axis":"y","origin":[9.019428,9.354837,4.140031]},"faces":{"east":{"uv":[10.75,0.0,11.5,0.5],"rotation":0,"texture":"#0","tintindex":0},"south":{"uv":[8.375,6.25,9.875,6.75],"rotation":0,"texture":"#0","tintindex":0},"north":{"uv":[8.375,5.75,9.875,6.25],"rotation":0,"texture":"#0","tintindex":0},"west":{"uv":[10.875,1.375,11.625,1.875],"rotation":0,"texture":"#0","tintindex":0},"up":{"uv":[8.5,4.5,7.0,3.75],"rotation":0,"texture":"#0","tintindex":0},"down":{"uv":[8.5,4.5,7.0,5.25],"rotation":0,"texture":"#0","tintindex":0}}},{"from":[4.869609,8.052864,7.5044975],"to":[10.369248,11.342524,10.146994],"rotation":{"angle":0.0,"axis":"y","origin":[9.643118,3.9413805,6.3686023]},"faces":{"east":{"uv":[2.375,7.125,3.0,7.875],"rotation":0,"texture":"#0","tintindex":0},"south":{"uv":[7.125,7.5,8.375,8.25],"rotation":0,"texture":"#0","tintindex":0},"north":{"uv":[5.875,7.375,7.125,8.125],"rotation":0,"texture":"#0","tintindex":0},"west":{"uv":[9.625,1.625,10.25,2.375],"rotation":0,"texture":"#0","tintindex":0},"up":{"uv":[5.0,8.625,3.75,8.0],"rotation":0,"texture":"#0","tintindex":0},"down":{"uv":[6.25,8.125,5.0,8.75],"rotation":0,"texture":"#0","tintindex":0}}},{"from":[4.87018,7.596293,7.73364],"to":[10.368677,8.599095,9.803565],"rotation":{"angle":0.0,"axis":"y","origin":[9.643118,3.9413805,6.3686023]},"faces":{"east":{"uv":[10.375,1.375,10.875,1.625],"rotation":0,"texture":"#0","tintindex":0},"south":{"uv":[10.875,2.75,12.125,3.0],"rotation":0,"texture":"#0","tintindex":0},"north":{"uv":[10.75,0.5,12.0,0.75],"rotation":0,"texture":"#0","tintindex":0},"west":{"uv":[12.625,11.75,13.125,12.0],"rotation":0,"texture":"#0","tintindex":0},"up":{"uv":[10.25,8.625,9.0,8.125],"rotation":0,"texture":"#0","tintindex":0},"down":{"uv":[10.375,1.125,9.125,1.625],"rotation":0,"texture":"#0","tintindex":0}}},{"from":[7.910685,11.121222,3.88164],"to":[10.781753,11.839453,4.638422],"rotation":{"angle":22.5,"axis":"z","origin":[8.803362,11.068909,4.2600307]},"faces":{"east":{"uv":[7.0,5.25,7.125,5.375],"rotation":0,"texture":"#0","tintindex":0},"south":{"uv":[3.125,8.5,3.75,8.625],"rotation":0,"texture":"#0","tintindex":0},"north":{"uv":[8.375,8.125,9.0,8.25],"rotation":0,"texture":"#0","tintindex":0},"west":{"uv":[4.875,8.625,5.0,8.75],"rotation":0,"texture":"#0","tintindex":0},"up":{"uv":[9.625,8.75,9.0,8.625],"rotation":0,"texture":"#0","tintindex":0},"down":{"uv":[10.25,8.0,9.625,8.125],"rotation":0,"texture":"#0","tintindex":0}}},{"from":[4.4571047,11.121222,3.88164],"to":[7.3281717,11.839453,4.638422],"rotation":{"angle":-22.5,"axis":"z","origin":[6.4354954,11.068909,4.2600307]},"faces":{"east":{"uv":[4.75,9.375,4.875,9.5],"rotation":0,"texture":"#0","tintindex":0},"south":{"uv":[13.25,1.125,13.875,1.25],"rotation":0,"texture":"#0","tintindex":0},"north":{"uv":[13.25,0.375,13.875,0.5],"rotation":0,"texture":"#0","tintindex":0},"west":{"uv":[4.625,10.875,4.75,11.0],"rotation":0,"texture":"#0","tintindex":0},"up":{"uv":[14.0,5.25,13.375,5.125],"rotation":0,"texture":"#0","tintindex":0},"down":{"uv":[7.875,13.375,7.25,13.5],"rotation":0,"texture":"#0","tintindex":0}}},{"from":[6.0195065,8.118533,8.384109],"to":[9.219351,11.849655,8.958011],"rotation":{"angle":0.0,"axis":"y","origin":[9.642547,3.9413805,6.3686023]},"faces":{"east":{"uv":[2.25,9.625,2.375,10.5],"rotation":0,"texture":"#0","tintindex":0},"south":{"uv":[2.375,8.5,3.125,9.375],"rotation":0,"texture":"#0","tintindex":0},"north":{"uv":[8.375,6.75,9.125,7.625],"rotation":0,"texture":"#0","tintindex":0},"west":{"uv":[3.25,12.75,3.375,13.625],"rotation":0,"texture":"#0","tintindex":0},"up":{"uv":[13.625,7.875,12.875,7.75],"rotation":0,"texture":"#0","tintindex":0},"down":{"uv":[13.625,12.375,12.875,12.5],"rotation":0,"texture":"#0","tintindex":0}}},{"from":[5.638935,8.305774,7.0612426],"to":[9.599922,9.016682,8.539382],"rotation":{"angle":0.0,"axis":"y","origin":[8.957518,3.9413805,6.3686023]},"faces":{"east":{"uv":[12.125,4.625,12.5,4.75],"rotation":0,"texture":"#0","tintindex":0},"south":{"uv":[6.25,8.125,7.125,8.25],"rotation":0,"texture":"#0","tintindex":0},"north":{"uv":[5.0,8.0,5.875,8.125],"rotation":0,"texture":"#0","tintindex":0},"west":{"uv":[12.125,10.875,12.5,11.0],"rotation":0,"texture":"#0","tintindex":0},"up":{"uv":[9.0,1.5,8.125,1.125],"rotation":0,"texture":"#0","tintindex":0},"down":{"uv":[11.5,4.0,10.625,4.375],"rotation":0,"texture":"#0","tintindex":0}}},{"from":[5.6313233,7.6892486,7.510317],"to":[9.607533,8.948179,8.47088],"rotation":{"angle":0.0,"axis":"y","origin":[8.957518,3.9413805,6.3686023]},"faces":{"east":{"uv":[7.75,2.75,8.0,3.0],"rotation":0,"texture":"#0","tintindex":0},"south":{"uv":[11.875,6.875,12.75,7.125],"rotation":0,"texture":"#0","tintindex":0},"north":{"uv":[11.875,6.625,12.75,6.875],"rotation":0,"texture":"#0","tintindex":0},"west":{"uv":[10.0,4.375,10.25,4.625],"rotation":0,"texture":"#0","tintindex":0},"up":{"uv":[12.875,0.75,12.0,0.5],"rotation":0,"texture":"#0","tintindex":0},"down":{"uv":[12.875,3.0,12.0,3.25],"rotation":0,"texture":"#0","tintindex":0}}},{"from":[5.9287777,11.75008,4.6082706],"to":[9.31008,12.840342,7.22234],"rotation":{"angle":-22.5,"axis":"x","origin":[7.276914,11.94341,5.915305]},"faces":{"east":{"uv":[12.5,4.875,13.125,5.125],"rotation":0,"texture":"#0","tintindex":0},"south":{"uv":[12.0,8.75,12.75,9.0],"rotation":0,"texture":"#0","tintindex":0},"north":{"uv":[12.0,8.5,12.75,8.75],"rotation":0,"texture":"#0","tintindex":0},"west":{"uv":[12.5,5.125,13.125,5.375],"rotation":0,"texture":"#0","tintindex":0},"up":{"uv":[10.375,9.25,9.625,8.625],"rotation":0,"texture":"#0","tintindex":0},"down":{"uv":[10.5,6.75,9.75,7.375],"rotation":0,"texture":"#0","tintindex":0}}},{"from":[6.0031414,12.05233,6.2436624],"to":[9.235716,13.450549,8.202616],"rotation":{"angle":22.5,"axis":"x","origin":[7.2388573,11.94341,5.915305]},"faces":{"east":{"uv":[7.625,12.0,8.125,12.375],"rotation":0,"texture":"#0","tintindex":0},"south":{"uv":[1.25,11.375,2.0,11.75],"rotation":0,"texture":"#0","tintindex":0},"north":{"uv":[11.25,7.625,12.0,8.0],"rotation":0,"texture":"#0","tintindex":0},"west":{"uv":[12.0,9.0,12.5,9.375],"rotation":0,"texture":"#0","tintindex":0},"up":{"uv":[2.5,11.375,1.75,10.875],"rotation":0,"texture":"#0","tintindex":0},"down":{"uv":[11.625,1.875,10.875,2.375],"rotation":0,"texture":"#0","tintindex":0}}},{"from":[6.15537,11.73728,7.8994784],"to":[9.083487,12.94293,8.632611],"rotation":{"angle":45.0,"axis":"x","origin":[8.152228,11.9914255,7.5071096]},"faces":{"east":{"uv":[11.625,6.0,11.875,6.375],"rotation":0,"texture":"#0","tintindex":0},"south":{"uv":[11.375,4.375,12.125,4.75],"rotation":0,"texture":"#0","tintindex":0},"north":{"uv":[11.375,3.5,12.125,3.875],"rotation":0,"texture":"#0","tintindex":0},"west":{"uv":[7.25,13.0,7.5,13.375],"rotation":0,"texture":"#0","tintindex":0},"up":{"uv":[12.875,1.5,12.125,1.25],"rotation":0,"texture":"#0","tintindex":0},"down":{"uv":[12.875,1.5,12.125,1.75],"rotation":0,"texture":"#0","tintindex":0}}}],"display":{"head":{"translation":[0.0,-6.4,0.0],"scale":[4.0,4.0,4.0]}}}