{"textures":{"0":"modelengine:entity/nocsy_skeleton_brute_skin"},"elements":[{"from":[7.83418,2.4224973,7.2275925],"to":[8.570392,8.008982,8.592778],"rotation":{"angle":0.0,"axis":"y","origin":[10.425001,13.5685215,8.0]},"faces":{"east":{"uv":[3.5,10.875,3.75,12.125],"rotation":0,"texture":"#0","tintindex":0},"south":{"uv":[3.5,12.625,3.625,13.875],"rotation":0,"texture":"#0","tintindex":0},"north":{"uv":[0.375,12.625,0.5,13.875],"rotation":0,"texture":"#0","tintindex":0},"west":{"uv":[6.75,10.875,7.0,12.125],"rotation":0,"texture":"#0","tintindex":0},"up":{"uv":[10.5,6.75,10.375,6.5],"rotation":0,"texture":"#0","tintindex":0},"down":{"uv":[5.75,10.625,5.625,10.875],"rotation":0,"texture":"#0","tintindex":0}}},{"from":[6.957608,2.4224973,7.2275925],"to":[7.5589633,8.008982,8.592778],"rotation":{"angle":0.0,"axis":"y","origin":[10.425001,13.5685215,8.0]},"faces":{"east":{"uv":[5.125,11.0,5.375,12.25],"rotation":0,"texture":"#0","tintindex":0},"south":{"uv":[3.75,12.625,3.875,13.875],"rotation":0,"texture":"#0","tintindex":0},"north":{"uv":[3.625,12.625,3.75,13.875],"rotation":0,"texture":"#0","tintindex":0},"west":{"uv":[7.375,11.0,7.625,12.25],"rotation":0,"texture":"#0","tintindex":0},"up":{"uv":[1.0,13.25,0.875,13.0],"rotation":0,"texture":"#0","tintindex":0},"down":{"uv":[13.25,9.0,13.125,9.25],"rotation":0,"texture":"#0","tintindex":0}}},{"from":[6.835567,6.669224,6.794764],"to":[8.964853,8.798511,8.834235],"rotation":{"angle":0.0,"axis":"y","origin":[8.179629,6.6976843,7.9101853]},"faces":{"east":{"uv":[11.5,8.5,12.0,9.0],"rotation":0,"texture":"#0","tintindex":0},"south":{"uv":[11.5,9.0,12.0,9.5],"rotation":0,"texture":"#0","tintindex":0},"north":{"uv":[7.625,11.5,8.125,12.0],"rotation":0,"texture":"#0","tintindex":0},"west":{"uv":[10.75,11.5,11.25,12.0],"rotation":0,"texture":"#0","tintindex":0},"up":{"uv":[12.125,1.75,11.625,1.25],"rotation":0,"texture":"#0","tintindex":0},"down":{"uv":[12.125,1.75,11.625,2.25],"rotation":0,"texture":"#0","tintindex":0}}},{"from":[6.6453023,0.07689142,6.582682],"to":[8.170574,2.6023421,9.358177],"rotation":{"angle":0.0,"axis":"y","origin":[11.34614,18.092602,8.032941]},"faces":{"east":{"uv":[11.0,5.875,11.625,6.375],"rotation":0,"texture":"#0","tintindex":0},"south":{"uv":[5.125,12.25,5.5,12.75],"rotation":0,"texture":"#0","tintindex":0},"north":{"uv":[3.0,12.25,3.375,12.75],"rotation":0,"texture":"#0","tintindex":0},"west":{"uv":[7.625,11.0,8.25,11.5],"rotation":0,"texture":"#0","tintindex":0},"up":{"uv":[4.125,12.25,3.75,11.625],"rotation":0,"texture":"#0","tintindex":0},"down":{"uv":[1.375,11.75,1.0,12.375],"rotation":0,"texture":"#0","tintindex":0}}},{"from":[5.9035883,1.8974633,6.1781106],"to":[9.962788,2.5852346,9.563025],"rotation":{"angle":0.0,"axis":"y","origin":[7.981081,2.8230457,7.8692865]},"faces":{"east":{"uv":[12.875,12.5,13.625,12.625],"rotation":0,"texture":"#0","tintindex":0},"south":{"uv":[12.875,4.5,13.75,4.625],"rotation":0,"texture":"#0","tintindex":0},"north":{"uv":[12.875,4.375,13.75,4.5],"rotation":0,"texture":"#0","tintindex":0},"west":{"uv":[13.125,1.5,13.875,1.625],"rotation":0,"texture":"#0","tintindex":0},"up":{"uv":[9.375,4.5,8.5,3.75],"rotation":0,"texture":"#0","tintindex":0},"down":{"uv":[9.375,4.5,8.5,5.25],"rotation":0,"texture":"#0","tintindex":0}}},{"from":[5.9035883,4.7968917,6.1781106],"to":[9.962788,5.4846635,9.563025],"rotation":{"angle":0.0,"axis":"y","origin":[7.981081,2.8230457,7.8692865]},"faces":{"east":{"uv":[13.125,1.625,13.875,1.75],"rotation":0,"texture":"#0","tintindex":0},"south":{"uv":[12.875,7.625,13.75,7.75],"rotation":0,"texture":"#0","tintindex":0},"north":{"uv":[12.875,6.5,13.75,6.625],"rotation":0,"texture":"#0","tintindex":0},"west":{"uv":[13.125,1.75,13.875,1.875],"rotation":0,"texture":"#0","tintindex":0},"up":{"uv":[4.0,9.375,3.125,8.625],"rotation":0,"texture":"#0","tintindex":0},"down":{"uv":[4.875,8.625,4.0,9.375],"rotation":0,"texture":"#0","tintindex":0}}},{"from":[6.1126165,2.5784922,6.3871393],"to":[9.753759,4.871063,9.353996],"rotation":{"angle":0.0,"axis":"y","origin":[7.981081,2.8230457,7.8692865]},"faces":{"east":{"uv":[9.75,7.375,10.5,8.0],"rotation":0,"texture":"#0","tintindex":0},"south":{"uv":[9.375,4.625,10.25,5.25],"rotation":0,"texture":"#0","tintindex":0},"north":{"uv":[9.375,2.75,10.25,3.375],"rotation":0,"texture":"#0","tintindex":0},"west":{"uv":[9.875,5.25,10.625,5.875],"rotation":0,"texture":"#0","tintindex":0},"up":{"uv":[5.75,9.5,4.875,8.75],"rotation":0,"texture":"#0","tintindex":0},"down":{"uv":[8.375,8.75,7.5,9.5],"rotation":0,"texture":"#0","tintindex":0}}},{"from":[4.8554735,-6.5643654,7.8111396],"to":[8.284045,3.1499205,7.8111396],"rotation":{"angle":-45.0,"axis":"z","origin":[7.981081,2.8230457,7.8692865]},"faces":{"east":{"uv":[0.0,0.0,0.0,2.125],"rotation":0,"texture":"#0","tintindex":0},"south":{"uv":[4.625,2.875,5.375,5.0],"rotation":0,"texture":"#0","tintindex":0},"north":{"uv":[4.625,0.75,5.375,2.875],"rotation":0,"texture":"#0","tintindex":0},"west":{"uv":[0.0,0.0,0.0,2.125],"rotation":0,"texture":"#0","tintindex":0},"up":{"uv":[0.75,0.0,0.0,0.0],"rotation":0,"texture":"#0","tintindex":0},"down":{"uv":[0.75,0.0,0.0,0.0],"rotation":0,"texture":"#0","tintindex":0}}},{"from":[6.2269025,-4.5643654,7.239711],"to":[9.655474,5.1499205,7.239711],"rotation":{"angle":-45.0,"axis":"z","origin":[7.981081,2.8230457,7.8692865]},"faces":{"east":{"uv":[0.0,0.0,0.0,2.125],"rotation":0,"texture":"#0","tintindex":0},"south":{"uv":[0.75,5.0,1.5,7.125],"rotation":0,"texture":"#0","tintindex":0},"north":{"uv":[0.0,5.0,0.75,7.125],"rotation":0,"texture":"#0","tintindex":0},"west":{"uv":[0.0,0.0,0.0,2.125],"rotation":0,"texture":"#0","tintindex":0},"up":{"uv":[0.75,0.0,0.0,0.0],"rotation":0,"texture":"#0","tintindex":0},"down":{"uv":[0.75,0.0,0.0,0.0],"rotation":0,"texture":"#0","tintindex":0}}},{"from":[5.769759,-4.278651,8.439711],"to":[9.198331,5.4356346,8.439711],"rotation":{"angle":-45.0,"axis":"z","origin":[7.981081,2.8230457,7.8692865]},"faces":{"east":{"uv":[0.0,0.0,0.0,2.125],"rotation":0,"texture":"#0","tintindex":0},"south":{"uv":[2.25,5.0,3.0,7.125],"rotation":0,"texture":"#0","tintindex":0},"north":{"uv":[1.5,5.0,2.25,7.125],"rotation":0,"texture":"#0","tintindex":0},"west":{"uv":[0.0,0.0,0.0,2.125],"rotation":0,"texture":"#0","tintindex":0},"up":{"uv":[0.75,0.0,0.0,0.0],"rotation":0,"texture":"#0","tintindex":0},"down":{"uv":[0.75,0.0,0.0,0.0],"rotation":0,"texture":"#0","tintindex":0}}},{"from":[6.52028,-1.1733313,6.520171],"to":[7.7955074,0.8520303,7.232798],"rotation":{"angle":0.0,"axis":"y","origin":[7.4597497,-1.4307051,7.954802]},"faces":{"east":{"uv":[5.375,13.5,5.5,14.0],"rotation":0,"texture":"#0","tintindex":0},"south":{"uv":[2.25,12.75,2.5,13.25],"rotation":0,"texture":"#0","tintindex":0},"north":{"uv":[0.625,12.75,0.875,13.25],"rotation":0,"texture":"#0","tintindex":0},"west":{"uv":[5.5,13.5,5.625,14.0],"rotation":0,"texture":"#0","tintindex":0},"up":{"uv":[14.25,9.25,14.0,9.125],"rotation":0,"texture":"#0","tintindex":0},"down":{"uv":[9.5,14.0,9.25,14.125],"rotation":0,"texture":"#0","tintindex":0}}},{"from":[6.776374,-2.2614183,6.657696],"to":[7.776552,-0.5111065,7.1577845],"rotation":{"angle":45.0,"axis":"z","origin":[7.4597497,-1.2021322,7.954802]},"faces":{"east":{"uv":[11.5,5.5,11.625,5.875],"rotation":0,"texture":"#0","tintindex":0},"south":{"uv":[13.125,2.75,13.375,3.125],"rotation":0,"texture":"#0","tintindex":0},"north":{"uv":[13.125,1.875,13.375,2.25],"rotation":0,"texture":"#0","tintindex":0},"west":{"uv":[11.5,9.5,11.625,9.875],"rotation":0,"texture":"#0","tintindex":0},"up":{"uv":[14.25,9.375,14.0,9.25],"rotation":0,"texture":"#0","tintindex":0},"down":{"uv":[14.25,9.375,14.0,9.5],"rotation":0,"texture":"#0","tintindex":0}}},{"from":[8.153107,-2.1741028,6.7202067],"to":[9.028262,-1.4630985,7.0952735],"rotation":{"angle":-22.5,"axis":"z","origin":[7.4597497,-1.2021322,7.954802]},"faces":{"east":{"uv":[5.5,12.125,5.625,12.5],"rotation":0,"texture":"#0","tintindex":0},"south":{"uv":[13.125,3.875,13.375,4.25],"rotation":0,"texture":"#0","tintindex":0},"north":{"uv":[13.125,3.125,13.375,3.5],"rotation":0,"texture":"#0","tintindex":0},"west":{"uv":[5.375,12.75,5.5,13.125],"rotation":0,"texture":"#0","tintindex":0},"up":{"uv":[9.75,14.125,9.5,14.0],"rotation":0,"texture":"#0","tintindex":0},"down":{"uv":[14.25,9.5,14.0,9.625],"rotation":0,"texture":"#0","tintindex":0}}},{"from":[6.776374,-2.2614183,8.689308],"to":[7.776552,-0.5111065,9.283164],"rotation":{"angle":45.0,"axis":"z","origin":[7.4597497,-1.2021322,7.954802]},"faces":{"east":{"uv":[0.5,12.875,0.625,13.25],"rotation":0,"texture":"#0","tintindex":0},"south":{"uv":[4.75,13.125,5.0,13.5],"rotation":0,"texture":"#0","tintindex":0},"north":{"uv":[4.5,13.125,4.75,13.5],"rotation":0,"texture":"#0","tintindex":0},"west":{"uv":[3.25,13.625,3.375,14.0],"rotation":0,"texture":"#0","tintindex":0},"up":{"uv":[14.25,9.75,14.0,9.625],"rotation":0,"texture":"#0","tintindex":0},"down":{"uv":[14.25,9.75,14.0,9.875],"rotation":0,"texture":"#0","tintindex":0}}},{"from":[8.080555,-2.1273947,7.814152],"to":[8.830688,-1.4950085,8.157963],"rotation":{"angle":-22.5,"axis":"z","origin":[7.4597497,-1.2021322,7.954802]},"faces":{"east":{"uv":[8.5,13.625,8.625,14.0],"rotation":0,"texture":"#0","tintindex":0},"south":{"uv":[5.375,13.125,5.625,13.5],"rotation":0,"texture":"#0","tintindex":0},"north":{"uv":[13.125,4.875,13.375,5.25],"rotation":0,"texture":"#0","tintindex":0},"west":{"uv":[8.625,13.625,8.75,14.0],"rotation":0,"texture":"#0","tintindex":0},"up":{"uv":[14.25,10.0,14.0,9.875],"rotation":0,"texture":"#0","tintindex":0},"down":{"uv":[10.25,14.0,10.0,14.125],"rotation":0,"texture":"#0","tintindex":0}}},{"from":[8.080555,-2.1273947,8.81433],"to":[8.830688,-1.4950085,9.158141],"rotation":{"angle":-22.5,"axis":"z","origin":[7.4597497,-1.2021322,7.954802]},"faces":{"east":{"uv":[9.5,13.75,9.625,14.0],"rotation":0,"texture":"#0","tintindex":0},"south":{"uv":[13.125,5.875,13.375,6.25],"rotation":0,"texture":"#0","tintindex":0},"north":{"uv":[13.125,5.5,13.375,5.875],"rotation":0,"texture":"#0","tintindex":0},"west":{"uv":[9.625,13.625,9.75,14.0],"rotation":0,"texture":"#0","tintindex":0},"up":{"uv":[14.25,10.125,14.0,10.0],"rotation":0,"texture":"#0","tintindex":0},"down":{"uv":[14.25,10.125,14.0,10.25],"rotation":0,"texture":"#0","tintindex":0}}},{"from":[6.776374,-2.2614183,7.6891294],"to":[7.776552,-0.5111065,8.282986],"rotation":{"angle":45.0,"axis":"z","origin":[7.4597497,-1.2021322,7.954802]},"faces":{"east":{"uv":[10.75,13.625,10.875,14.0],"rotation":0,"texture":"#0","tintindex":0},"south":{"uv":[13.125,7.875,13.375,8.25],"rotation":0,"texture":"#0","tintindex":0},"north":{"uv":[13.125,7.125,13.375,7.5],"rotation":0,"texture":"#0","tintindex":0},"west":{"uv":[10.875,13.625,11.0,14.0],"rotation":0,"texture":"#0","tintindex":0},"up":{"uv":[10.5,14.125,10.25,14.0],"rotation":0,"texture":"#0","tintindex":0},"down":{"uv":[14.25,10.25,14.0,10.375],"rotation":0,"texture":"#0","tintindex":0}}},{"from":[8.895703,0.07689142,6.4576597],"to":[9.795864,2.1022525,7.7328873],"rotation":{"angle":22.5,"axis":"z","origin":[9.095739,1.089572,7.0952735]},"faces":{"east":{"uv":[5.125,12.75,5.375,13.25],"rotation":0,"texture":"#0","tintindex":0},"south":{"uv":[6.25,12.75,6.5,13.25],"rotation":0,"texture":"#0","tintindex":0},"north":{"uv":[3.0,12.75,3.25,13.25],"rotation":0,"texture":"#0","tintindex":0},"west":{"uv":[1.0,12.875,1.25,13.375],"rotation":0,"texture":"#0","tintindex":0},"up":{"uv":[13.75,6.875,13.5,6.625],"rotation":0,"texture":"#0","tintindex":0},"down":{"uv":[7.25,13.5,7.0,13.75],"rotation":0,"texture":"#0","tintindex":0}}},{"from":[9.408295,-1.1608295,6.5951843],"to":[10.033406,0.58948326,7.5953627],"rotation":{"angle":0.0,"axis":"y","origin":[9.095739,1.089572,7.0952735]},"faces":{"east":{"uv":[13.125,11.25,13.375,11.625],"rotation":0,"texture":"#0","tintindex":0},"south":{"uv":[11.875,13.625,12.0,14.0],"rotation":0,"texture":"#0","tintindex":0},"north":{"uv":[11.75,13.625,11.875,14.0],"rotation":0,"texture":"#0","tintindex":0},"west":{"uv":[11.375,13.125,11.625,13.5],"rotation":0,"texture":"#0","tintindex":0},"up":{"uv":[4.125,14.25,4.0,14.0],"rotation":0,"texture":"#0","tintindex":0},"down":{"uv":[6.875,14.0,6.75,14.25],"rotation":0,"texture":"#0","tintindex":0}}},{"from":[9.908384,-1.6609173,6.7202067],"to":[10.283451,-1.0358067,7.4703407],"rotation":{"angle":-22.5,"axis":"z","origin":[9.720851,-0.28567314,7.0952735]},"faces":{"east":{"uv":[14.0,10.375,14.25,10.5],"rotation":0,"texture":"#0","tintindex":0},"south":{"uv":[14.25,8.75,14.375,8.875],"rotation":0,"texture":"#0","tintindex":0},"north":{"uv":[8.75,14.25,8.875,14.375],"rotation":0,"texture":"#0","tintindex":0},"west":{"uv":[10.5,14.0,10.75,14.125],"rotation":0,"texture":"#0","tintindex":0},"up":{"uv":[7.75,14.25,7.625,14.0],"rotation":0,"texture":"#0","tintindex":0},"down":{"uv":[14.125,10.5,14.0,10.75],"rotation":0,"texture":"#0","tintindex":0}}},{"from":[6.52028,-1.1733313,7.5828605],"to":[7.7955074,0.8520303,8.357999],"rotation":{"angle":0.0,"axis":"y","origin":[7.4597497,-1.4307051,7.954802]},"faces":{"east":{"uv":[7.25,13.5,7.375,14.0],"rotation":0,"texture":"#0","tintindex":0},"south":{"uv":[12.875,1.25,13.125,1.75],"rotation":0,"texture":"#0","tintindex":0},"north":{"uv":[1.25,12.875,1.5,13.375],"rotation":0,"texture":"#0","tintindex":0},"west":{"uv":[7.375,13.5,7.5,14.0],"rotation":0,"texture":"#0","tintindex":0},"up":{"uv":[11.0,14.125,10.75,14.0],"rotation":0,"texture":"#0","tintindex":0},"down":{"uv":[14.25,10.75,14.0,10.875],"rotation":0,"texture":"#0","tintindex":0}}},{"from":[6.52028,-1.1733313,8.583038],"to":[7.7955074,0.8520303,9.389433],"rotation":{"angle":0.0,"axis":"y","origin":[7.4597497,-1.4307051,7.954802]},"faces":{"east":{"uv":[7.5,13.5,7.625,14.0],"rotation":0,"texture":"#0","tintindex":0},"south":{"uv":[12.875,1.75,13.125,2.25],"rotation":0,"texture":"#0","tintindex":0},"north":{"uv":[1.5,12.875,1.75,13.375],"rotation":0,"texture":"#0","tintindex":0},"west":{"uv":[7.625,13.5,7.75,14.0],"rotation":0,"texture":"#0","tintindex":0},"up":{"uv":[14.25,11.25,14.0,11.125],"rotation":0,"texture":"#0","tintindex":0},"down":{"uv":[11.5,14.0,11.25,14.125],"rotation":0,"texture":"#0","tintindex":0}}},{"from":[6.720316,1.4021282,6.657696],"to":[9.345783,2.527328,9.283164],"rotation":{"angle":0.0,"axis":"y","origin":[11.34614,18.092602,8.032941]},"faces":{"east":{"uv":[12.5,10.875,13.125,11.125],"rotation":0,"texture":"#0","tintindex":0},"south":{"uv":[12.625,0.0,13.25,0.25],"rotation":0,"texture":"#0","tintindex":0},"north":{"uv":[12.5,9.0,13.125,9.25],"rotation":0,"texture":"#0","tintindex":0},"west":{"uv":[12.625,0.25,13.25,0.5],"rotation":0,"texture":"#0","tintindex":0},"up":{"uv":[9.25,11.0,8.625,10.375],"rotation":0,"texture":"#0","tintindex":0},"down":{"uv":[11.0,8.625,10.375,9.25],"rotation":0,"texture":"#0","tintindex":0}}}],"display":{"head":{"translation":[0.0,-6.4,0.0],"scale":[4.0,4.0,4.0]}}}