{"textures":{"0":"modelengine:entity/nocsy_skeleton_brute_skin"},"elements":[{"from":[7.0200825,6.298517,7.0313225],"to":[8.737248,8.3541975,8.672374],"rotation":{"angle":0.0,"axis":"y","origin":[3.9964938,20.880756,8.822705]},"faces":{"east":{"uv":[11.375,12.0,11.75,12.5],"rotation":0,"texture":"#0","tintindex":0},"south":{"uv":[11.5,3.0,12.0,3.5],"rotation":0,"texture":"#0","tintindex":0},"north":{"uv":[6.5,3.75,7.0,4.25],"rotation":0,"texture":"#0","tintindex":0},"west":{"uv":[5.875,12.125,6.25,12.625],"rotation":0,"texture":"#0","tintindex":0},"up":{"uv":[12.625,12.375,12.125,12.0],"rotation":0,"texture":"#0","tintindex":0},"down":{"uv":[0.5,12.25,0.0,12.625],"rotation":0,"texture":"#0","tintindex":0}}},{"from":[6.8836184,6.4595437,6.7833633],"to":[9.05731,7.3194656,8.598754],"rotation":{"angle":-22.5,"axis":"x","origin":[8.157036,7.793885,8.077894]},"faces":{"east":{"uv":[13.625,9.125,14.0,9.25],"rotation":0,"texture":"#0","tintindex":0},"south":{"uv":[4.125,7.375,4.625,7.5],"rotation":0,"texture":"#0","tintindex":0},"north":{"uv":[5.375,4.875,5.875,5.0],"rotation":0,"texture":"#0","tintindex":0},"west":{"uv":[13.625,9.25,14.0,9.375],"rotation":0,"texture":"#0","tintindex":0},"up":{"uv":[4.0,12.625,3.5,12.25],"rotation":0,"texture":"#0","tintindex":0},"down":{"uv":[4.5,12.25,4.0,12.625],"rotation":0,"texture":"#0","tintindex":0}}},{"from":[6.644751,5.8752174,6.3045588],"to":[9.296177,6.7351394,9.194852],"rotation":{"angle":0.0,"axis":"y","origin":[8.157036,7.793885,8.077894]},"faces":{"east":{"uv":[13.375,9.875,14.0,10.0],"rotation":0,"texture":"#0","tintindex":0},"south":{"uv":[10.0,13.375,10.625,13.5],"rotation":0,"texture":"#0","tintindex":0},"north":{"uv":[13.375,9.75,14.0,9.875],"rotation":0,"texture":"#0","tintindex":0},"west":{"uv":[13.375,10.0,14.0,10.125],"rotation":0,"texture":"#0","tintindex":0},"up":{"uv":[5.375,11.0,4.75,10.375],"rotation":0,"texture":"#0","tintindex":0},"down":{"uv":[11.0,5.875,10.375,6.5],"rotation":0,"texture":"#0","tintindex":0}}},{"from":[7.1196303,5.7096453,5.316508],"to":[8.21842,6.5695677,7.131899],"rotation":{"angle":22.5,"axis":"y","origin":[8.157036,7.793885,8.077894]},"faces":{"east":{"uv":[13.625,9.375,14.0,9.5],"rotation":0,"texture":"#0","tintindex":0},"south":{"uv":[11.0,6.375,11.25,6.5],"rotation":0,"texture":"#0","tintindex":0},"north":{"uv":[8.125,10.25,8.375,10.375],"rotation":0,"texture":"#0","tintindex":0},"west":{"uv":[13.625,9.5,14.0,9.625],"rotation":0,"texture":"#0","tintindex":0},"up":{"uv":[10.25,13.375,10.0,13.0],"rotation":0,"texture":"#0","tintindex":0},"down":{"uv":[13.25,10.125,13.0,10.5],"rotation":0,"texture":"#0","tintindex":0}}},{"from":[6.776128,5.52886,6.7942367],"to":[9.164801,6.2454615,9.063475],"rotation":{"angle":0.0,"axis":"y","origin":[8.157036,7.793885,8.077894]},"faces":{"east":{"uv":[12.0,7.875,12.5,8.0],"rotation":0,"texture":"#0","tintindex":0},"south":{"uv":[13.5,2.25,14.0,2.375],"rotation":0,"texture":"#0","tintindex":0},"north":{"uv":[5.75,8.75,6.25,8.875],"rotation":0,"texture":"#0","tintindex":0},"west":{"uv":[13.5,2.375,14.0,2.5],"rotation":0,"texture":"#0","tintindex":0},"up":{"uv":[12.0,4.375,11.5,3.875],"rotation":0,"texture":"#0","tintindex":0},"down":{"uv":[12.0,7.125,11.5,7.625],"rotation":0,"texture":"#0","tintindex":0}}},{"from":[7.1196303,5.590212,4.2416053],"to":[8.21842,6.3307004,4.8626604],"rotation":{"angle":22.5,"axis":"y","origin":[8.157036,7.793885,8.077894]},"faces":{"east":{"uv":[13.25,2.625,13.375,2.75],"rotation":0,"texture":"#0","tintindex":0},"south":{"uv":[3.5,12.125,3.75,12.25],"rotation":0,"texture":"#0","tintindex":0},"north":{"uv":[1.0,11.625,1.25,11.75],"rotation":0,"texture":"#0","tintindex":0},"west":{"uv":[13.25,3.75,13.375,3.875],"rotation":0,"texture":"#0","tintindex":0},"up":{"uv":[5.125,14.125,4.875,14.0],"rotation":0,"texture":"#0","tintindex":0},"down":{"uv":[5.625,14.0,5.375,14.125],"rotation":0,"texture":"#0","tintindex":0}}},{"from":[7.443185,5.7096453,5.3125486],"to":[8.541974,6.5695677,7.127939],"rotation":{"angle":0.0,"axis":"y","origin":[8.157036,7.793885,8.077894]},"faces":{"east":{"uv":[10.0,13.625,10.375,13.75],"rotation":0,"texture":"#0","tintindex":0},"south":{"uv":[14.0,7.875,14.25,8.0],"rotation":0,"texture":"#0","tintindex":0},"north":{"uv":[14.0,7.75,14.25,7.875],"rotation":0,"texture":"#0","tintindex":0},"west":{"uv":[10.375,13.625,10.75,13.75],"rotation":0,"texture":"#0","tintindex":0},"up":{"uv":[10.5,13.375,10.25,13.0],"rotation":0,"texture":"#0","tintindex":0},"down":{"uv":[10.75,13.0,10.5,13.375],"rotation":0,"texture":"#0","tintindex":0}}},{"from":[7.3584976,5.7096453,3.7638712],"to":[7.9795523,6.2112665,6.0569963],"rotation":{"angle":22.5,"axis":"y","origin":[8.157036,7.793885,8.077894]},"faces":{"east":{"uv":[2.5,13.5,3.0,13.625],"rotation":0,"texture":"#0","tintindex":0},"south":{"uv":[7.375,14.25,7.5,14.375],"rotation":0,"texture":"#0","tintindex":0},"north":{"uv":[13.25,7.0,13.375,7.125],"rotation":0,"texture":"#0","tintindex":0},"west":{"uv":[13.5,2.5,14.0,2.625],"rotation":0,"texture":"#0","tintindex":0},"up":{"uv":[6.625,13.25,6.5,12.75],"rotation":0,"texture":"#0","tintindex":0},"down":{"uv":[7.0,13.375,6.875,13.875],"rotation":0,"texture":"#0","tintindex":0}}},{"from":[7.443185,5.590212,4.237646],"to":[8.541974,6.3307004,4.8587008],"rotation":{"angle":0.0,"axis":"y","origin":[8.157036,7.793885,8.077894]},"faces":{"east":{"uv":[14.25,8.125,14.375,8.25],"rotation":0,"texture":"#0","tintindex":0},"south":{"uv":[14.0,8.125,14.25,8.25],"rotation":0,"texture":"#0","tintindex":0},"north":{"uv":[14.0,8.0,14.25,8.125],"rotation":0,"texture":"#0","tintindex":0},"west":{"uv":[14.25,8.25,14.375,8.375],"rotation":0,"texture":"#0","tintindex":0},"up":{"uv":[8.5,14.125,8.25,14.0],"rotation":0,"texture":"#0","tintindex":0},"down":{"uv":[14.25,8.375,14.0,8.5],"rotation":0,"texture":"#0","tintindex":0}}},{"from":[7.6820517,5.7096453,3.7599115],"to":[8.303106,6.2112665,6.053037],"rotation":{"angle":0.0,"axis":"y","origin":[8.157036,7.793885,8.077894]},"faces":{"east":{"uv":[13.5,3.5,14.0,3.625],"rotation":0,"texture":"#0","tintindex":0},"south":{"uv":[14.25,8.375,14.375,8.5],"rotation":0,"texture":"#0","tintindex":0},"north":{"uv":[8.375,14.25,8.5,14.375],"rotation":0,"texture":"#0","tintindex":0},"west":{"uv":[13.5,3.625,14.0,3.75],"rotation":0,"texture":"#0","tintindex":0},"up":{"uv":[4.625,14.0,4.5,13.5],"rotation":0,"texture":"#0","tintindex":0},"down":{"uv":[4.75,13.5,4.625,14.0],"rotation":0,"texture":"#0","tintindex":0}}},{"from":[8.842771,5.7096453,5.3221874],"to":[9.94156,6.5695677,7.1375785],"rotation":{"angle":-22.5,"axis":"y","origin":[8.0,6.9714284,5.3142858]},"faces":{"east":{"uv":[13.625,11.125,14.0,11.25],"rotation":0,"texture":"#0","tintindex":0},"south":{"uv":[14.0,8.5,14.25,8.625],"rotation":0,"texture":"#0","tintindex":0},"north":{"uv":[8.5,14.0,8.75,14.125],"rotation":0,"texture":"#0","tintindex":0},"west":{"uv":[11.375,13.625,11.75,13.75],"rotation":0,"texture":"#0","tintindex":0},"up":{"uv":[11.0,13.375,10.75,13.0],"rotation":0,"texture":"#0","tintindex":0},"down":{"uv":[11.25,13.0,11.0,13.375],"rotation":0,"texture":"#0","tintindex":0}}},{"from":[8.842771,5.590212,4.247285],"to":[9.94156,6.3307004,4.8683405],"rotation":{"angle":-22.5,"axis":"y","origin":[8.0,6.9714284,5.3142858]},"faces":{"east":{"uv":[8.5,14.25,8.625,14.375],"rotation":0,"texture":"#0","tintindex":0},"south":{"uv":[8.75,14.0,9.0,14.125],"rotation":0,"texture":"#0","tintindex":0},"north":{"uv":[14.0,8.625,14.25,8.75],"rotation":0,"texture":"#0","tintindex":0},"west":{"uv":[14.25,8.5,14.375,8.625],"rotation":0,"texture":"#0","tintindex":0},"up":{"uv":[14.25,8.875,14.0,8.75],"rotation":0,"texture":"#0","tintindex":0},"down":{"uv":[9.25,14.0,9.0,14.125],"rotation":0,"texture":"#0","tintindex":0}}},{"from":[9.081638,5.7096453,3.7695508],"to":[9.702693,6.2112665,6.062676],"rotation":{"angle":-22.5,"axis":"y","origin":[8.0,6.9714284,5.3142858]},"faces":{"east":{"uv":[13.5,6.25,14.0,6.375],"rotation":0,"texture":"#0","tintindex":0},"south":{"uv":[14.25,8.625,14.375,8.75],"rotation":0,"texture":"#0","tintindex":0},"north":{"uv":[8.625,14.25,8.75,14.375],"rotation":0,"texture":"#0","tintindex":0},"west":{"uv":[13.5,6.375,14.0,6.5],"rotation":0,"texture":"#0","tintindex":0},"up":{"uv":[4.875,14.0,4.75,13.5],"rotation":0,"texture":"#0","tintindex":0},"down":{"uv":[5.0,13.5,4.875,14.0],"rotation":0,"texture":"#0","tintindex":0}}}],"display":{"head":{"translation":[0.0,-6.4,0.0],"scale":[4.0,4.0,4.0]}}}