{"textures":{"0":"modelengine:entity/nocsy_skeleton_brute2_skin"},"elements":[{"from":[10.190857,6.8740788,3.4154844],"to":[10.762286,13.159794,10.272628],"rotation":{"angle":0.0,"axis":"y","origin":[10.419429,12.8169365,5.815485]},"faces":{"east":{"uv":[2.125,1.75,2.875,2.4375],"rotation":0,"texture":"#0","tintindex":0},"south":{"uv":[6.9375,7.0,7.0,7.6875],"rotation":0,"texture":"#0","tintindex":0},"north":{"uv":[0.9375,5.5,1.0,6.1875],"rotation":0,"texture":"#0","tintindex":0},"west":{"uv":[2.125,2.4375,2.875,3.125],"rotation":0,"texture":"#0","tintindex":0},"up":{"uv":[7.0625,7.1875,7.0,6.4375],"rotation":0,"texture":"#0","tintindex":0},"down":{"uv":[6.8125,7.0,6.75,7.75],"rotation":0,"texture":"#0","tintindex":0}}},{"from":[9.619429,6.3026505,3.1297703],"to":[10.190857,8.588365,3.701199],"rotation":{"angle":0.0,"axis":"y","origin":[10.476572,9.731222,6.844056]},"faces":{"east":{"uv":[4.9375,7.75,5.0,8.0],"rotation":0,"texture":"#0","tintindex":0},"south":{"uv":[5.0,7.75,5.0625,8.0],"rotation":0,"texture":"#0","tintindex":0},"north":{"uv":[4.8125,7.75,4.875,8.0],"rotation":0,"texture":"#0","tintindex":0},"west":{"uv":[6.375,7.75,6.4375,8.0],"rotation":0,"texture":"#0","tintindex":0},"up":{"uv":[7.625,4.5625,7.5625,4.5],"rotation":0,"texture":"#0","tintindex":0},"down":{"uv":[3.25,7.625,3.1875,7.6875],"rotation":0,"texture":"#0","tintindex":0}}},{"from":[4.476571,6.8740788,3.4154844],"to":[5.048,13.159794,10.272628],"rotation":{"angle":0.0,"axis":"y","origin":[4.8194284,12.8169365,5.815485]},"faces":{"east":{"uv":[2.875,1.75,3.625,2.4375],"rotation":0,"texture":"#0","tintindex":0},"south":{"uv":[1.5625,7.125,1.625,7.8125],"rotation":0,"texture":"#0","tintindex":0},"north":{"uv":[1.5,7.125,1.5625,7.8125],"rotation":0,"texture":"#0","tintindex":0},"west":{"uv":[2.875,2.4375,3.625,3.125],"rotation":0,"texture":"#0","tintindex":0},"up":{"uv":[6.875,7.75,6.8125,7.0],"rotation":0,"texture":"#0","tintindex":0},"down":{"uv":[6.9375,7.0,6.875,7.75],"rotation":0,"texture":"#0","tintindex":0}}},{"from":[4.3622856,7.3312216,7.301199],"to":[10.876572,12.70265,10.386913],"rotation":{"angle":0.0,"axis":"y","origin":[4.8194284,12.8169365,5.815485]},"faces":{"east":{"uv":[4.125,5.1875,4.4375,5.75],"rotation":0,"texture":"#0","tintindex":0},"south":{"uv":[3.625,1.25,4.3125,1.8125],"rotation":0,"texture":"#0","tintindex":0},"north":{"uv":[0.0,3.625,0.6875,4.1875],"rotation":0,"texture":"#0","tintindex":0},"west":{"uv":[4.4375,5.1875,4.75,5.75],"rotation":0,"texture":"#0","tintindex":0},"up":{"uv":[5.6875,4.3125,5.0,4.0],"rotation":0,"texture":"#0","tintindex":0},"down":{"uv":[5.8125,4.3125,5.125,4.625],"rotation":0,"texture":"#0","tintindex":0}}},{"from":[5.048,6.3026505,3.1297703],"to":[5.6194286,8.588365,3.701199],"rotation":{"angle":0.0,"axis":"y","origin":[4.7622857,9.731222,6.844056]},"faces":{"east":{"uv":[6.75,7.75,6.8125,8.0],"rotation":0,"texture":"#0","tintindex":0},"south":{"uv":[6.8125,7.75,6.875,8.0],"rotation":0,"texture":"#0","tintindex":0},"north":{"uv":[6.6875,7.75,6.75,8.0],"rotation":0,"texture":"#0","tintindex":0},"west":{"uv":[6.875,7.75,6.9375,8.0],"rotation":0,"texture":"#0","tintindex":0},"up":{"uv":[2.9375,8.1875,2.875,8.125],"rotation":0,"texture":"#0","tintindex":0},"down":{"uv":[4.125,8.125,4.0625,8.1875],"rotation":0,"texture":"#0","tintindex":0}}},{"from":[5.048,12.016936,3.4154844],"to":[10.190857,13.159794,10.272628],"rotation":{"angle":0.0,"axis":"y","origin":[10.419429,12.8169365,5.815485]},"faces":{"east":{"uv":[6.0625,0.625,6.8125,0.75],"rotation":0,"texture":"#0","tintindex":0},"south":{"uv":[6.625,5.1875,7.1875,5.3125],"rotation":0,"texture":"#0","tintindex":0},"north":{"uv":[6.5,3.1875,7.0625,3.3125],"rotation":0,"texture":"#0","tintindex":0},"west":{"uv":[6.0625,0.75,6.8125,0.875],"rotation":0,"texture":"#0","tintindex":0},"up":{"uv":[1.8125,3.6875,1.25,2.9375],"rotation":0,"texture":"#0","tintindex":0},"down":{"uv":[2.375,3.125,1.8125,3.875],"rotation":0,"texture":"#0","tintindex":0}}},{"from":[7.168,11.508365,3.4211988],"to":[8.870857,12.068365,10.266913],"rotation":{"angle":22.5,"axis":"z","origin":[7.6194286,12.588366,6.844056]},"faces":{"east":{"uv":[6.75,1.3125,7.5,1.375],"rotation":0,"texture":"#0","tintindex":0},"south":{"uv":[7.875,1.5,8.0625,1.5625],"rotation":0,"texture":"#0","tintindex":0},"north":{"uv":[1.25,7.875,1.4375,7.9375],"rotation":0,"texture":"#0","tintindex":0},"west":{"uv":[6.75,3.125,7.5,3.1875],"rotation":0,"texture":"#0","tintindex":0},"up":{"uv":[5.625,6.25,5.4375,5.5],"rotation":0,"texture":"#0","tintindex":0},"down":{"uv":[5.8125,4.8125,5.625,5.5625],"rotation":0,"texture":"#0","tintindex":0}}},{"from":[6.368,11.508365,3.4211988],"to":[8.070857,12.068365,10.266913],"rotation":{"angle":-22.5,"axis":"z","origin":[7.6194286,12.588366,6.844056]},"faces":{"east":{"uv":[6.8125,0.25,7.5625,0.3125],"rotation":0,"texture":"#0","tintindex":0},"south":{"uv":[1.8125,7.875,2.0,7.9375],"rotation":0,"texture":"#0","tintindex":0},"north":{"uv":[7.875,1.75,8.0625,1.8125],"rotation":0,"texture":"#0","tintindex":0},"west":{"uv":[7.0,1.8125,7.75,1.875],"rotation":0,"texture":"#0","tintindex":0},"up":{"uv":[5.8125,6.3125,5.625,5.5625],"rotation":0,"texture":"#0","tintindex":0},"down":{"uv":[0.1875,5.6875,0.0,6.4375],"rotation":0,"texture":"#0","tintindex":0}}},{"from":[5.048,6.3026505,9.7012],"to":[10.190857,12.016936,10.272628],"rotation":{"angle":0.0,"axis":"y","origin":[10.419429,12.8169365,5.815485]},"faces":{"east":{"uv":[4.125,7.125,4.1875,7.75],"rotation":0,"texture":"#0","tintindex":0},"south":{"uv":[4.0625,0.625,4.625,1.25],"rotation":0,"texture":"#0","tintindex":0},"north":{"uv":[4.0625,0.0,4.625,0.625],"rotation":0,"texture":"#0","tintindex":0},"west":{"uv":[4.1875,7.125,4.25,7.75],"rotation":0,"texture":"#0","tintindex":0},"up":{"uv":[7.75,6.4375,7.1875,6.375],"rotation":0,"texture":"#0","tintindex":0},"down":{"uv":[7.8125,4.9375,7.25,5.0],"rotation":0,"texture":"#0","tintindex":0}}},{"from":[7.048,10.30265,3.4154844],"to":[8.190857,12.016936,4.558342],"rotation":{"angle":0.0,"axis":"y","origin":[8.990857,12.8169365,5.815485]},"faces":{"east":{"uv":[5.9375,7.5625,6.0625,7.75],"rotation":0,"texture":"#0","tintindex":0},"south":{"uv":[7.5625,5.9375,7.6875,6.125],"rotation":0,"texture":"#0","tintindex":0},"north":{"uv":[5.8125,7.5625,5.9375,7.75],"rotation":0,"texture":"#0","tintindex":0},"west":{"uv":[6.1875,7.5625,6.3125,7.75],"rotation":0,"texture":"#0","tintindex":0},"up":{"uv":[0.6875,4.3125,0.5625,4.1875],"rotation":0,"texture":"#0","tintindex":0},"down":{"uv":[5.3125,0.875,5.1875,1.0],"rotation":0,"texture":"#0","tintindex":0}}},{"from":[3.9051428,7.216936,3.4154844],"to":[4.476571,9.50265,6.844056],"rotation":{"angle":0.0,"axis":"y","origin":[4.8194284,12.8169365,5.815485]},"faces":{"east":{"uv":[6.0625,2.875,6.4375,3.125],"rotation":0,"texture":"#0","tintindex":0},"south":{"uv":[7.0625,7.75,7.125,8.0],"rotation":0,"texture":"#0","tintindex":0},"north":{"uv":[7.0,7.75,7.0625,8.0],"rotation":0,"texture":"#0","tintindex":0},"west":{"uv":[5.4375,6.3125,5.8125,6.5625],"rotation":0,"texture":"#0","tintindex":0},"up":{"uv":[2.375,4.25,2.3125,3.875],"rotation":0,"texture":"#0","tintindex":0},"down":{"uv":[3.5625,7.4375,3.5,7.8125],"rotation":0,"texture":"#0","tintindex":0}}},{"from":[10.762286,7.216936,3.4154844],"to":[11.3337145,9.50265,6.844056],"rotation":{"angle":0.0,"axis":"y","origin":[10.419429,12.8169365,5.815485]},"faces":{"east":{"uv":[6.3125,5.5,6.6875,5.75],"rotation":0,"texture":"#0","tintindex":0},"south":{"uv":[7.1875,7.75,7.25,8.0],"rotation":0,"texture":"#0","tintindex":0},"north":{"uv":[7.125,7.75,7.1875,8.0],"rotation":0,"texture":"#0","tintindex":0},"west":{"uv":[6.3125,5.75,6.6875,6.0],"rotation":0,"texture":"#0","tintindex":0},"up":{"uv":[6.125,7.8125,6.0625,7.4375],"rotation":0,"texture":"#0","tintindex":0},"down":{"uv":[6.5,7.4375,6.4375,7.8125],"rotation":0,"texture":"#0","tintindex":0}}},{"from":[3.9051428,10.0740795,4.6154847],"to":[4.476571,12.931222,6.9011993],"rotation":{"angle":0.0,"axis":"y","origin":[4.8194284,12.8169365,5.815485]},"faces":{"east":{"uv":[3.5,4.875,3.75,5.1875],"rotation":0,"texture":"#0","tintindex":0},"south":{"uv":[4.0,6.0,4.0625,6.3125],"rotation":0,"texture":"#0","tintindex":0},"north":{"uv":[4.5625,3.5625,4.625,3.875],"rotation":0,"texture":"#0","tintindex":0},"west":{"uv":[4.3125,6.3125,4.5625,6.625],"rotation":0,"texture":"#0","tintindex":0},"up":{"uv":[7.3125,8.0,7.25,7.75],"rotation":0,"texture":"#0","tintindex":0},"down":{"uv":[7.375,7.75,7.3125,8.0],"rotation":0,"texture":"#0","tintindex":0}}},{"from":[10.762286,10.0740795,4.6154847],"to":[11.3337145,12.931222,6.9011993],"rotation":{"angle":0.0,"axis":"y","origin":[10.419429,12.8169365,5.815485]},"faces":{"east":{"uv":[0.5625,6.375,0.8125,6.6875],"rotation":0,"texture":"#0","tintindex":0},"south":{"uv":[6.9375,7.6875,7.0,8.0],"rotation":0,"texture":"#0","tintindex":0},"north":{"uv":[3.75,6.25,3.8125,6.5625],"rotation":0,"texture":"#0","tintindex":0},"west":{"uv":[2.625,6.375,2.875,6.6875],"rotation":0,"texture":"#0","tintindex":0},"up":{"uv":[7.8125,7.5625,7.75,7.3125],"rotation":0,"texture":"#0","tintindex":0},"down":{"uv":[7.8125,7.5625,7.75,7.8125],"rotation":0,"texture":"#0","tintindex":0}}},{"from":[-1.1234283,6.7597933,5.8726277],"to":[4.0194283,13.045507,5.8726277],"rotation":{"angle":0.0,"axis":"y","origin":[4.8194284,12.8169365,5.815485]},"faces":{"east":{"uv":[0.0,0.0,0.0,0.6875],"rotation":0,"texture":"#0","tintindex":0},"south":{"uv":[3.625,1.8125,4.1875,2.5],"rotation":0,"texture":"#0","tintindex":0},"north":{"uv":[0.6875,3.625,1.25,4.3125],"rotation":0,"texture":"#0","tintindex":0},"west":{"uv":[0.0,0.0,0.0,0.6875],"rotation":0,"texture":"#0","tintindex":0},"up":{"uv":[0.5625,0.0,0.0,0.0],"rotation":0,"texture":"#0","tintindex":0},"down":{"uv":[0.5625,0.0,0.0,0.0],"rotation":0,"texture":"#0","tintindex":0}}},{"from":[11.219429,6.7597933,5.8726277],"to":[16.362286,13.045507,5.8726277],"rotation":{"angle":0.0,"axis":"y","origin":[10.419429,12.8169365,5.815485]},"faces":{"east":{"uv":[0.0,0.0,0.0,0.6875],"rotation":0,"texture":"#0","tintindex":0},"south":{"uv":[3.625,3.1875,4.1875,3.875],"rotation":0,"texture":"#0","tintindex":0},"north":{"uv":[3.625,2.5,4.1875,3.1875],"rotation":0,"texture":"#0","tintindex":0},"west":{"uv":[0.0,0.0,0.0,0.6875],"rotation":0,"texture":"#0","tintindex":0},"up":{"uv":[0.5625,0.0,0.0,0.0],"rotation":0,"texture":"#0","tintindex":0},"down":{"uv":[0.5625,0.0,0.0,0.0],"rotation":0,"texture":"#0","tintindex":0}}},{"from":[4.7622857,13.159794,3.701199],"to":[10.476572,14.30265,9.986914],"rotation":{"angle":0.0,"axis":"y","origin":[5.1051426,12.8169365,5.529771]},"faces":{"east":{"uv":[6.0625,4.3125,6.75,4.4375],"rotation":0,"texture":"#0","tintindex":0},"south":{"uv":[6.4375,1.5,7.0625,1.625],"rotation":0,"texture":"#0","tintindex":0},"north":{"uv":[6.375,2.125,7.0,2.25],"rotation":0,"texture":"#0","tintindex":0},"west":{"uv":[6.375,1.375,7.0625,1.5],"rotation":0,"texture":"#0","tintindex":0},"up":{"uv":[0.625,3.625,0.0,2.9375],"rotation":0,"texture":"#0","tintindex":0},"down":{"uv":[1.25,2.9375,0.625,3.625],"rotation":0,"texture":"#0","tintindex":0}}},{"from":[4.705143,13.674079,4.2154846],"to":[10.533714,14.359794,10.044056],"rotation":{"angle":0.0,"axis":"y","origin":[5.1051426,12.8169365,5.529771]},"faces":{"east":{"uv":[7.125,1.0,7.75,1.0625],"rotation":0,"texture":"#0","tintindex":0},"south":{"uv":[7.1875,3.875,7.8125,3.9375],"rotation":0,"texture":"#0","tintindex":0},"north":{"uv":[7.0625,1.5625,7.6875,1.625],"rotation":0,"texture":"#0","tintindex":0},"west":{"uv":[7.1875,4.75,7.8125,4.8125],"rotation":0,"texture":"#0","tintindex":0},"up":{"uv":[3.0,3.75,2.375,3.125],"rotation":0,"texture":"#0","tintindex":0},"down":{"uv":[3.625,3.125,3.0,3.75],"rotation":0,"texture":"#0","tintindex":0}}},{"from":[4.476571,13.159794,3.6726274],"to":[10.762286,17.159794,3.6726274],"rotation":{"angle":0.0,"axis":"y","origin":[5.3908567,12.8169365,5.529771]},"faces":{"east":{"uv":[0.0,0.0,0.0,0.4375],"rotation":0,"texture":"#0","tintindex":0},"south":{"uv":[4.4375,4.375,5.125,4.8125],"rotation":0,"texture":"#0","tintindex":0},"north":{"uv":[3.75,4.375,4.4375,4.8125],"rotation":0,"texture":"#0","tintindex":0},"west":{"uv":[0.0,0.0,0.0,0.4375],"rotation":0,"texture":"#0","tintindex":0},"up":{"uv":[0.6875,0.0,0.0,0.0],"rotation":0,"texture":"#0","tintindex":0},"down":{"uv":[0.6875,0.0,0.0,0.0],"rotation":0,"texture":"#0","tintindex":0}}},{"from":[7.6194286,6.3026505,3.6726274],"to":[7.6194286,17.159794,13.386913],"rotation":{"angle":0.0,"axis":"y","origin":[4.5337143,12.8169365,5.529771]},"faces":{"east":{"uv":[0.0,1.75,1.0625,2.9375],"rotation":0,"texture":"#0","tintindex":0},"south":{"uv":[0.0,0.0,0.0,1.1875],"rotation":0,"texture":"#0","tintindex":0},"north":{"uv":[0.0,0.0,0.0,1.1875],"rotation":0,"texture":"#0","tintindex":0},"west":{"uv":[1.0625,1.75,2.125,2.9375],"rotation":0,"texture":"#0","tintindex":0},"up":{"uv":[0.0,1.0625,0.0,0.0],"rotation":0,"texture":"#0","tintindex":0},"down":{"uv":[0.0,0.0,0.0,1.0625],"rotation":0,"texture":"#0","tintindex":0}}},{"from":[4.87018,8.8534355,4.362211],"to":[10.368677,13.284809,9.860708],"rotation":{"angle":0.0,"axis":"y","origin":[9.643118,3.9413805,6.3686023]},"faces":{"east":{"uv":[4.3125,1.25,4.9375,1.75],"rotation":0,"texture":"#0","tintindex":0},"south":{"uv":[1.1875,4.375,1.8125,4.875],"rotation":0,"texture":"#0","tintindex":0},"north":{"uv":[0.5625,4.3125,1.1875,4.8125],"rotation":0,"texture":"#0","tintindex":0},"west":{"uv":[3.125,4.375,3.75,4.875],"rotation":0,"texture":"#0","tintindex":0},"up":{"uv":[4.0625,0.625,3.4375,0.0],"rotation":0,"texture":"#0","tintindex":0},"down":{"uv":[4.0625,0.625,3.4375,1.25],"rotation":0,"texture":"#0","tintindex":0}}},{"from":[5.155323,12.331787,4.5513797],"to":[10.083534,13.907161,7.193876],"rotation":{"angle":-22.5,"axis":"x","origin":[7.6194286,13.519474,6.158342]},"faces":{"east":{"uv":[5.8125,6.3125,6.1875,6.5625],"rotation":0,"texture":"#0","tintindex":0},"south":{"uv":[5.4375,2.875,6.0625,3.125],"rotation":0,"texture":"#0","tintindex":0},"north":{"uv":[5.375,3.625,6.0,3.875],"rotation":0,"texture":"#0","tintindex":0},"west":{"uv":[6.3125,6.0,6.6875,6.25],"rotation":0,"texture":"#0","tintindex":0},"up":{"uv":[3.125,5.1875,2.5,4.8125],"rotation":0,"texture":"#0","tintindex":0},"down":{"uv":[4.375,4.8125,3.75,5.1875],"rotation":0,"texture":"#0","tintindex":0}}},{"from":[5.726752,8.281436,3.6759257],"to":[9.512105,10.428238,4.6041365],"rotation":{"angle":0.0,"axis":"y","origin":[10.50026,3.9413805,6.3686023]},"faces":{"east":{"uv":[1.875,5.75,2.0,6.0],"rotation":0,"texture":"#0","tintindex":0},"south":{"uv":[3.375,6.0,3.8125,6.25],"rotation":0,"texture":"#0","tintindex":0},"north":{"uv":[2.9375,6.0,3.375,6.25],"rotation":0,"texture":"#0","tintindex":0},"west":{"uv":[6.0625,4.5625,6.1875,4.8125],"rotation":0,"texture":"#0","tintindex":0},"up":{"uv":[5.8125,4.0,5.375,3.875],"rotation":0,"texture":"#0","tintindex":0},"down":{"uv":[7.1875,5.0625,6.75,5.1875],"rotation":0,"texture":"#0","tintindex":0}}},{"from":[4.5838947,9.538579,5.4473543],"to":[10.654963,11.685381,8.08985],"rotation":{"angle":-22.5,"axis":"x","origin":[8.762286,9.354837,4.140031]},"faces":{"east":{"uv":[4.625,1.0,4.9375,1.25],"rotation":0,"texture":"#0","tintindex":0},"south":{"uv":[5.3125,1.125,6.0,1.375],"rotation":0,"texture":"#0","tintindex":0},"north":{"uv":[5.3125,0.875,6.0,1.125],"rotation":0,"texture":"#0","tintindex":0},"west":{"uv":[6.4375,1.625,6.75,1.875],"rotation":0,"texture":"#0","tintindex":0},"up":{"uv":[5.875,0.3125,5.1875,0.0],"rotation":0,"texture":"#0","tintindex":0},"down":{"uv":[1.0,5.1875,0.3125,5.5],"rotation":0,"texture":"#0","tintindex":0}}},{"from":[4.612466,9.938579,4.133069],"to":[10.62639,12.0853815,7.3469934],"rotation":{"angle":0.0,"axis":"y","origin":[9.305143,9.354837,4.140031]},"faces":{"east":{"uv":[6.1875,6.3125,6.5625,6.5625],"rotation":0,"texture":"#0","tintindex":0},"south":{"uv":[5.375,3.375,6.0625,3.625],"rotation":0,"texture":"#0","tintindex":0},"north":{"uv":[5.3125,1.375,6.0,1.625],"rotation":0,"texture":"#0","tintindex":0},"west":{"uv":[0.1875,6.375,0.5625,6.625],"rotation":0,"texture":"#0","tintindex":0},"up":{"uv":[1.0,5.1875,0.3125,4.8125],"rotation":0,"texture":"#0","tintindex":0},"down":{"uv":[2.5,4.8125,1.8125,5.1875],"rotation":0,"texture":"#0","tintindex":0}}},{"from":[4.869609,8.052864,7.5044975],"to":[10.369248,11.342524,10.146994],"rotation":{"angle":0.0,"axis":"y","origin":[9.643118,3.9413805,6.3686023]},"faces":{"east":{"uv":[2.0,3.875,2.3125,4.25],"rotation":0,"texture":"#0","tintindex":0},"south":{"uv":[1.0,4.875,1.625,5.25],"rotation":0,"texture":"#0","tintindex":0},"north":{"uv":[4.375,4.8125,5.0,5.1875],"rotation":0,"texture":"#0","tintindex":0},"west":{"uv":[0.5,6.0,0.8125,6.375],"rotation":0,"texture":"#0","tintindex":0},"up":{"uv":[2.625,5.5,2.0,5.1875],"rotation":0,"texture":"#0","tintindex":0},"down":{"uv":[4.125,5.1875,3.5,5.5],"rotation":0,"texture":"#0","tintindex":0}}},{"from":[5.3267517,7.481436,6.1330686],"to":[5.6835337,9.628239,9.346993],"rotation":{"angle":-22.5,"axis":"x","origin":[5.048,8.269123,7.9686027]},"faces":{"east":{"uv":[6.375,0.3125,6.75,0.5625],"rotation":0,"texture":"#0","tintindex":0},"south":{"uv":[0.3125,7.8125,0.375,8.0625],"rotation":0,"texture":"#0","tintindex":0},"north":{"uv":[7.8125,0.1875,7.875,0.4375],"rotation":0,"texture":"#0","tintindex":0},"west":{"uv":[6.375,0.875,6.75,1.125],"rotation":0,"texture":"#0","tintindex":0},"up":{"uv":[0.3125,7.875,0.25,7.5],"rotation":0,"texture":"#0","tintindex":0},"down":{"uv":[0.5625,7.5,0.5,7.875],"rotation":0,"texture":"#0","tintindex":0}}},{"from":[9.555324,7.481436,6.1330686],"to":[9.912106,9.628239,9.346993],"rotation":{"angle":-22.5,"axis":"x","origin":[10.190857,8.269123,7.9686027]},"faces":{"east":{"uv":[6.375,1.125,6.75,1.375],"rotation":0,"texture":"#0","tintindex":0},"south":{"uv":[0.9375,7.8125,1.0,8.0625],"rotation":0,"texture":"#0","tintindex":0},"north":{"uv":[0.875,7.8125,0.9375,8.0625],"rotation":0,"texture":"#0","tintindex":0},"west":{"uv":[6.375,3.375,6.75,3.625],"rotation":0,"texture":"#0","tintindex":0},"up":{"uv":[4.0625,7.875,4.0,7.5],"rotation":0,"texture":"#0","tintindex":0},"down":{"uv":[5.125,7.5,5.0625,7.875],"rotation":0,"texture":"#0","tintindex":0}}},{"from":[4.87018,7.596293,7.73364],"to":[10.368677,8.599095,9.803565],"rotation":{"angle":0.0,"axis":"y","origin":[9.643118,3.9413805,6.3686023]},"faces":{"east":{"uv":[7.375,6.125,7.625,6.25],"rotation":0,"texture":"#0","tintindex":0},"south":{"uv":[6.4375,2.0,7.0625,2.125],"rotation":0,"texture":"#0","tintindex":0},"north":{"uv":[6.4375,1.875,7.0625,2.0],"rotation":0,"texture":"#0","tintindex":0},"west":{"uv":[7.4375,3.75,7.6875,3.875],"rotation":0,"texture":"#0","tintindex":0},"up":{"uv":[6.125,1.875,5.5,1.625],"rotation":0,"texture":"#0","tintindex":0},"down":{"uv":[6.125,1.875,5.5,2.125],"rotation":0,"texture":"#0","tintindex":0}}},{"from":[6.0195065,8.118533,8.384109],"to":[9.219351,11.849655,8.958011],"rotation":{"angle":0.0,"axis":"y","origin":[9.642547,3.9413805,6.3686023]},"faces":{"east":{"uv":[6.6875,7.3125,6.75,7.75],"rotation":0,"texture":"#0","tintindex":0},"south":{"uv":[4.9375,5.4375,5.3125,5.875],"rotation":0,"texture":"#0","tintindex":0},"north":{"uv":[5.4375,2.4375,5.8125,2.875],"rotation":0,"texture":"#0","tintindex":0},"west":{"uv":[2.3125,7.375,2.375,7.8125],"rotation":0,"texture":"#0","tintindex":0},"up":{"uv":[6.75,0.625,6.375,0.5625],"rotation":0,"texture":"#0","tintindex":0},"down":{"uv":[7.8125,0.1875,7.4375,0.25],"rotation":0,"texture":"#0","tintindex":0}}},{"from":[5.638935,7.7343454,7.0612426],"to":[9.599922,9.016682,8.539382],"rotation":{"angle":0.0,"axis":"y","origin":[8.957518,3.9413805,6.3686023]},"faces":{"east":{"uv":[3.4375,1.625,3.625,1.75],"rotation":0,"texture":"#0","tintindex":0},"south":{"uv":[7.0,2.875,7.4375,3.0],"rotation":0,"texture":"#0","tintindex":0},"north":{"uv":[7.0,2.125,7.4375,2.25],"rotation":0,"texture":"#0","tintindex":0},"west":{"uv":[4.9375,1.625,5.125,1.75],"rotation":0,"texture":"#0","tintindex":0},"up":{"uv":[1.6875,3.875,1.25,3.6875],"rotation":0,"texture":"#0","tintindex":0},"down":{"uv":[6.8125,4.125,6.375,4.3125],"rotation":0,"texture":"#0","tintindex":0}}},{"from":[5.6313233,7.6892486,7.510317],"to":[9.607533,8.948179,8.47088],"rotation":{"angle":0.0,"axis":"y","origin":[8.957518,3.9413805,6.3686023]},"faces":{"east":{"uv":[6.0,1.5,6.125,1.625],"rotation":0,"texture":"#0","tintindex":0},"south":{"uv":[7.0,3.3125,7.4375,3.4375],"rotation":0,"texture":"#0","tintindex":0},"north":{"uv":[7.0,3.0,7.4375,3.125],"rotation":0,"texture":"#0","tintindex":0},"west":{"uv":[2.75,6.6875,2.875,6.8125],"rotation":0,"texture":"#0","tintindex":0},"up":{"uv":[7.4375,3.5625,7.0,3.4375],"rotation":0,"texture":"#0","tintindex":0},"down":{"uv":[7.4375,3.5625,7.0,3.6875],"rotation":0,"texture":"#0","tintindex":0}}},{"from":[5.9287777,11.75008,4.6082706],"to":[9.31008,12.840342,7.22234],"rotation":{"angle":-22.5,"axis":"x","origin":[7.276914,11.94341,5.915305]},"faces":{"east":{"uv":[3.75,7.25,4.0625,7.375],"rotation":0,"texture":"#0","tintindex":0},"south":{"uv":[7.0625,0.0,7.4375,0.125],"rotation":0,"texture":"#0","tintindex":0},"north":{"uv":[7.0,3.9375,7.375,4.0625],"rotation":0,"texture":"#0","tintindex":0},"west":{"uv":[7.25,4.3125,7.5625,4.4375],"rotation":0,"texture":"#0","tintindex":0},"up":{"uv":[4.5625,3.875,4.1875,3.5625],"rotation":0,"texture":"#0","tintindex":0},"down":{"uv":[6.25,0.0,5.875,0.3125],"rotation":0,"texture":"#0","tintindex":0}}},{"from":[6.0031414,12.05233,6.2436624],"to":[9.235716,13.450549,8.202616],"rotation":{"angle":22.5,"axis":"x","origin":[7.2388573,11.94341,5.915305]},"faces":{"east":{"uv":[7.0625,0.625,7.3125,0.8125],"rotation":0,"texture":"#0","tintindex":0},"south":{"uv":[6.6875,2.25,7.0625,2.4375],"rotation":0,"texture":"#0","tintindex":0},"north":{"uv":[6.625,5.3125,7.0,5.5],"rotation":0,"texture":"#0","tintindex":0},"west":{"uv":[7.0625,1.375,7.3125,1.5625],"rotation":0,"texture":"#0","tintindex":0},"up":{"uv":[6.75,3.875,6.375,3.625],"rotation":0,"texture":"#0","tintindex":0},"down":{"uv":[6.75,3.875,6.375,4.125],"rotation":0,"texture":"#0","tintindex":0}}},{"from":[6.15537,11.73728,7.8994784],"to":[9.083487,12.94293,8.632611],"rotation":{"angle":45.0,"axis":"x","origin":[8.152228,11.9914255,7.5071096]},"faces":{"east":{"uv":[6.3125,7.5625,6.4375,7.75],"rotation":0,"texture":"#0","tintindex":0},"south":{"uv":[6.6875,2.4375,7.0625,2.625],"rotation":0,"texture":"#0","tintindex":0},"north":{"uv":[2.375,6.6875,2.75,6.875],"rotation":0,"texture":"#0","tintindex":0},"west":{"uv":[7.0,7.5625,7.125,7.75],"rotation":0,"texture":"#0","tintindex":0},"up":{"uv":[7.4375,0.25,7.0625,0.125],"rotation":0,"texture":"#0","tintindex":0},"down":{"uv":[7.4375,1.875,7.0625,2.0],"rotation":0,"texture":"#0","tintindex":0}}}],"display":{"head":{"translation":[0.0,-6.4,0.0],"scale":[4.0,4.0,4.0]}}}