{"textures":{"0":"modelengine:entity/rpg_skeleton"},"elements":[{"from":[6.487356,7.584012,4.8571424],"to":[9.3445,8.72687,7.142857],"rotation":{"angle":0.0,"axis":"y","origin":[8.201642,-7.2731323,10.571428]},"faces":{"east":{"uv":[11.5,6.25,12.5,6.75],"rotation":0,"texture":"#0","tintindex":0},"south":{"uv":[11.25,7.5,12.5,8.0],"rotation":0,"texture":"#0","tintindex":0},"north":{"uv":[10.25,6.25,11.5,6.75],"rotation":0,"texture":"#0","tintindex":0},"west":{"uv":[11.75,0.75,12.75,1.25],"rotation":0,"texture":"#0","tintindex":0},"up":{"uv":[11.25,5.75,10.0,4.75],"rotation":0,"texture":"#0","tintindex":0},"down":{"uv":[8.75,10.0,7.5,11.0],"rotation":0,"texture":"#0","tintindex":0}}},{"from":[5.915928,8.72687,4.8571424],"to":[9.915928,11.012584,8.857143],"rotation":{"angle":0.0,"axis":"y","origin":[8.201642,-7.2731323,10.571428]},"faces":{"east":{"uv":[8.0,0.0,9.75,1.0],"rotation":0,"texture":"#0","tintindex":0},"south":{"uv":[2.0,8.0,3.75,9.0],"rotation":0,"texture":"#0","tintindex":0},"north":{"uv":[4.25,7.75,6.0,8.75],"rotation":0,"texture":"#0","tintindex":0},"west":{"uv":[8.25,2.75,10.0,3.75],"rotation":0,"texture":"#0","tintindex":0},"up":{"uv":[6.25,3.5,4.5,1.75],"rotation":0,"texture":"#0","tintindex":0},"down":{"uv":[6.5,3.5,4.75,5.25],"rotation":0,"texture":"#0","tintindex":0}}},{"from":[6.201642,8.72687,5.142857],"to":[9.630214,9.869726,5.142857],"rotation":{"angle":0.0,"axis":"y","origin":[8.201642,-7.2731323,10.571428]},"faces":{"east":{"uv":[8.0,0.0,8.0,0.25],"rotation":0,"texture":"#0","tintindex":0},"south":{"uv":[13.25,9.75,14.75,10.5],"rotation":0,"texture":"#0","tintindex":0},"north":{"uv":[14.75,9.75,13.25,10.5],"rotation":0,"texture":"#0","tintindex":0},"west":{"uv":[8.25,2.75,8.25,3.0],"rotation":0,"texture":"#0","tintindex":0},"up":{"uv":[5.75,1.75,4.5,1.75],"rotation":0,"texture":"#0","tintindex":0},"down":{"uv":[6.0,3.5,4.75,3.5],"rotation":0,"texture":"#0","tintindex":0}}},{"from":[5.6302137,9.584012,4.5714283],"to":[10.201642,11.298298,9.142858],"rotation":{"angle":0.0,"axis":"y","origin":[7.915928,10.155441,5.142857]},"faces":{"east":{"uv":[7.0,9.25,9.0,10.0],"rotation":0,"texture":"#0","tintindex":0},"south":{"uv":[9.0,9.25,11.0,10.0],"rotation":0,"texture":"#0","tintindex":0},"north":{"uv":[8.0,1.0,10.0,1.75],"rotation":0,"texture":"#0","tintindex":0},"west":{"uv":[9.0,9.25,7.0,10.0],"rotation":0,"texture":"#0","tintindex":0},"up":{"uv":[4.5,2.0,2.5,0.0],"rotation":0,"texture":"#0","tintindex":0},"down":{"uv":[4.5,2.0,2.5,4.0],"rotation":0,"texture":"#0","tintindex":0}}},{"from":[5.6302137,7.8697267,6.857143],"to":[10.201642,9.584012,9.142858],"rotation":{"angle":0.0,"axis":"y","origin":[7.915928,10.155441,5.142857]},"faces":{"east":{"uv":[11.0,3.25,12.0,4.0],"rotation":0,"texture":"#0","tintindex":0},"south":{"uv":[10.0,2.5,12.0,3.25],"rotation":0,"texture":"#0","tintindex":0},"north":{"uv":[9.75,6.75,11.75,7.5],"rotation":0,"texture":"#0","tintindex":0},"west":{"uv":[12.0,3.25,11.0,4.0],"rotation":0,"texture":"#0","tintindex":0},"up":{"uv":[9.5,2.75,7.5,1.75],"rotation":0,"texture":"#0","tintindex":0},"down":{"uv":[2.0,8.0,0.0,9.0],"rotation":0,"texture":"#0","tintindex":0}}},{"from":[7.344499,8.441155,4.285714],"to":[8.487356,10.155441,5.428571],"rotation":{"angle":0.0,"axis":"y","origin":[7.915928,8.441155,5.428571]},"faces":{"east":{"uv":[3.75,8.0,4.25,8.75],"rotation":0,"texture":"#0","tintindex":0},"south":{"uv":[9.5,11.75,10.0,12.5],"rotation":0,"texture":"#0","tintindex":0},"north":{"uv":[4.25,5.75,4.75,6.5],"rotation":0,"texture":"#0","tintindex":0},"west":{"uv":[12.0,2.75,12.5,3.5],"rotation":0,"texture":"#0","tintindex":0},"up":{"uv":[7.0,5.25,6.5,4.75],"rotation":0,"texture":"#0","tintindex":0},"down":{"uv":[8.25,12.0,7.75,12.5],"rotation":0,"texture":"#0","tintindex":0}}},{"from":[10.592806,6.3934455,4.5590725],"to":[10.592806,9.822017,6.8447866],"rotation":{"angle":22.5,"axis":"z","origin":[10.857143,8.0,6.857143]},"faces":{"east":{"uv":[5.0,8.75,6.0,10.25],"rotation":0,"texture":"#0","tintindex":0},"south":{"uv":[0.0,0.0,0.0,1.5],"rotation":0,"texture":"#0","tintindex":0},"north":{"uv":[0.0,0.0,0.0,1.5],"rotation":0,"texture":"#0","tintindex":0},"west":{"uv":[6.0,8.75,5.0,10.25],"rotation":0,"texture":"#0","tintindex":0},"up":{"uv":[0.0,1.0,0.0,0.0],"rotation":0,"texture":"#0","tintindex":0},"down":{"uv":[0.0,0.0,0.0,1.0],"rotation":0,"texture":"#0","tintindex":0}}},{"from":[5.284294,6.1719713,4.53436],"to":[5.284294,9.600543,6.8200746],"rotation":{"angle":-22.5,"axis":"z","origin":[5.546141,8.0,6.857143]},"faces":{"east":{"uv":[5.0,8.75,6.0,10.25],"rotation":0,"texture":"#0","tintindex":0},"south":{"uv":[0.0,0.0,0.0,1.5],"rotation":0,"texture":"#0","tintindex":0},"north":{"uv":[0.0,0.0,0.0,1.5],"rotation":0,"texture":"#0","tintindex":0},"west":{"uv":[6.0,8.75,5.0,10.25],"rotation":0,"texture":"#0","tintindex":0},"up":{"uv":[0.0,1.0,0.0,0.0],"rotation":0,"texture":"#0","tintindex":0},"down":{"uv":[0.0,0.0,0.0,1.0],"rotation":0,"texture":"#0","tintindex":0}}}],"display":{"head":{"translation":[0.0,-6.4,0.0],"scale":[4.0,4.0,4.0]}}}