{"textures":{"0":"modelengine:entity/rpg_skeleton"},"elements":[{"from":[6.285714,5.714286,5.142857],"to":[9.142858,6.857143,5.142857],"rotation":{"angle":0.0,"axis":"y","origin":[8.0,-8.0,10.857143]},"faces":{"east":{"uv":[0.0,0.0,0.0,0.5],"rotation":0,"texture":"#0","tintindex":0},"south":{"uv":[12.5,8.0,11.25,8.5],"rotation":0,"texture":"#0","tintindex":0},"north":{"uv":[11.25,8.0,12.5,8.5],"rotation":0,"texture":"#0","tintindex":0},"west":{"uv":[0.0,0.0,0.0,0.5],"rotation":0,"texture":"#0","tintindex":0},"up":{"uv":[1.25,0.0,0.0,0.0],"rotation":0,"texture":"#0","tintindex":0},"down":{"uv":[1.25,0.0,0.0,0.0],"rotation":0,"texture":"#0","tintindex":0}}},{"from":[9.142858,5.714286,5.142857],"to":[9.142858,8.0,8.0],"rotation":{"angle":0.0,"axis":"y","origin":[8.0,-8.0,10.857143]},"faces":{"east":{"uv":[10.0,7.5,11.25,8.5],"rotation":0,"texture":"#0","tintindex":0},"south":{"uv":[0.0,0.0,0.0,1.0],"rotation":0,"texture":"#0","tintindex":0},"north":{"uv":[0.0,0.0,0.0,1.0],"rotation":0,"texture":"#0","tintindex":0},"west":{"uv":[11.25,7.5,10.0,8.5],"rotation":0,"texture":"#0","tintindex":0},"up":{"uv":[0.0,1.25,0.0,0.0],"rotation":0,"texture":"#0","tintindex":0},"down":{"uv":[0.0,0.0,0.0,1.25],"rotation":0,"texture":"#0","tintindex":0}}},{"from":[6.285714,5.714286,5.142857],"to":[6.285714,8.0,8.0],"rotation":{"angle":0.0,"axis":"y","origin":[8.0,-8.0,10.857143]},"faces":{"east":{"uv":[10.0,7.5,11.25,8.5],"rotation":0,"texture":"#0","tintindex":0},"south":{"uv":[0.0,0.0,0.0,1.0],"rotation":0,"texture":"#0","tintindex":0},"north":{"uv":[0.0,0.0,0.0,1.0],"rotation":0,"texture":"#0","tintindex":0},"west":{"uv":[11.25,7.5,10.0,8.5],"rotation":0,"texture":"#0","tintindex":0},"up":{"uv":[0.0,1.25,0.0,0.0],"rotation":0,"texture":"#0","tintindex":0},"down":{"uv":[0.0,0.0,0.0,1.25],"rotation":0,"texture":"#0","tintindex":0}}}],"display":{"head":{"translation":[0.0,-6.4,0.0],"scale":[4.0,4.0,4.0]}}}