{"textures":{"0":"modelengine:entity/rpg_skeleton"},"elements":[{"from":[6.857143,4.5714283,5.714286],"to":[8.571428,8.0,8.0],"rotation":{"angle":0.0,"axis":"y","origin":[7.428571,6.285714,6.285714]},"faces":{"east":{"uv":[4.75,10.0,3.75,11.5],"rotation":0,"texture":"#0","tintindex":0},"south":{"uv":[11.75,0.0,11.0,1.5],"rotation":0,"texture":"#0","tintindex":0},"north":{"uv":[5.5,10.25,4.75,11.75],"rotation":0,"texture":"#0","tintindex":0},"west":{"uv":[11.0,3.25,10.0,4.75],"rotation":0,"texture":"#0","tintindex":0},"up":{"uv":[7.5,12.0,8.25,11.0],"rotation":0,"texture":"#0","tintindex":0},"down":{"uv":[8.25,11.0,9.0,12.0],"rotation":0,"texture":"#0","tintindex":0}}},{"from":[7.469674,3.2063112,5.714286],"to":[9.18396,4.920597,8.0],"rotation":{"angle":22.5,"axis":"z","origin":[8.041102,3.2063112,6.285714]},"faces":{"east":{"uv":[12.0,9.0,11.0,9.75],"rotation":0,"texture":"#0","tintindex":0},"south":{"uv":[2.5,11.5,1.75,12.25],"rotation":0,"texture":"#0","tintindex":0},"north":{"uv":[12.25,1.5,11.5,2.25],"rotation":0,"texture":"#0","tintindex":0},"west":{"uv":[10.0,11.0,9.0,11.75],"rotation":0,"texture":"#0","tintindex":0},"up":{"uv":[10.0,12.0,10.75,11.0],"rotation":0,"texture":"#0","tintindex":0},"down":{"uv":[10.75,11.0,11.5,12.0],"rotation":0,"texture":"#0","tintindex":0}}},{"from":[8.612532,3.7777395,5.142857],"to":[9.755388,4.920597,7.428571],"rotation":{"angle":22.5,"axis":"z","origin":[8.041102,3.2063112,6.285714]},"faces":{"east":{"uv":[6.5,11.75,5.5,12.25],"rotation":0,"texture":"#0","tintindex":0},"south":{"uv":[12.5,9.0,12.0,9.5],"rotation":0,"texture":"#0","tintindex":0},"north":{"uv":[8.75,12.0,8.25,12.5],"rotation":0,"texture":"#0","tintindex":0},"west":{"uv":[5.5,11.75,4.5,12.25],"rotation":0,"texture":"#0","tintindex":0},"up":{"uv":[3.25,12.75,3.75,11.75],"rotation":0,"texture":"#0","tintindex":0},"down":{"uv":[6.5,11.75,7.0,12.75],"rotation":0,"texture":"#0","tintindex":0}}},{"from":[6.5714283,4.0,4.285714],"to":[7.142857,9.714286,10.0],"rotation":{"angle":0.0,"axis":"y","origin":[14.571428,-0.57142925,9.428572]},"faces":{"east":{"uv":[2.5,2.5,0.0,5.0],"rotation":0,"texture":"#0","tintindex":0},"south":{"uv":[1.25,11.25,1.0,13.75],"rotation":0,"texture":"#0","tintindex":0},"north":{"uv":[1.0,11.25,0.75,13.75],"rotation":0,"texture":"#0","tintindex":0},"west":{"uv":[2.5,0.0,0.0,2.5],"rotation":0,"texture":"#0","tintindex":0},"up":{"uv":[1.25,14.0,1.5,11.5],"rotation":0,"texture":"#0","tintindex":0},"down":{"uv":[1.5,11.5,1.75,14.0],"rotation":0,"texture":"#0","tintindex":0}}}],"display":{"head":{"translation":[0.0,-6.4,0.0],"scale":[4.0,4.0,4.0]}}}