{"textures":{"0":"modelengine:entity/rpg_skeleton"},"elements":[{"from":[6.857143,4.0,6.857143],"to":[9.142858,8.0,9.714286],"rotation":{"angle":0.0,"axis":"y","origin":[10.285714,4.0,10.857143]},"faces":{"east":{"uv":[8.5,6.5,7.25,8.25],"rotation":0,"texture":"#0","tintindex":0},"south":{"uv":[7.0,8.25,6.0,10.0],"rotation":0,"texture":"#0","tintindex":0},"north":{"uv":[2.25,6.25,1.25,8.0],"rotation":0,"texture":"#0","tintindex":0},"west":{"uv":[8.25,4.75,7.0,6.5],"rotation":0,"texture":"#0","tintindex":0},"up":{"uv":[1.25,11.5,2.25,10.25],"rotation":0,"texture":"#0","tintindex":0},"down":{"uv":[2.25,10.25,3.25,11.5],"rotation":0,"texture":"#0","tintindex":0}}},{"from":[6.857143,4.0,6.285714],"to":[9.142858,5.142857,6.857143],"rotation":{"angle":0.0,"axis":"y","origin":[10.285714,4.0,8.0]},"faces":{"east":{"uv":[10.0,7.5,9.75,8.0],"rotation":0,"texture":"#0","tintindex":0},"south":{"uv":[12.75,8.5,11.75,9.0],"rotation":0,"texture":"#0","tintindex":0},"north":{"uv":[12.75,6.75,11.75,7.25],"rotation":0,"texture":"#0","tintindex":0},"west":{"uv":[4.75,3.5,4.5,4.0],"rotation":0,"texture":"#0","tintindex":0},"up":{"uv":[10.0,1.75,11.0,1.5],"rotation":0,"texture":"#0","tintindex":0},"down":{"uv":[10.0,9.0,11.0,9.25],"rotation":0,"texture":"#0","tintindex":0}}}],"display":{"head":{"translation":[0.0,-6.4,0.0],"scale":[4.0,4.0,4.0]}}}