{"textures":{"0":"modelengine:entity/rpg_skeleton"},"elements":[{"from":[8.0,4.5714283,7.142857],"to":[8.0,8.571428,8.857143],"rotation":{"angle":0.0,"axis":"y","origin":[9.714286,4.0,10.571428]},"faces":{"east":{"uv":[6.0,10.0,6.75,11.75],"rotation":0,"texture":"#0","tintindex":0},"south":{"uv":[0.0,0.0,0.0,1.75],"rotation":0,"texture":"#0","tintindex":0},"north":{"uv":[0.0,0.0,0.0,1.75],"rotation":0,"texture":"#0","tintindex":0},"west":{"uv":[6.75,10.0,6.0,11.75],"rotation":0,"texture":"#0","tintindex":0},"up":{"uv":[0.0,0.75,0.0,0.0],"rotation":0,"texture":"#0","tintindex":0},"down":{"uv":[0.0,0.0,0.0,0.75],"rotation":0,"texture":"#0","tintindex":0}}}],"display":{"head":{"translation":[0.0,-6.4,0.0],"scale":[4.0,4.0,4.0]}}}