{"textures":{"0":"modelengine:entity/rpg_skeleton"},"elements":[{"from":[7.428571,4.6326914,6.6269636],"to":[9.142858,8.061263,8.912679],"rotation":{"angle":0.0,"axis":"y","origin":[8.571428,6.346977,7.1983924]},"faces":{"east":{"uv":[10.0,3.25,11.0,4.75],"rotation":0,"texture":"#0","tintindex":0},"south":{"uv":[11.0,0.0,11.75,1.5],"rotation":0,"texture":"#0","tintindex":0},"north":{"uv":[4.75,10.25,5.5,11.75],"rotation":0,"texture":"#0","tintindex":0},"west":{"uv":[3.75,10.0,4.75,11.5],"rotation":0,"texture":"#0","tintindex":0},"up":{"uv":[8.25,12.0,7.5,11.0],"rotation":0,"texture":"#0","tintindex":0},"down":{"uv":[9.0,11.0,8.25,12.0],"rotation":0,"texture":"#0","tintindex":0}}},{"from":[6.81604,3.2675743,6.6269636],"to":[8.530326,4.98186,8.912679],"rotation":{"angle":-22.5,"axis":"z","origin":[7.958897,3.2675743,7.1983924]},"faces":{"east":{"uv":[9.0,11.0,10.0,11.75],"rotation":0,"texture":"#0","tintindex":0},"south":{"uv":[1.75,11.5,2.5,12.25],"rotation":0,"texture":"#0","tintindex":0},"north":{"uv":[11.5,1.5,12.25,2.25],"rotation":0,"texture":"#0","tintindex":0},"west":{"uv":[11.0,9.0,12.0,9.75],"rotation":0,"texture":"#0","tintindex":0},"up":{"uv":[10.75,12.0,10.0,11.0],"rotation":0,"texture":"#0","tintindex":0},"down":{"uv":[11.5,11.0,10.75,12.0],"rotation":0,"texture":"#0","tintindex":0}}},{"from":[6.2446113,3.8390026,6.0555353],"to":[7.387469,4.98186,8.341249],"rotation":{"angle":-22.5,"axis":"z","origin":[7.958897,3.2675743,7.1983924]},"faces":{"east":{"uv":[4.5,11.75,5.5,12.25],"rotation":0,"texture":"#0","tintindex":0},"south":{"uv":[12.0,9.0,12.5,9.5],"rotation":0,"texture":"#0","tintindex":0},"north":{"uv":[8.25,12.0,8.75,12.5],"rotation":0,"texture":"#0","tintindex":0},"west":{"uv":[5.5,11.75,6.5,12.25],"rotation":0,"texture":"#0","tintindex":0},"up":{"uv":[3.75,12.75,3.25,11.75],"rotation":0,"texture":"#0","tintindex":0},"down":{"uv":[7.0,11.75,6.5,12.75],"rotation":0,"texture":"#0","tintindex":0}}},{"from":[7.428571,3.918406,6.3412495],"to":[8.0,5.061263,10.341249],"rotation":{"angle":0.0,"axis":"y","origin":[0.0,-0.65302277,10.341249]},"faces":{"east":{"uv":[10.0,8.5,11.75,9.0],"rotation":0,"texture":"#0","tintindex":0},"south":{"uv":[2.25,12.25,2.5,12.75],"rotation":0,"texture":"#0","tintindex":0},"north":{"uv":[2.0,12.25,2.25,12.75],"rotation":0,"texture":"#0","tintindex":0},"west":{"uv":[10.25,5.75,12.0,6.25],"rotation":0,"texture":"#0","tintindex":0},"up":{"uv":[7.25,13.5,7.0,11.75],"rotation":0,"texture":"#0","tintindex":0},"down":{"uv":[7.5,11.75,7.25,13.5],"rotation":0,"texture":"#0","tintindex":0}}},{"from":[7.428571,2.7755485,5.1983924],"to":[8.0,6.20412,6.3412495],"rotation":{"angle":0.0,"axis":"y","origin":[0.0,-0.65302277,10.341249]},"faces":{"east":{"uv":[3.25,10.25,3.75,11.75],"rotation":0,"texture":"#0","tintindex":0},"south":{"uv":[7.5,12.0,7.75,13.5],"rotation":0,"texture":"#0","tintindex":0},"north":{"uv":[12.0,3.5,12.25,5.0],"rotation":0,"texture":"#0","tintindex":0},"west":{"uv":[5.5,10.25,6.0,11.75],"rotation":0,"texture":"#0","tintindex":0},"up":{"uv":[2.75,12.75,2.5,12.25],"rotation":0,"texture":"#0","tintindex":0},"down":{"uv":[3.0,12.25,2.75,12.75],"rotation":0,"texture":"#0","tintindex":0}}},{"from":[7.428571,3.3469772,-1.0873222],"to":[8.0,5.6326914,2.9126782],"rotation":{"angle":0.0,"axis":"y","origin":[0.0,-0.65302277,9.198393]},"faces":{"east":{"uv":[7.0,8.25,8.75,9.25],"rotation":0,"texture":"#0","tintindex":0},"south":{"uv":[8.75,12.0,9.0,13.0],"rotation":0,"texture":"#0","tintindex":0},"north":{"uv":[9.75,0.0,10.0,1.0],"rotation":0,"texture":"#0","tintindex":0},"west":{"uv":[8.5,5.75,10.25,6.75],"rotation":0,"texture":"#0","tintindex":0},"up":{"uv":[9.25,13.5,9.0,11.75],"rotation":0,"texture":"#0","tintindex":0},"down":{"uv":[9.5,11.75,9.25,13.5],"rotation":0,"texture":"#0","tintindex":0}}},{"from":[7.428571,3.3469772,-2.801608],"to":[8.0,4.489835,-1.0873222],"rotation":{"angle":0.0,"axis":"y","origin":[0.0,-0.65302277,9.198393]},"faces":{"east":{"uv":[12.0,5.0,12.75,5.5],"rotation":0,"texture":"#0","tintindex":0},"south":{"uv":[12.25,3.5,12.5,4.0],"rotation":0,"texture":"#0","tintindex":0},"north":{"uv":[3.0,12.25,3.25,12.75],"rotation":0,"texture":"#0","tintindex":0},"west":{"uv":[12.0,5.5,12.75,6.0],"rotation":0,"texture":"#0","tintindex":0},"up":{"uv":[2.5,5.75,2.25,5.0],"rotation":0,"texture":"#0","tintindex":0},"down":{"uv":[8.5,5.75,8.25,6.5],"rotation":0,"texture":"#0","tintindex":0}}},{"from":[7.428571,3.918406,2.9126782],"to":[8.0,5.6326914,3.4841065],"rotation":{"angle":0.0,"axis":"y","origin":[0.0,-0.65302277,11.484107]},"faces":{"east":{"uv":[10.5,12.0,10.75,12.75],"rotation":0,"texture":"#0","tintindex":0},"south":{"uv":[10.75,12.0,11.0,12.75],"rotation":0,"texture":"#0","tintindex":0},"north":{"uv":[12.0,10.25,12.25,11.0],"rotation":0,"texture":"#0","tintindex":0},"west":{"uv":[11.0,12.0,11.25,12.75],"rotation":0,"texture":"#0","tintindex":0},"up":{"uv":[8.75,8.25,8.5,8.0],"rotation":0,"texture":"#0","tintindex":0},"down":{"uv":[9.75,2.5,9.5,2.75],"rotation":0,"texture":"#0","tintindex":0}}},{"from":[7.428571,3.3469772,3.4841065],"to":[8.0,5.6326914,5.1983924],"rotation":{"angle":0.0,"axis":"y","origin":[0.0,-0.65302277,11.484107]},"faces":{"east":{"uv":[0.0,11.25,0.75,12.25],"rotation":0,"texture":"#0","tintindex":0},"south":{"uv":[10.25,12.0,10.5,13.0],"rotation":0,"texture":"#0","tintindex":0},"north":{"uv":[10.0,12.0,10.25,13.0],"rotation":0,"texture":"#0","tintindex":0},"west":{"uv":[11.25,4.75,12.0,5.75],"rotation":0,"texture":"#0","tintindex":0},"up":{"uv":[11.5,12.75,11.25,12.0],"rotation":0,"texture":"#0","tintindex":0},"down":{"uv":[0.25,12.25,0.0,13.0],"rotation":0,"texture":"#0","tintindex":0}}}],"display":{"head":{"translation":[0.0,-6.4,0.0],"scale":[4.0,4.0,4.0]}}}