{"textures":{"0":"modelengine:entity/rpg_skeleton"},"elements":[{"from":[6.857143,4.0,6.857143],"to":[9.142858,8.0,9.714286],"rotation":{"angle":0.0,"axis":"y","origin":[5.714286,4.0,10.857143]},"faces":{"east":{"uv":[7.0,4.75,8.25,6.5],"rotation":0,"texture":"#0","tintindex":0},"south":{"uv":[6.0,8.25,7.0,10.0],"rotation":0,"texture":"#0","tintindex":0},"north":{"uv":[1.25,6.25,2.25,8.0],"rotation":0,"texture":"#0","tintindex":0},"west":{"uv":[7.25,6.5,8.5,8.25],"rotation":0,"texture":"#0","tintindex":0},"up":{"uv":[2.25,11.5,1.25,10.25],"rotation":0,"texture":"#0","tintindex":0},"down":{"uv":[3.25,10.25,2.25,11.5],"rotation":0,"texture":"#0","tintindex":0}}},{"from":[6.857143,4.0,6.285714],"to":[9.142858,5.142857,6.857143],"rotation":{"angle":0.0,"axis":"y","origin":[5.714286,4.0,8.0]},"faces":{"east":{"uv":[4.5,3.5,4.75,4.0],"rotation":0,"texture":"#0","tintindex":0},"south":{"uv":[11.75,8.5,12.75,9.0],"rotation":0,"texture":"#0","tintindex":0},"north":{"uv":[11.75,6.75,12.75,7.25],"rotation":0,"texture":"#0","tintindex":0},"west":{"uv":[9.75,7.5,10.0,8.0],"rotation":0,"texture":"#0","tintindex":0},"up":{"uv":[11.0,1.75,10.0,1.5],"rotation":0,"texture":"#0","tintindex":0},"down":{"uv":[11.0,9.0,10.0,9.25],"rotation":0,"texture":"#0","tintindex":0}}}],"display":{"head":{"translation":[0.0,-6.4,0.0],"scale":[4.0,4.0,4.0]}}}