{"textures":{"0":"modelengine:entity/dungeon_medium_lootchest"},"elements":[{"from":[10.758928,4.737866,2.5382547],"to":[12.484643,6.452152,3.6811123],"rotation":{"angle":45.0,"axis":"x","origin":[8.0,8.0,8.0]},"faces":{"east":{"uv":[10.5,12.0,11.0,12.75],"rotation":0,"texture":"#0","tintindex":0},"south":{"uv":[0.75,12.0,1.5,12.75],"rotation":0,"texture":"#0","tintindex":0},"north":{"uv":[0.0,12.0,0.75,12.75],"rotation":0,"texture":"#0","tintindex":0},"west":{"uv":[11.75,12.0,12.25,12.75],"rotation":0,"texture":"#0","tintindex":0},"up":{"uv":[7.0,12.75,6.25,12.25],"rotation":0,"texture":"#0","tintindex":0},"down":{"uv":[13.0,12.0,12.25,12.5],"rotation":0,"texture":"#0","tintindex":0}}},{"from":[10.758928,8.412502,1.831286],"to":[12.473215,9.55536,2.974143],"rotation":{"angle":0.0,"axis":"y","origin":[8.0,8.0,8.0]},"faces":{"east":{"uv":[6.5,12.75,7.0,13.25],"rotation":0,"texture":"#0","tintindex":0},"south":{"uv":[8.25,12.0,9.0,12.5],"rotation":0,"texture":"#0","tintindex":0},"north":{"uv":[7.5,12.0,8.25,12.5],"rotation":0,"texture":"#0","tintindex":0},"west":{"uv":[12.75,9.25,13.25,9.75],"rotation":0,"texture":"#0","tintindex":0},"up":{"uv":[9.75,12.5,9.0,12.0],"rotation":0,"texture":"#0","tintindex":0},"down":{"uv":[10.5,12.0,9.75,12.5],"rotation":0,"texture":"#0","tintindex":0}}},{"from":[3.9017854,8.103714,2.3796396],"to":[11.901786,9.246571,3.5224972],"rotation":{"angle":0.0,"axis":"y","origin":[8.0,8.0,8.0]},"faces":{"east":{"uv":[3.0,13.0,3.5,13.5],"rotation":0,"texture":"#0","tintindex":0},"south":{"uv":[11.5,1.0,15.0,1.5],"rotation":0,"texture":"#0","tintindex":0},"north":{"uv":[11.5,0.5,15.0,1.0],"rotation":0,"texture":"#0","tintindex":0},"west":{"uv":[3.5,13.0,4.0,13.5],"rotation":0,"texture":"#0","tintindex":0},"up":{"uv":[15.0,2.0,11.5,1.5],"rotation":0,"texture":"#0","tintindex":0},"down":{"uv":[15.0,2.0,11.5,2.5],"rotation":0,"texture":"#0","tintindex":0}}},{"from":[3.9017854,11.141368,4.9072638],"to":[11.901786,12.855654,6.250121],"rotation":{"angle":-45.0,"axis":"x","origin":[8.0,8.0,8.0]},"faces":{"east":{"uv":[2.0,12.75,2.5,13.5],"rotation":0,"texture":"#0","tintindex":0},"south":{"uv":[3.5,9.5,7.0,10.25],"rotation":0,"texture":"#0","tintindex":0},"north":{"uv":[0.0,9.5,3.5,10.25],"rotation":0,"texture":"#0","tintindex":0},"west":{"uv":[2.5,12.75,3.0,13.5],"rotation":0,"texture":"#0","tintindex":0},"up":{"uv":[3.5,11.5,0.0,11.0],"rotation":0,"texture":"#0","tintindex":0},"down":{"uv":[15.0,0.0,11.5,0.5],"rotation":0,"texture":"#0","tintindex":0}}},{"from":[3.6160712,8.412502,1.831286],"to":[5.330357,9.55536,2.974143],"rotation":{"angle":0.0,"axis":"y","origin":[8.0,8.0,8.0]},"faces":{"east":{"uv":[13.25,9.25,12.75,9.75],"rotation":0,"texture":"#0","tintindex":0},"south":{"uv":[9.0,12.0,8.25,12.5],"rotation":0,"texture":"#0","tintindex":0},"north":{"uv":[8.25,12.0,7.5,12.5],"rotation":0,"texture":"#0","tintindex":0},"west":{"uv":[7.0,12.75,6.5,13.25],"rotation":0,"texture":"#0","tintindex":0},"up":{"uv":[9.0,12.5,9.75,12.0],"rotation":0,"texture":"#0","tintindex":0},"down":{"uv":[9.75,12.0,10.5,12.5],"rotation":0,"texture":"#0","tintindex":0}}},{"from":[3.6160712,9.624685,3.043469],"to":[5.330357,10.767543,6.6720405],"rotation":{"angle":0.0,"axis":"y","origin":[8.0,8.0,8.0]},"faces":{"east":{"uv":[13.0,10.5,11.5,11.0],"rotation":0,"texture":"#0","tintindex":0},"south":{"uv":[8.5,12.5,7.75,13.0],"rotation":0,"texture":"#0","tintindex":0},"north":{"uv":[7.75,12.5,7.0,13.0],"rotation":0,"texture":"#0","tintindex":0},"west":{"uv":[11.0,11.5,9.5,12.0],"rotation":0,"texture":"#0","tintindex":0},"up":{"uv":[4.0,13.0,4.75,11.5],"rotation":0,"texture":"#0","tintindex":0},"down":{"uv":[4.75,11.5,5.5,13.0],"rotation":0,"texture":"#0","tintindex":0}}},{"from":[10.758928,9.624685,3.043469],"to":[12.473215,10.767543,6.6720405],"rotation":{"angle":0.0,"axis":"y","origin":[8.0,8.0,8.0]},"faces":{"east":{"uv":[9.5,11.5,11.0,12.0],"rotation":0,"texture":"#0","tintindex":0},"south":{"uv":[7.75,12.5,8.5,13.0],"rotation":0,"texture":"#0","tintindex":0},"north":{"uv":[7.0,12.5,7.75,13.0],"rotation":0,"texture":"#0","tintindex":0},"west":{"uv":[11.5,10.5,13.0,11.0],"rotation":0,"texture":"#0","tintindex":0},"up":{"uv":[4.75,13.0,4.0,11.5],"rotation":0,"texture":"#0","tintindex":0},"down":{"uv":[5.5,11.5,4.75,13.0],"rotation":0,"texture":"#0","tintindex":0}}},{"from":[10.758928,9.181672,7.875082],"to":[12.484643,10.895958,9.01794],"rotation":{"angle":-45.0,"axis":"x","origin":[8.0,8.0,8.0]},"faces":{"east":{"uv":[10.0,12.5,10.5,13.25],"rotation":0,"texture":"#0","tintindex":0},"south":{"uv":[2.25,12.0,3.0,12.75],"rotation":0,"texture":"#0","tintindex":0},"north":{"uv":[1.5,12.0,2.25,12.75],"rotation":0,"texture":"#0","tintindex":0},"west":{"uv":[0.0,12.75,0.5,13.5],"rotation":0,"texture":"#0","tintindex":0},"up":{"uv":[1.25,13.25,0.5,12.75],"rotation":0,"texture":"#0","tintindex":0},"down":{"uv":[2.0,12.75,1.25,13.25],"rotation":0,"texture":"#0","tintindex":0}}},{"from":[3.6046429,4.737866,2.5382547],"to":[5.330357,6.452152,3.6811123],"rotation":{"angle":45.0,"axis":"x","origin":[8.089286,8.0,8.0]},"faces":{"east":{"uv":[12.25,12.0,11.75,12.75],"rotation":0,"texture":"#0","tintindex":0},"south":{"uv":[1.5,12.0,0.75,12.75],"rotation":0,"texture":"#0","tintindex":0},"north":{"uv":[0.75,12.0,0.0,12.75],"rotation":0,"texture":"#0","tintindex":0},"west":{"uv":[11.0,12.0,10.5,12.75],"rotation":0,"texture":"#0","tintindex":0},"up":{"uv":[6.25,12.75,7.0,12.25],"rotation":0,"texture":"#0","tintindex":0},"down":{"uv":[12.25,12.0,13.0,12.5],"rotation":0,"texture":"#0","tintindex":0}}},{"from":[3.6046429,9.181672,7.875082],"to":[5.330357,10.895958,9.01794],"rotation":{"angle":-45.0,"axis":"x","origin":[8.089286,8.0,8.0]},"faces":{"east":{"uv":[0.5,12.75,0.0,13.5],"rotation":0,"texture":"#0","tintindex":0},"south":{"uv":[3.0,12.0,2.25,12.75],"rotation":0,"texture":"#0","tintindex":0},"north":{"uv":[2.25,12.0,1.5,12.75],"rotation":0,"texture":"#0","tintindex":0},"west":{"uv":[10.5,12.5,10.0,13.25],"rotation":0,"texture":"#0","tintindex":0},"up":{"uv":[0.5,13.25,1.25,12.75],"rotation":0,"texture":"#0","tintindex":0},"down":{"uv":[1.25,12.75,2.0,13.25],"rotation":0,"texture":"#0","tintindex":0}}},{"from":[10.758928,8.412502,6.7413664],"to":[12.473215,9.55536,7.8842235],"rotation":{"angle":0.0,"axis":"y","origin":[8.0,8.0,8.0]},"faces":{"east":{"uv":[10.5,12.75,11.0,13.25],"rotation":0,"texture":"#0","tintindex":0},"south":{"uv":[9.25,12.5,10.0,13.0],"rotation":0,"texture":"#0","tintindex":0},"north":{"uv":[8.5,12.5,9.25,13.0],"rotation":0,"texture":"#0","tintindex":0},"west":{"uv":[11.75,12.75,12.25,13.25],"rotation":0,"texture":"#0","tintindex":0},"up":{"uv":[11.75,13.0,11.0,12.5],"rotation":0,"texture":"#0","tintindex":0},"down":{"uv":[13.0,12.5,12.25,13.0],"rotation":0,"texture":"#0","tintindex":0}}},{"from":[3.9017854,8.481829,3.329183],"to":[11.901786,10.196115,6.3863263],"rotation":{"angle":0.0,"axis":"y","origin":[8.0,8.0,8.0]},"faces":{"east":{"uv":[11.5,8.25,12.75,9.0],"rotation":0,"texture":"#0","tintindex":0},"south":{"uv":[8.0,9.0,11.5,9.75],"rotation":0,"texture":"#0","tintindex":0},"north":{"uv":[8.0,8.25,11.5,9.0],"rotation":0,"texture":"#0","tintindex":0},"west":{"uv":[11.5,9.0,12.75,9.75],"rotation":0,"texture":"#0","tintindex":0},"up":{"uv":[11.5,5.75,8.0,4.5],"rotation":0,"texture":"#0","tintindex":0},"down":{"uv":[11.5,5.75,8.0,7.0],"rotation":0,"texture":"#0","tintindex":0}}},{"from":[12.044643,8.481829,2.7577543],"to":[12.044643,10.196115,6.9577546],"rotation":{"angle":0.0,"axis":"y","origin":[8.0,8.0,8.0]},"faces":{"east":{"uv":[11.5,8.25,12.75,9.0],"rotation":0,"texture":"#0","tintindex":0},"south":{"uv":[8.0,9.0,11.5,9.75],"rotation":0,"texture":"#0","tintindex":0},"north":{"uv":[8.0,8.25,11.5,9.0],"rotation":0,"texture":"#0","tintindex":0},"west":{"uv":[11.5,9.0,12.75,9.75],"rotation":0,"texture":"#0","tintindex":0},"up":{"uv":[11.5,5.75,8.0,4.5],"rotation":0,"texture":"#0","tintindex":0},"down":{"uv":[11.5,5.75,8.0,7.0],"rotation":0,"texture":"#0","tintindex":0}}},{"from":[3.7589283,8.481829,2.7577543],"to":[3.7589283,10.196115,6.9577546],"rotation":{"angle":0.0,"axis":"y","origin":[8.089286,8.0,8.0]},"faces":{"east":{"uv":[12.75,9.0,11.5,9.75],"rotation":0,"texture":"#0","tintindex":0},"south":{"uv":[11.5,9.0,8.0,9.75],"rotation":0,"texture":"#0","tintindex":0},"north":{"uv":[11.5,8.25,8.0,9.0],"rotation":0,"texture":"#0","tintindex":0},"west":{"uv":[12.75,8.25,11.5,9.0],"rotation":0,"texture":"#0","tintindex":0},"up":{"uv":[8.0,5.75,11.5,4.5],"rotation":0,"texture":"#0","tintindex":0},"down":{"uv":[8.0,5.75,11.5,7.0],"rotation":0,"texture":"#0","tintindex":0}}},{"from":[3.4732141,8.008442,1.7129388],"to":[12.616072,8.57987,7.9986534],"rotation":{"angle":0.0,"axis":"y","origin":[8.0,8.0,8.0]},"faces":{"east":{"uv":[11.5,11.0,14.25,11.25],"rotation":0,"texture":"#0","tintindex":0},"south":{"uv":[11.5,8.0,15.5,8.25],"rotation":0,"texture":"#0","tintindex":0},"north":{"uv":[10.5,10.25,14.5,10.5],"rotation":0,"texture":"#0","tintindex":0},"west":{"uv":[11.5,11.25,14.25,11.5],"rotation":0,"texture":"#0","tintindex":0},"up":{"uv":[4.0,2.75,0.0,0.0],"rotation":0,"texture":"#0","tintindex":0},"down":{"uv":[4.0,2.75,0.0,5.5],"rotation":0,"texture":"#0","tintindex":0}}},{"from":[3.6160712,8.412502,6.7413664],"to":[5.330357,9.55536,7.8842235],"rotation":{"angle":0.0,"axis":"y","origin":[8.0,8.0,8.0]},"faces":{"east":{"uv":[12.25,12.75,11.75,13.25],"rotation":0,"texture":"#0","tintindex":0},"south":{"uv":[10.0,12.5,9.25,13.0],"rotation":0,"texture":"#0","tintindex":0},"north":{"uv":[9.25,12.5,8.5,13.0],"rotation":0,"texture":"#0","tintindex":0},"west":{"uv":[11.0,12.75,10.5,13.25],"rotation":0,"texture":"#0","tintindex":0},"up":{"uv":[11.0,13.0,11.75,12.5],"rotation":0,"texture":"#0","tintindex":0},"down":{"uv":[12.25,12.5,13.0,13.0],"rotation":0,"texture":"#0","tintindex":0}}},{"from":[3.9017854,8.103714,6.1890955],"to":[11.901786,9.246571,7.331953],"rotation":{"angle":0.0,"axis":"y","origin":[8.0,8.0,8.0]},"faces":{"east":{"uv":[4.0,13.0,4.5,13.5],"rotation":0,"texture":"#0","tintindex":0},"south":{"uv":[11.5,3.0,15.0,3.5],"rotation":0,"texture":"#0","tintindex":0},"north":{"uv":[11.5,2.5,15.0,3.0],"rotation":0,"texture":"#0","tintindex":0},"west":{"uv":[4.5,13.0,5.0,13.5],"rotation":0,"texture":"#0","tintindex":0},"up":{"uv":[15.0,4.0,11.5,3.5],"rotation":0,"texture":"#0","tintindex":0},"down":{"uv":[15.0,4.0,11.5,4.5],"rotation":0,"texture":"#0","tintindex":0}}},{"from":[3.9017854,6.6947923,5.3033037],"to":[11.901786,8.409079,6.6461606],"rotation":{"angle":45.0,"axis":"x","origin":[8.0,8.0,8.0]},"faces":{"east":{"uv":[5.5,12.75,6.0,13.5],"rotation":0,"texture":"#0","tintindex":0},"south":{"uv":[0.0,10.25,3.5,11.0],"rotation":0,"texture":"#0","tintindex":0},"north":{"uv":[7.0,9.75,10.5,10.5],"rotation":0,"texture":"#0","tintindex":0},"west":{"uv":[6.0,12.75,6.5,13.5],"rotation":0,"texture":"#0","tintindex":0},"up":{"uv":[15.0,5.0,11.5,4.5],"rotation":0,"texture":"#0","tintindex":0},"down":{"uv":[15.0,5.0,11.5,5.5],"rotation":0,"texture":"#0","tintindex":0}}}],"display":{"head":{"translation":[0.0,-6.4,0.0],"scale":[4.0,4.0,4.0]}}}