{"textures":{"0":"modelengine:entity/nocsy_skeleton_archer_end"},"elements":[{"from":[7.3493304,3.7268457,7.615356],"to":[7.976759,8.262846,8.191356],"rotation":{"angle":0.0,"axis":"y","origin":[8.092588,7.1262746,7.8720584]},"faces":{"east":{"uv":[4.75,5.375,4.875,6.375],"rotation":0,"texture":"#0","tintindex":0},"south":{"uv":[4.875,5.375,5.0,6.375],"rotation":0,"texture":"#0","tintindex":0},"north":{"uv":[2.875,5.125,3.0,6.125],"rotation":0,"texture":"#0","tintindex":0},"west":{"uv":[1.75,5.5,1.875,6.5],"rotation":0,"texture":"#0","tintindex":0},"up":{"uv":[1.5,8.375,1.375,8.25],"rotation":0,"texture":"#0","tintindex":0},"down":{"uv":[2.875,8.25,2.75,8.375],"rotation":0,"texture":"#0","tintindex":0}}},{"from":[7.8605695,3.8566527,7.68531],"to":[8.79657,4.792653,8.62131],"rotation":{"angle":45.0,"axis":"z","origin":[7.7558923,3.4663959,7.932388]},"faces":{"east":{"uv":[3.75,7.5,3.9375,7.6875],"rotation":0,"texture":"#0","tintindex":0},"south":{"uv":[7.5,4.125,7.6875,4.3125],"rotation":0,"texture":"#0","tintindex":0},"north":{"uv":[7.5,3.625,7.6875,3.8125],"rotation":0,"texture":"#0","tintindex":0},"west":{"uv":[4.75,7.5,4.9375,7.6875],"rotation":0,"texture":"#0","tintindex":0},"up":{"uv":[5.1875,7.6875,5.0,7.5],"rotation":0,"texture":"#0","tintindex":0},"down":{"uv":[7.6875,5.0,7.5,5.1875],"rotation":0,"texture":"#0","tintindex":0}}}],"display":{"head":{"translation":[0.0,-6.4,0.0],"scale":[4.0,4.0,4.0]}}}