{"textures":{"0":"modelengine:entity/nocsy_skeleton_brute2_skin"},"elements":[{"from":[7.1094694,1.9936595,7.0621867],"to":[8.609492,8.706941,8.486095],"rotation":{"angle":0.0,"axis":"y","origin":[8.78092,7.0248146,8.0135355]},"faces":{"east":{"uv":[1.0625,6.1875,1.1875,6.9375],"rotation":0,"texture":"#0","tintindex":0},"south":{"uv":[4.9375,5.875,5.125,6.625],"rotation":0,"texture":"#0","tintindex":0},"north":{"uv":[5.8125,5.5625,6.0,6.3125],"rotation":0,"texture":"#0","tintindex":0},"west":{"uv":[3.5625,6.25,3.6875,7.0],"rotation":0,"texture":"#0","tintindex":0},"up":{"uv":[7.75,6.375,7.5625,6.25],"rotation":0,"texture":"#0","tintindex":0},"down":{"uv":[7.75,7.3125,7.5625,7.4375],"rotation":0,"texture":"#0","tintindex":0}}}],"display":{"head":{"translation":[0.0,-6.4,0.0],"scale":[4.0,4.0,4.0]}}}