{"textures":{"0":"modelengine:entity/goblinskeleton"},"elements":[{"from":[5.714286,6.4445944,5.331611],"to":[10.285714,11.016023,8.760183],"rotation":{"angle":0.0,"axis":"y","origin":[8.0,2.2857141,6.285714]},"faces":{"east":{"uv":[4.75,0.0,6.25,2.0],"rotation":0,"texture":"#0","tintindex":0},"south":{"uv":[2.75,0.0,4.75,2.0],"rotation":0,"texture":"#0","tintindex":0},"north":{"uv":[2.75,2.75,4.75,4.75],"rotation":0,"texture":"#0","tintindex":0},"west":{"uv":[4.75,2.0,6.25,4.0],"rotation":0,"texture":"#0","tintindex":0},"up":{"uv":[2.0,6.75,0.0,5.25],"rotation":0,"texture":"#0","tintindex":0},"down":{"uv":[7.5,5.5,5.5,7.0],"rotation":0,"texture":"#0","tintindex":0}}},{"from":[6.285714,11.016023,6.474468],"to":[9.714286,15.016024,8.188754],"rotation":{"angle":0.0,"axis":"y","origin":[8.0,2.2857141,6.285714]},"faces":{"east":{"uv":[7.5,5.0,8.25,6.75],"rotation":0,"texture":"#0","tintindex":0},"south":{"uv":[6.25,1.75,7.75,3.5],"rotation":0,"texture":"#0","tintindex":0},"north":{"uv":[6.25,0.0,7.75,1.75],"rotation":0,"texture":"#0","tintindex":0},"west":{"uv":[4.0,7.75,4.75,9.5],"rotation":0,"texture":"#0","tintindex":0},"up":{"uv":[4.25,2.75,2.75,2.0],"rotation":0,"texture":"#0","tintindex":0},"down":{"uv":[6.25,7.75,4.75,8.5],"rotation":0,"texture":"#0","tintindex":0}}}],"display":{"head":{"translation":[0.0,-6.4,0.0],"scale":[4.0,4.0,4.0]}}}