{"textures":{"0":"modelengine:entity/goblinskeleton"},"elements":[{"from":[4.8,6.280779,5.7401056],"to":[11.085714,7.9950647,8.02582],"rotation":{"angle":0.0,"axis":"y","origin":[8.0,-2.412941,7.4474144]},"faces":{"east":{"uv":[0.75,9.75,1.75,10.5],"rotation":0,"texture":"#0","tintindex":0},"south":{"uv":[6.75,7.0,9.5,7.75],"rotation":0,"texture":"#0","tintindex":0},"north":{"uv":[4.0,7.0,6.75,7.75],"rotation":0,"texture":"#0","tintindex":0},"west":{"uv":[1.75,10.0,2.75,10.75],"rotation":0,"texture":"#0","tintindex":0},"up":{"uv":[8.25,5.0,5.5,4.0],"rotation":0,"texture":"#0","tintindex":0},"down":{"uv":[4.75,6.0,2.0,7.0],"rotation":0,"texture":"#0","tintindex":0}}},{"from":[4.8,7.9950647,5.7401056],"to":[11.085714,10.852207,10.311535],"rotation":{"angle":0.0,"axis":"y","origin":[8.0,-2.412941,7.4474144]},"faces":{"east":{"uv":[0.0,6.75,2.0,8.0],"rotation":0,"texture":"#0","tintindex":0},"south":{"uv":[2.75,4.75,5.5,6.0],"rotation":0,"texture":"#0","tintindex":0},"north":{"uv":[0.0,4.0,2.75,5.25],"rotation":0,"texture":"#0","tintindex":0},"west":{"uv":[2.0,7.0,4.0,8.25],"rotation":0,"texture":"#0","tintindex":0},"up":{"uv":[2.75,2.0,0.0,0.0],"rotation":0,"texture":"#0","tintindex":0},"down":{"uv":[2.75,2.0,0.0,4.0],"rotation":0,"texture":"#0","tintindex":0}}}],"display":{"head":{"translation":[0.0,-6.4,0.0],"scale":[4.0,4.0,4.0]}}}