{"textures":{"0":"modelengine:entity/goblinskeleton"},"elements":[{"from":[7.142857,6.155223,6.941743],"to":[8.857143,8.440937,8.656029],"rotation":{"angle":0.0,"axis":"y","origin":[6.714286,3.9963427,6.7529883]},"faces":{"east":{"uv":[9.25,7.75,10.0,8.75],"rotation":0,"texture":"#0","tintindex":0},"south":{"uv":[4.0,9.5,4.75,10.5],"rotation":0,"texture":"#0","tintindex":0},"north":{"uv":[4.75,6.0,5.5,7.0],"rotation":0,"texture":"#0","tintindex":0},"west":{"uv":[5.5,9.5,6.25,10.5],"rotation":0,"texture":"#0","tintindex":0},"up":{"uv":[5.5,4.75,4.75,4.0],"rotation":0,"texture":"#0","tintindex":0},"down":{"uv":[2.75,5.25,2.0,6.0],"rotation":0,"texture":"#0","tintindex":0}}},{"from":[7.0,3.6719828,6.9347544],"to":[9.0,5.957697,8.934754],"rotation":{"angle":-22.5,"axis":"x","origin":[6.5714283,5.714286,6.285714]},"faces":{"east":{"uv":[7.25,7.75,8.25,8.75],"rotation":0,"texture":"#0","tintindex":0},"south":{"uv":[7.75,0.0,8.75,1.0],"rotation":0,"texture":"#0","tintindex":0},"north":{"uv":[6.25,7.75,7.25,8.75],"rotation":0,"texture":"#0","tintindex":0},"west":{"uv":[7.75,1.0,8.75,2.0],"rotation":0,"texture":"#0","tintindex":0},"up":{"uv":[8.75,3.0,7.75,2.0],"rotation":0,"texture":"#0","tintindex":0},"down":{"uv":[8.75,3.0,7.75,4.0],"rotation":0,"texture":"#0","tintindex":0}}},{"from":[7.0,3.6719828,6.3633256],"to":[9.0,4.81484,6.9347544],"rotation":{"angle":-22.5,"axis":"x","origin":[6.5714283,5.714286,6.285714]},"faces":{"east":{"uv":[4.25,2.0,4.5,2.5],"rotation":0,"texture":"#0","tintindex":0},"south":{"uv":[6.25,3.5,7.25,4.0],"rotation":0,"texture":"#0","tintindex":0},"north":{"uv":[5.5,5.0,6.5,5.5],"rotation":0,"texture":"#0","tintindex":0},"west":{"uv":[4.5,2.0,4.75,2.5],"rotation":0,"texture":"#0","tintindex":0},"up":{"uv":[11.0,9.25,10.0,9.0],"rotation":0,"texture":"#0","tintindex":0},"down":{"uv":[11.25,0.75,10.25,1.0],"rotation":0,"texture":"#0","tintindex":0}}}],"display":{"head":{"translation":[0.0,-6.4,0.0],"scale":[4.0,4.0,4.0]}}}