{"textures":{"0":"modelengine:entity/dungeon_ironmaiden"},"elements":[{"from":[1.7142854,8.0,1.7142854],"to":[4.5714283,8.571428,4.5714283],"rotation":{"angle":22.5,"axis":"y","origin":[4.5714283,18.285715,5.142857]},"faces":{"east":{"uv":[6.125,1.25,6.75,1.375],"rotation":0,"texture":"#0","tintindex":0},"south":{"uv":[6.125,1.375,6.75,1.5],"rotation":0,"texture":"#0","tintindex":0},"north":{"uv":[6.125,1.125,6.75,1.25],"rotation":0,"texture":"#0","tintindex":0},"west":{"uv":[6.125,1.5,6.75,1.625],"rotation":0,"texture":"#0","tintindex":0},"up":{"uv":[5.75,4.625,5.125,4.0],"rotation":0,"texture":"#0","tintindex":0},"down":{"uv":[5.75,4.625,5.125,5.25],"rotation":0,"texture":"#0","tintindex":0}}},{"from":[4.5714283,8.0,5.142857],"to":[5.142857,21.714287,8.0],"rotation":{"angle":0.0,"axis":"y","origin":[8.0,8.0,5.142857]},"faces":{"east":{"uv":[0.75,2.75,1.375,5.75],"rotation":0,"texture":"#0","tintindex":0},"south":{"uv":[4.0,5.25,4.125,8.25],"rotation":0,"texture":"#0","tintindex":0},"north":{"uv":[3.875,5.25,4.0,8.25],"rotation":0,"texture":"#0","tintindex":0},"west":{"uv":[1.375,2.75,2.0,5.75],"rotation":0,"texture":"#0","tintindex":0},"up":{"uv":[3.0,6.625,2.875,6.0],"rotation":0,"texture":"#0","tintindex":0},"down":{"uv":[3.125,6.0,3.0,6.625],"rotation":0,"texture":"#0","tintindex":0}}},{"from":[5.714286,21.714287,5.142857],"to":[6.285714,26.285715,7.428571],"rotation":{"angle":0.0,"axis":"y","origin":[9.142858,21.714287,5.142857]},"faces":{"east":{"uv":[4.625,3.25,5.125,4.25],"rotation":0,"texture":"#0","tintindex":0},"south":{"uv":[2.0,6.0,2.125,7.0],"rotation":0,"texture":"#0","tintindex":0},"north":{"uv":[1.875,6.0,2.0,7.0],"rotation":0,"texture":"#0","tintindex":0},"west":{"uv":[4.625,4.25,5.125,5.25],"rotation":0,"texture":"#0","tintindex":0},"up":{"uv":[4.25,6.625,4.125,6.125],"rotation":0,"texture":"#0","tintindex":0},"down":{"uv":[4.375,6.125,4.25,6.625],"rotation":0,"texture":"#0","tintindex":0}}},{"from":[9.714286,21.714287,5.142857],"to":[10.285714,26.285715,7.428571],"rotation":{"angle":0.0,"axis":"y","origin":[9.142858,21.714287,5.142857]},"faces":{"east":{"uv":[5.125,0.0,5.625,1.0],"rotation":0,"texture":"#0","tintindex":0},"south":{"uv":[2.25,6.0,2.375,7.0],"rotation":0,"texture":"#0","tintindex":0},"north":{"uv":[2.125,6.0,2.25,7.0],"rotation":0,"texture":"#0","tintindex":0},"west":{"uv":[5.125,1.0,5.625,2.0],"rotation":0,"texture":"#0","tintindex":0},"up":{"uv":[4.5,6.625,4.375,6.125],"rotation":0,"texture":"#0","tintindex":0},"down":{"uv":[4.625,6.125,4.5,6.625],"rotation":0,"texture":"#0","tintindex":0}}},{"from":[6.285714,25.714287,5.142857],"to":[9.714286,26.285715,7.428571],"rotation":{"angle":0.0,"axis":"y","origin":[9.142858,21.714287,5.142857]},"faces":{"east":{"uv":[6.125,3.625,6.625,3.75],"rotation":0,"texture":"#0","tintindex":0},"south":{"uv":[5.875,2.25,6.625,2.375],"rotation":0,"texture":"#0","tintindex":0},"north":{"uv":[5.875,2.125,6.625,2.25],"rotation":0,"texture":"#0","tintindex":0},"west":{"uv":[4.625,6.125,5.125,6.25],"rotation":0,"texture":"#0","tintindex":0},"up":{"uv":[4.875,5.75,4.125,5.25],"rotation":0,"texture":"#0","tintindex":0},"down":{"uv":[5.625,5.25,4.875,5.75],"rotation":0,"texture":"#0","tintindex":0}}},{"from":[6.285714,21.142857,7.428571],"to":[9.714286,25.714287,8.571428],"rotation":{"angle":0.0,"axis":"y","origin":[9.142858,21.714287,5.142857]},"faces":{"east":{"uv":[1.125,5.75,1.375,6.75],"rotation":0,"texture":"#0","tintindex":0},"south":{"uv":[3.875,2.25,4.625,3.25],"rotation":0,"texture":"#0","tintindex":0},"north":{"uv":[3.875,1.25,4.625,2.25],"rotation":0,"texture":"#0","tintindex":0},"west":{"uv":[1.375,5.75,1.625,6.75],"rotation":0,"texture":"#0","tintindex":0},"up":{"uv":[6.5,5.5,5.75,5.25],"rotation":0,"texture":"#0","tintindex":0},"down":{"uv":[6.5,5.5,5.75,5.75],"rotation":0,"texture":"#0","tintindex":0}}},{"from":[10.857143,8.0,5.142857],"to":[11.428572,21.714287,8.0],"rotation":{"angle":0.0,"axis":"y","origin":[8.0,8.0,5.142857]},"faces":{"east":{"uv":[2.0,2.875,2.625,5.875],"rotation":0,"texture":"#0","tintindex":0},"south":{"uv":[5.625,0.0,5.75,3.0],"rotation":0,"texture":"#0","tintindex":0},"north":{"uv":[0.0,5.625,0.125,8.625],"rotation":0,"texture":"#0","tintindex":0},"west":{"uv":[2.625,2.875,3.25,5.875],"rotation":0,"texture":"#0","tintindex":0},"up":{"uv":[6.125,6.375,6.0,5.75],"rotation":0,"texture":"#0","tintindex":0},"down":{"uv":[6.25,0.0,6.125,0.625],"rotation":0,"texture":"#0","tintindex":0}}},{"from":[5.142857,21.142857,5.142857],"to":[6.285714,21.714287,8.0],"rotation":{"angle":0.0,"axis":"y","origin":[8.0,8.0,5.142857]},"faces":{"east":{"uv":[5.875,2.625,6.5,2.75],"rotation":0,"texture":"#0","tintindex":0},"south":{"uv":[6.25,0.5,6.5,0.625],"rotation":0,"texture":"#0","tintindex":0},"north":{"uv":[5.125,6.125,5.375,6.25],"rotation":0,"texture":"#0","tintindex":0},"west":{"uv":[5.875,2.75,6.5,2.875],"rotation":0,"texture":"#0","tintindex":0},"up":{"uv":[6.0,6.375,5.75,5.75],"rotation":0,"texture":"#0","tintindex":0},"down":{"uv":[6.125,0.0,5.875,0.625],"rotation":0,"texture":"#0","tintindex":0}}},{"from":[9.714286,21.142857,5.142857],"to":[10.857143,21.714287,8.0],"rotation":{"angle":0.0,"axis":"y","origin":[12.571428,8.0,5.142857]},"faces":{"east":{"uv":[6.125,0.625,6.75,0.75],"rotation":0,"texture":"#0","tintindex":0},"south":{"uv":[4.875,6.25,5.125,6.375],"rotation":0,"texture":"#0","tintindex":0},"north":{"uv":[4.625,6.25,4.875,6.375],"rotation":0,"texture":"#0","tintindex":0},"west":{"uv":[6.125,0.75,6.75,0.875],"rotation":0,"texture":"#0","tintindex":0},"up":{"uv":[6.125,1.25,5.875,0.625],"rotation":0,"texture":"#0","tintindex":0},"down":{"uv":[6.125,1.25,5.875,1.875],"rotation":0,"texture":"#0","tintindex":0}}},{"from":[5.142857,8.0,5.142857],"to":[10.857143,8.571428,8.0],"rotation":{"angle":0.0,"axis":"y","origin":[8.0,8.0,5.142857]},"faces":{"east":{"uv":[6.125,0.875,6.75,1.0],"rotation":0,"texture":"#0","tintindex":0},"south":{"uv":[1.875,5.875,3.125,6.0],"rotation":0,"texture":"#0","tintindex":0},"north":{"uv":[5.75,2.875,7.0,3.0],"rotation":0,"texture":"#0","tintindex":0},"west":{"uv":[6.125,1.0,6.75,1.125],"rotation":0,"texture":"#0","tintindex":0},"up":{"uv":[5.125,0.625,3.875,0.0],"rotation":0,"texture":"#0","tintindex":0},"down":{"uv":[5.125,0.625,3.875,1.25],"rotation":0,"texture":"#0","tintindex":0}}},{"from":[5.142857,8.571428,8.0],"to":[10.857143,21.142857,8.571428],"rotation":{"angle":0.0,"axis":"y","origin":[9.142858,17.142857,5.714286]},"faces":{"east":{"uv":[0.875,5.75,1.0,8.5],"rotation":0,"texture":"#0","tintindex":0},"south":{"uv":[1.25,0.0,2.5,2.75],"rotation":0,"texture":"#0","tintindex":0},"north":{"uv":[0.0,0.0,1.25,2.75],"rotation":0,"texture":"#0","tintindex":0},"west":{"uv":[1.0,5.75,1.125,8.5],"rotation":0,"texture":"#0","tintindex":0},"up":{"uv":[7.125,2.0,5.875,1.875],"rotation":0,"texture":"#0","tintindex":0},"down":{"uv":[7.125,2.0,5.875,2.125],"rotation":0,"texture":"#0","tintindex":0}}},{"from":[1.1428566,8.0,1.7142854],"to":[1.7142854,21.142857,5.142857],"rotation":{"angle":22.5,"axis":"y","origin":[4.5714283,18.285715,5.142857]},"faces":{"east":{"uv":[2.5,0.0,3.25,2.875],"rotation":0,"texture":"#0","tintindex":0},"south":{"uv":[5.625,5.25,5.75,8.125],"rotation":0,"texture":"#0","tintindex":0},"north":{"uv":[0.625,5.625,0.75,8.5],"rotation":0,"texture":"#0","tintindex":0},"west":{"uv":[0.0,2.75,0.75,5.625],"rotation":0,"texture":"#0","tintindex":0},"up":{"uv":[2.75,6.75,2.625,6.0],"rotation":0,"texture":"#0","tintindex":0},"down":{"uv":[2.875,6.0,2.75,6.75],"rotation":0,"texture":"#0","tintindex":0}}},{"from":[1.7142854,21.142857,3.4285712],"to":[4.5714283,21.714287,5.142857],"rotation":{"angle":22.5,"axis":"y","origin":[4.5714283,17.142857,5.142857]},"faces":{"east":{"uv":[6.25,0.0,6.625,0.125],"rotation":0,"texture":"#0","tintindex":0},"south":{"uv":[6.125,1.75,6.75,1.875],"rotation":0,"texture":"#0","tintindex":0},"north":{"uv":[6.125,1.625,6.75,1.75],"rotation":0,"texture":"#0","tintindex":0},"west":{"uv":[6.25,0.125,6.625,0.25],"rotation":0,"texture":"#0","tintindex":0},"up":{"uv":[6.375,4.125,5.75,3.75],"rotation":0,"texture":"#0","tintindex":0},"down":{"uv":[4.75,5.75,4.125,6.125],"rotation":0,"texture":"#0","tintindex":0}}},{"from":[1.7142854,8.0,4.5714283],"to":[4.5714283,21.142857,5.142857],"rotation":{"angle":22.5,"axis":"y","origin":[4.5714283,18.285715,5.142857]},"faces":{"east":{"uv":[5.75,0.0,5.875,2.875],"rotation":0,"texture":"#0","tintindex":0},"south":{"uv":[3.25,2.875,3.875,5.75],"rotation":0,"texture":"#0","tintindex":0},"north":{"uv":[3.25,0.0,3.875,2.875],"rotation":0,"texture":"#0","tintindex":0},"west":{"uv":[0.75,5.75,0.875,8.625],"rotation":0,"texture":"#0","tintindex":0},"up":{"uv":[6.75,3.125,6.125,3.0],"rotation":0,"texture":"#0","tintindex":0},"down":{"uv":[6.75,3.125,6.125,3.25],"rotation":0,"texture":"#0","tintindex":0}}},{"from":[2.2857141,21.714287,3.4285712],"to":[4.5714283,26.285715,4.0],"rotation":{"angle":22.5,"axis":"y","origin":[4.5714283,17.142857,5.142857]},"faces":{"east":{"uv":[2.375,6.0,2.5,7.0],"rotation":0,"texture":"#0","tintindex":0},"south":{"uv":[5.125,3.0,5.625,4.0],"rotation":0,"texture":"#0","tintindex":0},"north":{"uv":[5.125,2.0,5.625,3.0],"rotation":0,"texture":"#0","tintindex":0},"west":{"uv":[2.5,6.0,2.625,7.0],"rotation":0,"texture":"#0","tintindex":0},"up":{"uv":[6.625,5.875,6.125,5.75],"rotation":0,"texture":"#0","tintindex":0},"down":{"uv":[6.625,5.875,6.125,6.0],"rotation":0,"texture":"#0","tintindex":0}}},{"from":[2.2857141,25.714287,0.0],"to":[4.5714283,26.285715,3.4285712],"rotation":{"angle":22.5,"axis":"y","origin":[4.5714283,17.142857,5.142857]},"faces":{"east":{"uv":[5.875,2.375,6.625,2.5],"rotation":0,"texture":"#0","tintindex":0},"south":{"uv":[6.125,6.125,6.625,6.25],"rotation":0,"texture":"#0","tintindex":0},"north":{"uv":[6.125,6.0,6.625,6.125],"rotation":0,"texture":"#0","tintindex":0},"west":{"uv":[5.875,2.5,6.625,2.625],"rotation":0,"texture":"#0","tintindex":0},"up":{"uv":[0.625,6.375,0.125,5.625],"rotation":0,"texture":"#0","tintindex":0},"down":{"uv":[6.125,3.0,5.625,3.75],"rotation":0,"texture":"#0","tintindex":0}}},{"from":[1.1428566,21.142857,0.0],"to":[2.2857141,25.714287,3.4285712],"rotation":{"angle":22.5,"axis":"y","origin":[4.5714283,17.142857,5.142857]},"faces":{"east":{"uv":[3.875,3.25,4.625,4.25],"rotation":0,"texture":"#0","tintindex":0},"south":{"uv":[3.25,5.75,3.5,6.75],"rotation":0,"texture":"#0","tintindex":0},"north":{"uv":[1.625,5.75,1.875,6.75],"rotation":0,"texture":"#0","tintindex":0},"west":{"uv":[3.875,4.25,4.625,5.25],"rotation":0,"texture":"#0","tintindex":0},"up":{"uv":[3.75,6.5,3.5,5.75],"rotation":0,"texture":"#0","tintindex":0},"down":{"uv":[5.625,5.75,5.375,6.5],"rotation":0,"texture":"#0","tintindex":0}}},{"from":[2.2857141,21.714287,-0.57142925],"to":[4.5714283,26.285715,0.0],"rotation":{"angle":22.5,"axis":"y","origin":[4.5714283,17.142857,5.142857]},"faces":{"east":{"uv":[3.75,5.75,3.875,6.75],"rotation":0,"texture":"#0","tintindex":0},"south":{"uv":[4.625,2.25,5.125,3.25],"rotation":0,"texture":"#0","tintindex":0},"north":{"uv":[4.625,1.25,5.125,2.25],"rotation":0,"texture":"#0","tintindex":0},"west":{"uv":[3.125,5.875,3.25,6.875],"rotation":0,"texture":"#0","tintindex":0},"up":{"uv":[2.5,2.875,2.0,2.75],"rotation":0,"texture":"#0","tintindex":0},"down":{"uv":[6.625,3.5,6.125,3.625],"rotation":0,"texture":"#0","tintindex":0}}},{"from":[1.7142854,18.857143,2.2857141],"to":[4.5714283,20.57143,2.2857141],"rotation":{"angle":22.5,"axis":"y","origin":[4.5714283,18.285715,5.142857]},"faces":{"east":{"uv":[0.0,0.0,0.0,0.375],"rotation":0,"texture":"#0","tintindex":0},"south":{"uv":[6.375,4.125,5.75,4.5],"rotation":0,"texture":"#0","tintindex":0},"north":{"uv":[5.75,4.125,6.375,4.5],"rotation":0,"texture":"#0","tintindex":0},"west":{"uv":[0.0,0.0,0.0,0.375],"rotation":0,"texture":"#0","tintindex":0},"up":{"uv":[0.625,0.0,0.0,0.0],"rotation":0,"texture":"#0","tintindex":0},"down":{"uv":[0.625,0.0,0.0,0.0],"rotation":0,"texture":"#0","tintindex":0}}},{"from":[1.7142854,21.142857,-1.7142859],"to":[4.5714283,21.714287,0.0],"rotation":{"angle":22.5,"axis":"y","origin":[4.5714283,17.142857,5.142857]},"faces":{"east":{"uv":[6.25,0.25,6.625,0.375],"rotation":0,"texture":"#0","tintindex":0},"south":{"uv":[6.125,3.375,6.75,3.5],"rotation":0,"texture":"#0","tintindex":0},"north":{"uv":[6.125,3.25,6.75,3.375],"rotation":0,"texture":"#0","tintindex":0},"west":{"uv":[6.25,0.375,6.625,0.5],"rotation":0,"texture":"#0","tintindex":0},"up":{"uv":[5.375,6.125,4.75,5.75],"rotation":0,"texture":"#0","tintindex":0},"down":{"uv":[6.375,4.875,5.75,5.25],"rotation":0,"texture":"#0","tintindex":0}}},{"from":[1.7142854,15.428572,3.4285712],"to":[4.5714283,17.142857,3.4285712],"rotation":{"angle":22.5,"axis":"y","origin":[4.5714283,14.857143,5.142857]},"faces":{"east":{"uv":[0.0,0.0,0.0,0.375],"rotation":0,"texture":"#0","tintindex":0},"south":{"uv":[6.375,4.125,5.75,4.5],"rotation":0,"texture":"#0","tintindex":0},"north":{"uv":[5.75,4.125,6.375,4.5],"rotation":0,"texture":"#0","tintindex":0},"west":{"uv":[0.0,0.0,0.0,0.375],"rotation":0,"texture":"#0","tintindex":0},"up":{"uv":[0.625,0.0,0.0,0.0],"rotation":0,"texture":"#0","tintindex":0},"down":{"uv":[0.625,0.0,0.0,0.0],"rotation":0,"texture":"#0","tintindex":0}}},{"from":[1.7142854,12.0,2.2857141],"to":[4.5714283,13.714286,2.2857141],"rotation":{"angle":22.5,"axis":"y","origin":[4.5714283,11.428572,5.142857]},"faces":{"east":{"uv":[0.0,0.0,0.0,0.375],"rotation":0,"texture":"#0","tintindex":0},"south":{"uv":[6.375,4.125,5.75,4.5],"rotation":0,"texture":"#0","tintindex":0},"north":{"uv":[5.75,4.125,6.375,4.5],"rotation":0,"texture":"#0","tintindex":0},"west":{"uv":[0.0,0.0,0.0,0.375],"rotation":0,"texture":"#0","tintindex":0},"up":{"uv":[0.625,0.0,0.0,0.0],"rotation":0,"texture":"#0","tintindex":0},"down":{"uv":[0.625,0.0,0.0,0.0],"rotation":0,"texture":"#0","tintindex":0}}},{"from":[14.285715,8.0,1.7142854],"to":[14.857143,21.142857,5.142857],"rotation":{"angle":-22.5,"axis":"y","origin":[11.428572,18.285715,5.142857]},"faces":{"east":{"uv":[0.75,2.75,0.0,5.625],"rotation":0,"texture":"#0","tintindex":0},"south":{"uv":[5.75,5.25,5.625,8.125],"rotation":0,"texture":"#0","tintindex":0},"north":{"uv":[0.75,5.625,0.625,8.5],"rotation":0,"texture":"#0","tintindex":0},"west":{"uv":[3.25,0.0,2.5,2.875],"rotation":0,"texture":"#0","tintindex":0},"up":{"uv":[2.625,6.75,2.75,6.0],"rotation":0,"texture":"#0","tintindex":0},"down":{"uv":[2.75,6.0,2.875,6.75],"rotation":0,"texture":"#0","tintindex":0}}},{"from":[11.428572,8.0,1.7142854],"to":[14.285715,8.571428,4.5714283],"rotation":{"angle":-22.5,"axis":"y","origin":[11.428572,18.285715,5.142857]},"faces":{"east":{"uv":[6.75,1.5,6.125,1.625],"rotation":0,"texture":"#0","tintindex":0},"south":{"uv":[6.75,1.375,6.125,1.5],"rotation":0,"texture":"#0","tintindex":0},"north":{"uv":[6.75,1.125,6.125,1.25],"rotation":0,"texture":"#0","tintindex":0},"west":{"uv":[6.75,1.25,6.125,1.375],"rotation":0,"texture":"#0","tintindex":0},"up":{"uv":[5.125,4.625,5.75,4.0],"rotation":0,"texture":"#0","tintindex":0},"down":{"uv":[5.125,4.625,5.75,5.25],"rotation":0,"texture":"#0","tintindex":0}}},{"from":[11.428572,8.0,4.5714283],"to":[14.285715,21.142857,5.142857],"rotation":{"angle":-22.5,"axis":"y","origin":[11.428572,18.285715,5.142857]},"faces":{"east":{"uv":[0.875,5.75,0.75,8.625],"rotation":0,"texture":"#0","tintindex":0},"south":{"uv":[3.875,2.875,3.25,5.75],"rotation":0,"texture":"#0","tintindex":0},"north":{"uv":[3.875,0.0,3.25,2.875],"rotation":0,"texture":"#0","tintindex":0},"west":{"uv":[5.875,0.0,5.75,2.875],"rotation":0,"texture":"#0","tintindex":0},"up":{"uv":[6.125,3.125,6.75,3.0],"rotation":0,"texture":"#0","tintindex":0},"down":{"uv":[6.125,3.125,6.75,3.25],"rotation":0,"texture":"#0","tintindex":0}}},{"from":[11.428572,18.857143,2.2857141],"to":[14.285715,20.57143,2.2857141],"rotation":{"angle":-22.5,"axis":"y","origin":[11.428572,18.285715,5.142857]},"faces":{"east":{"uv":[0.0,0.0,0.0,0.375],"rotation":0,"texture":"#0","tintindex":0},"south":{"uv":[5.75,4.125,6.375,4.5],"rotation":0,"texture":"#0","tintindex":0},"north":{"uv":[6.375,4.125,5.75,4.5],"rotation":0,"texture":"#0","tintindex":0},"west":{"uv":[0.0,0.0,0.0,0.375],"rotation":0,"texture":"#0","tintindex":0},"up":{"uv":[0.0,0.0,0.625,0.0],"rotation":0,"texture":"#0","tintindex":0},"down":{"uv":[0.0,0.0,0.625,0.0],"rotation":0,"texture":"#0","tintindex":0}}},{"from":[11.428572,12.0,2.2857141],"to":[14.285715,13.714286,2.2857141],"rotation":{"angle":-22.5,"axis":"y","origin":[11.428572,11.428572,5.142857]},"faces":{"east":{"uv":[0.0,0.0,0.0,0.375],"rotation":0,"texture":"#0","tintindex":0},"south":{"uv":[5.75,4.125,6.375,4.5],"rotation":0,"texture":"#0","tintindex":0},"north":{"uv":[6.375,4.125,5.75,4.5],"rotation":0,"texture":"#0","tintindex":0},"west":{"uv":[0.0,0.0,0.0,0.375],"rotation":0,"texture":"#0","tintindex":0},"up":{"uv":[0.0,0.0,0.625,0.0],"rotation":0,"texture":"#0","tintindex":0},"down":{"uv":[0.0,0.0,0.625,0.0],"rotation":0,"texture":"#0","tintindex":0}}},{"from":[11.428572,15.428572,3.4285712],"to":[14.285715,17.142857,3.4285712],"rotation":{"angle":-22.5,"axis":"y","origin":[11.428572,14.857143,5.142857]},"faces":{"east":{"uv":[0.0,0.0,0.0,0.375],"rotation":0,"texture":"#0","tintindex":0},"south":{"uv":[5.75,4.125,6.375,4.5],"rotation":0,"texture":"#0","tintindex":0},"north":{"uv":[6.375,4.125,5.75,4.5],"rotation":0,"texture":"#0","tintindex":0},"west":{"uv":[0.0,0.0,0.0,0.375],"rotation":0,"texture":"#0","tintindex":0},"up":{"uv":[0.0,0.0,0.625,0.0],"rotation":0,"texture":"#0","tintindex":0},"down":{"uv":[0.0,0.0,0.625,0.0],"rotation":0,"texture":"#0","tintindex":0}}},{"from":[1.7142854,22.857143,2.2857141],"to":[4.5714283,24.57143,2.2857141],"rotation":{"angle":22.5,"axis":"y","origin":[4.5714283,18.285715,5.142857]},"faces":{"east":{"uv":[0.0,0.0,0.0,0.375],"rotation":0,"texture":"#0","tintindex":0},"south":{"uv":[6.375,4.125,5.75,4.5],"rotation":0,"texture":"#0","tintindex":0},"north":{"uv":[5.75,4.125,6.375,4.5],"rotation":0,"texture":"#0","tintindex":0},"west":{"uv":[0.0,0.0,0.0,0.375],"rotation":0,"texture":"#0","tintindex":0},"up":{"uv":[0.625,0.0,0.0,0.0],"rotation":0,"texture":"#0","tintindex":0},"down":{"uv":[0.625,0.0,0.0,0.0],"rotation":0,"texture":"#0","tintindex":0}}},{"from":[1.7142854,22.857143,0.5714283],"to":[4.5714283,24.57143,0.5714283],"rotation":{"angle":22.5,"axis":"y","origin":[4.5714283,18.285715,5.142857]},"faces":{"east":{"uv":[0.0,0.0,0.0,0.375],"rotation":0,"texture":"#0","tintindex":0},"south":{"uv":[6.375,4.125,5.75,4.5],"rotation":0,"texture":"#0","tintindex":0},"north":{"uv":[5.75,4.125,6.375,4.5],"rotation":0,"texture":"#0","tintindex":0},"west":{"uv":[0.0,0.0,0.0,0.375],"rotation":0,"texture":"#0","tintindex":0},"up":{"uv":[0.625,0.0,0.0,0.0],"rotation":0,"texture":"#0","tintindex":0},"down":{"uv":[0.625,0.0,0.0,0.0],"rotation":0,"texture":"#0","tintindex":0}}},{"from":[6.285714,18.857143,5.142857],"to":[6.285714,20.57143,8.0],"rotation":{"angle":0.0,"axis":"y","origin":[8.0,18.285715,8.571428]},"faces":{"east":{"uv":[6.375,4.125,5.75,4.5],"rotation":0,"texture":"#0","tintindex":0},"south":{"uv":[0.0,0.0,0.0,0.375],"rotation":0,"texture":"#0","tintindex":0},"north":{"uv":[0.0,0.0,0.0,0.375],"rotation":0,"texture":"#0","tintindex":0},"west":{"uv":[5.75,4.125,6.375,4.5],"rotation":0,"texture":"#0","tintindex":0},"up":{"uv":[0.625,0.0,0.0,0.0],"rotation":270,"texture":"#0","tintindex":0},"down":{"uv":[0.625,0.0,0.0,0.0],"rotation":90,"texture":"#0","tintindex":0}}},{"from":[9.714286,18.857143,5.142857],"to":[9.714286,20.57143,8.0],"rotation":{"angle":0.0,"axis":"y","origin":[8.0,18.285715,8.571428]},"faces":{"east":{"uv":[6.375,4.125,5.75,4.5],"rotation":0,"texture":"#0","tintindex":0},"south":{"uv":[0.0,0.0,0.0,0.375],"rotation":0,"texture":"#0","tintindex":0},"north":{"uv":[0.0,0.0,0.0,0.375],"rotation":0,"texture":"#0","tintindex":0},"west":{"uv":[5.75,4.125,6.375,4.5],"rotation":0,"texture":"#0","tintindex":0},"up":{"uv":[0.625,0.0,0.0,0.0],"rotation":270,"texture":"#0","tintindex":0},"down":{"uv":[0.625,0.0,0.0,0.0],"rotation":90,"texture":"#0","tintindex":0}}},{"from":[6.857143,15.428572,5.142857],"to":[6.857143,17.142857,8.0],"rotation":{"angle":0.0,"axis":"y","origin":[8.0,18.285715,8.571428]},"faces":{"east":{"uv":[6.375,4.125,5.75,4.5],"rotation":0,"texture":"#0","tintindex":0},"south":{"uv":[0.0,0.0,0.0,0.375],"rotation":0,"texture":"#0","tintindex":0},"north":{"uv":[0.0,0.0,0.0,0.375],"rotation":0,"texture":"#0","tintindex":0},"west":{"uv":[5.75,4.125,6.375,4.5],"rotation":0,"texture":"#0","tintindex":0},"up":{"uv":[0.625,0.0,0.0,0.0],"rotation":270,"texture":"#0","tintindex":0},"down":{"uv":[0.625,0.0,0.0,0.0],"rotation":90,"texture":"#0","tintindex":0}}},{"from":[9.142858,15.428572,5.142857],"to":[9.142858,17.142857,8.0],"rotation":{"angle":0.0,"axis":"y","origin":[8.0,18.285715,8.571428]},"faces":{"east":{"uv":[6.375,4.125,5.75,4.5],"rotation":0,"texture":"#0","tintindex":0},"south":{"uv":[0.0,0.0,0.0,0.375],"rotation":0,"texture":"#0","tintindex":0},"north":{"uv":[0.0,0.0,0.0,0.375],"rotation":0,"texture":"#0","tintindex":0},"west":{"uv":[5.75,4.125,6.375,4.5],"rotation":0,"texture":"#0","tintindex":0},"up":{"uv":[0.625,0.0,0.0,0.0],"rotation":270,"texture":"#0","tintindex":0},"down":{"uv":[0.625,0.0,0.0,0.0],"rotation":90,"texture":"#0","tintindex":0}}},{"from":[6.285714,12.0,5.142857],"to":[6.285714,13.714286,8.0],"rotation":{"angle":0.0,"axis":"y","origin":[8.0,18.285715,8.571428]},"faces":{"east":{"uv":[6.375,4.125,5.75,4.5],"rotation":0,"texture":"#0","tintindex":0},"south":{"uv":[0.0,0.0,0.0,0.375],"rotation":0,"texture":"#0","tintindex":0},"north":{"uv":[0.0,0.0,0.0,0.375],"rotation":0,"texture":"#0","tintindex":0},"west":{"uv":[5.75,4.125,6.375,4.5],"rotation":0,"texture":"#0","tintindex":0},"up":{"uv":[0.625,0.0,0.0,0.0],"rotation":270,"texture":"#0","tintindex":0},"down":{"uv":[0.625,0.0,0.0,0.0],"rotation":90,"texture":"#0","tintindex":0}}},{"from":[9.714286,12.0,5.142857],"to":[9.714286,13.714286,8.0],"rotation":{"angle":0.0,"axis":"y","origin":[8.0,18.285715,8.571428]},"faces":{"east":{"uv":[6.375,4.125,5.75,4.5],"rotation":0,"texture":"#0","tintindex":0},"south":{"uv":[0.0,0.0,0.0,0.375],"rotation":0,"texture":"#0","tintindex":0},"north":{"uv":[0.0,0.0,0.0,0.375],"rotation":0,"texture":"#0","tintindex":0},"west":{"uv":[5.75,4.125,6.375,4.5],"rotation":0,"texture":"#0","tintindex":0},"up":{"uv":[0.625,0.0,0.0,0.0],"rotation":270,"texture":"#0","tintindex":0},"down":{"uv":[0.625,0.0,0.0,0.0],"rotation":90,"texture":"#0","tintindex":0}}},{"from":[8.857143,22.857143,5.142857],"to":[8.857143,24.57143,8.0],"rotation":{"angle":0.0,"axis":"y","origin":[8.0,18.285715,8.571428]},"faces":{"east":{"uv":[6.375,4.125,5.75,4.5],"rotation":0,"texture":"#0","tintindex":0},"south":{"uv":[0.0,0.0,0.0,0.375],"rotation":0,"texture":"#0","tintindex":0},"north":{"uv":[0.0,0.0,0.0,0.375],"rotation":0,"texture":"#0","tintindex":0},"west":{"uv":[5.75,4.125,6.375,4.5],"rotation":0,"texture":"#0","tintindex":0},"up":{"uv":[0.625,0.0,0.0,0.0],"rotation":270,"texture":"#0","tintindex":0},"down":{"uv":[0.625,0.0,0.0,0.0],"rotation":90,"texture":"#0","tintindex":0}}},{"from":[7.142857,22.857143,5.142857],"to":[7.142857,24.57143,8.0],"rotation":{"angle":0.0,"axis":"y","origin":[8.0,18.285715,8.571428]},"faces":{"east":{"uv":[6.375,4.125,5.75,4.5],"rotation":0,"texture":"#0","tintindex":0},"south":{"uv":[0.0,0.0,0.0,0.375],"rotation":0,"texture":"#0","tintindex":0},"north":{"uv":[0.0,0.0,0.0,0.375],"rotation":0,"texture":"#0","tintindex":0},"west":{"uv":[5.75,4.125,6.375,4.5],"rotation":0,"texture":"#0","tintindex":0},"up":{"uv":[0.625,0.0,0.0,0.0],"rotation":270,"texture":"#0","tintindex":0},"down":{"uv":[0.625,0.0,0.0,0.0],"rotation":90,"texture":"#0","tintindex":0}}}],"display":{"head":{"translation":[0.0,-6.4,0.0],"scale":[4.0,4.0,4.0]}}}