{"textures":{"0":"modelengine:entity/dungeon_crate_large","1":"modelengine:entity/dungeon_crate_small"},"elements":[{"from":[3.4285712,16.57143,3.4285712],"to":[12.571428,17.142857,12.571428],"rotation":{"angle":0.0,"axis":"y","origin":[8.0,8.0,8.0]},"faces":{"east":{"uv":[7.75,10.75,11.75,11.0],"rotation":0,"texture":"#0","tintindex":0},"south":{"uv":[4.0,11.0,8.0,11.25],"rotation":0,"texture":"#0","tintindex":0},"north":{"uv":[7.75,10.5,11.75,10.75],"rotation":0,"texture":"#0","tintindex":0},"west":{"uv":[8.0,11.0,12.0,11.25],"rotation":0,"texture":"#0","tintindex":0},"up":{"uv":[4.0,4.0,0.0,0.0],"rotation":0,"texture":"#0","tintindex":0},"down":{"uv":[4.0,4.0,0.0,8.0],"rotation":0,"texture":"#0","tintindex":0}}},{"from":[11.428572,8.571428,3.4285712],"to":[12.571428,16.57143,4.5714283],"rotation":{"angle":0.0,"axis":"y","origin":[8.0,8.0,8.0]},"faces":{"east":{"uv":[2.0,8.0,2.5,11.5],"rotation":0,"texture":"#0","tintindex":0},"south":{"uv":[2.5,8.0,3.0,11.5],"rotation":0,"texture":"#0","tintindex":0},"north":{"uv":[1.5,8.0,2.0,11.5],"rotation":0,"texture":"#0","tintindex":0},"west":{"uv":[3.0,8.0,3.5,11.5],"rotation":0,"texture":"#0","tintindex":0},"up":{"uv":[4.5,11.75,4.0,11.25],"rotation":0,"texture":"#0","tintindex":0},"down":{"uv":[5.0,11.25,4.5,11.75],"rotation":0,"texture":"#0","tintindex":0}}},{"from":[6.857143,7.142857,3.5714283],"to":[8.571428,18.0,4.142857],"rotation":{"angle":45.0,"axis":"z","origin":[7.714286,12.857143,3.8571424]},"faces":{"east":{"uv":[4.0,8.0,3.75,12.75],"rotation":0,"texture":"#0","tintindex":0},"south":{"uv":[1.5,8.0,0.75,12.75],"rotation":0,"texture":"#0","tintindex":0},"north":{"uv":[0.75,8.0,0.0,12.75],"rotation":0,"texture":"#0","tintindex":0},"west":{"uv":[3.75,8.0,3.5,12.75],"rotation":0,"texture":"#0","tintindex":0},"up":{"uv":[5.0,11.5,5.75,11.25],"rotation":0,"texture":"#0","tintindex":0},"down":{"uv":[5.75,11.25,6.5,11.5],"rotation":0,"texture":"#0","tintindex":0}}},{"from":[3.7142854,8.571428,3.7142854],"to":[12.285715,16.57143,12.285715],"rotation":{"angle":0.0,"axis":"y","origin":[8.285714,8.0,7.714286]},"faces":{"east":{"uv":[7.75,0.0,11.5,3.5],"rotation":0,"texture":"#0","tintindex":0},"south":{"uv":[7.75,3.5,11.5,7.0],"rotation":0,"texture":"#0","tintindex":0},"north":{"uv":[4.0,7.5,7.75,11.0],"rotation":0,"texture":"#0","tintindex":0},"west":{"uv":[7.75,7.0,11.5,10.5],"rotation":0,"texture":"#0","tintindex":0},"up":{"uv":[7.75,3.75,4.0,0.0],"rotation":0,"texture":"#0","tintindex":0},"down":{"uv":[7.75,3.75,4.0,7.5],"rotation":0,"texture":"#0","tintindex":0}}},{"from":[3.4285712,8.571428,3.4285712],"to":[4.5714283,16.57143,4.5714283],"rotation":{"angle":0.0,"axis":"y","origin":[8.0,8.0,8.0]},"faces":{"east":{"uv":[3.5,8.0,3.0,11.5],"rotation":0,"texture":"#0","tintindex":0},"south":{"uv":[3.0,8.0,2.5,11.5],"rotation":0,"texture":"#0","tintindex":0},"north":{"uv":[2.0,8.0,1.5,11.5],"rotation":0,"texture":"#0","tintindex":0},"west":{"uv":[2.5,8.0,2.0,11.5],"rotation":0,"texture":"#0","tintindex":0},"up":{"uv":[4.0,11.75,4.5,11.25],"rotation":0,"texture":"#0","tintindex":0},"down":{"uv":[4.5,11.25,5.0,11.75],"rotation":0,"texture":"#0","tintindex":0}}},{"from":[7.428571,7.142857,11.857143],"to":[9.142858,18.0,12.428572],"rotation":{"angle":-45.0,"axis":"z","origin":[8.285714,12.857143,12.142858]},"faces":{"east":{"uv":[3.75,8.0,3.5,12.75],"rotation":0,"texture":"#0","tintindex":0},"south":{"uv":[0.75,8.0,0.0,12.75],"rotation":0,"texture":"#0","tintindex":0},"north":{"uv":[1.5,8.0,0.75,12.75],"rotation":0,"texture":"#0","tintindex":0},"west":{"uv":[4.0,8.0,3.75,12.75],"rotation":0,"texture":"#0","tintindex":0},"up":{"uv":[5.75,11.25,5.0,11.5],"rotation":0,"texture":"#0","tintindex":0},"down":{"uv":[6.5,11.5,5.75,11.25],"rotation":0,"texture":"#0","tintindex":0}}},{"from":[11.428572,8.571428,11.428572],"to":[12.571428,16.57143,12.571428],"rotation":{"angle":0.0,"axis":"y","origin":[8.0,8.0,8.0]},"faces":{"east":{"uv":[2.5,8.0,2.0,11.5],"rotation":0,"texture":"#0","tintindex":0},"south":{"uv":[2.0,8.0,1.5,11.5],"rotation":0,"texture":"#0","tintindex":0},"north":{"uv":[3.0,8.0,2.5,11.5],"rotation":0,"texture":"#0","tintindex":0},"west":{"uv":[3.5,8.0,3.0,11.5],"rotation":0,"texture":"#0","tintindex":0},"up":{"uv":[4.5,11.25,4.0,11.75],"rotation":0,"texture":"#0","tintindex":0},"down":{"uv":[5.0,11.75,4.5,11.25],"rotation":0,"texture":"#0","tintindex":0}}},{"from":[3.4285712,8.571428,11.428572],"to":[4.5714283,16.57143,12.571428],"rotation":{"angle":0.0,"axis":"y","origin":[8.0,8.0,8.0]},"faces":{"east":{"uv":[3.0,8.0,3.5,11.5],"rotation":0,"texture":"#0","tintindex":0},"south":{"uv":[1.5,8.0,2.0,11.5],"rotation":0,"texture":"#0","tintindex":0},"north":{"uv":[2.5,8.0,3.0,11.5],"rotation":0,"texture":"#0","tintindex":0},"west":{"uv":[2.0,8.0,2.5,11.5],"rotation":0,"texture":"#0","tintindex":0},"up":{"uv":[4.0,11.25,4.5,11.75],"rotation":0,"texture":"#0","tintindex":0},"down":{"uv":[4.5,11.75,5.0,11.25],"rotation":0,"texture":"#0","tintindex":0}}},{"from":[11.857143,7.142857,7.428571],"to":[12.428572,18.0,9.142858],"rotation":{"angle":45.0,"axis":"x","origin":[12.142858,12.857143,8.285714]},"faces":{"east":{"uv":[0.0,8.0,0.75,12.75],"rotation":0,"texture":"#0","tintindex":0},"south":{"uv":[3.5,8.0,3.75,12.75],"rotation":0,"texture":"#0","tintindex":0},"north":{"uv":[3.75,8.0,4.0,12.75],"rotation":0,"texture":"#0","tintindex":0},"west":{"uv":[0.75,8.0,1.5,12.75],"rotation":0,"texture":"#0","tintindex":0},"up":{"uv":[5.75,11.5,5.0,11.25],"rotation":90,"texture":"#0","tintindex":0},"down":{"uv":[6.5,11.25,5.75,11.5],"rotation":270,"texture":"#0","tintindex":0}}},{"from":[3.5714283,7.142857,6.857143],"to":[4.142857,18.0,8.571428],"rotation":{"angle":-45.0,"axis":"x","origin":[3.8571424,12.857143,7.714286]},"faces":{"east":{"uv":[0.75,8.0,1.5,12.75],"rotation":0,"texture":"#0","tintindex":0},"south":{"uv":[3.75,8.0,4.0,12.75],"rotation":0,"texture":"#0","tintindex":0},"north":{"uv":[3.5,8.0,3.75,12.75],"rotation":0,"texture":"#0","tintindex":0},"west":{"uv":[0.0,8.0,0.75,12.75],"rotation":0,"texture":"#0","tintindex":0},"up":{"uv":[5.75,11.5,5.0,11.25],"rotation":270,"texture":"#0","tintindex":0},"down":{"uv":[6.5,11.25,5.75,11.5],"rotation":90,"texture":"#0","tintindex":0}}},{"from":[3.4285712,8.0,3.4285712],"to":[12.571428,8.571428,12.571428],"rotation":{"angle":0.0,"axis":"y","origin":[8.0,17.142857,8.0]},"faces":{"east":{"uv":[7.75,11.0,11.75,10.75],"rotation":0,"texture":"#0","tintindex":0},"south":{"uv":[4.0,11.25,8.0,11.0],"rotation":0,"texture":"#0","tintindex":0},"north":{"uv":[7.75,10.75,11.75,10.5],"rotation":0,"texture":"#0","tintindex":0},"west":{"uv":[8.0,11.25,12.0,11.0],"rotation":0,"texture":"#0","tintindex":0},"up":{"uv":[4.0,8.0,0.0,4.0],"rotation":0,"texture":"#0","tintindex":0},"down":{"uv":[4.0,0.0,0.0,4.0],"rotation":0,"texture":"#0","tintindex":0}}},{"from":[3.4285712,17.714287,5.142857],"to":[12.571428,21.714287,10.857143],"rotation":{"angle":22.5,"axis":"y","origin":[8.0,17.142857,8.0]},"faces":{"east":{"uv":[4.0,6.75,6.5,8.5],"rotation":0,"texture":"#1","tintindex":0},"south":{"uv":[0.0,5.5,4.0,7.25],"rotation":0,"texture":"#1","tintindex":0},"north":{"uv":[4.25,5.0,8.25,6.75],"rotation":0,"texture":"#1","tintindex":0},"west":{"uv":[6.5,6.75,9.0,8.5],"rotation":0,"texture":"#1","tintindex":0},"up":{"uv":[8.25,2.5,4.25,0.0],"rotation":0,"texture":"#1","tintindex":0},"down":{"uv":[8.25,2.5,4.25,5.0],"rotation":0,"texture":"#1","tintindex":0}}},{"from":[3.142857,21.714287,4.8571424],"to":[12.857143,22.285715,11.142858],"rotation":{"angle":22.5,"axis":"y","origin":[8.0,17.142857,8.0]},"faces":{"east":{"uv":[8.25,0.5,11.0,0.75],"rotation":0,"texture":"#1","tintindex":0},"south":{"uv":[8.25,0.25,12.5,0.5],"rotation":0,"texture":"#1","tintindex":0},"north":{"uv":[8.25,0.0,12.5,0.25],"rotation":0,"texture":"#1","tintindex":0},"west":{"uv":[8.25,0.75,11.0,1.0],"rotation":0,"texture":"#1","tintindex":0},"up":{"uv":[4.25,2.75,0.0,0.0],"rotation":0,"texture":"#1","tintindex":0},"down":{"uv":[4.25,2.75,0.0,5.5],"rotation":0,"texture":"#1","tintindex":0}}},{"from":[11.714286,17.714287,4.8571424],"to":[12.857143,21.714287,6.0],"rotation":{"angle":22.5,"axis":"y","origin":[8.0,17.142857,8.0]},"faces":{"east":{"uv":[0.5,7.25,1.0,9.0],"rotation":0,"texture":"#1","tintindex":0},"south":{"uv":[1.0,7.25,1.5,9.0],"rotation":0,"texture":"#1","tintindex":0},"north":{"uv":[0.0,7.25,0.5,9.0],"rotation":0,"texture":"#1","tintindex":0},"west":{"uv":[1.5,7.25,2.0,9.0],"rotation":0,"texture":"#1","tintindex":0},"up":{"uv":[2.5,7.75,2.0,7.25],"rotation":0,"texture":"#1","tintindex":0},"down":{"uv":[3.0,7.25,2.5,7.75],"rotation":0,"texture":"#1","tintindex":0}}},{"from":[3.142857,17.714287,4.8571424],"to":[4.285714,21.714287,6.0],"rotation":{"angle":22.5,"axis":"y","origin":[8.0,17.142857,8.0]},"faces":{"east":{"uv":[2.0,7.25,1.5,9.0],"rotation":0,"texture":"#1","tintindex":0},"south":{"uv":[1.5,7.25,1.0,9.0],"rotation":0,"texture":"#1","tintindex":0},"north":{"uv":[0.5,7.25,0.0,9.0],"rotation":0,"texture":"#1","tintindex":0},"west":{"uv":[1.0,7.25,0.5,9.0],"rotation":0,"texture":"#1","tintindex":0},"up":{"uv":[2.0,7.75,2.5,7.25],"rotation":0,"texture":"#1","tintindex":0},"down":{"uv":[2.5,7.25,3.0,7.75],"rotation":0,"texture":"#1","tintindex":0}}},{"from":[11.714286,17.714287,10.0],"to":[12.857143,21.714287,11.142858],"rotation":{"angle":22.5,"axis":"y","origin":[8.0,17.142857,8.0]},"faces":{"east":{"uv":[1.0,7.25,0.5,9.0],"rotation":0,"texture":"#1","tintindex":0},"south":{"uv":[0.5,7.25,0.0,9.0],"rotation":0,"texture":"#1","tintindex":0},"north":{"uv":[1.5,7.25,1.0,9.0],"rotation":0,"texture":"#1","tintindex":0},"west":{"uv":[2.0,7.25,1.5,9.0],"rotation":0,"texture":"#1","tintindex":0},"up":{"uv":[2.5,7.25,2.0,7.75],"rotation":0,"texture":"#1","tintindex":0},"down":{"uv":[3.0,7.75,2.5,7.25],"rotation":0,"texture":"#1","tintindex":0}}},{"from":[3.142857,17.714287,10.0],"to":[4.285714,21.714287,11.142858],"rotation":{"angle":22.5,"axis":"y","origin":[8.0,17.142857,8.0]},"faces":{"east":{"uv":[1.5,7.25,2.0,9.0],"rotation":0,"texture":"#1","tintindex":0},"south":{"uv":[0.0,7.25,0.5,9.0],"rotation":0,"texture":"#1","tintindex":0},"north":{"uv":[1.0,7.25,1.5,9.0],"rotation":0,"texture":"#1","tintindex":0},"west":{"uv":[0.5,7.25,1.0,9.0],"rotation":0,"texture":"#1","tintindex":0},"up":{"uv":[2.0,7.25,2.5,7.75],"rotation":0,"texture":"#1","tintindex":0},"down":{"uv":[2.5,7.75,3.0,7.25],"rotation":0,"texture":"#1","tintindex":0}}},{"from":[3.142857,17.142857,4.8571424],"to":[12.857143,17.714287,11.142858],"rotation":{"angle":22.5,"axis":"y","origin":[8.0,17.142857,8.0]},"faces":{"east":{"uv":[8.25,0.75,11.0,0.5],"rotation":0,"texture":"#1","tintindex":0},"south":{"uv":[8.25,0.5,12.5,0.25],"rotation":0,"texture":"#1","tintindex":0},"north":{"uv":[8.25,0.25,12.5,0.0],"rotation":0,"texture":"#1","tintindex":0},"west":{"uv":[8.25,1.0,11.0,0.75],"rotation":0,"texture":"#1","tintindex":0},"up":{"uv":[4.25,5.5,0.0,2.75],"rotation":0,"texture":"#1","tintindex":0},"down":{"uv":[4.25,0.0,0.0,2.75],"rotation":0,"texture":"#1","tintindex":0}}}],"display":{"head":{"translation":[0.0,-6.4,0.0],"scale":[4.0,4.0,4.0]}}}