{"textures":{"0":"modelengine:entity/spineffect"},"elements":[{"from":[-6.811429,9.234285,-6.811429],"to":[22.811428,10.221714,22.811428],"rotation":{"angle":0.0,"axis":"y","origin":[8.0,0.0,8.0]},"faces":{"east":{"uv":[8.0,8.0,9.0,7.0],"rotation":0,"texture":"#0","tintindex":0},"south":{"uv":[8.0,8.0,9.0,7.0],"rotation":0,"texture":"#0","tintindex":0},"north":{"uv":[8.0,8.0,9.0,7.0],"rotation":0,"texture":"#0","tintindex":0},"west":{"uv":[8.0,8.0,9.0,7.0],"rotation":0,"texture":"#0","tintindex":0},"up":{"uv":[8.0,7.0,9.0,8.0],"rotation":0,"texture":"#0","tintindex":0},"down":{"uv":[0.0,0.0,16.0,16.0],"rotation":0,"texture":"#0","tintindex":0}}},{"from":[-6.811429,5.2342854,-6.811429],"to":[22.811428,6.221714,22.811428],"rotation":{"angle":0.0,"axis":"y","origin":[8.0,0.0,8.0]},"faces":{"east":{"uv":[8.0,8.0,9.0,7.0],"rotation":0,"texture":"#0","tintindex":0},"south":{"uv":[8.0,8.0,9.0,7.0],"rotation":0,"texture":"#0","tintindex":0},"north":{"uv":[8.0,8.0,9.0,7.0],"rotation":0,"texture":"#0","tintindex":0},"west":{"uv":[8.0,8.0,9.0,7.0],"rotation":0,"texture":"#0","tintindex":0},"up":{"uv":[8.0,7.0,9.0,8.0],"rotation":0,"texture":"#0","tintindex":0},"down":{"uv":[0.0,0.0,16.0,16.0],"rotation":0,"texture":"#0","tintindex":0}}},{"from":[-6.811429,8.064,-6.811429],"to":[22.811428,9.051429,22.811428],"rotation":{"angle":0.0,"axis":"y","origin":[8.0,0.0,8.0]},"faces":{"east":{"uv":[8.0,7.0,9.0,8.0],"rotation":0,"texture":"#0","tintindex":0},"south":{"uv":[8.0,7.0,9.0,8.0],"rotation":0,"texture":"#0","tintindex":0},"north":{"uv":[8.0,7.0,9.0,8.0],"rotation":0,"texture":"#0","tintindex":0},"west":{"uv":[8.0,7.0,9.0,8.0],"rotation":0,"texture":"#0","tintindex":0},"up":{"uv":[0.0,16.0,16.0,0.0],"rotation":0,"texture":"#0","tintindex":0},"down":{"uv":[8.0,8.0,9.0,7.0],"rotation":0,"texture":"#0","tintindex":0}}},{"from":[-6.811429,4.064,-6.811429],"to":[22.811428,5.051429,22.811428],"rotation":{"angle":0.0,"axis":"y","origin":[8.0,0.0,8.0]},"faces":{"east":{"uv":[8.0,7.0,9.0,8.0],"rotation":0,"texture":"#0","tintindex":0},"south":{"uv":[8.0,7.0,9.0,8.0],"rotation":0,"texture":"#0","tintindex":0},"north":{"uv":[8.0,7.0,9.0,8.0],"rotation":0,"texture":"#0","tintindex":0},"west":{"uv":[8.0,7.0,9.0,8.0],"rotation":0,"texture":"#0","tintindex":0},"up":{"uv":[0.0,16.0,16.0,0.0],"rotation":0,"texture":"#0","tintindex":0},"down":{"uv":[8.0,8.0,9.0,7.0],"rotation":0,"texture":"#0","tintindex":0}}}],"display":{"head":{"translation":[0.0,-6.4,0.0],"scale":[4.0,4.0,4.0]}}}