{"textures":{"0":"modelengine:entity/rpg_mushroom"},"elements":[{"from":[6.285714,7.428571,6.285714],"to":[9.714286,11.428572,9.714286],"rotation":{"angle":0.0,"axis":"y","origin":[8.571428,2.8571424,8.0]},"faces":{"east":{"uv":[11.5,3.5,13.0,5.25],"rotation":0,"texture":"#0","tintindex":0},"south":{"uv":[11.5,1.75,13.0,3.5],"rotation":0,"texture":"#0","tintindex":0},"north":{"uv":[10.0,3.0,11.5,4.75],"rotation":0,"texture":"#0","tintindex":0},"west":{"uv":[11.5,0.0,13.0,1.75],"rotation":0,"texture":"#0","tintindex":0},"up":{"uv":[11.5,1.5,10.0,0.0],"rotation":0,"texture":"#0","tintindex":0},"down":{"uv":[11.5,1.5,10.0,3.0],"rotation":0,"texture":"#0","tintindex":0}}}],"display":{"head":{"translation":[0.0,-6.4,0.0],"scale":[4.0,4.0,4.0]}}}