{"textures":{"0":"modelengine:entity/rpg_mushroom"},"elements":[{"from":[7.428571,8.0,7.428571],"to":[8.571428,9.142858,8.571428],"rotation":{"angle":0.0,"axis":"y","origin":[8.0,8.0,8.0]},"faces":{"east":{"uv":[15.5,0.0,16.0,0.5],"rotation":0,"texture":"#0","tintindex":0},"south":{"uv":[15.5,0.0,16.0,0.5],"rotation":0,"texture":"#0","tintindex":0},"north":{"uv":[15.5,0.0,16.0,0.5],"rotation":0,"texture":"#0","tintindex":0},"west":{"uv":[15.5,0.0,16.0,0.5],"rotation":0,"texture":"#0","tintindex":0},"up":{"uv":[15.5,0.0,16.0,0.5],"rotation":0,"texture":"#0","tintindex":0},"down":{"uv":[15.5,0.0,16.0,0.5],"rotation":0,"texture":"#0","tintindex":0}}}],"display":{"head":{"translation":[0.0,-6.4,0.0],"scale":[4.0,4.0,4.0]}}}