{"textures":{"0":"modelengine:entity/rpg_mushroom"},"elements":[{"from":[6.857143,6.285714,7.428571],"to":[8.571428,8.571428,9.142858],"rotation":{"angle":0.0,"axis":"y","origin":[9.142858,6.285714,8.0]},"faces":{"east":{"uv":[10.25,9.25,9.5,10.25],"rotation":0,"texture":"#0","tintindex":0},"south":{"uv":[10.25,8.25,9.5,9.25],"rotation":0,"texture":"#0","tintindex":0},"north":{"uv":[7.75,9.25,7.0,10.25],"rotation":0,"texture":"#0","tintindex":0},"west":{"uv":[10.25,7.25,9.5,8.25],"rotation":0,"texture":"#0","tintindex":0},"up":{"uv":[0.0,10.5,0.75,9.75],"rotation":0,"texture":"#0","tintindex":0},"down":{"uv":[0.75,9.75,1.5,10.5],"rotation":0,"texture":"#0","tintindex":0}}}],"display":{"head":{"translation":[0.0,-6.4,0.0],"scale":[4.0,4.0,4.0]}}}