{"textures":{"0":"modelengine:entity/dungeon_chandelier"},"elements":[{"from":[7.9542856,-4.493373,-0.04571438],"to":[7.9542856,3.506628,15.954287],"rotation":{"angle":0.0,"axis":"y","origin":[7.9542856,-4.493373,7.9542856]},"faces":{"east":{"uv":[0.0,0.0,7.0,3.5],"rotation":0,"texture":"#0","tintindex":0},"south":{"uv":[0.0,0.0,0.0,3.5],"rotation":0,"texture":"#0","tintindex":0},"north":{"uv":[0.0,0.0,0.0,3.5],"rotation":0,"texture":"#0","tintindex":0},"west":{"uv":[7.0,0.0,0.0,3.5],"rotation":0,"texture":"#0","tintindex":0},"up":{"uv":[0.0,7.0,0.0,0.0],"rotation":0,"texture":"#0","tintindex":0},"down":{"uv":[0.0,0.0,0.0,7.0],"rotation":0,"texture":"#0","tintindex":0}}},{"from":[6.24,3.506628,6.24],"to":[9.668571,4.649485,9.668571],"rotation":{"angle":0.0,"axis":"y","origin":[7.9542856,3.506628,7.9542856]},"faces":{"east":{"uv":[7.0,4.0,8.5,4.5],"rotation":0,"texture":"#0","tintindex":0},"south":{"uv":[7.0,4.5,8.5,5.0],"rotation":0,"texture":"#0","tintindex":0},"north":{"uv":[3.25,7.0,4.75,7.5],"rotation":0,"texture":"#0","tintindex":0},"west":{"uv":[4.75,7.0,6.25,7.5],"rotation":0,"texture":"#0","tintindex":0},"up":{"uv":[1.5,8.5,0.0,7.0],"rotation":0,"texture":"#0","tintindex":0},"down":{"uv":[8.5,0.0,7.0,1.5],"rotation":0,"texture":"#0","tintindex":0}}},{"from":[7.5257144,3.506628,15.097143],"to":[8.668571,3.506628,16.240002],"rotation":{"angle":0.0,"axis":"y","origin":[6.9542856,2.3637705,14.525715]},"faces":{"east":{"uv":[0.0,0.0,0.5,0.0],"rotation":0,"texture":"#0","tintindex":0},"south":{"uv":[0.0,0.0,0.5,0.0],"rotation":0,"texture":"#0","tintindex":0},"north":{"uv":[0.0,0.0,0.5,0.0],"rotation":0,"texture":"#0","tintindex":0},"west":{"uv":[0.0,0.0,0.5,0.0],"rotation":0,"texture":"#0","tintindex":0},"up":{"uv":[7.5,6.5,7.0,6.0],"rotation":0,"texture":"#0","tintindex":0},"down":{"uv":[6.75,7.0,6.25,7.5],"rotation":0,"texture":"#0","tintindex":0}}},{"from":[7.8114285,3.506628,15.382857],"to":[8.382857,5.792342,15.954287],"rotation":{"angle":0.0,"axis":"y","origin":[7.24,2.3637705,14.811429]},"faces":{"east":{"uv":[6.75,7.0,7.0,8.0],"rotation":0,"texture":"#0","tintindex":0},"south":{"uv":[7.25,6.5,7.5,7.5],"rotation":0,"texture":"#0","tintindex":0},"north":{"uv":[7.0,6.5,7.25,7.5],"rotation":0,"texture":"#0","tintindex":0},"west":{"uv":[3.25,7.5,3.5,8.5],"rotation":0,"texture":"#0","tintindex":0},"up":{"uv":[3.75,7.75,3.5,7.5],"rotation":0,"texture":"#0","tintindex":0},"down":{"uv":[4.0,7.5,3.75,7.75],"rotation":0,"texture":"#0","tintindex":0}}},{"from":[7.0971427,4.518774,9.012014],"to":[8.811429,7.9473457,9.012014],"rotation":{"angle":-22.5,"axis":"x","origin":[7.9542856,6.23306,9.012014]},"faces":{"east":{"uv":[0.0,0.0,0.0,1.5],"rotation":0,"texture":"#0","tintindex":0},"south":{"uv":[7.0,1.5,7.75,3.0],"rotation":0,"texture":"#0","tintindex":0},"north":{"uv":[7.75,1.5,7.0,3.0],"rotation":0,"texture":"#0","tintindex":0},"west":{"uv":[0.0,0.0,0.0,1.5],"rotation":0,"texture":"#0","tintindex":0},"up":{"uv":[0.75,0.0,0.0,0.0],"rotation":0,"texture":"#0","tintindex":0},"down":{"uv":[0.75,0.0,0.0,0.0],"rotation":0,"texture":"#0","tintindex":0}}},{"from":[6.8114285,7.506628,6.8114285],"to":[9.097143,8.078056,9.097143],"rotation":{"angle":0.0,"axis":"y","origin":[7.9542856,6.9351993,7.9542856]},"faces":{"east":{"uv":[7.0,5.25,8.0,5.5],"rotation":0,"texture":"#0","tintindex":0},"south":{"uv":[7.0,5.5,8.0,5.75],"rotation":0,"texture":"#0","tintindex":0},"north":{"uv":[7.0,5.0,8.0,5.25],"rotation":0,"texture":"#0","tintindex":0},"west":{"uv":[7.0,5.75,8.0,6.0],"rotation":0,"texture":"#0","tintindex":0},"up":{"uv":[3.25,8.0,2.25,7.0],"rotation":0,"texture":"#0","tintindex":0},"down":{"uv":[8.0,3.0,7.0,4.0],"rotation":0,"texture":"#0","tintindex":0}}},{"from":[7.0971427,4.518774,6.896557],"to":[8.811429,7.9473457,6.896557],"rotation":{"angle":22.5,"axis":"x","origin":[7.9542856,6.23306,6.896557]},"faces":{"east":{"uv":[0.0,0.0,0.0,1.5],"rotation":0,"texture":"#0","tintindex":0},"south":{"uv":[7.75,1.5,7.0,3.0],"rotation":0,"texture":"#0","tintindex":0},"north":{"uv":[7.0,1.5,7.75,3.0],"rotation":0,"texture":"#0","tintindex":0},"west":{"uv":[0.0,0.0,0.0,1.5],"rotation":0,"texture":"#0","tintindex":0},"up":{"uv":[0.0,0.0,0.75,0.0],"rotation":0,"texture":"#0","tintindex":0},"down":{"uv":[0.0,0.0,0.75,0.0],"rotation":0,"texture":"#0","tintindex":0}}},{"from":[7.5257144,1.7923417,11.668571],"to":[8.668571,1.7923417,12.811429],"rotation":{"angle":0.0,"axis":"y","origin":[6.9542856,0.64948463,11.097143]},"faces":{"east":{"uv":[0.0,0.0,0.5,0.0],"rotation":0,"texture":"#0","tintindex":0},"south":{"uv":[0.0,0.0,0.5,0.0],"rotation":0,"texture":"#0","tintindex":0},"north":{"uv":[0.0,0.0,0.5,0.0],"rotation":0,"texture":"#0","tintindex":0},"west":{"uv":[0.0,0.0,0.5,0.0],"rotation":0,"texture":"#0","tintindex":0},"up":{"uv":[7.5,6.5,7.0,6.0],"rotation":0,"texture":"#0","tintindex":0},"down":{"uv":[6.75,7.0,6.25,7.5],"rotation":0,"texture":"#0","tintindex":0}}},{"from":[7.8114285,1.7923417,11.954286],"to":[8.382857,4.0780563,12.525715],"rotation":{"angle":0.0,"axis":"y","origin":[7.24,0.64948463,11.382857]},"faces":{"east":{"uv":[6.75,7.0,7.0,8.0],"rotation":0,"texture":"#0","tintindex":0},"south":{"uv":[7.25,6.5,7.5,7.5],"rotation":0,"texture":"#0","tintindex":0},"north":{"uv":[7.0,6.5,7.25,7.5],"rotation":0,"texture":"#0","tintindex":0},"west":{"uv":[3.25,7.5,3.5,8.5],"rotation":0,"texture":"#0","tintindex":0},"up":{"uv":[3.75,7.75,3.5,7.5],"rotation":0,"texture":"#0","tintindex":0},"down":{"uv":[4.0,7.5,3.75,7.75],"rotation":0,"texture":"#0","tintindex":0}}},{"from":[7.8114285,3.506628,-0.04571438],"to":[8.382857,5.792342,0.5257139],"rotation":{"angle":0.0,"axis":"y","origin":[7.24,2.3637705,1.0971427]},"faces":{"east":{"uv":[7.0,7.0,6.75,8.0],"rotation":0,"texture":"#0","tintindex":0},"south":{"uv":[7.25,6.5,7.0,7.5],"rotation":0,"texture":"#0","tintindex":0},"north":{"uv":[7.5,6.5,7.25,7.5],"rotation":0,"texture":"#0","tintindex":0},"west":{"uv":[3.5,7.5,3.25,8.5],"rotation":0,"texture":"#0","tintindex":0},"up":{"uv":[3.75,7.5,3.5,7.75],"rotation":0,"texture":"#0","tintindex":0},"down":{"uv":[4.0,7.75,3.75,7.5],"rotation":0,"texture":"#0","tintindex":0}}},{"from":[7.5257144,3.506628,-0.33142853],"to":[8.668571,3.506628,0.81142807],"rotation":{"angle":0.0,"axis":"y","origin":[6.9542856,2.3637705,1.3828568]},"faces":{"east":{"uv":[0.5,0.0,0.0,0.0],"rotation":0,"texture":"#0","tintindex":0},"south":{"uv":[0.5,0.0,0.0,0.0],"rotation":0,"texture":"#0","tintindex":0},"north":{"uv":[0.5,0.0,0.0,0.0],"rotation":0,"texture":"#0","tintindex":0},"west":{"uv":[0.5,0.0,0.0,0.0],"rotation":0,"texture":"#0","tintindex":0},"up":{"uv":[7.5,6.0,7.0,6.5],"rotation":0,"texture":"#0","tintindex":0},"down":{"uv":[6.75,7.5,6.25,7.0],"rotation":0,"texture":"#0","tintindex":0}}},{"from":[7.5257144,1.7923417,3.0971427],"to":[8.668571,1.7923417,4.24],"rotation":{"angle":0.0,"axis":"y","origin":[6.9542856,0.64948463,4.8114285]},"faces":{"east":{"uv":[0.5,0.0,0.0,0.0],"rotation":0,"texture":"#0","tintindex":0},"south":{"uv":[0.5,0.0,0.0,0.0],"rotation":0,"texture":"#0","tintindex":0},"north":{"uv":[0.5,0.0,0.0,0.0],"rotation":0,"texture":"#0","tintindex":0},"west":{"uv":[0.5,0.0,0.0,0.0],"rotation":0,"texture":"#0","tintindex":0},"up":{"uv":[7.5,6.0,7.0,6.5],"rotation":0,"texture":"#0","tintindex":0},"down":{"uv":[6.75,7.5,6.25,7.0],"rotation":0,"texture":"#0","tintindex":0}}},{"from":[7.8114285,1.7923417,3.3828568],"to":[8.382857,4.0780563,3.9542856],"rotation":{"angle":0.0,"axis":"y","origin":[7.24,0.64948463,4.525714]},"faces":{"east":{"uv":[7.0,7.0,6.75,8.0],"rotation":0,"texture":"#0","tintindex":0},"south":{"uv":[7.25,6.5,7.0,7.5],"rotation":0,"texture":"#0","tintindex":0},"north":{"uv":[7.5,6.5,7.25,7.5],"rotation":0,"texture":"#0","tintindex":0},"west":{"uv":[3.5,7.5,3.25,8.5],"rotation":0,"texture":"#0","tintindex":0},"up":{"uv":[3.75,7.5,3.5,7.75],"rotation":0,"texture":"#0","tintindex":0},"down":{"uv":[4.0,7.75,3.75,7.5],"rotation":0,"texture":"#0","tintindex":0}}},{"from":[9.012014,4.518774,7.0971427],"to":[9.012014,7.9473457,8.811429],"rotation":{"angle":22.5,"axis":"z","origin":[9.012014,6.23306,7.9542856]},"faces":{"east":{"uv":[7.0,1.5,7.75,3.0],"rotation":0,"texture":"#0","tintindex":0},"south":{"uv":[0.0,0.0,0.0,1.5],"rotation":0,"texture":"#0","tintindex":0},"north":{"uv":[0.0,0.0,0.0,1.5],"rotation":0,"texture":"#0","tintindex":0},"west":{"uv":[7.75,1.5,7.0,3.0],"rotation":0,"texture":"#0","tintindex":0},"up":{"uv":[0.0,0.0,0.75,0.0],"rotation":90,"texture":"#0","tintindex":0},"down":{"uv":[0.0,0.0,0.75,0.0],"rotation":270,"texture":"#0","tintindex":0}}},{"from":[6.896557,4.518774,7.0971427],"to":[6.896557,7.9473457,8.811429],"rotation":{"angle":-22.5,"axis":"z","origin":[6.896557,6.23306,7.9542856]},"faces":{"east":{"uv":[7.75,1.5,7.0,3.0],"rotation":0,"texture":"#0","tintindex":0},"south":{"uv":[0.0,0.0,0.0,1.5],"rotation":0,"texture":"#0","tintindex":0},"north":{"uv":[0.0,0.0,0.0,1.5],"rotation":0,"texture":"#0","tintindex":0},"west":{"uv":[7.0,1.5,7.75,3.0],"rotation":0,"texture":"#0","tintindex":0},"up":{"uv":[0.75,0.0,0.0,0.0],"rotation":90,"texture":"#0","tintindex":0},"down":{"uv":[0.75,0.0,0.0,0.0],"rotation":270,"texture":"#0","tintindex":0}}},{"from":[-0.04571438,3.506628,7.8114285],"to":[0.5257139,5.792342,8.382857],"rotation":{"angle":0.0,"axis":"y","origin":[1.0971427,2.3637705,7.24]},"faces":{"east":{"uv":[7.0,6.5,7.25,7.5],"rotation":0,"texture":"#0","tintindex":0},"south":{"uv":[6.75,7.0,7.0,8.0],"rotation":0,"texture":"#0","tintindex":0},"north":{"uv":[3.25,7.5,3.5,8.5],"rotation":0,"texture":"#0","tintindex":0},"west":{"uv":[7.25,6.5,7.5,7.5],"rotation":0,"texture":"#0","tintindex":0},"up":{"uv":[3.75,7.75,3.5,7.5],"rotation":90,"texture":"#0","tintindex":0},"down":{"uv":[4.0,7.5,3.75,7.75],"rotation":270,"texture":"#0","tintindex":0}}},{"from":[-0.33142853,3.506628,7.5257144],"to":[0.81142807,3.506628,8.668571],"rotation":{"angle":0.0,"axis":"y","origin":[1.3828568,2.3637705,6.9542856]},"faces":{"east":{"uv":[0.0,0.0,0.5,0.0],"rotation":0,"texture":"#0","tintindex":0},"south":{"uv":[0.0,0.0,0.5,0.0],"rotation":0,"texture":"#0","tintindex":0},"north":{"uv":[0.0,0.0,0.5,0.0],"rotation":0,"texture":"#0","tintindex":0},"west":{"uv":[0.0,0.0,0.5,0.0],"rotation":0,"texture":"#0","tintindex":0},"up":{"uv":[7.5,6.5,7.0,6.0],"rotation":90,"texture":"#0","tintindex":0},"down":{"uv":[6.75,7.0,6.25,7.5],"rotation":270,"texture":"#0","tintindex":0}}},{"from":[-0.04571438,-4.493373,7.9542856],"to":[15.954287,3.506628,7.9542856],"rotation":{"angle":0.0,"axis":"y","origin":[7.9542856,-4.493373,7.9542856]},"faces":{"east":{"uv":[0.0,0.0,0.0,3.5],"rotation":0,"texture":"#0","tintindex":0},"south":{"uv":[0.0,0.0,7.0,3.5],"rotation":0,"texture":"#0","tintindex":0},"north":{"uv":[7.0,0.0,0.0,3.5],"rotation":0,"texture":"#0","tintindex":0},"west":{"uv":[0.0,0.0,0.0,3.5],"rotation":0,"texture":"#0","tintindex":0},"up":{"uv":[0.0,7.0,0.0,0.0],"rotation":90,"texture":"#0","tintindex":0},"down":{"uv":[0.0,0.0,0.0,7.0],"rotation":270,"texture":"#0","tintindex":0}}},{"from":[3.0971427,1.7923417,7.5257144],"to":[4.24,1.7923417,8.668571],"rotation":{"angle":0.0,"axis":"y","origin":[4.8114285,0.64948463,6.9542856]},"faces":{"east":{"uv":[0.0,0.0,0.5,0.0],"rotation":0,"texture":"#0","tintindex":0},"south":{"uv":[0.0,0.0,0.5,0.0],"rotation":0,"texture":"#0","tintindex":0},"north":{"uv":[0.0,0.0,0.5,0.0],"rotation":0,"texture":"#0","tintindex":0},"west":{"uv":[0.0,0.0,0.5,0.0],"rotation":0,"texture":"#0","tintindex":0},"up":{"uv":[7.5,6.5,7.0,6.0],"rotation":90,"texture":"#0","tintindex":0},"down":{"uv":[6.75,7.0,6.25,7.5],"rotation":270,"texture":"#0","tintindex":0}}},{"from":[3.3828568,1.7923417,7.8114285],"to":[3.9542856,4.0780563,8.382857],"rotation":{"angle":0.0,"axis":"y","origin":[4.525714,0.64948463,7.24]},"faces":{"east":{"uv":[7.0,6.5,7.25,7.5],"rotation":0,"texture":"#0","tintindex":0},"south":{"uv":[6.75,7.0,7.0,8.0],"rotation":0,"texture":"#0","tintindex":0},"north":{"uv":[3.25,7.5,3.5,8.5],"rotation":0,"texture":"#0","tintindex":0},"west":{"uv":[7.25,6.5,7.5,7.5],"rotation":0,"texture":"#0","tintindex":0},"up":{"uv":[3.75,7.75,3.5,7.5],"rotation":90,"texture":"#0","tintindex":0},"down":{"uv":[4.0,7.5,3.75,7.75],"rotation":270,"texture":"#0","tintindex":0}}},{"from":[15.382857,3.506628,7.8114285],"to":[15.954287,5.792342,8.382857],"rotation":{"angle":0.0,"axis":"y","origin":[14.811429,2.3637705,7.24]},"faces":{"east":{"uv":[7.5,6.5,7.25,7.5],"rotation":0,"texture":"#0","tintindex":0},"south":{"uv":[7.0,7.0,6.75,8.0],"rotation":0,"texture":"#0","tintindex":0},"north":{"uv":[3.5,7.5,3.25,8.5],"rotation":0,"texture":"#0","tintindex":0},"west":{"uv":[7.25,6.5,7.0,7.5],"rotation":0,"texture":"#0","tintindex":0},"up":{"uv":[3.75,7.5,3.5,7.75],"rotation":90,"texture":"#0","tintindex":0},"down":{"uv":[4.0,7.75,3.75,7.5],"rotation":270,"texture":"#0","tintindex":0}}},{"from":[15.097143,3.506628,7.5257144],"to":[16.240002,3.506628,8.668571],"rotation":{"angle":0.0,"axis":"y","origin":[14.525715,2.3637705,6.9542856]},"faces":{"east":{"uv":[0.5,0.0,0.0,0.0],"rotation":0,"texture":"#0","tintindex":0},"south":{"uv":[0.5,0.0,0.0,0.0],"rotation":0,"texture":"#0","tintindex":0},"north":{"uv":[0.5,0.0,0.0,0.0],"rotation":0,"texture":"#0","tintindex":0},"west":{"uv":[0.5,0.0,0.0,0.0],"rotation":0,"texture":"#0","tintindex":0},"up":{"uv":[7.5,6.0,7.0,6.5],"rotation":90,"texture":"#0","tintindex":0},"down":{"uv":[6.75,7.5,6.25,7.0],"rotation":270,"texture":"#0","tintindex":0}}},{"from":[11.668571,1.7923417,7.5257144],"to":[12.811429,1.7923417,8.668571],"rotation":{"angle":0.0,"axis":"y","origin":[11.097143,0.64948463,6.9542856]},"faces":{"east":{"uv":[0.5,0.0,0.0,0.0],"rotation":0,"texture":"#0","tintindex":0},"south":{"uv":[0.5,0.0,0.0,0.0],"rotation":0,"texture":"#0","tintindex":0},"north":{"uv":[0.5,0.0,0.0,0.0],"rotation":0,"texture":"#0","tintindex":0},"west":{"uv":[0.5,0.0,0.0,0.0],"rotation":0,"texture":"#0","tintindex":0},"up":{"uv":[7.5,6.0,7.0,6.5],"rotation":90,"texture":"#0","tintindex":0},"down":{"uv":[6.75,7.5,6.25,7.0],"rotation":270,"texture":"#0","tintindex":0}}},{"from":[11.954286,1.7923417,7.8114285],"to":[12.525715,4.0780563,8.382857],"rotation":{"angle":0.0,"axis":"y","origin":[11.382857,0.64948463,7.24]},"faces":{"east":{"uv":[7.5,6.5,7.25,7.5],"rotation":0,"texture":"#0","tintindex":0},"south":{"uv":[7.0,7.0,6.75,8.0],"rotation":0,"texture":"#0","tintindex":0},"north":{"uv":[3.5,7.5,3.25,8.5],"rotation":0,"texture":"#0","tintindex":0},"west":{"uv":[7.25,6.5,7.0,7.5],"rotation":0,"texture":"#0","tintindex":0},"up":{"uv":[3.75,7.5,3.5,7.75],"rotation":90,"texture":"#0","tintindex":0},"down":{"uv":[4.0,7.75,3.75,7.5],"rotation":270,"texture":"#0","tintindex":0}}},{"from":[3.3828568,-1.6362295,3.3828568],"to":[12.525715,-1.6362295,12.525715],"rotation":{"angle":0.0,"axis":"y","origin":[8.525714,-1.6362295,7.3828573]},"faces":{"east":{"uv":[0.0,0.0,4.0,0.0],"rotation":0,"texture":"#0","tintindex":0},"south":{"uv":[0.0,0.0,4.0,0.0],"rotation":0,"texture":"#0","tintindex":0},"north":{"uv":[0.0,0.0,4.0,0.0],"rotation":0,"texture":"#0","tintindex":0},"west":{"uv":[0.0,0.0,4.0,0.0],"rotation":0,"texture":"#0","tintindex":0},"up":{"uv":[8.5,0.25,12.25,4.0],"rotation":0,"texture":"#0","tintindex":0},"down":{"uv":[8.5,0.25,12.25,4.0],"rotation":0,"texture":"#0","tintindex":0}}}],"display":{"head":{"translation":[0.0,-6.4,0.0],"scale":[4.0,4.0,4.0]}}}