{"sources":[{"type":"single","resource":"customcrops:base/sprinkler_2_item"},{"type":"single","resource":"customcrops:corn/stage_2"},{"type":"single","resource":"customcrops:corn/stage_3"},{"type":"single","resource":"customcrops:corn/stage_1"},{"type":"single","resource":"customcrops:eggplant/eggplant_seeds"},{"type":"single","resource":"customcrops:corn/stage_4"},{"type":"single","resource":"customcrops:eggplant/eggplant_golden_star"},{"type":"single","resource":"customcrops:chinese_cabbage/chinese_cabbage_seeds"},{"type":"single","resource":"_iainternal:icons/icon_left_blue"},{"type":"single","resource":"customcrops:redpacket/stage"},{"type":"single","resource":"customcrops:base/speed_2"},{"type":"single","resource":"customcrops:garlic/garlic_seeds"},{"type":"single","resource":"customcrops:tomato/tomato"},{"type":"single","resource":"customcrops:base/speed_3"},{"type":"single","resource":"customcrops:cabbage/cabbage_golden_star"},{"type":"single","resource":"_iainternal:icons/icon_next_orange"},{"type":"single","resource":"customcrops:base/speed_1"},{"type":"single","resource":"customcrops:garlic/garlic_silver_star"},{"type":"single","resource":"customcrops:cabbage/side"},{"type":"single","resource":"customcrops:tomato/tomato_seeds"},{"type":"single","resource":"customcrops:apple/stage"},{"type":"single","resource":"customcrops:base/sprinkler_1_item"},{"type":"single","resource":"customcrops:eggplant/eggplant"},{"type":"single","resource":"customcrops:pineapple/gigantic"},{"type":"single","resource":"customcrops:pineapple/stage"},{"type":"single","resource":"customcrops:base/sprinkler_3"},{"type":"single","resource":"customcrops:base/sprinkler_2"},{"type":"single","resource":"customcrops:base/sprinkler_1"},{"type":"single","resource":"customcrops:corn/corn_seeds"},{"type":"single","resource":"customcrops:eggplant/eggplant_silver_star"},{"type":"single","resource":"customcrops:grape/grape"},{"type":"single","resource":"customcrops:cabbage/cabbage"},{"type":"single","resource":"customcrops:hop/hop_silver_star"},{"type":"single","resource":"_iainternal:icons/icon_cancel"},{"type":"single","resource":"customcrops:pineapple/pineapple_seeds"},{"type":"single","resource":"customcrops:base/scarecrow"},{"type":"single","resource":"customcrops:corn/corn_golden_star"},{"type":"single","resource":"_iainternal:icons/icon_arrow_chest"},{"type":"single","resource":"customcrops:pitaya/pitaya_silver_star"},{"type":"single","resource":"customcrops:hop/hop_golden_star"},{"type":"single","resource":"customcrops:corn/corn"},{"type":"single","resource":"customcrops:cabbage/cabbage_seeds"},{"type":"single","resource":"customcrops:base/soil_surveyor"},{"type":"single","resource":"customcrops:tomato/tomato_leaves"},{"type":"single","resource":"customcrops:garlic/garlic_golden_star"},{"type":"single","resource":"customcrops:pepper/stage_2"},{"type":"single","resource":"customcrops:pepper/stage_3"},{"type":"single","resource":"customcrops:pepper/stage_4"},{"type":"single","resource":"customcrops:grape/grape_golden_star"},{"type":"single","resource":"customcrops:grape/stage_5"},{"type":"single","resource":"customcrops:pepper/stage_5"},{"type":"single","resource":"customcrops:redpacket/redpacket_seeds"},{"type":"single","resource":"customcrops:pepper/stage_1"},{"type":"single","resource":"customcrops:grape/stage_4"},{"type":"single","resource":"customcrops:corn/corn_silver_star"},{"type":"single","resource":"customcrops:grape/stage_3"},{"type":"single","resource":"customcrops:grape/stage_2"},{"type":"single","resource":"customcrops:grape/stage_1"},{"type":"single","resource":"customcrops:tomato/tomato_golden_star"},{"type":"single","resource":"customcrops:eggplant/stage_1"},{"type":"single","resource":"customcrops:base/greenhouse_glass"},{"type":"single","resource":"customcrops:cabbage/cabbage_leaves"},{"type":"single","resource":"customcrops:chinese_cabbage/chinese_cabbage_golden_star"},{"type":"single","resource":"customcrops:hop/hop"},{"type":"single","resource":"customcrops:cabbage/stage_2"},{"type":"single","resource":"customcrops:cabbage/stage_1"},{"type":"single","resource":"customcrops:pineapple/pineapple_golden_star"},{"type":"single","resource":"customcrops:pitaya/pitaya"},{"type":"single","resource":"customcrops:cabbage/stage_3"},{"type":"single","resource":"customcrops:base/gigantic_3"},{"type":"single","resource":"customcrops:eggplant/stage_4"},{"type":"single","resource":"customcrops:base/gigantic_2"},{"type":"single","resource":"customcrops:eggplant/stage_3"},{"type":"single","resource":"customcrops:base/gigantic_1"},{"type":"single","resource":"customcrops:eggplant/stage_2"},{"type":"single","resource":"customcrops:hop/stage"},{"type":"single","resource":"customcrops:grape/grape_silver_star"},{"type":"single","resource":"customcrops:base/dead_crop"},{"type":"single","resource":"customcrops:base/quantity_2"},{"type":"single","resource":"customcrops:base/quantity_3"},{"type":"single","resource":"customcrops:pineapple/pineapple"},{"type":"single","resource":"customcrops:chinese_cabbage/stage"},{"type":"single","resource":"customcrops:base/retaining_3"},{"type":"single","resource":"customcrops:base/retaining_2"},{"type":"single","resource":"customcrops:tomato/tomato_silver_star"},{"type":"single","resource":"customcrops:base/retaining_1"},{"type":"single","resource":"customcrops:base/quantity_1"},{"type":"single","resource":"customcrops:pepper/pepper_seeds"},{"type":"single","resource":"customcrops:base/watering_can_3"},{"type":"single","resource":"customcrops:base/watering_can_4"},{"type":"single","resource":"customcrops:pitaya/pitaya_golden_star"},{"type":"single","resource":"customcrops:base/watering_can_1"},{"type":"single","resource":"customcrops:base/watering_can_2"},{"type":"single","resource":"customcrops:redpacket/fu_character"},{"type":"single","resource":"customcrops:garlic/stage_1"},{"type":"single","resource":"customcrops:grape/grape_seeds"},{"type":"single","resource":"customcrops:pitaya/pitaya_seeds"},{"type":"single","resource":"customcrops:cabbage/cabbage_silver_star"},{"type":"single","resource":"customcrops:hop/hop_seeds"},{"type":"single","resource":"customcrops:garlic/stage_4"},{"type":"single","resource":"customcrops:chinese_cabbage/chinese_cabbage_silver_star"},{"type":"single","resource":"customcrops:garlic/stage_3"},{"type":"single","resource":"customcrops:garlic/stage_2"},{"type":"single","resource":"_iainternal:icons/icon_back_orange"},{"type":"single","resource":"customcrops:base/pot"},{"type":"single","resource":"customcrops:pepper/pepper_golden_star"},{"type":"single","resource":"customcrops:tomato/stage_4"},{"type":"single","resource":"customcrops:tomato/stage_2"},{"type":"single","resource":"customcrops:redpacket/redpacket"},{"type":"single","resource":"customcrops:tomato/stage_3"},{"type":"single","resource":"customcrops:pitaya/stage"},{"type":"single","resource":"customcrops:base/water_effect"},{"type":"single","resource":"customcrops:tomato/stage_1"},{"type":"single","resource":"_iainternal:icons/icon_search"},{"type":"single","resource":"_iainternal:icons/icon_right_blue"},{"type":"single","resource":"customcrops:tomato/tomato_side"},{"type":"single","resource":"customcrops:chinese_cabbage/chinese_cabbage"},{"type":"single","resource":"customcrops:base/sprinkler_3_item"},{"type":"single","resource":"customcrops:pepper/pepper"},{"type":"single","resource":"customcrops:garlic/garlic"},{"type":"single","resource":"customcrops:base/crow_land"},{"type":"single","resource":"customcrops:base/quality_1"},{"type":"single","resource":"customcrops:base/quality_2"},{"type":"single","resource":"customcrops:base/quality_3"},{"type":"single","resource":"customcrops:base/crow_fly"},{"type":"single","resource":"customcrops:pineapple/pineapple_silver_star"},{"type":"single","resource":"customcrops:pepper/pepper_silver_star"}]}