{"parent":"minecraft:item/generated","textures":{"layer0":"minecraft:item/paper"},"overrides":[{"predicate":{"custom_model_data":10000},"model":"_iainternal:ia_auto_gen/icon_left_blue"},{"predicate":{"custom_model_data":10001},"model":"_iainternal:ia_auto_gen/icon_right_blue"},{"predicate":{"custom_model_data":10002},"model":"_iainternal:ia_auto_gen/icon_search"},{"predicate":{"custom_model_data":10003},"model":"_iainternal:ia_auto_gen/icon_cancel"},{"predicate":{"custom_model_data":10004},"model":"_iainternal:ia_auto_gen/icon_arrow_chest"},{"predicate":{"custom_model_data":10005},"model":"_iainternal:ia_auto_gen/icon_back_orange"},{"predicate":{"custom_model_data":10006},"model":"_iainternal:ia_auto_gen/icon_next_orange"},{"predicate":{"custom_model_data":10030},"model":"lzfurniture:furniture/medieval_market/medieval_market_stalltable"},{"predicate":{"custom_model_data":10031},"model":"lzfurniture:furniture/medieval_market/medieval_market_scarecrow"},{"predicate":{"custom_model_data":10032},"model":"lzfurniture:furniture/medieval_market/medieval_market_campfire"},{"predicate":{"custom_model_data":10033},"model":"lzfurniture:furniture/medieval_market/medieval_market_chest"},{"predicate":{"custom_model_data":10034},"model":"lzfurniture:furniture/medieval_market/medieval_market_direction_sign"},{"predicate":{"custom_model_data":10035},"model":"lzfurniture:furniture/medieval_market/medieval_market_hangingpot"},{"predicate":{"custom_model_data":10036},"model":"lzfurniture:furniture/medieval_market/medieval_market_haybales"},{"predicate":{"custom_model_data":10037},"model":"lzfurniture:furniture/medieval_market/medieval_market_lantern"},{"predicate":{"custom_model_data":10038},"model":"lzfurniture:furniture/medieval_market/medieval_market_marketstall_red"},{"predicate":{"custom_model_data":10039},"model":"lzfurniture:furniture/medieval_market/medieval_market_marketstall_purple"},{"predicate":{"custom_model_data":10040},"model":"lzfurniture:furniture/medieval_market/medieval_market_open_chest"},{"predicate":{"custom_model_data":10041},"model":"lzfurniture:furniture/medieval_market/medieval_market_pot"},{"predicate":{"custom_model_data":10042},"model":"lzfurniture:furniture/medieval_market/medieval_market_bench"},{"predicate":{"custom_model_data":10043},"model":"lzfurniture:furniture/medieval_market/medieval_market_box"},{"predicate":{"custom_model_data":10044},"model":"lzfurniture:furniture/medieval_market/medieval_market_box_apples"},{"predicate":{"custom_model_data":10045},"model":"lzfurniture:furniture/medieval_market/medieval_market_box_bread"},{"predicate":{"custom_model_data":10046},"model":"lzfurniture:furniture/medieval_market/medieval_market_bed"},{"predicate":{"custom_model_data":10047},"model":"lzfurniture:furniture/medieval_market/medieval_market_barell"},{"predicate":{"custom_model_data":10048},"model":"lzfurniture:furniture/medieval_market/medieval_market_bath"},{"predicate":{"custom_model_data":10049},"model":"lzfurniture:furniture/medieval_market/medieval_market_bag"},{"predicate":{"custom_model_data":10050},"model":"lzfurniture:furniture/medieval_market/medieval_market_chair"},{"predicate":{"custom_model_data":10051},"model":"lzfurniture:furniture/medieval_market/medieval_market_stool"},{"predicate":{"custom_model_data":10052},"model":"lzfurniture:furniture/medieval_market/medieval_market_table"},{"predicate":{"custom_model_data":10053},"model":"lzfurniture:furniture/medieval_market/medieval_market_wagon_red"},{"predicate":{"custom_model_data":10054},"model":"lzfurniture:furniture/medieval_market/medieval_market_wagon_purple"},{"predicate":{"custom_model_data":10055},"model":"lzfurniture:furniture/medieval_market/medieval_market_wagon2"},{"predicate":{"custom_model_data":10056},"model":"lzfurniture:furniture/medieval_market/medieval_market_wall_lantern"},{"predicate":{"custom_model_data":10057},"model":"lzfurniture:furniture/medieval_market/medieval_market_well"},{"predicate":{"custom_model_data":10058},"model":"lzfurniture:furniture/medieval_market/medieval_market_wood_pile"},{"predicate":{"custom_model_data":10059},"model":"item/paper"}]}