{"textures":{"0":"modelengine:entity/fisherman_prop"},"elements":[{"from":[7.0800056,4.9030266,5.428571],"to":[7.6514344,10.617312,6.5714283],"rotation":{"angle":0.0,"axis":"y","origin":[12.7942915,4.9030266,8.857143]},"faces":{"east":{"uv":[3.8875,6.2625,4.1125,7.4875],"rotation":0,"texture":"#0","tintindex":0},"south":{"uv":[6.5125,5.8875,6.6125,7.1125],"rotation":0,"texture":"#0","tintindex":0},"north":{"uv":[5.1375,6.2625,5.2375,7.4875],"rotation":0,"texture":"#0","tintindex":0},"west":{"uv":[4.1375,6.2625,4.3625,7.4875],"rotation":0,"texture":"#0","tintindex":0},"up":{"uv":[6.6125,1.2375,6.5125,1.0125],"rotation":0,"texture":"#0","tintindex":0},"down":{"uv":[6.9875,1.7625,6.8875,1.9875],"rotation":0,"texture":"#0","tintindex":0}}},{"from":[17.93715,4.9030266,5.428571],"to":[18.50858,10.617312,12.857143],"rotation":{"angle":0.0,"axis":"y","origin":[23.651436,4.9030266,8.857143]},"faces":{"east":{"uv":[4.5125,1.3875,6.1125,2.6125],"rotation":0,"texture":"#0","tintindex":0},"south":{"uv":[1.5125,6.6375,1.6125,7.8625],"rotation":0,"texture":"#0","tintindex":0},"north":{"uv":[1.3875,6.6375,1.4875,7.8625],"rotation":0,"texture":"#0","tintindex":0},"west":{"uv":[4.5125,1.3875,6.1125,2.6125],"rotation":0,"texture":"#0","tintindex":0},"up":{"uv":[4.9875,7.8625,4.8875,6.2625],"rotation":0,"texture":"#0","tintindex":0},"down":{"uv":[5.1125,6.2625,5.0125,7.8625],"rotation":0,"texture":"#0","tintindex":0}}},{"from":[7.0800056,4.9030266,11.714286],"to":[7.6514344,10.617312,12.857143],"rotation":{"angle":0.0,"axis":"y","origin":[12.7942915,4.9030266,15.142858]},"faces":{"east":{"uv":[4.3875,6.2625,4.6125,7.4875],"rotation":0,"texture":"#0","tintindex":0},"south":{"uv":[1.2625,6.6375,1.3625,7.8625],"rotation":0,"texture":"#0","tintindex":0},"north":{"uv":[1.1375,6.6375,1.2375,7.8625],"rotation":0,"texture":"#0","tintindex":0},"west":{"uv":[4.6375,6.2625,4.8625,7.4875],"rotation":0,"texture":"#0","tintindex":0},"up":{"uv":[1.9875,7.1125,1.8875,6.8875],"rotation":0,"texture":"#0","tintindex":0},"down":{"uv":[2.1125,6.8875,2.0125,7.1125],"rotation":0,"texture":"#0","tintindex":0}}},{"from":[7.0800056,9.474456,6.5714283],"to":[7.6514344,10.617312,11.714286],"rotation":{"angle":0.0,"axis":"y","origin":[12.7942915,4.9030266,15.142858]},"faces":{"east":{"uv":[6.1375,3.5125,7.2375,3.7375],"rotation":0,"texture":"#0","tintindex":0},"south":{"uv":[2.1375,6.8875,2.2375,7.1125],"rotation":0,"texture":"#0","tintindex":0},"north":{"uv":[6.8875,2.0125,6.9875,2.2375],"rotation":0,"texture":"#0","tintindex":0},"west":{"uv":[1.0125,6.3875,2.1125,6.6125],"rotation":0,"texture":"#0","tintindex":0},"up":{"uv":[3.2375,7.7375,3.1375,6.6375],"rotation":0,"texture":"#0","tintindex":0},"down":{"uv":[6.7375,6.1375,6.6375,7.2375],"rotation":0,"texture":"#0","tintindex":0}}},{"from":[7.0800056,4.9030266,6.5714283],"to":[7.6514344,6.045884,11.714286],"rotation":{"angle":0.0,"axis":"y","origin":[12.7942915,0.3315978,15.142858]},"faces":{"east":{"uv":[2.1375,6.3875,3.2375,6.6125],"rotation":0,"texture":"#0","tintindex":0},"south":{"uv":[2.3875,6.8875,2.4875,7.1125],"rotation":0,"texture":"#0","tintindex":0},"north":{"uv":[2.2625,6.8875,2.3625,7.1125],"rotation":0,"texture":"#0","tintindex":0},"west":{"uv":[6.5125,0.0125,7.6125,0.2375],"rotation":0,"texture":"#0","tintindex":0},"up":{"uv":[6.8625,2.1125,6.7625,1.0125],"rotation":0,"texture":"#0","tintindex":0},"down":{"uv":[6.8625,3.7625,6.7625,4.8625],"rotation":0,"texture":"#0","tintindex":0}}},{"from":[7.6514344,4.9030266,5.428571],"to":[17.93715,10.617312,6.0],"rotation":{"angle":0.0,"axis":"y","origin":[12.7942915,4.9030266,8.857143]},"faces":{"east":{"uv":[1.0125,6.6375,1.1125,7.8625],"rotation":0,"texture":"#0","tintindex":0},"south":{"uv":[0.0125,3.0125,2.2375,4.2375],"rotation":0,"texture":"#0","tintindex":0},"north":{"uv":[0.0125,3.0125,2.2375,4.2375],"rotation":0,"texture":"#0","tintindex":0},"west":{"uv":[6.6375,1.0125,6.7375,2.2375],"rotation":0,"texture":"#0","tintindex":0},"up":{"uv":[8.3625,3.3625,6.1375,3.2625],"rotation":0,"texture":"#0","tintindex":0},"down":{"uv":[8.3625,3.3875,6.1375,3.4875],"rotation":0,"texture":"#0","tintindex":0}}},{"from":[7.6514344,4.9030266,12.285715],"to":[17.93715,10.617312,12.857143],"rotation":{"angle":0.0,"axis":"y","origin":[12.7942915,4.9030266,9.428572]},"faces":{"east":{"uv":[1.1125,6.6375,1.0125,7.8625],"rotation":0,"texture":"#0","tintindex":0},"south":{"uv":[2.2375,3.0125,0.0125,4.2375],"rotation":0,"texture":"#0","tintindex":0},"north":{"uv":[2.2375,3.0125,0.0125,4.2375],"rotation":0,"texture":"#0","tintindex":0},"west":{"uv":[6.7375,1.0125,6.6375,2.2375],"rotation":0,"texture":"#0","tintindex":0},"up":{"uv":[8.3625,3.2625,6.1375,3.3625],"rotation":0,"texture":"#0","tintindex":0},"down":{"uv":[8.3625,3.4875,6.1375,3.3875],"rotation":0,"texture":"#0","tintindex":0}}},{"from":[13.365721,3.0458837,12.0],"to":[14.508577,20.188742,13.142858],"rotation":{"angle":-45.0,"axis":"x","origin":[13.937149,11.617312,12.571428]},"faces":{"east":{"uv":[0.2625,5.6375,0.4875,9.3625],"rotation":0,"texture":"#0","tintindex":0},"south":{"uv":[0.5125,5.6375,0.7375,9.3625],"rotation":0,"texture":"#0","tintindex":0},"north":{"uv":[0.0125,5.6375,0.2375,9.3625],"rotation":0,"texture":"#0","tintindex":0},"west":{"uv":[0.7625,5.6375,0.9875,9.3625],"rotation":0,"texture":"#0","tintindex":0},"up":{"uv":[6.9875,6.6125,6.7625,6.3875],"rotation":0,"texture":"#0","tintindex":0},"down":{"uv":[6.9875,6.6375,6.7625,6.8625],"rotation":0,"texture":"#0","tintindex":0}}},{"from":[13.937149,20.188742,12.0],"to":[13.937149,25.903028,14.285715],"rotation":{"angle":-45.0,"axis":"x","origin":[13.937149,11.617312,12.571428]},"faces":{"east":{"uv":[6.6125,1.2625,6.1375,2.4875],"rotation":0,"texture":"#0","tintindex":0},"south":{"uv":[0.0125,0.0125,0.0125,1.2375],"rotation":0,"texture":"#0","tintindex":0},"north":{"uv":[0.0125,0.0125,0.0125,1.2375],"rotation":0,"texture":"#0","tintindex":0},"west":{"uv":[6.1375,1.2625,6.6125,2.4875],"rotation":0,"texture":"#0","tintindex":0},"up":{"uv":[0.0125,0.4875,0.0125,0.0125],"rotation":0,"texture":"#0","tintindex":0},"down":{"uv":[0.0125,0.0125,0.0125,0.4875],"rotation":0,"texture":"#0","tintindex":0}}},{"from":[7.6514344,10.617312,6.0],"to":[17.93715,10.617312,12.285715],"rotation":{"angle":0.0,"axis":"y","origin":[12.7942915,4.9030266,8.857143]},"faces":{"east":{"uv":[0.0125,0.0125,1.4875,0.0125],"rotation":0,"texture":"#0","tintindex":0},"south":{"uv":[0.0125,0.0125,2.2375,0.0125],"rotation":0,"texture":"#0","tintindex":0},"north":{"uv":[0.0125,0.0125,2.2375,0.0125],"rotation":0,"texture":"#0","tintindex":0},"west":{"uv":[0.0125,0.0125,1.4875,0.0125],"rotation":0,"texture":"#0","tintindex":0},"up":{"uv":[2.2375,1.4875,0.0125,0.1375],"rotation":0,"texture":"#0","tintindex":0},"down":{"uv":[2.2375,0.1375,0.0125,1.4875],"rotation":0,"texture":"#0","tintindex":0}}},{"from":[11.708577,10.903027,4.8571424],"to":[18.56572,10.903027,9.428572],"rotation":{"angle":0.0,"axis":"y","origin":[12.851435,4.9030266,8.857143]},"faces":{"east":{"uv":[0.0125,0.0125,0.9875,0.0125],"rotation":0,"texture":"#0","tintindex":0},"south":{"uv":[0.0125,0.0125,1.4875,0.0125],"rotation":0,"texture":"#0","tintindex":0},"north":{"uv":[0.0125,0.0125,1.4875,0.0125],"rotation":0,"texture":"#0","tintindex":0},"west":{"uv":[0.0125,0.0125,0.9875,0.0125],"rotation":0,"texture":"#0","tintindex":0},"up":{"uv":[6.7375,4.8625,5.2625,3.8875],"rotation":0,"texture":"#0","tintindex":0},"down":{"uv":[6.7375,3.8875,5.2625,4.8625],"rotation":0,"texture":"#0","tintindex":0}}},{"from":[9.994291,5.095784,-2.1197252],"to":[18.56572,5.095784,4.16599],"rotation":{"angle":0.0,"axis":"y","origin":[12.851435,-0.90421677,1.8802752]},"faces":{"east":{"uv":[0.0125,0.0125,1.3625,0.0125],"rotation":0,"texture":"#0","tintindex":0},"south":{"uv":[0.0125,0.0125,1.8625,0.0125],"rotation":0,"texture":"#0","tintindex":0},"north":{"uv":[0.0125,0.0125,1.8625,0.0125],"rotation":0,"texture":"#0","tintindex":0},"west":{"uv":[0.0125,0.0125,1.3625,0.0125],"rotation":0,"texture":"#0","tintindex":0},"up":{"uv":[1.8625,5.6125,0.0125,4.2625],"rotation":0,"texture":"#0","tintindex":0},"down":{"uv":[1.8625,4.2625,0.0125,5.6125],"rotation":0,"texture":"#0","tintindex":0}}},{"from":[11.708577,3.5438728,2.2565598],"to":[18.56572,9.829588,2.2565598],"rotation":{"angle":22.5,"axis":"x","origin":[12.851435,3.829587,6.2565603]},"faces":{"east":{"uv":[0.0125,0.0125,0.0125,1.3625],"rotation":0,"texture":"#0","tintindex":0},"south":{"uv":[5.2375,4.2625,3.7625,5.6125],"rotation":0,"texture":"#0","tintindex":0},"north":{"uv":[3.7625,4.2625,5.2375,5.6125],"rotation":0,"texture":"#0","tintindex":0},"west":{"uv":[0.0125,0.0125,0.0125,1.3625],"rotation":0,"texture":"#0","tintindex":0},"up":{"uv":[1.4875,0.0125,0.0125,0.0125],"rotation":0,"texture":"#0","tintindex":0},"down":{"uv":[1.4875,0.0125,0.0125,0.0125],"rotation":0,"texture":"#0","tintindex":0}}},{"from":[18.56572,8.045884,4.8571424],"to":[18.56572,10.903027,9.428572],"rotation":{"angle":0.0,"axis":"y","origin":[12.851435,4.9030266,8.857143]},"faces":{"east":{"uv":[3.2625,5.6375,4.2375,6.2375],"rotation":0,"texture":"#0","tintindex":0},"south":{"uv":[0.0125,0.0125,0.0125,0.6125],"rotation":0,"texture":"#0","tintindex":0},"north":{"uv":[0.0125,0.0125,0.0125,0.6125],"rotation":0,"texture":"#0","tintindex":0},"west":{"uv":[3.2625,5.6375,4.2375,6.2375],"rotation":0,"texture":"#0","tintindex":0},"up":{"uv":[0.0125,0.9875,0.0125,0.0125],"rotation":0,"texture":"#0","tintindex":0},"down":{"uv":[0.0125,0.0125,0.0125,0.9875],"rotation":0,"texture":"#0","tintindex":0}}},{"from":[7.6514344,4.9030266,6.0],"to":[17.93715,4.9030266,12.285715],"rotation":{"angle":0.0,"axis":"y","origin":[12.7942915,-0.81125927,8.857143]},"faces":{"east":{"uv":[0.0125,0.0125,1.4875,0.0125],"rotation":0,"texture":"#0","tintindex":0},"south":{"uv":[0.0125,0.0125,2.2375,0.0125],"rotation":0,"texture":"#0","tintindex":0},"north":{"uv":[0.0125,0.0125,2.2375,0.0125],"rotation":0,"texture":"#0","tintindex":0},"west":{"uv":[0.0125,0.0125,1.4875,0.0125],"rotation":0,"texture":"#0","tintindex":0},"up":{"uv":[2.2375,1.4875,0.0125,0.1375],"rotation":0,"texture":"#0","tintindex":0},"down":{"uv":[2.2375,0.1375,0.0125,1.4875],"rotation":0,"texture":"#0","tintindex":0}}},{"from":[7.714286,6.285714,6.5714283],"to":[8.285714,9.714286,11.714286],"rotation":{"angle":22.5,"axis":"z","origin":[8.0,8.0,8.0]},"faces":{"east":{"uv":[2.1375,5.6375,3.2375,6.3625],"rotation":0,"texture":"#0","tintindex":0},"south":{"uv":[6.7625,4.8875,6.8625,5.6125],"rotation":0,"texture":"#0","tintindex":0},"north":{"uv":[6.7625,2.5125,6.8625,3.2375],"rotation":0,"texture":"#0","tintindex":0},"west":{"uv":[2.1375,5.6375,3.2375,6.3625],"rotation":0,"texture":"#0","tintindex":0},"up":{"uv":[2.9875,7.7375,2.8875,6.6375],"rotation":0,"texture":"#0","tintindex":0},"down":{"uv":[3.1125,6.6375,3.0125,7.7375],"rotation":0,"texture":"#0","tintindex":0}}}],"display":{"head":{"translation":[0.0,-6.4,0.0],"scale":[4.0,4.0,4.0]}}}