{"textures":{"0":"modelengine:entity/fisherman_prop"},"elements":[{"from":[6.095238,9.047619,6.857143],"to":[6.6666665,10.761905,7.428571],"rotation":{"angle":0.0,"axis":"y","origin":[8.095238,9.047619,8.0]},"faces":{"east":{"uv":[6.9875,1.3875,6.8875,1.7375],"rotation":0,"texture":"#0","tintindex":0},"south":{"uv":[6.9875,1.0125,6.8875,1.3625],"rotation":0,"texture":"#0","tintindex":0},"north":{"uv":[1.7375,6.8875,1.6375,7.2375],"rotation":0,"texture":"#0","tintindex":0},"west":{"uv":[1.8625,6.8875,1.7625,7.2375],"rotation":0,"texture":"#0","tintindex":0},"up":{"uv":[5.1125,4.1375,5.0125,4.2375],"rotation":0,"texture":"#0","tintindex":0},"down":{"uv":[5.2375,4.2375,5.1375,4.1375],"rotation":0,"texture":"#0","tintindex":0}}},{"from":[5.5238094,8.190476,6.285714],"to":[6.6666665,9.333333,6.857143],"rotation":{"angle":22.5,"axis":"y","origin":[6.095238,8.761905,6.5714283]},"faces":{"east":{"uv":[2.6125,6.8875,2.5125,7.1125],"rotation":0,"texture":"#0","tintindex":0},"south":{"uv":[6.9875,5.6375,6.7625,5.8625],"rotation":0,"texture":"#0","tintindex":0},"north":{"uv":[6.9875,6.1375,6.7625,6.3625],"rotation":0,"texture":"#0","tintindex":0},"west":{"uv":[6.9875,2.5125,6.8875,2.7375],"rotation":0,"texture":"#0","tintindex":0},"up":{"uv":[4.7375,4.1375,4.5125,4.2375],"rotation":0,"texture":"#0","tintindex":0},"down":{"uv":[4.9875,4.2375,4.7625,4.1375],"rotation":0,"texture":"#0","tintindex":0}}},{"from":[6.6666665,8.476191,6.285714],"to":[9.523809,9.619047,9.714286],"rotation":{"angle":0.0,"axis":"y","origin":[8.095238,9.047619,8.0]},"faces":{"east":{"uv":[4.5125,3.8875,5.2375,4.1125],"rotation":0,"texture":"#0","tintindex":0},"south":{"uv":[2.2625,6.6375,2.8625,6.8625],"rotation":0,"texture":"#0","tintindex":0},"north":{"uv":[1.6375,6.6375,2.2375,6.8625],"rotation":0,"texture":"#0","tintindex":0},"west":{"uv":[6.5125,0.7625,7.2375,0.9875],"rotation":0,"texture":"#0","tintindex":0},"up":{"uv":[6.7375,3.2375,6.1375,2.5125],"rotation":0,"texture":"#0","tintindex":0},"down":{"uv":[3.8625,6.2625,3.2625,6.9875],"rotation":0,"texture":"#0","tintindex":0}}},{"from":[6.6666665,7.904762,5.714286],"to":[9.523809,9.047619,10.285714],"rotation":{"angle":0.0,"axis":"y","origin":[8.095238,9.047619,8.0]},"faces":{"east":{"uv":[6.5125,0.2625,7.4875,0.4875],"rotation":0,"texture":"#0","tintindex":0},"south":{"uv":[6.6375,5.8875,7.2375,6.1125],"rotation":0,"texture":"#0","tintindex":0},"north":{"uv":[6.6375,2.2625,7.2375,2.4875],"rotation":0,"texture":"#0","tintindex":0},"west":{"uv":[6.5125,0.5125,7.4875,0.7375],"rotation":0,"texture":"#0","tintindex":0},"up":{"uv":[5.8625,6.8625,5.2625,5.8875],"rotation":0,"texture":"#0","tintindex":0},"down":{"uv":[6.4875,5.8875,5.8875,6.8625],"rotation":0,"texture":"#0","tintindex":0}}},{"from":[5.5238094,8.190476,9.142858],"to":[6.6666665,9.333333,9.714286],"rotation":{"angle":-22.5,"axis":"y","origin":[6.095238,8.761905,9.428572]},"faces":{"east":{"uv":[2.5125,6.8875,2.6125,7.1125],"rotation":0,"texture":"#0","tintindex":0},"south":{"uv":[6.7625,6.1375,6.9875,6.3625],"rotation":0,"texture":"#0","tintindex":0},"north":{"uv":[6.7625,5.6375,6.9875,5.8625],"rotation":0,"texture":"#0","tintindex":0},"west":{"uv":[6.8875,2.5125,6.9875,2.7375],"rotation":0,"texture":"#0","tintindex":0},"up":{"uv":[4.7375,4.2375,4.5125,4.1375],"rotation":0,"texture":"#0","tintindex":0},"down":{"uv":[4.9875,4.1375,4.7625,4.2375],"rotation":0,"texture":"#0","tintindex":0}}},{"from":[6.095238,9.047619,8.571428],"to":[6.6666665,10.761905,9.142858],"rotation":{"angle":0.0,"axis":"y","origin":[8.095238,9.047619,8.0]},"faces":{"east":{"uv":[6.8875,1.3875,6.9875,1.7375],"rotation":0,"texture":"#0","tintindex":0},"south":{"uv":[1.6375,6.8875,1.7375,7.2375],"rotation":0,"texture":"#0","tintindex":0},"north":{"uv":[6.8875,1.0125,6.9875,1.3625],"rotation":0,"texture":"#0","tintindex":0},"west":{"uv":[1.7625,6.8875,1.8625,7.2375],"rotation":0,"texture":"#0","tintindex":0},"up":{"uv":[5.1125,4.2375,5.0125,4.1375],"rotation":0,"texture":"#0","tintindex":0},"down":{"uv":[5.2375,4.1375,5.1375,4.2375],"rotation":0,"texture":"#0","tintindex":0}}}],"display":{"head":{"translation":[0.0,-6.4,0.0],"scale":[4.0,4.0,4.0]}}}