{"textures":{"0":"modelengine:entity/rpg_mushroom_red"},"elements":[{"from":[5.714286,6.285714,5.714286],"to":[10.285714,10.285714,10.285714],"rotation":{"angle":0.0,"axis":"y","origin":[8.571428,5.142857,8.0]},"faces":{"east":{"uv":[8.0,0.0,10.0,1.75],"rotation":0,"texture":"#0","tintindex":0},"south":{"uv":[8.0,1.75,10.0,3.5],"rotation":0,"texture":"#0","tintindex":0},"north":{"uv":[0.0,8.0,2.0,9.75],"rotation":0,"texture":"#0","tintindex":0},"west":{"uv":[2.0,8.0,4.0,9.75],"rotation":0,"texture":"#0","tintindex":0},"up":{"uv":[8.0,6.0,6.0,4.0],"rotation":0,"texture":"#0","tintindex":0},"down":{"uv":[8.0,6.0,6.0,8.0],"rotation":0,"texture":"#0","tintindex":0}}}],"display":{"head":{"translation":[0.0,-6.4,0.0],"scale":[4.0,4.0,4.0]}}}