{"textures":{"0":"modelengine:entity/rpg_mushroom_red"},"elements":[{"from":[3.4285712,8.0,3.4285712],"to":[12.571428,10.285714,12.571428],"rotation":{"angle":0.0,"axis":"y","origin":[8.571428,0.0,8.0]},"faces":{"east":{"uv":[4.0,1.0,8.0,2.0],"rotation":0,"texture":"#0","tintindex":0},"south":{"uv":[4.0,2.0,8.0,3.0],"rotation":0,"texture":"#0","tintindex":0},"north":{"uv":[4.0,0.0,8.0,1.0],"rotation":0,"texture":"#0","tintindex":0},"west":{"uv":[4.0,3.0,8.0,4.0],"rotation":0,"texture":"#0","tintindex":0},"up":{"uv":[4.0,4.0,0.0,0.0],"rotation":0,"texture":"#0","tintindex":0},"down":{"uv":[4.0,4.0,0.0,8.0],"rotation":0,"texture":"#0","tintindex":0}}},{"from":[5.714286,10.285714,5.714286],"to":[10.285714,13.142858,10.285714],"rotation":{"angle":0.0,"axis":"y","origin":[8.571428,0.0,8.0]},"faces":{"east":{"uv":[4.0,8.0,6.0,9.25],"rotation":0,"texture":"#0","tintindex":0},"south":{"uv":[8.0,4.75,10.0,6.0],"rotation":0,"texture":"#0","tintindex":0},"north":{"uv":[8.0,3.5,10.0,4.75],"rotation":0,"texture":"#0","tintindex":0},"west":{"uv":[6.0,8.0,8.0,9.25],"rotation":0,"texture":"#0","tintindex":0},"up":{"uv":[6.0,6.0,4.0,4.0],"rotation":0,"texture":"#0","tintindex":0},"down":{"uv":[6.0,6.0,4.0,8.0],"rotation":0,"texture":"#0","tintindex":0}}}],"display":{"head":{"translation":[0.0,-6.4,0.0],"scale":[4.0,4.0,4.0]}}}