{"textures":{"0":"modelengine:entity/rpg_mushroom_red"},"elements":[{"from":[7.428571,6.285714,7.428571],"to":[9.142858,8.571428,9.142858],"rotation":{"angle":0.0,"axis":"y","origin":[6.857143,6.285714,8.0]},"faces":{"east":{"uv":[9.5,7.25,10.25,8.25],"rotation":0,"texture":"#0","tintindex":0},"south":{"uv":[9.5,8.25,10.25,9.25],"rotation":0,"texture":"#0","tintindex":0},"north":{"uv":[7.0,9.25,7.75,10.25],"rotation":0,"texture":"#0","tintindex":0},"west":{"uv":[9.5,9.25,10.25,10.25],"rotation":0,"texture":"#0","tintindex":0},"up":{"uv":[0.75,10.5,0.0,9.75],"rotation":0,"texture":"#0","tintindex":0},"down":{"uv":[1.5,9.75,0.75,10.5],"rotation":0,"texture":"#0","tintindex":0}}}],"display":{"head":{"translation":[0.0,-6.4,0.0],"scale":[4.0,4.0,4.0]}}}