{"textures":{"0":"modelengine:entity/uking_s"},"elements":[{"from":[6.285714,-5.1428576,7.5714283],"to":[9.714286,13.142858,8.428572],"rotation":{"angle":0.0,"axis":"y","origin":[8.0,-14.285715,7.428571]},"faces":{"east":{"uv":[13.0,0.0,12.5,16.0],"rotation":0,"texture":"#0","tintindex":0},"south":{"uv":[16.0,0.0,13.0,16.0],"rotation":0,"texture":"#0","tintindex":0},"north":{"uv":[13.0,0.0,16.0,16.0],"rotation":0,"texture":"#0","tintindex":0},"west":{"uv":[12.5,0.0,13.0,16.0],"rotation":0,"texture":"#0","tintindex":0},"up":{"uv":[0.0,0.0,3.0,0.75],"rotation":0,"texture":"#missing","tintindex":0},"down":{"uv":[0.0,0.0,3.0,0.75],"rotation":0,"texture":"#missing","tintindex":0}}},{"from":[7.142857,12.895851,6.082987],"to":[8.857143,14.610137,6.654415],"rotation":{"angle":-22.5,"axis":"x","origin":[9.714286,16.038708,10.082987]},"faces":{"east":{"uv":[3.0,1.0,3.5,2.5],"rotation":0,"texture":"#0","tintindex":0},"south":{"uv":[0.0,0.0,1.5,1.5],"rotation":0,"texture":"#missing","tintindex":0},"north":{"uv":[1.5,1.5,3.0,3.0],"rotation":0,"texture":"#0","tintindex":0},"west":{"uv":[3.0,1.0,3.5,2.5],"rotation":0,"texture":"#0","tintindex":0},"up":{"uv":[0.0,0.0,1.5,0.75],"rotation":0,"texture":"#missing","tintindex":0},"down":{"uv":[0.0,0.0,1.5,0.75],"rotation":0,"texture":"#missing","tintindex":0}}},{"from":[7.142857,13.324423,9.202727],"to":[8.857143,15.038709,9.774157],"rotation":{"angle":22.5,"axis":"x","origin":[9.714286,16.038708,4.7741556]},"faces":{"east":{"uv":[3.5,1.0,3.0,2.5],"rotation":0,"texture":"#0","tintindex":0},"south":{"uv":[3.0,1.5,1.5,3.0],"rotation":0,"texture":"#0","tintindex":0},"north":{"uv":[1.5,0.0,0.0,1.5],"rotation":0,"texture":"#missing","tintindex":0},"west":{"uv":[3.5,1.0,3.0,2.5],"rotation":0,"texture":"#0","tintindex":0},"up":{"uv":[0.0,0.75,1.5,0.0],"rotation":0,"texture":"#missing","tintindex":0},"down":{"uv":[0.0,0.75,1.5,0.0],"rotation":0,"texture":"#missing","tintindex":0}}},{"from":[5.7553883,10.063455,7.5771427],"to":[6.898246,13.492025,8.422857],"rotation":{"angle":22.5,"axis":"z","origin":[5.7553883,11.7777405,7.5657144]},"faces":{"east":{"uv":[3.0,0.75,0.0,0.0],"rotation":270,"texture":"#missing","tintindex":0},"south":{"uv":[2.5,1.0,5.5,0.0],"rotation":270,"texture":"#0","tintindex":0},"north":{"uv":[5.5,1.0,2.5,0.0],"rotation":90,"texture":"#0","tintindex":0},"west":{"uv":[3.0,1.5,0.0,1.0],"rotation":270,"texture":"#0","tintindex":0},"up":{"uv":[0.75,1.0,0.0,0.0],"rotation":270,"texture":"#missing","tintindex":0},"down":{"uv":[0.75,1.0,0.0,0.0],"rotation":270,"texture":"#missing","tintindex":0}}},{"from":[9.101754,10.063455,7.5771427],"to":[10.244612,13.492025,8.422857],"rotation":{"angle":-22.5,"axis":"z","origin":[10.244612,11.7777405,7.5657144]},"faces":{"east":{"uv":[3.0,1.0,0.0,1.5],"rotation":270,"texture":"#0","tintindex":0},"south":{"uv":[2.5,0.0,5.5,1.0],"rotation":270,"texture":"#0","tintindex":0},"north":{"uv":[5.5,0.0,2.5,1.0],"rotation":90,"texture":"#0","tintindex":0},"west":{"uv":[3.0,0.0,0.0,0.75],"rotation":270,"texture":"#missing","tintindex":0},"up":{"uv":[0.75,0.0,0.0,1.0],"rotation":270,"texture":"#missing","tintindex":0},"down":{"uv":[0.75,0.0,0.0,1.0],"rotation":270,"texture":"#missing","tintindex":0}}},{"from":[5.416801,13.148572,7.3733034],"to":[8.273944,17.137142,8.516161],"rotation":{"angle":22.5,"axis":"y","origin":[5.559658,15.142858,7.801875]},"faces":{"east":{"uv":[1.5,8.0,2.5,11.5],"rotation":0,"texture":"#0","tintindex":0},"south":{"uv":[0.0,0.0,2.25,3.5],"rotation":0,"texture":"#missing","tintindex":0},"north":{"uv":[0.0,12.5,2.5,16.0],"rotation":0,"texture":"#0","tintindex":0},"west":{"uv":[0.0,0.0,1.0,3.5],"rotation":0,"texture":"#missing","tintindex":0},"up":{"uv":[0.0,11.5,2.5,12.5],"rotation":0,"texture":"#0","tintindex":0},"down":{"uv":[0.0,0.0,2.5,1.0],"rotation":0,"texture":"#0","tintindex":0}}},{"from":[6.5714283,17.142857,7.142857],"to":[9.428572,18.857143,8.857143],"rotation":{"angle":0.0,"axis":"y","origin":[8.0,-14.285715,7.428571]},"faces":{"east":{"uv":[8.5,1.0,7.0,2.5],"rotation":0,"texture":"#0","tintindex":0},"south":{"uv":[6.0,1.0,3.5,2.5],"rotation":0,"texture":"#0","tintindex":0},"north":{"uv":[3.5,1.0,6.0,2.5],"rotation":0,"texture":"#0","tintindex":0},"west":{"uv":[7.0,1.0,8.5,2.5],"rotation":0,"texture":"#0","tintindex":0},"up":{"uv":[3.0,2.5,5.5,4.0],"rotation":0,"texture":"#0","tintindex":0},"down":{"uv":[0.0,0.0,2.5,1.5],"rotation":0,"texture":"#missing","tintindex":0}}},{"from":[3.4285712,14.285715,7.714286],"to":[4.5714283,16.0,8.285714],"rotation":{"angle":0.0,"axis":"y","origin":[8.285714,-13.1428585,7.428571]},"faces":{"east":{"uv":[0.0,0.0,0.5,1.5],"rotation":0,"texture":"#missing","tintindex":0},"south":{"uv":[7.0,1.0,6.0,2.5],"rotation":0,"texture":"#0","tintindex":0},"north":{"uv":[6.0,1.0,7.0,2.5],"rotation":0,"texture":"#0","tintindex":0},"west":{"uv":[0.0,0.0,0.5,1.5],"rotation":0,"texture":"#missing","tintindex":0},"up":{"uv":[2.5,8.5,3.5,9.0],"rotation":0,"texture":"#0","tintindex":0},"down":{"uv":[2.5,8.0,3.5,8.5],"rotation":0,"texture":"#0","tintindex":0}}},{"from":[1.1428566,12.571428,7.4228573],"to":[3.4285712,17.714287,8.577143],"rotation":{"angle":0.0,"axis":"y","origin":[8.285714,-13.1428585,7.428571]},"faces":{"east":{"uv":[5.5,11.5,6.5,16.0],"rotation":0,"texture":"#0","tintindex":0},"south":{"uv":[4.5,11.5,2.5,16.0],"rotation":0,"texture":"#0","tintindex":0},"north":{"uv":[2.5,11.5,4.5,16.0],"rotation":0,"texture":"#0","tintindex":0},"west":{"uv":[4.5,11.5,5.5,16.0],"rotation":0,"texture":"#0","tintindex":0},"up":{"uv":[0.0,0.0,2.0,1.0],"rotation":0,"texture":"#missing","tintindex":0},"down":{"uv":[0.0,0.0,2.0,1.0],"rotation":0,"texture":"#missing","tintindex":0}}},{"from":[2.6263967,16.153011,7.428571],"to":[4.340682,19.010153,8.571428],"rotation":{"angle":-45.0,"axis":"z","origin":[3.7692537,18.724438,8.0]},"faces":{"east":{"uv":[5.5,9.0,6.5,11.5],"rotation":0,"texture":"#0","tintindex":0},"south":{"uv":[3.0,3.0,1.5,5.5],"rotation":0,"texture":"#0","tintindex":0},"north":{"uv":[1.5,3.0,3.0,5.5],"rotation":0,"texture":"#0","tintindex":0},"west":{"uv":[2.5,9.0,3.5,11.5],"rotation":0,"texture":"#0","tintindex":0},"up":{"uv":[5.5,0.0,7.0,1.0],"rotation":0,"texture":"#0","tintindex":0},"down":{"uv":[0.0,0.0,1.5,1.0],"rotation":0,"texture":"#missing","tintindex":0}}},{"from":[1.818274,10.940826,7.428571],"to":[3.5325603,13.79797,8.571428],"rotation":{"angle":45.0,"axis":"z","origin":[2.961131,12.369398,8.0]},"faces":{"east":{"uv":[4.5,9.0,5.5,11.5],"rotation":0,"texture":"#0","tintindex":0},"south":{"uv":[3.0,5.5,1.5,8.0],"rotation":0,"texture":"#0","tintindex":0},"north":{"uv":[1.5,5.5,3.0,8.0],"rotation":0,"texture":"#0","tintindex":0},"west":{"uv":[3.5,9.0,4.5,11.5],"rotation":0,"texture":"#0","tintindex":0},"up":{"uv":[0.0,0.0,1.5,1.0],"rotation":0,"texture":"#missing","tintindex":0},"down":{"uv":[7.0,0.0,8.5,1.0],"rotation":0,"texture":"#0","tintindex":0}}},{"from":[7.428571,18.857143,7.428571],"to":[8.571428,24.0,8.571428],"rotation":{"angle":0.0,"axis":"y","origin":[8.0,-14.285715,7.428571]},"faces":{"east":{"uv":[7.5,11.5,6.5,16.0],"rotation":0,"texture":"#0","tintindex":0},"south":{"uv":[7.5,11.5,6.5,16.0],"rotation":0,"texture":"#0","tintindex":0},"north":{"uv":[6.5,11.5,7.5,16.0],"rotation":0,"texture":"#0","tintindex":0},"west":{"uv":[6.5,11.5,7.5,16.0],"rotation":0,"texture":"#0","tintindex":0},"up":{"uv":[0.0,0.0,1.0,1.0],"rotation":0,"texture":"#missing","tintindex":0},"down":{"uv":[0.0,0.0,1.0,1.0],"rotation":0,"texture":"#missing","tintindex":0}}},{"from":[4.5714283,13.142858,7.142857],"to":[6.285714,17.142857,8.857143],"rotation":{"angle":0.0,"axis":"y","origin":[8.0,-14.285715,7.428571]},"faces":{"east":{"uv":[0.0,0.0,1.5,3.5],"rotation":0,"texture":"#missing","tintindex":0},"south":{"uv":[1.5,8.0,0.0,11.5],"rotation":0,"texture":"#0","tintindex":0},"north":{"uv":[0.0,8.0,1.5,11.5],"rotation":0,"texture":"#0","tintindex":0},"west":{"uv":[0.0,4.5,1.5,8.0],"rotation":0,"texture":"#0","tintindex":0},"up":{"uv":[0.0,3.0,1.5,4.5],"rotation":0,"texture":"#0","tintindex":0},"down":{"uv":[0.0,1.5,1.5,3.0],"rotation":0,"texture":"#0","tintindex":0}}},{"from":[5.416801,13.148572,7.483839],"to":[8.273944,17.137142,8.626697],"rotation":{"angle":-22.5,"axis":"y","origin":[5.559658,15.142858,8.198125]},"faces":{"east":{"uv":[2.5,8.0,1.5,11.5],"rotation":0,"texture":"#0","tintindex":0},"south":{"uv":[2.5,12.5,0.0,16.0],"rotation":0,"texture":"#0","tintindex":0},"north":{"uv":[2.25,0.0,4.5,3.5],"rotation":0,"texture":"#missing","tintindex":0},"west":{"uv":[1.0,0.0,2.0,3.5],"rotation":0,"texture":"#missing","tintindex":0},"up":{"uv":[0.0,12.5,2.5,11.5],"rotation":0,"texture":"#0","tintindex":0},"down":{"uv":[0.0,1.0,2.5,0.0],"rotation":0,"texture":"#0","tintindex":0}}},{"from":[7.726056,13.154286,7.3733034],"to":[10.583199,17.131428,8.516161],"rotation":{"angle":-22.5,"axis":"y","origin":[10.440342,15.142858,7.801875]},"faces":{"east":{"uv":[1.0,0.0,0.0,3.5],"rotation":0,"texture":"#missing","tintindex":0},"south":{"uv":[2.25,0.0,0.0,3.5],"rotation":0,"texture":"#missing","tintindex":0},"north":{"uv":[2.5,12.5,0.0,16.0],"rotation":0,"texture":"#0","tintindex":0},"west":{"uv":[2.5,8.0,1.5,11.5],"rotation":0,"texture":"#0","tintindex":0},"up":{"uv":[2.5,11.5,0.0,12.5],"rotation":0,"texture":"#0","tintindex":0},"down":{"uv":[2.5,0.0,0.0,1.0],"rotation":0,"texture":"#0","tintindex":0}}},{"from":[12.571428,12.571428,7.4228573],"to":[14.857143,17.714287,8.577143],"rotation":{"angle":0.0,"axis":"y","origin":[7.714286,-13.1428585,7.428571]},"faces":{"east":{"uv":[5.5,11.5,4.5,16.0],"rotation":0,"texture":"#0","tintindex":0},"south":{"uv":[2.5,11.5,4.5,16.0],"rotation":0,"texture":"#0","tintindex":0},"north":{"uv":[4.5,11.5,2.5,16.0],"rotation":0,"texture":"#0","tintindex":0},"west":{"uv":[6.5,11.5,5.5,16.0],"rotation":0,"texture":"#0","tintindex":0},"up":{"uv":[2.0,0.0,0.0,1.0],"rotation":0,"texture":"#missing","tintindex":0},"down":{"uv":[2.0,0.0,0.0,1.0],"rotation":0,"texture":"#missing","tintindex":0}}},{"from":[11.659318,16.153011,7.428571],"to":[13.373604,19.010153,8.571428],"rotation":{"angle":45.0,"axis":"z","origin":[12.230746,18.724438,8.0]},"faces":{"east":{"uv":[3.5,9.0,2.5,11.5],"rotation":0,"texture":"#0","tintindex":0},"south":{"uv":[1.5,3.0,3.0,5.5],"rotation":0,"texture":"#0","tintindex":0},"north":{"uv":[3.0,3.0,1.5,5.5],"rotation":0,"texture":"#0","tintindex":0},"west":{"uv":[6.5,9.0,5.5,11.5],"rotation":0,"texture":"#0","tintindex":0},"up":{"uv":[7.0,0.0,5.5,1.0],"rotation":0,"texture":"#0","tintindex":0},"down":{"uv":[1.5,0.0,0.0,1.0],"rotation":0,"texture":"#missing","tintindex":0}}},{"from":[12.46744,10.940826,7.428571],"to":[14.181726,13.79797,8.571428],"rotation":{"angle":-45.0,"axis":"z","origin":[13.038869,12.369398,8.0]},"faces":{"east":{"uv":[4.5,9.0,3.5,11.5],"rotation":0,"texture":"#0","tintindex":0},"south":{"uv":[1.5,5.5,3.0,8.0],"rotation":0,"texture":"#0","tintindex":0},"north":{"uv":[3.0,5.5,1.5,8.0],"rotation":0,"texture":"#0","tintindex":0},"west":{"uv":[5.5,9.0,4.5,11.5],"rotation":0,"texture":"#0","tintindex":0},"up":{"uv":[1.5,0.0,0.0,1.0],"rotation":0,"texture":"#missing","tintindex":0},"down":{"uv":[8.5,0.0,7.0,1.0],"rotation":0,"texture":"#0","tintindex":0}}},{"from":[11.428572,14.285715,7.714286],"to":[12.571428,16.0,8.285714],"rotation":{"angle":0.0,"axis":"y","origin":[7.714286,-13.1428585,7.428571]},"faces":{"east":{"uv":[0.5,0.0,0.0,1.5],"rotation":0,"texture":"#missing","tintindex":0},"south":{"uv":[6.0,1.0,7.0,2.5],"rotation":0,"texture":"#0","tintindex":0},"north":{"uv":[7.0,1.0,6.0,2.5],"rotation":0,"texture":"#0","tintindex":0},"west":{"uv":[0.5,0.0,0.0,1.5],"rotation":0,"texture":"#missing","tintindex":0},"up":{"uv":[3.5,8.5,2.5,9.0],"rotation":0,"texture":"#0","tintindex":0},"down":{"uv":[3.5,8.0,2.5,8.5],"rotation":0,"texture":"#0","tintindex":0}}},{"from":[9.714286,13.142858,7.142857],"to":[11.428572,17.142857,8.857143],"rotation":{"angle":0.0,"axis":"y","origin":[8.0,-14.285715,7.428571]},"faces":{"east":{"uv":[1.5,4.5,0.0,8.0],"rotation":0,"texture":"#0","tintindex":0},"south":{"uv":[0.0,8.0,1.5,11.5],"rotation":0,"texture":"#0","tintindex":0},"north":{"uv":[1.5,8.0,0.0,11.5],"rotation":0,"texture":"#0","tintindex":0},"west":{"uv":[1.5,0.0,0.0,3.5],"rotation":0,"texture":"#missing","tintindex":0},"up":{"uv":[1.5,3.0,0.0,4.5],"rotation":0,"texture":"#0","tintindex":0},"down":{"uv":[1.5,1.5,0.0,3.0],"rotation":0,"texture":"#0","tintindex":0}}},{"from":[7.726056,13.154286,7.483839],"to":[10.583199,17.131428,8.626697],"rotation":{"angle":22.5,"axis":"y","origin":[10.440342,15.142858,8.198125]},"faces":{"east":{"uv":[2.0,0.0,1.0,3.5],"rotation":0,"texture":"#missing","tintindex":0},"south":{"uv":[0.0,12.5,2.5,16.0],"rotation":0,"texture":"#0","tintindex":0},"north":{"uv":[4.5,0.0,2.25,3.5],"rotation":0,"texture":"#missing","tintindex":0},"west":{"uv":[1.5,8.0,2.5,11.5],"rotation":0,"texture":"#0","tintindex":0},"up":{"uv":[2.5,12.5,0.0,11.5],"rotation":0,"texture":"#0","tintindex":0},"down":{"uv":[2.5,1.0,0.0,0.0],"rotation":0,"texture":"#0","tintindex":0}}},{"from":[5.424366,-7.4285717,7.5771427],"to":[9.424366,-3.4285717,8.422857],"rotation":{"angle":45.0,"axis":"z","origin":[8.71008,-5.1428576,8.0]},"faces":{"east":{"uv":[11.5,10.5,12.0,14.0],"rotation":0,"texture":"#0","tintindex":0},"south":{"uv":[11.0,12.5,7.5,16.0],"rotation":0,"texture":"#0","tintindex":0},"north":{"uv":[7.5,12.5,11.0,16.0],"rotation":0,"texture":"#0","tintindex":0},"west":{"uv":[12.0,10.5,12.5,14.0],"rotation":0,"texture":"#0","tintindex":0},"up":{"uv":[6.5,9.5,10.0,10.0],"rotation":0,"texture":"#0","tintindex":0},"down":{"uv":[7.5,11.5,11.0,12.0],"rotation":0,"texture":"#0","tintindex":0}}},{"from":[8.281509,-4.5714293,7.5771427],"to":[12.281509,-0.57142925,8.422857],"rotation":{"angle":45.0,"axis":"z","origin":[8.71008,-5.1428576,8.0]},"faces":{"east":{"uv":[11.5,10.5,12.0,14.0],"rotation":0,"texture":"#0","tintindex":0},"south":{"uv":[9.0,2.5,5.5,6.0],"rotation":0,"texture":"#0","tintindex":0},"north":{"uv":[5.5,2.5,9.0,6.0],"rotation":0,"texture":"#0","tintindex":0},"west":{"uv":[10.0,9.0,10.5,12.5],"rotation":0,"texture":"#0","tintindex":0},"up":{"uv":[6.5,9.5,10.0,10.0],"rotation":0,"texture":"#0","tintindex":0},"down":{"uv":[9.0,7.5,12.5,8.0],"rotation":0,"texture":"#0","tintindex":0}}},{"from":[15.138652,2.2857141,7.5771427],"to":[19.138653,6.285714,8.422857],"rotation":{"angle":45.0,"axis":"z","origin":[8.71008,-5.1428576,8.0]},"faces":{"east":{"uv":[11.0,7.5,11.5,11.0],"rotation":0,"texture":"#0","tintindex":0},"south":{"uv":[10.0,6.0,6.5,9.5],"rotation":0,"texture":"#0","tintindex":0},"north":{"uv":[6.5,6.0,10.0,9.5],"rotation":0,"texture":"#0","tintindex":0},"west":{"uv":[10.5,7.5,11.0,11.0],"rotation":0,"texture":"#0","tintindex":0},"up":{"uv":[6.5,10.5,10.0,11.0],"rotation":0,"texture":"#0","tintindex":0},"down":{"uv":[6.5,10.0,10.0,10.5],"rotation":0,"texture":"#0","tintindex":0}}},{"from":[4.2815084,-8.57143,7.582857],"to":[7.71008,-5.1428576,8.417143],"rotation":{"angle":45.0,"axis":"z","origin":[8.71008,-5.1428576,8.0]},"faces":{"east":{"uv":[11.0,11.0,11.5,14.0],"rotation":0,"texture":"#0","tintindex":0},"south":{"uv":[12.5,0.0,9.5,3.0],"rotation":0,"texture":"#0","tintindex":0},"north":{"uv":[9.5,0.0,12.5,3.0],"rotation":0,"texture":"#0","tintindex":0},"west":{"uv":[10.0,6.0,10.5,9.0],"rotation":0,"texture":"#0","tintindex":0},"up":{"uv":[7.5,11.0,10.5,11.5],"rotation":0,"texture":"#0","tintindex":0},"down":{"uv":[7.5,12.0,10.5,12.5],"rotation":0,"texture":"#0","tintindex":0}}},{"from":[6.857143,24.0,7.142857],"to":[9.142858,26.285715,8.857143],"rotation":{"angle":0.0,"axis":"y","origin":[8.0,-14.285715,7.428571]},"faces":{"east":{"uv":[4.5,6.0,3.0,8.0],"rotation":0,"texture":"#0","tintindex":0},"south":{"uv":[5.0,4.0,3.0,6.0],"rotation":0,"texture":"#0","tintindex":0},"north":{"uv":[3.0,4.0,5.0,6.0],"rotation":0,"texture":"#0","tintindex":0},"west":{"uv":[3.0,6.0,4.5,8.0],"rotation":0,"texture":"#0","tintindex":0},"up":{"uv":[4.5,7.5,6.5,9.0],"rotation":0,"texture":"#0","tintindex":0},"down":{"uv":[4.5,6.0,6.5,7.5],"rotation":0,"texture":"#0","tintindex":0}}}],"display":{"head":{"translation":[0.0,-6.4,0.0],"scale":[4.0,4.0,4.0]}}}