{"textures":{"0":"modelengine:entity/uking_s"},"elements":[{"from":[6.334735,5.477592,8.005714],"to":[6.9061637,7.191878,8.565714],"rotation":{"angle":0.0,"axis":"y","origin":[-15.093838,-14.808125,8.28]},"faces":{"east":{"uv":[11.0,14.5,12.5,15.0],"rotation":270,"texture":"#0","tintindex":0},"south":{"uv":[9.0,2.5,9.5,3.0],"rotation":270,"texture":"#0","tintindex":0},"north":{"uv":[10.5,4.0,9.0,4.5],"rotation":90,"texture":"#0","tintindex":0},"west":{"uv":[10.5,5.0,9.0,5.5],"rotation":270,"texture":"#0","tintindex":0},"up":{"uv":[0.5,0.0,0.0,0.5],"rotation":270,"texture":"#missing","tintindex":0},"down":{"uv":[0.5,0.0,0.0,0.5],"rotation":270,"texture":"#missing","tintindex":0}}},{"from":[9.093836,5.477592,8.005714],"to":[9.665265,7.191878,8.565714],"rotation":{"angle":0.0,"axis":"y","origin":[31.093838,-14.808125,8.28]},"faces":{"east":{"uv":[10.5,5.5,9.0,5.0],"rotation":270,"texture":"#0","tintindex":0},"south":{"uv":[9.0,3.0,9.5,2.5],"rotation":270,"texture":"#0","tintindex":0},"north":{"uv":[10.5,4.5,9.0,4.0],"rotation":90,"texture":"#0","tintindex":0},"west":{"uv":[11.0,15.0,12.5,14.5],"rotation":270,"texture":"#0","tintindex":0},"up":{"uv":[0.5,0.5,0.0,0.0],"rotation":270,"texture":"#missing","tintindex":0},"down":{"uv":[0.5,0.5,0.0,0.0],"rotation":270,"texture":"#missing","tintindex":0}}},{"from":[6.334735,5.477592,10.862858],"to":[6.9061637,7.191878,11.422857],"rotation":{"angle":0.0,"axis":"y","origin":[-15.093838,-14.808125,10.005714]},"faces":{"east":{"uv":[11.0,15.0,12.5,14.5],"rotation":270,"texture":"#0","tintindex":0},"south":{"uv":[10.5,4.5,9.0,4.0],"rotation":90,"texture":"#0","tintindex":0},"north":{"uv":[9.0,3.0,9.5,2.5],"rotation":270,"texture":"#0","tintindex":0},"west":{"uv":[10.5,5.5,9.0,5.0],"rotation":270,"texture":"#0","tintindex":0},"up":{"uv":[0.0,0.0,0.5,0.5],"rotation":270,"texture":"#missing","tintindex":0},"down":{"uv":[0.0,0.0,0.5,0.5],"rotation":270,"texture":"#missing","tintindex":0}}},{"from":[9.093836,5.477592,10.862858],"to":[9.665265,7.191878,11.422857],"rotation":{"angle":0.0,"axis":"y","origin":[31.093838,-14.808125,10.005714]},"faces":{"east":{"uv":[10.5,5.0,9.0,5.5],"rotation":270,"texture":"#0","tintindex":0},"south":{"uv":[10.5,4.0,9.0,4.5],"rotation":90,"texture":"#0","tintindex":0},"north":{"uv":[9.0,2.5,9.5,3.0],"rotation":270,"texture":"#0","tintindex":0},"west":{"uv":[11.0,14.5,12.5,15.0],"rotation":270,"texture":"#0","tintindex":0},"up":{"uv":[0.0,0.5,0.5,0.0],"rotation":270,"texture":"#missing","tintindex":0},"down":{"uv":[0.0,0.5,0.5,0.0],"rotation":270,"texture":"#missing","tintindex":0}}},{"from":[6.4530816,6.9061637,8.0],"to":[7.595939,7.4775925,8.571428],"rotation":{"angle":45.0,"axis":"z","origin":[6.738796,7.191878,8.285714]},"faces":{"east":{"uv":[0.0,0.0,0.5,0.5],"rotation":0,"texture":"#missing","tintindex":0},"south":{"uv":[9.0,3.0,9.5,2.5],"rotation":0,"texture":"#0","tintindex":0},"north":{"uv":[8.5,1.0,9.5,1.5],"rotation":0,"texture":"#0","tintindex":0},"west":{"uv":[0.0,0.0,0.5,0.5],"rotation":0,"texture":"#missing","tintindex":0},"up":{"uv":[8.5,2.0,9.5,2.5],"rotation":0,"texture":"#0","tintindex":0},"down":{"uv":[3.5,8.0,4.5,8.5],"rotation":0,"texture":"#0","tintindex":0}}},{"from":[7.142857,7.428571,8.005714],"to":[8.857143,8.0,8.565714],"rotation":{"angle":0.0,"axis":"y","origin":[8.0,-19.428574,9.142858]},"faces":{"east":{"uv":[0.0,0.0,0.5,0.5],"rotation":0,"texture":"#missing","tintindex":0},"south":{"uv":[9.5,2.5,9.0,3.0],"rotation":0,"texture":"#0","tintindex":0},"north":{"uv":[9.0,3.0,10.5,3.5],"rotation":0,"texture":"#0","tintindex":0},"west":{"uv":[0.0,0.0,0.5,0.5],"rotation":0,"texture":"#missing","tintindex":0},"up":{"uv":[9.0,5.5,10.5,6.0],"rotation":0,"texture":"#0","tintindex":0},"down":{"uv":[11.0,15.0,12.5,15.5],"rotation":0,"texture":"#0","tintindex":0}}},{"from":[6.369398,4.989847,8.0],"to":[7.512255,5.561276,8.571428],"rotation":{"angle":-45.0,"axis":"z","origin":[6.9408264,5.2755613,8.285714]},"faces":{"east":{"uv":[0.5,0.0,1.0,0.5],"rotation":0,"texture":"#missing","tintindex":0},"south":{"uv":[9.0,2.5,9.5,3.0],"rotation":0,"texture":"#0","tintindex":0},"north":{"uv":[9.5,0.5,8.5,1.0],"rotation":0,"texture":"#0","tintindex":0},"west":{"uv":[0.5,0.0,1.0,0.5],"rotation":0,"texture":"#missing","tintindex":0},"up":{"uv":[6.5,11.0,7.5,11.5],"rotation":0,"texture":"#0","tintindex":0},"down":{"uv":[3.5,8.5,4.5,9.0],"rotation":0,"texture":"#0","tintindex":0}}},{"from":[7.142857,4.66947,8.005714],"to":[8.857143,5.2408986,8.565714],"rotation":{"angle":0.0,"axis":"y","origin":[8.0,-18.759102,9.142858]},"faces":{"east":{"uv":[0.0,0.0,0.5,0.5],"rotation":0,"texture":"#missing","tintindex":0},"south":{"uv":[9.5,2.5,9.0,3.0],"rotation":0,"texture":"#0","tintindex":0},"north":{"uv":[9.0,3.5,10.5,4.0],"rotation":0,"texture":"#0","tintindex":0},"west":{"uv":[0.0,0.0,0.5,0.5],"rotation":0,"texture":"#missing","tintindex":0},"up":{"uv":[11.0,14.0,12.5,14.5],"rotation":0,"texture":"#0","tintindex":0},"down":{"uv":[11.0,15.5,12.5,16.0],"rotation":0,"texture":"#0","tintindex":0}}},{"from":[8.487745,4.989847,8.0],"to":[9.630602,5.561276,8.571428],"rotation":{"angle":45.0,"axis":"z","origin":[9.059174,5.2755613,8.285714]},"faces":{"east":{"uv":[1.0,0.0,1.5,0.5],"rotation":0,"texture":"#missing","tintindex":0},"south":{"uv":[9.0,2.5,9.5,3.0],"rotation":0,"texture":"#0","tintindex":0},"north":{"uv":[9.5,1.5,8.5,2.0],"rotation":0,"texture":"#0","tintindex":0},"west":{"uv":[1.0,0.0,1.5,0.5],"rotation":0,"texture":"#missing","tintindex":0},"up":{"uv":[7.5,11.0,6.5,11.5],"rotation":0,"texture":"#0","tintindex":0},"down":{"uv":[4.5,8.5,3.5,9.0],"rotation":0,"texture":"#0","tintindex":0}}},{"from":[8.404061,6.9061637,8.0],"to":[9.546918,7.4775925,8.571428],"rotation":{"angle":-45.0,"axis":"z","origin":[9.261204,7.191878,8.285714]},"faces":{"east":{"uv":[0.5,0.0,1.0,0.5],"rotation":0,"texture":"#missing","tintindex":0},"south":{"uv":[9.5,2.5,9.0,3.0],"rotation":0,"texture":"#0","tintindex":0},"north":{"uv":[8.5,0.0,9.5,0.5],"rotation":0,"texture":"#0","tintindex":0},"west":{"uv":[0.5,0.0,1.0,0.5],"rotation":0,"texture":"#missing","tintindex":0},"up":{"uv":[9.5,2.0,8.5,2.5],"rotation":0,"texture":"#0","tintindex":0},"down":{"uv":[4.5,8.0,3.5,8.5],"rotation":0,"texture":"#0","tintindex":0}}}],"display":{"head":{"translation":[0.0,-6.4,0.0],"scale":[4.0,4.0,4.0]}}}