{"textures":{"0":"modelengine:entity/uking_s"},"elements":[{"from":[6.4530816,6.9061637,7.428571],"to":[7.595939,7.4775925,8.0],"rotation":{"angle":45.0,"axis":"z","origin":[6.738796,7.191878,7.714286]},"faces":{"east":{"uv":[0.5,0.0,0.0,0.5],"rotation":0,"texture":"#missing","tintindex":0},"south":{"uv":[9.5,1.0,8.5,1.5],"rotation":0,"texture":"#0","tintindex":0},"north":{"uv":[9.5,3.0,9.0,2.5],"rotation":0,"texture":"#0","tintindex":0},"west":{"uv":[0.5,0.0,0.0,0.5],"rotation":0,"texture":"#missing","tintindex":0},"up":{"uv":[8.5,2.5,9.5,2.0],"rotation":0,"texture":"#0","tintindex":0},"down":{"uv":[3.5,8.5,4.5,8.0],"rotation":0,"texture":"#0","tintindex":0}}},{"from":[7.142857,7.428571,7.4342856],"to":[8.857143,8.0,7.9942856],"rotation":{"angle":0.0,"axis":"y","origin":[8.0,-19.428574,6.857143]},"faces":{"east":{"uv":[0.5,0.0,0.0,0.5],"rotation":0,"texture":"#missing","tintindex":0},"south":{"uv":[10.5,3.0,9.0,3.5],"rotation":0,"texture":"#0","tintindex":0},"north":{"uv":[9.0,2.5,9.5,3.0],"rotation":0,"texture":"#0","tintindex":0},"west":{"uv":[0.5,0.0,0.0,0.5],"rotation":0,"texture":"#missing","tintindex":0},"up":{"uv":[9.0,6.0,10.5,5.5],"rotation":0,"texture":"#0","tintindex":0},"down":{"uv":[11.0,15.5,12.5,15.0],"rotation":0,"texture":"#0","tintindex":0}}},{"from":[6.369398,4.989847,7.428571],"to":[7.512255,5.561276,8.0],"rotation":{"angle":-45.0,"axis":"z","origin":[6.9408264,5.2755613,7.714286]},"faces":{"east":{"uv":[1.0,0.0,0.5,0.5],"rotation":0,"texture":"#missing","tintindex":0},"south":{"uv":[8.5,0.5,9.5,1.0],"rotation":0,"texture":"#0","tintindex":0},"north":{"uv":[9.5,2.5,9.0,3.0],"rotation":0,"texture":"#0","tintindex":0},"west":{"uv":[1.0,0.0,0.5,0.5],"rotation":0,"texture":"#missing","tintindex":0},"up":{"uv":[6.5,11.5,7.5,11.0],"rotation":0,"texture":"#0","tintindex":0},"down":{"uv":[3.5,9.0,4.5,8.5],"rotation":0,"texture":"#0","tintindex":0}}},{"from":[7.142857,4.66947,7.4342856],"to":[8.857143,5.2408986,7.9942856],"rotation":{"angle":0.0,"axis":"y","origin":[8.0,-18.759102,6.857143]},"faces":{"east":{"uv":[0.5,0.0,0.0,0.5],"rotation":0,"texture":"#missing","tintindex":0},"south":{"uv":[10.5,3.5,9.0,4.0],"rotation":0,"texture":"#0","tintindex":0},"north":{"uv":[9.0,2.5,9.5,3.0],"rotation":0,"texture":"#0","tintindex":0},"west":{"uv":[0.5,0.0,0.0,0.5],"rotation":0,"texture":"#missing","tintindex":0},"up":{"uv":[11.0,14.5,12.5,14.0],"rotation":0,"texture":"#0","tintindex":0},"down":{"uv":[11.0,16.0,12.5,15.5],"rotation":0,"texture":"#0","tintindex":0}}},{"from":[8.487745,4.989847,7.428571],"to":[9.630602,5.561276,8.0],"rotation":{"angle":45.0,"axis":"z","origin":[9.059174,5.2755613,7.714286]},"faces":{"east":{"uv":[1.5,0.0,1.0,0.5],"rotation":0,"texture":"#missing","tintindex":0},"south":{"uv":[8.5,1.5,9.5,2.0],"rotation":0,"texture":"#0","tintindex":0},"north":{"uv":[9.5,2.5,9.0,3.0],"rotation":0,"texture":"#0","tintindex":0},"west":{"uv":[1.5,0.0,1.0,0.5],"rotation":0,"texture":"#missing","tintindex":0},"up":{"uv":[7.5,11.5,6.5,11.0],"rotation":0,"texture":"#0","tintindex":0},"down":{"uv":[4.5,9.0,3.5,8.5],"rotation":0,"texture":"#0","tintindex":0}}},{"from":[8.404061,6.9061637,7.428571],"to":[9.546918,7.4775925,8.0],"rotation":{"angle":-45.0,"axis":"z","origin":[9.261204,7.191878,7.714286]},"faces":{"east":{"uv":[1.0,0.0,0.5,0.5],"rotation":0,"texture":"#missing","tintindex":0},"south":{"uv":[9.5,0.0,8.5,0.5],"rotation":0,"texture":"#0","tintindex":0},"north":{"uv":[9.0,2.5,9.5,3.0],"rotation":0,"texture":"#0","tintindex":0},"west":{"uv":[1.0,0.0,0.5,0.5],"rotation":0,"texture":"#missing","tintindex":0},"up":{"uv":[9.5,2.5,8.5,2.0],"rotation":0,"texture":"#0","tintindex":0},"down":{"uv":[4.5,8.5,3.5,8.0],"rotation":0,"texture":"#0","tintindex":0}}}],"display":{"head":{"translation":[0.0,-6.4,0.0],"scale":[4.0,4.0,4.0]}}}