{"textures":{"0":"modelengine:entity/uking_s"},"elements":[{"from":[1.1428566,26.857143,8.571428],"to":[3.4285712,32.0,8.588572],"rotation":{"angle":0.0,"axis":"y","origin":[8.0,-5.1428585,8.0]},"faces":{"east":{"uv":[5.0,4.0,5.5,4.5],"rotation":0,"texture":"#0","tintindex":0},"south":{"uv":[12.5,3.0,10.5,7.5],"rotation":0,"texture":"#0","tintindex":0},"north":{"uv":[10.5,3.0,12.5,7.5],"rotation":0,"texture":"#0","tintindex":0},"west":{"uv":[5.0,4.0,5.5,4.5],"rotation":0,"texture":"#0","tintindex":0},"up":{"uv":[5.0,4.0,5.5,4.5],"rotation":0,"texture":"#0","tintindex":0},"down":{"uv":[5.0,4.0,5.5,4.5],"rotation":0,"texture":"#0","tintindex":0}}},{"from":[12.571428,26.857143,8.571428],"to":[14.857143,32.0,8.588572],"rotation":{"angle":0.0,"axis":"y","origin":[8.0,-5.1428585,8.0]},"faces":{"east":{"uv":[5.5,4.0,5.0,4.5],"rotation":0,"texture":"#0","tintindex":0},"south":{"uv":[10.5,3.0,12.5,7.5],"rotation":0,"texture":"#0","tintindex":0},"north":{"uv":[12.5,3.0,10.5,7.5],"rotation":0,"texture":"#0","tintindex":0},"west":{"uv":[5.5,4.0,5.0,4.5],"rotation":0,"texture":"#0","tintindex":0},"up":{"uv":[5.5,4.0,5.0,4.5],"rotation":0,"texture":"#0","tintindex":0},"down":{"uv":[5.5,4.0,5.0,4.5],"rotation":0,"texture":"#0","tintindex":0}}},{"from":[8.571428,27.428572,8.571428],"to":[10.857143,31.428574,8.588572],"rotation":{"angle":0.0,"axis":"y","origin":[8.0,-5.1428585,8.0]},"faces":{"east":{"uv":[5.5,4.0,5.0,4.5],"rotation":0,"texture":"#0","tintindex":0},"south":{"uv":[10.5,3.0,12.5,6.5],"rotation":0,"texture":"#0","tintindex":0},"north":{"uv":[12.5,3.0,10.5,6.5],"rotation":0,"texture":"#0","tintindex":0},"west":{"uv":[5.5,4.0,5.0,4.5],"rotation":0,"texture":"#0","tintindex":0},"up":{"uv":[5.5,4.0,5.0,4.5],"rotation":0,"texture":"#0","tintindex":0},"down":{"uv":[5.5,4.0,5.0,4.5],"rotation":0,"texture":"#0","tintindex":0}}},{"from":[5.142857,27.428572,8.571428],"to":[7.428571,31.428574,8.588572],"rotation":{"angle":0.0,"axis":"y","origin":[8.0,-5.1428585,8.0]},"faces":{"east":{"uv":[5.0,4.0,5.5,4.5],"rotation":0,"texture":"#0","tintindex":0},"south":{"uv":[12.5,3.0,10.5,6.5],"rotation":0,"texture":"#0","tintindex":0},"north":{"uv":[10.5,3.0,12.5,6.5],"rotation":0,"texture":"#0","tintindex":0},"west":{"uv":[5.0,4.0,5.5,4.5],"rotation":0,"texture":"#0","tintindex":0},"up":{"uv":[5.0,4.0,5.5,4.5],"rotation":0,"texture":"#0","tintindex":0},"down":{"uv":[5.0,4.0,5.5,4.5],"rotation":0,"texture":"#0","tintindex":0}}}],"display":{"head":{"translation":[0.0,32.457146,0.0],"scale":[4.0,4.0,4.0]}}}