{"textures":{"0":"modelengine:entity/slime_cube"},"elements":[{"from":[7.428571,8.0,7.428571],"to":[8.571428,9.142858,8.571428],"rotation":{"angle":0.0,"axis":"y","origin":[8.0,8.0,8.0]},"faces":{"east":{"uv":[8.0,12.25,8.5,12.75],"rotation":0,"texture":"#0","tintindex":0},"south":{"uv":[8.0,12.25,8.5,12.75],"rotation":0,"texture":"#0","tintindex":0},"north":{"uv":[8.0,12.25,8.5,12.75],"rotation":0,"texture":"#0","tintindex":0},"west":{"uv":[8.0,12.25,8.5,12.75],"rotation":0,"texture":"#0","tintindex":0},"up":{"uv":[8.0,12.25,8.5,12.75],"rotation":0,"texture":"#0","tintindex":0},"down":{"uv":[8.0,12.25,8.5,12.75],"rotation":0,"texture":"#0","tintindex":0}}}],"display":{"head":{"translation":[0.0,-6.4,0.0],"scale":[4.0,4.0,4.0]}}}