{"textures":{"0":"modelengine:entity/slime_cube"},"elements":[{"from":[7.9673767,6.285714,7.97885],"to":[7.9673767,9.714286,10.2645645],"rotation":{"angle":0.0,"axis":"y","origin":[8.538806,6.857143,2.8359928]},"faces":{"east":{"uv":[15.25,6.5,14.25,8.0],"rotation":0,"texture":"#0","tintindex":0},"south":{"uv":[15.25,6.5,15.25,8.0],"rotation":0,"texture":"#0","tintindex":0},"north":{"uv":[15.25,6.5,15.25,8.0],"rotation":0,"texture":"#0","tintindex":0},"west":{"uv":[14.25,6.5,15.25,8.0],"rotation":0,"texture":"#0","tintindex":0},"up":{"uv":[12.75,6.5,12.75,7.5],"rotation":0,"texture":"#0","tintindex":0},"down":{"uv":[12.75,6.5,12.75,7.5],"rotation":0,"texture":"#0","tintindex":0}}},{"from":[6.3183374,6.285714,10.592579],"to":[8.032623,9.714286,10.592579],"rotation":{"angle":22.5,"axis":"y","origin":[7.1754804,8.0,10.592579]},"faces":{"east":{"uv":[14.25,6.5,14.25,8.0],"rotation":0,"texture":"#0","tintindex":0},"south":{"uv":[16.0,6.5,15.25,8.0],"rotation":0,"texture":"#0","tintindex":0},"north":{"uv":[15.25,6.5,16.0,8.0],"rotation":0,"texture":"#0","tintindex":0},"west":{"uv":[14.25,6.5,14.25,8.0],"rotation":0,"texture":"#0","tintindex":0},"up":{"uv":[12.75,6.5,13.5,6.5],"rotation":0,"texture":"#0","tintindex":0},"down":{"uv":[12.75,6.5,13.5,6.5],"rotation":0,"texture":"#0","tintindex":0}}}],"display":{"head":{"translation":[0.0,-6.4,0.0],"scale":[4.0,4.0,4.0]}}}