{"textures":{"0":"modelengine:entity/slime_cube"},"elements":[{"from":[7.7772717,12.985636,7.617222],"to":[8.348701,13.557064,8.18865],"rotation":{"angle":0.0,"axis":"y","origin":[10.634415,-0.72865105,8.18865]},"faces":{"east":{"uv":[10.25,4.5,10.5,4.75],"rotation":0,"texture":"#0","tintindex":0},"south":{"uv":[10.25,4.75,10.5,5.0],"rotation":0,"texture":"#0","tintindex":0},"north":{"uv":[10.25,4.25,10.5,4.5],"rotation":0,"texture":"#0","tintindex":0},"west":{"uv":[5.0,10.25,5.25,10.5],"rotation":0,"texture":"#0","tintindex":0},"up":{"uv":[5.5,10.5,5.25,10.25],"rotation":0,"texture":"#0","tintindex":0},"down":{"uv":[5.75,10.25,5.5,10.5],"rotation":0,"texture":"#0","tintindex":0}}},{"from":[7.2058434,8.985635,7.617222],"to":[8.920129,12.985636,8.18865],"rotation":{"angle":0.0,"axis":"y","origin":[10.634415,-0.72865105,8.18865]},"faces":{"east":{"uv":[4.5,9.25,4.75,11.0],"rotation":0,"texture":"#0","tintindex":0},"south":{"uv":[7.0,8.0,7.75,9.75],"rotation":0,"texture":"#0","tintindex":0},"north":{"uv":[8.0,6.25,8.75,8.0],"rotation":0,"texture":"#0","tintindex":0},"west":{"uv":[4.75,9.25,5.0,11.0],"rotation":0,"texture":"#0","tintindex":0},"up":{"uv":[10.5,8.0,9.75,7.75],"rotation":0,"texture":"#0","tintindex":0},"down":{"uv":[10.75,6.75,10.0,7.0],"rotation":0,"texture":"#0","tintindex":0}}},{"from":[6.6344147,8.4142065,7.3315077],"to":[9.491558,8.985635,8.474365],"rotation":{"angle":0.0,"axis":"y","origin":[10.634415,-0.72865105,8.18865]},"faces":{"east":{"uv":[9.25,10.0,9.75,10.25],"rotation":0,"texture":"#0","tintindex":0},"south":{"uv":[7.75,9.5,9.0,9.75],"rotation":0,"texture":"#0","tintindex":0},"north":{"uv":[9.5,6.0,10.75,6.25],"rotation":0,"texture":"#0","tintindex":0},"west":{"uv":[10.0,9.25,10.5,9.5],"rotation":0,"texture":"#0","tintindex":0},"up":{"uv":[9.0,9.5,7.75,9.0],"rotation":0,"texture":"#0","tintindex":0},"down":{"uv":[10.25,8.0,9.0,8.5],"rotation":0,"texture":"#0","tintindex":0}}},{"from":[7.4915576,6.128492,7.617222],"to":[8.634415,8.4142065,8.18865],"rotation":{"angle":0.0,"axis":"y","origin":[10.634415,-0.72865105,8.18865]},"faces":{"east":{"uv":[6.5,10.0,6.75,11.0],"rotation":0,"texture":"#0","tintindex":0},"south":{"uv":[4.0,9.25,4.5,10.25],"rotation":0,"texture":"#0","tintindex":0},"north":{"uv":[6.5,9.0,7.0,10.0],"rotation":0,"texture":"#0","tintindex":0},"west":{"uv":[6.75,10.0,7.0,11.0],"rotation":0,"texture":"#0","tintindex":0},"up":{"uv":[10.5,9.75,10.0,9.5],"rotation":0,"texture":"#0","tintindex":0},"down":{"uv":[10.25,10.0,9.75,10.25],"rotation":0,"texture":"#0","tintindex":0}}}],"display":{"head":{"translation":[0.0,-6.4,0.0],"scale":[4.0,4.0,4.0]}}}