{"textures":{"0":"modelengine:entity/nocsy_skeleton_warrior"},"elements":[{"from":[7.712,4.8062854,7.5577145],"to":[8.288,8.005143,8.339429],"rotation":{"angle":0.0,"axis":"y","origin":[6.6114283,11.188572,8.0]},"faces":{"east":{"uv":[4.875,4.25,5.0625,4.9375],"rotation":0,"texture":"#0","tintindex":0},"south":{"uv":[1.375,5.75,1.5,6.4375],"rotation":0,"texture":"#0","tintindex":0},"north":{"uv":[5.625,5.375,5.75,6.0625],"rotation":0,"texture":"#0","tintindex":0},"west":{"uv":[2.125,5.0,2.3125,5.6875],"rotation":0,"texture":"#0","tintindex":0},"up":{"uv":[2.75,7.6875,2.625,7.5],"rotation":0,"texture":"#0","tintindex":0},"down":{"uv":[2.875,7.5,2.75,7.6875],"rotation":0,"texture":"#0","tintindex":0}}},{"from":[8.009001,7.199379,7.6959743],"to":[8.842143,8.032521,8.477689],"rotation":{"angle":45.0,"axis":"z","origin":[7.897143,7.254286,7.948571]},"faces":{"east":{"uv":[7.0,5.5,7.1875,5.6875],"rotation":0,"texture":"#0","tintindex":0},"south":{"uv":[6.0,7.0,6.1875,7.1875],"rotation":0,"texture":"#0","tintindex":0},"north":{"uv":[5.25,7.0,5.4375,7.1875],"rotation":0,"texture":"#0","tintindex":0},"west":{"uv":[7.0,6.125,7.1875,6.3125],"rotation":0,"texture":"#0","tintindex":0},"up":{"uv":[6.4375,7.1875,6.25,7.0],"rotation":0,"texture":"#0","tintindex":0},"down":{"uv":[6.6875,7.0,6.5,7.1875],"rotation":0,"texture":"#0","tintindex":0}}},{"from":[7.7861485,4.445234,7.281006],"to":[8.513966,5.6503086,8.605394],"rotation":{"angle":0.0,"axis":"y","origin":[6.270857,13.041829,7.9730287]},"faces":{"east":{"uv":[6.0,1.0,6.3125,1.25],"rotation":0,"texture":"#0","tintindex":0},"south":{"uv":[3.0,6.375,3.1875,6.625],"rotation":0,"texture":"#0","tintindex":0},"north":{"uv":[6.375,2.625,6.5625,2.875],"rotation":0,"texture":"#0","tintindex":0},"west":{"uv":[2.375,6.0,2.6875,6.25],"rotation":0,"texture":"#0","tintindex":0},"up":{"uv":[6.3125,2.9375,6.125,2.625],"rotation":0,"texture":"#0","tintindex":0},"down":{"uv":[2.9375,6.125,2.75,6.4375],"rotation":0,"texture":"#0","tintindex":0}}},{"from":[7.482888,5.6386514,7.476791],"to":[8.49642,6.272297,8.458323],"rotation":{"angle":45.0,"axis":"y","origin":[8.0072,5.962057,7.9717712]},"faces":{"east":{"uv":[7.5,0.875,7.6875,1.0],"rotation":0,"texture":"#0","tintindex":0},"south":{"uv":[7.25,3.375,7.5,3.5],"rotation":0,"texture":"#0","tintindex":0},"north":{"uv":[3.375,7.25,3.625,7.375],"rotation":0,"texture":"#0","tintindex":0},"west":{"uv":[7.5,2.875,7.6875,3.0],"rotation":0,"texture":"#0","tintindex":0},"up":{"uv":[3.875,6.5625,3.625,6.375],"rotation":0,"texture":"#0","tintindex":0},"down":{"uv":[4.125,6.375,3.875,6.5625],"rotation":0,"texture":"#0","tintindex":0}}},{"from":[7.5651197,4.020091,7.2511773],"to":[8.173623,4.8722515,7.591223],"rotation":{"angle":-22.5,"axis":"z","origin":[7.725334,3.8972797,7.935743]},"faces":{"east":{"uv":[5.375,7.875,5.4375,8.0625],"rotation":0,"texture":"#0","tintindex":0},"south":{"uv":[7.5,3.0,7.625,3.1875],"rotation":0,"texture":"#0","tintindex":0},"north":{"uv":[3.0,7.5,3.125,7.6875],"rotation":0,"texture":"#0","tintindex":0},"west":{"uv":[7.875,5.375,7.9375,5.5625],"rotation":0,"texture":"#0","tintindex":0},"up":{"uv":[8.125,5.6875,8.0,5.625],"rotation":0,"texture":"#0","tintindex":0},"down":{"uv":[5.875,8.0,5.75,8.0625],"rotation":0,"texture":"#0","tintindex":0}}},{"from":[7.574165,3.391819,7.3168],"to":[8.051422,4.2270184,7.5554285],"rotation":{"angle":-45.0,"axis":"z","origin":[7.725334,3.8972797,7.935743]},"faces":{"east":{"uv":[5.5,7.875,5.5625,8.0625],"rotation":0,"texture":"#0","tintindex":0},"south":{"uv":[7.5,3.25,7.625,3.4375],"rotation":0,"texture":"#0","tintindex":0},"north":{"uv":[3.125,7.5,3.25,7.6875],"rotation":0,"texture":"#0","tintindex":0},"west":{"uv":[5.625,7.875,5.6875,8.0625],"rotation":0,"texture":"#0","tintindex":0},"up":{"uv":[8.125,5.8125,8.0,5.75],"rotation":0,"texture":"#0","tintindex":0},"down":{"uv":[8.125,5.875,8.0,5.9375],"rotation":0,"texture":"#0","tintindex":0}}},{"from":[7.158401,3.3493543,7.3466287],"to":[7.576001,3.6677542,7.5256],"rotation":{"angle":0.0,"axis":"y","origin":[7.3672013,3.5656972,7.4361143]},"faces":{"east":{"uv":[6.0,8.0,6.0625,8.125],"rotation":0,"texture":"#0","tintindex":0},"south":{"uv":[7.75,5.0,7.875,5.125],"rotation":0,"texture":"#0","tintindex":0},"north":{"uv":[5.0,7.75,5.125,7.875],"rotation":0,"texture":"#0","tintindex":0},"west":{"uv":[8.0,6.0,8.0625,6.125],"rotation":0,"texture":"#0","tintindex":0},"up":{"uv":[8.125,6.1875,8.0,6.125],"rotation":0,"texture":"#0","tintindex":0},"down":{"uv":[8.125,6.25,8.0,6.3125],"rotation":0,"texture":"#0","tintindex":0}}},{"from":[7.574165,3.391819,8.286228],"to":[8.051422,4.2270184,8.5696],"rotation":{"angle":-45.0,"axis":"z","origin":[7.725334,3.8972797,7.935743]},"faces":{"east":{"uv":[7.875,5.625,7.9375,5.8125],"rotation":0,"texture":"#0","tintindex":0},"south":{"uv":[3.75,7.5,3.875,7.6875],"rotation":0,"texture":"#0","tintindex":0},"north":{"uv":[3.625,7.5,3.75,7.6875],"rotation":0,"texture":"#0","tintindex":0},"west":{"uv":[5.875,7.875,5.9375,8.0625],"rotation":0,"texture":"#0","tintindex":0},"up":{"uv":[8.125,6.4375,8.0,6.375],"rotation":0,"texture":"#0","tintindex":0},"down":{"uv":[8.125,6.5,8.0,6.5625],"rotation":0,"texture":"#0","tintindex":0}}},{"from":[7.064082,3.3351684,7.8686285],"to":[7.650596,3.6485395,8.032685],"rotation":{"angle":0.0,"axis":"y","origin":[7.357339,3.4918537,7.9506574]},"faces":{"east":{"uv":[8.0,6.625,8.0625,6.75],"rotation":0,"texture":"#0","tintindex":0},"south":{"uv":[3.875,7.5,4.0625,7.625],"rotation":0,"texture":"#0","tintindex":0},"north":{"uv":[7.5,3.75,7.6875,3.875],"rotation":0,"texture":"#0","tintindex":0},"west":{"uv":[8.0,6.75,8.0625,6.875],"rotation":0,"texture":"#0","tintindex":0},"up":{"uv":[8.0625,2.9375,7.875,2.875],"rotation":0,"texture":"#0","tintindex":0},"down":{"uv":[8.0625,3.375,7.875,3.4375],"rotation":0,"texture":"#0","tintindex":0}}},{"from":[7.121225,3.3351684,8.345885],"to":[7.5934534,3.6485395,8.509943],"rotation":{"angle":0.0,"axis":"y","origin":[7.357339,3.4918537,8.427915]},"faces":{"east":{"uv":[6.875,8.0,6.9375,8.125],"rotation":0,"texture":"#0","tintindex":0},"south":{"uv":[7.75,5.125,7.875,5.25],"rotation":0,"texture":"#0","tintindex":0},"north":{"uv":[5.125,7.75,5.25,7.875],"rotation":0,"texture":"#0","tintindex":0},"west":{"uv":[8.0,6.875,8.0625,7.0],"rotation":0,"texture":"#0","tintindex":0},"up":{"uv":[7.125,8.0625,7.0,8.0],"rotation":0,"texture":"#0","tintindex":0},"down":{"uv":[8.125,7.0,8.0,7.0625],"rotation":0,"texture":"#0","tintindex":0}}},{"from":[7.574165,3.391819,7.8089714],"to":[8.051422,4.2270184,8.092343],"rotation":{"angle":-45.0,"axis":"z","origin":[7.725334,3.8972797,7.935743]},"faces":{"east":{"uv":[7.875,5.875,7.9375,6.0625],"rotation":0,"texture":"#0","tintindex":0},"south":{"uv":[4.125,7.5,4.25,7.6875],"rotation":0,"texture":"#0","tintindex":0},"north":{"uv":[7.5,3.875,7.625,4.0625],"rotation":0,"texture":"#0","tintindex":0},"west":{"uv":[6.125,7.875,6.1875,8.0625],"rotation":0,"texture":"#0","tintindex":0},"up":{"uv":[7.25,8.0625,7.125,8.0],"rotation":0,"texture":"#0","tintindex":0},"down":{"uv":[8.125,7.125,8.0,7.1875],"rotation":0,"texture":"#0","tintindex":0}}},{"from":[7.010606,4.445234,7.221349],"to":[7.440137,5.41168,7.8298516],"rotation":{"angle":-22.5,"axis":"z","origin":[7.3446856,4.9284573,7.5256]},"faces":{"east":{"uv":[7.5,4.125,7.625,4.3125],"rotation":0,"texture":"#0","tintindex":0},"south":{"uv":[6.25,7.875,6.3125,8.0625],"rotation":0,"texture":"#0","tintindex":0},"north":{"uv":[7.875,6.125,7.9375,6.3125],"rotation":0,"texture":"#0","tintindex":0},"west":{"uv":[4.25,7.5,4.375,7.6875],"rotation":0,"texture":"#0","tintindex":0},"up":{"uv":[7.3125,8.125,7.25,8.0],"rotation":0,"texture":"#0","tintindex":0},"down":{"uv":[8.0625,7.25,8.0,7.375],"rotation":0,"texture":"#0","tintindex":0}}},{"from":[6.897257,3.854628,7.2869716],"to":[7.195543,4.6898284,7.7642283],"rotation":{"angle":0.0,"axis":"y","origin":[7.060753,4.003741,7.5256]},"faces":{"east":{"uv":[4.375,7.5,4.5,7.6875],"rotation":0,"texture":"#0","tintindex":0},"south":{"uv":[7.875,6.375,7.9375,6.5625],"rotation":0,"texture":"#0","tintindex":0},"north":{"uv":[6.375,7.875,6.4375,8.0625],"rotation":0,"texture":"#0","tintindex":0},"west":{"uv":[7.5,4.375,7.625,4.5625],"rotation":0,"texture":"#0","tintindex":0},"up":{"uv":[7.4375,8.125,7.375,8.0],"rotation":0,"texture":"#0","tintindex":0},"down":{"uv":[8.0625,7.375,8.0,7.5],"rotation":0,"texture":"#0","tintindex":0}}},{"from":[6.881781,3.6010547,7.3466287],"to":[7.0607524,3.8993406,7.7045712],"rotation":{"angle":22.5,"axis":"z","origin":[7.060753,4.003741,7.5256]},"faces":{"east":{"uv":[5.25,7.75,5.375,7.875],"rotation":0,"texture":"#0","tintindex":0},"south":{"uv":[8.0,7.5,8.0625,7.625],"rotation":0,"texture":"#0","tintindex":0},"north":{"uv":[7.5,8.0,7.5625,8.125],"rotation":0,"texture":"#0","tintindex":0},"west":{"uv":[5.375,7.75,5.5,7.875],"rotation":0,"texture":"#0","tintindex":0},"up":{"uv":[7.6875,8.125,7.625,8.0],"rotation":0,"texture":"#0","tintindex":0},"down":{"uv":[8.0625,7.625,8.0,7.75],"rotation":0,"texture":"#0","tintindex":0}}},{"from":[7.5651197,4.020091,7.7582626],"to":[8.173623,4.8722515,8.128138],"rotation":{"angle":-22.5,"axis":"z","origin":[7.725334,3.8972797,7.935743]},"faces":{"east":{"uv":[6.5,7.875,6.5625,8.0625],"rotation":0,"texture":"#0","tintindex":0},"south":{"uv":[4.625,7.5,4.75,7.6875],"rotation":0,"texture":"#0","tintindex":0},"north":{"uv":[4.5,7.5,4.625,7.6875],"rotation":0,"texture":"#0","tintindex":0},"west":{"uv":[6.625,7.875,6.6875,8.0625],"rotation":0,"texture":"#0","tintindex":0},"up":{"uv":[7.875,8.0625,7.75,8.0],"rotation":0,"texture":"#0","tintindex":0},"down":{"uv":[8.125,7.75,8.0,7.8125],"rotation":0,"texture":"#0","tintindex":0}}},{"from":[7.5651197,4.020091,8.23552],"to":[8.173623,4.8722515,8.620309],"rotation":{"angle":-22.5,"axis":"z","origin":[7.725334,3.8972797,7.935743]},"faces":{"east":{"uv":[7.875,6.625,7.9375,6.8125],"rotation":0,"texture":"#0","tintindex":0},"south":{"uv":[4.75,7.5,4.875,7.6875],"rotation":0,"texture":"#0","tintindex":0},"north":{"uv":[7.5,4.625,7.625,4.8125],"rotation":0,"texture":"#0","tintindex":0},"west":{"uv":[6.75,7.875,6.8125,8.0625],"rotation":0,"texture":"#0","tintindex":0},"up":{"uv":[8.0,8.0625,7.875,8.0],"rotation":0,"texture":"#0","tintindex":0},"down":{"uv":[8.125,7.875,8.0,7.9375],"rotation":0,"texture":"#0","tintindex":0}}},{"from":[7.2253714,5.0776,7.3168],"to":[8.478171,5.6145144,8.5696],"rotation":{"angle":0.0,"axis":"y","origin":[6.270857,13.041829,7.9730287]},"faces":{"east":{"uv":[6.75,0.625,7.0625,0.75],"rotation":0,"texture":"#0","tintindex":0},"south":{"uv":[0.75,6.75,1.0625,6.875],"rotation":0,"texture":"#0","tintindex":0},"north":{"uv":[6.75,0.5,7.0625,0.625],"rotation":0,"texture":"#0","tintindex":0},"west":{"uv":[6.75,1.375,7.0625,1.5],"rotation":0,"texture":"#0","tintindex":0},"up":{"uv":[5.8125,2.9375,5.5,2.625],"rotation":0,"texture":"#0","tintindex":0},"down":{"uv":[5.8125,3.0,5.5,3.3125],"rotation":0,"texture":"#0","tintindex":0}}},{"from":[7.254857,4.2348566,6.9862857],"to":[7.837714,4.817714,9.854857],"rotation":{"angle":0.0,"axis":"y","origin":[6.6114283,11.188572,8.0]},"faces":{"east":{"uv":[2.75,6.0,3.375,6.125],"rotation":0,"texture":"#0","tintindex":0},"south":{"uv":[7.75,5.5,7.875,5.625],"rotation":0,"texture":"#0","tintindex":0},"north":{"uv":[5.5,7.75,5.625,7.875],"rotation":0,"texture":"#0","tintindex":0},"west":{"uv":[6.0,3.375,6.625,3.5],"rotation":0,"texture":"#0","tintindex":0},"up":{"uv":[3.5,6.5,3.375,5.875],"rotation":0,"texture":"#0","tintindex":0},"down":{"uv":[3.625,5.875,3.5,6.5],"rotation":0,"texture":"#0","tintindex":0}}},{"from":[7.1462855,4.1262856,9.163428],"to":[7.9462857,4.9262857,9.677714],"rotation":{"angle":0.0,"axis":"y","origin":[6.6114283,11.188572,8.0]},"faces":{"east":{"uv":[8.0,8.0,8.0625,8.125],"rotation":0,"texture":"#0","tintindex":0},"south":{"uv":[7.75,5.625,7.875,5.75],"rotation":0,"texture":"#0","tintindex":0},"north":{"uv":[5.625,7.75,5.75,7.875],"rotation":0,"texture":"#0","tintindex":0},"west":{"uv":[0.0,8.125,0.0625,8.25],"rotation":0,"texture":"#0","tintindex":0},"up":{"uv":[8.25,0.0625,8.125,0.0],"rotation":0,"texture":"#0","tintindex":0},"down":{"uv":[0.25,8.125,0.125,8.1875],"rotation":0,"texture":"#0","tintindex":0}}},{"from":[7.2605715,3.097714,6.7062855],"to":[7.832,5.954857,6.9919996],"rotation":{"angle":0.0,"axis":"y","origin":[6.6114283,11.188572,8.0]},"faces":{"east":{"uv":[5.5,6.625,5.5625,7.25],"rotation":0,"texture":"#0","tintindex":0},"south":{"uv":[4.625,6.0,4.75,6.625],"rotation":0,"texture":"#0","tintindex":0},"north":{"uv":[6.0,4.5,6.125,5.125],"rotation":0,"texture":"#0","tintindex":0},"west":{"uv":[5.625,6.625,5.6875,7.25],"rotation":0,"texture":"#0","tintindex":0},"up":{"uv":[8.25,0.1875,8.125,0.125],"rotation":0,"texture":"#0","tintindex":0},"down":{"uv":[0.375,8.125,0.25,8.1875],"rotation":0,"texture":"#0","tintindex":0}}},{"from":[7.2605715,5.212,6.4205713],"to":[7.832,6.354857,6.7062855],"rotation":{"angle":0.0,"axis":"y","origin":[6.6114283,11.188572,8.0]},"faces":{"east":{"uv":[5.75,7.75,5.8125,8.0],"rotation":0,"texture":"#0","tintindex":0},"south":{"uv":[3.625,7.25,3.75,7.5],"rotation":0,"texture":"#0","tintindex":0},"north":{"uv":[7.25,3.5,7.375,3.75],"rotation":0,"texture":"#0","tintindex":0},"west":{"uv":[7.75,5.75,7.8125,6.0],"rotation":0,"texture":"#0","tintindex":0},"up":{"uv":[8.25,0.3125,8.125,0.25],"rotation":0,"texture":"#0","tintindex":0},"down":{"uv":[0.5,8.125,0.375,8.1875],"rotation":0,"texture":"#0","tintindex":0}}},{"from":[7.2605715,2.640571,6.4205713],"to":[7.832,3.7834282,6.7062855],"rotation":{"angle":0.0,"axis":"y","origin":[6.6114283,11.188572,8.0]},"faces":{"east":{"uv":[6.0,7.75,6.0625,8.0],"rotation":0,"texture":"#0","tintindex":0},"south":{"uv":[7.25,3.75,7.375,4.0],"rotation":0,"texture":"#0","tintindex":0},"north":{"uv":[3.75,7.25,3.875,7.5],"rotation":0,"texture":"#0","tintindex":0},"west":{"uv":[7.75,6.0,7.8125,6.25],"rotation":0,"texture":"#0","tintindex":0},"up":{"uv":[8.25,0.4375,8.125,0.375],"rotation":0,"texture":"#0","tintindex":0},"down":{"uv":[0.625,8.125,0.5,8.1875],"rotation":0,"texture":"#0","tintindex":0}}},{"from":[7.5462856,3.097714,-3.8651438],"to":[7.5462856,5.954857,6.7062855],"rotation":{"angle":0.0,"axis":"y","origin":[6.6114283,11.188572,8.0]},"faces":{"east":{"uv":[0.0,0.0,2.3125,0.625],"rotation":0,"texture":"#0","tintindex":0},"south":{"uv":[0.0,0.0,0.0,0.625],"rotation":0,"texture":"#0","tintindex":0},"north":{"uv":[0.0,0.0,0.0,0.625],"rotation":0,"texture":"#0","tintindex":0},"west":{"uv":[0.0,0.625,2.3125,1.25],"rotation":0,"texture":"#0","tintindex":0},"up":{"uv":[0.0,2.3125,0.0,0.0],"rotation":0,"texture":"#0","tintindex":0},"down":{"uv":[0.0,0.0,0.0,2.3125],"rotation":0,"texture":"#0","tintindex":0}}}],"display":{"head":{"translation":[0.0,-6.4,0.0],"scale":[4.0,4.0,4.0]}}}